configuration,question_id,recall,precision,redundancy,diversity,em,f1,selection_time_ms,generation_time_ms,retrieval_hit,selected_ranks,gold_ranks,plugin_timing_available,plugin_timing_ms
qore_as_control,nq_0,0.5,0.4,0.8541128623045979,0.14588713769540207,0.0,0.8571428571428571,25.640742999996746,671.2923679999676,True,0;1;25;32;37,0;1;4;38,True,baseline:0.724764
qore_as_control,nq_1,0.3333333333333333,0.4,0.7231898500225278,0.2768101499774722,0.0,0.5714285714285715,11.230619999992086,233.62893600000234,True,1;12;30;43;48,0;1;7;9;14;30,True,baseline:0.193831
qore_as_control,nq_2,0.23076923076923078,0.6,0.6961108830999511,0.30388911690004894,1.0,1.0,11.237081000047056,171.7958680000038,True,0;1;32;37;47,0;1;6;7;16;19;22;23;32;33;35;38;45,True,baseline:0.174178
qore_as_control,nq_3,0.625,1.0,0.8856787463091609,0.11432125369083912,0.0,0.0,11.239492000015616,273.1955849999963,True,4;29;37;45;49,4;6;24;29;37;45;47;49,True,baseline:0.175737
qore_as_control,nq_4,0.4,0.8,0.8538989055969182,0.14610109440308183,0.0,0.8,11.300333000008322,193.14633100003675,True,0;16;26;29;40,0;3;7;16;24;26;27;33;40;47,True,baseline:0.165982
qore_as_control,nq_5,0.0,0.0,0.8888063393982742,0.11119366060172575,0.0,0.0,11.352364000003945,235.35621999997147,True,0;5;8;10;21,19;44,True,baseline:0.174047
qore_as_control,nq_6,0.0,0.0,0.9058967500802556,0.09410324991974439,0.0,0.0,11.5629980000449,254.24737299999833,True,0;3;5;11;12,9;33,True,baseline:0.175371
qore_as_control,nq_7,,0.0,0.9030805196519799,0.09691948034802012,0.0,0.6666666666666666,11.319493999963015,194.2170469999951,False,4;9;34;42;49,,True,baseline:0.175522
qore_as_control,nq_8,,0.0,0.625220254602515,0.37477974539748504,0.0,0.28571428571428575,11.247217999994064,232.90012300003582,False,1;7;18;39;43,,True,baseline:0.171435
qore_as_control,nq_9,,0.0,0.8074523201595352,0.19254767984046484,0.0,0.5,11.385372000006555,175.18272499995646,False,15;19;34;43;48,,True,baseline:0.181189
qore_as_control,nq_10,0.2857142857142857,0.8,0.7949576893064805,0.20504231069351952,1.0,1.0,11.260993000007602,193.72391000001699,True,5;8;11;42;46,0;1;2;3;5;8;9;11;14;17;23;36;39;42,True,baseline:0.174945
qore_as_control,nq_11,0.75,0.6,0.7769646693458949,0.22303533065410508,1.0,1.0,11.22698000000355,214.68083999997134,True,0;3;14;32;37,3;7;14;37,True,baseline:0.177547
qore_as_control,nq_12,0.3333333333333333,0.2,0.7706736545523188,0.22932634544768116,0.0,0.0,11.402379999992718,213.62006099997188,True,0;14;21;29;39,0;1;41,True,baseline:0.172493
qore_as_control,nq_13,0.7142857142857143,1.0,0.8473733470427754,0.15262665295722455,1.0,1.0,11.379019000003154,192.64758500003154,True,0;1;4;5;31,0;1;3;4;5;16;31,True,baseline:0.168782
qore_as_control,nq_14,0.2,0.2,0.7280395526872177,0.27196044731278235,0.0,0.5,11.43037400004232,376.73017500003425,True,10;11;28;31;45,0;1;2;9;11,True,baseline:0.186556
qore_as_control,nq_15,,0.0,0.6727730841400221,0.3272269158599779,0.0,0.0,11.319163999985449,194.70555599997397,False,15;17;18;36;49,,True,baseline:0.167364
qore_as_control,nq_16,0.5,0.2,0.7973541831371616,0.20264581686283845,0.0,0.7499999999999999,11.334293000004436,233.18668399997478,True,5;7;27;43;46,4;27,True,baseline:0.163186
qore_as_control,nq_17,0.2,0.2,0.8234791843263715,0.17652081567362854,1.0,1.0,11.36598599998706,192.11790399998563,True,1;13;20;22;29,8;12;22;27;28,True,baseline:0.165073
qore_as_control,nq_18,0.05263157894736842,0.2,0.8053153524811634,0.19468464751883663,0.0,0.5,11.320735000026616,192.09108400002606,True,3;10;18;34;41,0;1;2;4;5;6;7;10;16;17;20;22;25;27;33;36;37;43;49,True,baseline:0.168934
qore_as_control,nq_19,0.2,1.0,0.7832095675627189,0.21679043243728113,0.0,0.0,11.194454000019505,194.83632500003978,True,0;9;11;18;27,0;1;2;3;4;5;6;8;9;11;12;13;15;17;18;21;23;27;31;32;36;43;45;47;49,True,baseline:0.161314
qore_as_control,nq_20,0.5,0.4,0.8389580345605078,0.16104196543949223,0.0,0.0,11.162113000011686,244.94376899997405,True,0;6;9;30;42,0;21;42;48,True,baseline:0.169868
qore_as_control,nq_21,0.75,0.6,0.6604867223791132,0.3395132776208868,0.0,0.33333333333333337,11.161422999975912,297.6143470000352,True,0;1;3;25;48,0;1;3;16,True,baseline:0.153085
qore_as_control,nq_22,0.3333333333333333,0.8,0.7779250985182056,0.22207490148179443,0.0,0.6666666666666666,11.178255000004356,171.90393799995718,True,0;3;5;26;30,0;3;5;12;17;22;24;26;28;31;34;48,True,baseline:0.156126
qore_as_control,nq_23,0.75,0.6,0.8251881144429756,0.17481188555702443,1.0,1.0,11.220617999981641,172.38592000001063,True,5;7;8;33;34,5;8;31;33,True,baseline:0.165111
qore_as_control,nq_24,1.0,0.8,0.9102010331457286,0.08979896685427136,1.0,1.0,11.291072000005897,216.5857300000198,True,0;1;2;4;7,0;2;4;7,True,baseline:0.163209
qore_as_control,nq_25,0.3333333333333333,0.8,0.7718850651428916,0.22811493485710843,0.0,0.5,11.285766000014519,212.87994400000798,True,7;15;19;24;43,0;3;5;15;19;24;34;37;41;42;43;45,True,baseline:0.183972
qore_as_control,nq_26,,0.0,0.6727415658000853,0.32725843419991474,0.0,0.0,11.229896000031658,236.19919499998332,False,8;23;29;45;46,,True,baseline:0.173376
qore_as_control,nq_27,1.0,0.2,0.6411275353263264,0.3588724646736736,0.0,0.8,11.20714000001044,274.28980999997066,True,0;13;14;20;29,0,True,baseline:0.157727
qore_as_control,nq_28,0.35714285714285715,1.0,0.8423135163671047,0.15768648363289528,0.0,0.6666666666666666,11.119728000039686,193.69748399998343,True,14;31;32;35;40,0;1;3;11;14;15;18;25;28;31;32;35;40;45,True,baseline:0.159156
qore_as_control,nq_29,0.5,0.2,0.8546793899849771,0.14532061001502294,0.0,1.0,11.253305000025193,255.59640000000172,True,2;4;9;10;22,1;2,True,baseline:0.166408
qore_as_control,nq_30,0.5,0.8,0.7933957345585538,0.20660426544144617,1.0,1.0,11.184976000038205,275.6428130000472,True,0;1;25;27;33,0;1;3;6;10;25;27;29,True,baseline:0.169466
qore_as_control,nq_31,1.0,0.2,0.8118790882970668,0.1881209117029332,1.0,1.0,11.38178799999423,172.17440399997486,True,0;3;5;6;44,0,True,baseline:0.168755
qore_as_control,nq_32,,0.0,0.78840390451779,0.21159609548221003,0.0,0.5,11.582928999985143,172.29388199996265,False,3;5;15;19;32,,True,baseline:0.164573
qore_as_control,nq_33,0.0,0.0,0.6037403700293253,0.39625962997067465,0.0,0.8,11.183426000002328,213.13138499999695,True,5;28;31;39;47,0;6,True,baseline:0.160231
qore_as_control,nq_34,0.4,0.4,0.8244662323566813,0.17553376764331874,0.0,0.0,11.347077999971589,275.0420540000391,True,2;6;7;8;31,1;4;8;13;31,True,baseline:0.165309
qore_as_control,nq_35,1.0,0.6,0.900795916497173,0.09920408350282695,1.0,1.0,11.246292999999241,255.5928460000132,True,3;5;6;11;15,3;5;6,True,baseline:0.173049
qore_as_control,nq_36,0.0,0.0,0.7486184147000069,0.2513815852999931,0.0,0.0,11.213123999993968,192.87004499994964,True,3;17;20;27;31,5;7,True,baseline:0.167864
qore_as_control,nq_37,0.75,0.6,0.7393257980810525,0.2606742019189475,1.0,1.0,11.174294999989343,254.13126800003738,True,0;3;17;30;33,0;3;23;30,True,baseline:0.194614
qore_as_control,nq_38,0.2777777777777778,1.0,0.8587860043478145,0.1412139956521855,0.0,0.8,11.399065000034625,337.51668099995413,True,0;5;6;8;11,0;1;2;3;4;5;6;7;8;11;17;19;25;26;31;33;45;47,True,baseline:0.165986
qore_as_control,nq_39,0.05555555555555555,0.2,0.8500325287756467,0.14996747122435328,0.0,0.5,11.289138999984516,194.4043369999804,True,0;1;27;41;47,2;3;4;6;8;10;11;15;16;19;23;33;38;40;43;44;45;47,True,baseline:0.163166
qore_as_control,nq_40,,0.0,0.8863373361045189,0.11366266389548108,0.0,0.0,11.212048000004415,438.7672459999976,False,1;6;13;30;34,,True,baseline:0.167877
qore_as_control,nq_41,,0.0,0.8029609282684909,0.19703907173150914,0.0,0.0,11.270101999969029,380.30484399996567,False,8;12;17;31;42,,True,baseline:0.169548
qore_as_control,nq_42,0.75,0.6,0.8090624904723966,0.19093750952760336,1.0,1.0,11.32011700002522,192.80688799995005,True,0;13;14;17;21,0;14;21;29,True,baseline:0.187089
qore_as_control,nq_43,,0.0,0.6789006493212651,0.32109935067873485,0.0,0.0,11.186033000001316,233.79680800002234,False,8;26;34;35;36,,True,baseline:0.162565
qore_as_control,nq_44,0.0,0.0,0.8591387544363798,0.14086124556362023,0.0,0.0,11.116749999985132,193.45918399994844,True,0;5;25;41;44,47,True,baseline:0.184893
qore_as_control,nq_45,0.11904761904761904,1.0,0.8518551726209793,0.14814482737902068,0.0,0.5,11.108837000051608,215.21889699999974,True,6;11;35;40;49,0;1;2;3;4;5;6;7;8;10;11;13;14;15;16;17;19;20;23;24;25;26;27;28;29;30;31;32;33;35;36;37;39;40;41;43;44;45;46;47;48;49,True,baseline:0.158345
qore_as_control,nq_46,0.0,0.0,0.8462928316981531,0.15370716830184694,0.0,0.0,11.278690999972696,277.2992939999881,True,10;20;22;28;29,8;9;12,True,baseline:0.163061
qore_as_control,nq_47,0.25,0.4,0.8723644402056744,0.12763555979432561,0.0,0.5,11.17097299999159,254.51514399998132,True,2;16;19;29;36,2;6;9;22;36;38;40;43,True,baseline:0.161085
qore_as_control,nq_48,0.18181818181818182,0.4,0.7677023478348122,0.23229765216518783,0.0,0.0,11.258348000012575,253.50772000001598,True,1;2;3;25;34,0;1;2;4;6;7;9;16;18;41;47,True,baseline:0.152184
qore_as_control,nq_49,0.3333333333333333,0.2,0.7955556703109785,0.2044443296890215,0.0,0.5,11.219592999964334,214.65071300002592,True,1;6;35;41;45,10;21;45,True,baseline:0.175774
qore_as_control,nq_50,,0.0,0.7594973493197579,0.24050265068024212,0.0,0.28571428571428575,11.121348000017406,219.01037599997153,False,3;12;17;28;29,,True,baseline:0.169351
qore_as_control,nq_51,0.09523809523809523,0.4,0.8417895760075063,0.15821042399249374,1.0,1.0,11.273010999957478,174.921003999998,True,31;34;42;43;49,2;3;4;5;6;15;17;19;20;21;22;25;26;28;29;37;38;40;42;43;45,True,baseline:0.155678
qore_as_control,nq_52,,0.0,0.6580139092928325,0.34198609070716746,0.0,0.0,11.375532000101884,176.055078000104,False,11;23;26;34;39,,True,baseline:0.174498
qore_as_control,nq_53,0.17647058823529413,0.6,0.7091926641087198,0.29080733589128016,0.0,0.6666666666666666,11.346256000024368,238.72654899992085,True,16;17;41;43;44,0;3;4;7;9;11;13;14;22;28;34;37;41;43;44;45;46,True,baseline:0.174020
qore_as_control,nq_54,0.2,0.2,0.8342245564672475,0.16577544353275253,0.0,0.0,11.27261199997065,242.28709699991668,True,2;21;22;40;42,1;13;34;42;47,True,baseline:0.157048
qore_as_control,nq_55,0.3333333333333333,0.4,0.7929647419852625,0.20703525801473754,1.0,1.0,11.356638000052044,218.4896190000245,True,3;15;27;46;47,3;13;15;18;26;37,True,baseline:0.194810
qore_as_control,nq_56,,0.0,0.7388401911112723,0.2611598088887277,0.0,0.0,11.385334999999941,175.79783900009716,False,26;28;36;40;48,,True,baseline:0.163411
qore_as_control,nq_57,0.6666666666666666,0.8,0.8261734202623845,0.1738265797376155,1.0,1.0,11.418849000051523,186.48835599992708,True,0;1;2;4;6,0;1;2;4;5;38,True,baseline:0.184742
qore_as_control,nq_58,,0.0,0.6135741339489021,0.38642586605109785,0.0,0.0,11.129340000024968,254.34852499995486,False,0;1;19;34;45,,True,baseline:0.162929
qore_as_control,nq_59,,0.0,0.6484230710338081,0.35157692896619186,0.0,0.28571428571428575,11.334775000023,234.18048600001384,False,4;21;32;33;35,,True,baseline:0.198339
qore_as_control,nq_60,0.36363636363636365,0.8,0.7980892725757036,0.2019107274242964,0.0,0.5,11.28382199999578,232.26742700001068,True,1;3;17;30;35,1;3;4;5;6;17;18;22;28;35;37,True,baseline:0.172680
qore_as_control,nq_61,0.5,0.8,0.7562575560518632,0.24374244394813682,0.0,0.6666666666666666,11.182556999983717,299.8398959999804,True,4;7;17;36;47,3;4;7;10;24;34;36;47,True,baseline:0.172037
qore_as_control,nq_62,0.75,0.6,0.8016470547823153,0.19835294521768465,0.0,0.4,11.255093000045235,192.0016689999784,True,6;11;14;19;20,2;11;19;20,True,baseline:0.194722
qore_as_control,nq_63,0.3333333333333333,0.2,0.8140309606655348,0.18596903933446518,0.0,0.6666666666666666,11.13479200000711,215.53604999996878,True,0;4;12;13;15,0;18;49,True,baseline:0.164043
qore_as_control,nq_64,0.2727272727272727,0.6,0.8371888670370181,0.16281113296298189,0.0,0.6666666666666666,11.21546300009868,192.44072699996195,True,0;12;25;36;47,0;1;3;4;7;9;10;12;29;32;36,True,baseline:0.184796
qore_as_control,nq_65,0.625,1.0,0.9032599662622462,0.09674003373775375,0.0,0.6666666666666666,11.194306999982473,191.36791699997957,True,0;3;6;9;37,0;3;4;5;6;7;9;37,True,baseline:0.171938
qore_as_control,nq_66,0.36363636363636365,0.8,0.7807348065027465,0.21926519349725349,1.0,1.0,11.195693999979994,273.38458600002014,True,9;13;16;20;26,0;3;9;11;13;16;24;26;31;34;38,True,baseline:0.165251
qore_as_control,nq_67,,0.0,0.7000849449073352,0.2999150550926648,1.0,1.0,11.207348000084494,191.5385550000792,False,1;6;7;9;31,,True,baseline:0.164607
qore_as_control,nq_68,0.0,0.0,0.8462476448964228,0.1537523551035772,0.0,0.5,11.16526700002396,193.30469099998027,True,0;2;16;33;47,4;11,True,baseline:0.183452
qore_as_control,nq_69,,0.0,0.6787632268143693,0.3212367731856307,0.0,0.0,11.172331000011582,253.49034900000333,False,3;8;9;23;34,,True,baseline:0.164029
qore_as_control,nq_70,0.0,0.0,0.7029385790640859,0.29706142093591414,0.0,0.0,11.422016000096846,191.52362399995582,True,2;40;42;43;45,7;24,True,baseline:0.171599
qore_as_control,nq_71,0.2222222222222222,0.4,0.8704958373298914,0.12950416267010856,0.0,0.6666666666666666,16.371681999999055,194.07093500001338,True,2;23;29;31;39,0;3;5;12;14;18;22;23;29,True,baseline:0.177815
qore_as_control,nq_72,0.375,0.6,0.7401268211497769,0.2598731788502231,0.0,0.5714285714285715,11.300288000029468,246.3787389999652,True,0;1;10;17;43,0;1;2;3;4;11;14;43,True,baseline:0.176275
qore_as_control,nq_73,1.0,0.6,0.7363225368997981,0.2636774631002019,1.0,1.0,11.259940000059032,176.31999200000337,True,0;1;4;12;43,0;1;4,True,baseline:0.164852
qore_as_control,nq_74,0.6666666666666666,0.4,0.8103143524869306,0.18968564751306938,0.0,0.5,11.360616999922968,259.6061520000603,True,4;9;11;40;47,9;40;41,True,baseline:0.199526
qore_as_control,nq_75,1.0,0.8,0.7895018737987641,0.21049812620123587,1.0,1.0,11.251024999978654,218.71336900005645,True,0;1;2;10;24,0;1;2;24,True,baseline:0.179236
qore_as_control,nq_76,1.0,0.8,0.8914460782209618,0.10855392177903822,0.0,0.6666666666666666,11.265154999932747,290.1368169999614,True,0;1;3;7;10,0;1;3;10,True,baseline:0.181247
qore_as_control,nq_77,,0.0,0.6263210278858169,0.3736789721141831,0.0,0.4,11.632715000018834,222.1165309999833,False,10;18;32;44;47,,True,baseline:0.161463
qore_as_control,nq_78,0.4,0.4,0.8174135103336926,0.18258648966630742,1.0,1.0,11.206531999960134,262.33982599990213,True,0;13;23;28;38,0;16;19;25;28,True,baseline:0.158649
qore_as_control,nq_79,0.5,0.4,0.8260598644210682,0.17394013557893184,0.0,0.6666666666666666,11.25205100004223,304.282968999928,True,0;1;9;21;45,0;1;2;37,True,baseline:0.154629
qore_as_control,nq_80,0.5,0.8,0.8094359123819028,0.19056408761809718,1.0,1.0,11.316452000073696,240.41471799989722,True,3;4;8;13;31,0;2;3;4;7;8;13;14,True,baseline:0.164343
qore_as_control,nq_81,0.0967741935483871,0.6,0.8295594145236377,0.17044058547636232,1.0,1.0,13.627142000018466,197.05262499996934,True,5;8;14;32;47,0;1;2;3;4;5;7;8;9;10;11;12;13;15;18;23;25;26;27;28;29;31;33;35;36;37;39;41;43;45;47,True,baseline:0.180384
qore_as_control,nq_82,0.3333333333333333,0.2,0.7609242606668382,0.23907573933316184,0.0,0.5,11.353438000014648,174.2098199999873,True,3;12;18;27;44,3;5;35,True,baseline:0.180193
qore_as_control,nq_83,,0.0,0.7450482060652505,0.25495179393474954,0.0,0.0,11.427442000012888,213.96549999997205,False,6;25;40;41;46,,True,baseline:0.171310
qore_as_control,nq_84,0.0,0.0,0.7135132356946624,0.2864867643053376,0.0,0.28571428571428575,11.289487999988523,203.75592499999584,True,28;30;35;36;42,25,True,baseline:0.165948
qore_as_control,nq_85,0.2,0.2,0.8338389629969738,0.1661610370030262,0.0,0.0,11.227861999941524,213.41131200006203,True,4;7;18;35;37,1;3;8;37;39,True,baseline:0.161288
qore_as_control,nq_86,0.2857142857142857,0.4,0.6870064431662728,0.3129935568337272,0.0,0.6666666666666666,11.191614000040317,153.32211099996584,True,0;11;17;39;45,0;12;14;16;31;35;39,True,baseline:0.163878
qore_as_control,nq_87,0.6,0.6,0.7217692124377784,0.27823078756222164,1.0,1.0,11.135579999972833,256.12051200005226,True,0;1;4;37;49,0;1;4;12;30,True,baseline:0.162584
qore_as_control,nq_88,0.6666666666666666,0.4,0.9009832539235971,0.09901674607640287,0.0,0.3333333333333333,11.275648000037108,191.67241699994975,True,2;4;11;13;15,2;4;31,True,baseline:0.171434
qore_as_control,nq_89,0.0,0.0,0.8466505197747969,0.15334948022520312,0.0,0.0,11.331414000096629,155.3150199999891,True,6;20;27;30;35,14;22;23;25;40,True,baseline:0.160462
qore_as_control,nq_90,0.6666666666666666,0.4,0.6479646335455793,0.3520353664544207,0.0,0.6666666666666666,11.509904000035931,218.04282499999772,True,0;3;17;37;40,0;10;17,True,baseline:0.191748
qore_as_control,nq_91,,0.0,0.8367339007437036,0.16326609925629643,0.0,0.6666666666666666,11.162247000015668,261.3218550000056,False,0;5;7;9;42,,True,baseline:0.164055
qore_as_control,nq_92,,0.0,0.7839237658246304,0.21607623417536959,0.0,0.0,11.319691999915449,198.87799600007838,False,0;6;14;15;20,,True,baseline:0.165962
qore_as_control,nq_93,,0.0,0.6628492892941423,0.33715071070585767,0.0,0.3333333333333333,11.177864000046611,218.6983589999727,False,0;3;14;31;39,,True,baseline:0.165122
qore_as_control,nq_94,1.0,0.4,0.7324300789918518,0.26756992100814825,0.0,0.3333333333333333,11.190826000074594,282.509527000002,True,0;2;19;22;42,0;2,True,baseline:0.157056
qore_as_control,nq_95,0.45454545454545453,1.0,0.9343623713911284,0.06563762860887157,0.0,0.0,11.261631000024863,195.27945300001193,True,0;3;4;8;26,0;3;4;8;23;26;29;35;38;43;49,True,baseline:0.152112
qore_as_control,nq_96,0.75,0.6,0.7630188293349178,0.23698117066508217,1.0,1.0,11.181622000094649,176.61590700004126,True,1;8;10;25;36,0;1;25;36,True,baseline:0.151632
qore_as_control,nq_97,0.3333333333333333,0.2,0.8266711425963689,0.17332885740363113,1.0,1.0,11.265551000064988,196.8609740000602,True,25;29;35;47;49,8;13;47,True,baseline:0.159171
qore_as_control,nq_98,0.16666666666666666,0.4,0.8701348965660696,0.12986510343393043,0.0,0.0,11.197960000004059,368.66029200007233,True,0;2;33;47;48,0;1;7;10;11;18;24;25;26;28;36;48,True,baseline:0.156438
qore_as_control,nq_99,1.0,0.4,0.800688057073935,0.19931194292606502,0.0,0.4444444444444445,11.267148000001725,262.6725309999074,True,0;3;4;5;19,0;4,True,baseline:0.175209
qore_as_control,nq_100,0.42857142857142855,0.6,0.8360494764035818,0.16395052359641815,0.0,0.0,11.33384800004933,177.67528899992158,True,5;7;17;32;45,0;2;5;17;39;43;45,True,baseline:0.156603
qore_as_control,nq_101,0.2222222222222222,0.4,0.7539550120356822,0.24604498796431784,0.0,0.7499999999999999,11.265353999988292,241.41341400002148,True,1;2;10;20;32,1;2;13;23;24;26;31;40;45,True,baseline:0.162513
qore_as_control,nq_102,0.42857142857142855,0.6,0.7597615634251296,0.24023843657487043,1.0,1.0,11.393445999942742,174.58829300005618,True,2;6;24;26;44,0;2;6;16;17;26;29,True,baseline:0.154908
qore_as_control,nq_103,0.0,0.0,0.7577268664444702,0.24227313355552982,0.0,0.0,11.275600999965718,304.4864809999126,True,4;5;19;24;27,10,True,baseline:0.153935
qore_as_control,nq_104,1.0,0.2,0.8686048803550268,0.1313951196449732,0.0,0.6666666666666665,11.289827000041441,259.98465999998643,True,1;20;21;29;40,1,True,baseline:0.166825
qore_as_control,nq_105,0.125,1.0,0.793148969370737,0.20685103062926302,0.0,0.6666666666666666,11.138098000060381,262.93902500003696,True,14;30;32;46;48,0;1;2;3;4;5;6;7;8;12;13;14;15;16;17;18;19;20;22;23;25;26;27;28;29;30;32;35;36;37;38;40;41;42;44;45;46;47;48;49,True,baseline:0.163070
qore_as_control,nq_106,,0.0,0.7688059856294476,0.23119401437055243,0.0,0.0,11.234932999968805,196.36214199999813,False,9;14;19;34;46,,True,baseline:0.156335
qore_as_control,nq_107,,0.0,0.8576747965199193,0.1423252034800807,0.0,0.0,11.196567999945728,283.58244399998966,False,0;1;2;5;8,,True,baseline:0.155411
qore_as_control,nq_108,0.25,0.6,0.8449188994420638,0.15508110055793622,1.0,1.0,11.147133999998005,174.62090399999397,True,2;3;36;47;48,2;3;5;6;12;14;24;29;36;40;42;43,True,baseline:0.159645
qore_as_control,nq_109,,0.0,0.7007157105963577,0.29928428940364227,0.0,0.0,11.16854899998998,197.75263500002893,False,8;32;39;46;47,,True,baseline:0.152435
qore_as_control,nq_110,,0.0,0.735735644299725,0.26426435570027496,0.0,0.4,11.270732000070893,239.466317999927,False,4;9;17;34;46,,True,baseline:0.193052
qore_as_control,nq_111,,0.0,0.8901095037365003,0.10989049626349967,0.0,0.0,11.20734700009507,218.31938599996192,False,0;13;26;27;45,,True,baseline:0.157009
qore_as_control,nq_112,0.25,1.0,0.8449998608077905,0.15500013919220945,0.0,0.5,11.245678000022963,241.6360419999819,True,8;17;24;26;33,0;1;2;3;4;5;6;7;8;9;13;15;17;24;26;29;33;38;44;49,True,baseline:0.157885
qore_as_control,nq_113,0.5,0.4,0.7254196632761263,0.2745803367238737,0.0,0.4,11.207312000010461,282.48889600001803,True,0;1;4;16;27,0;1;6;40,True,baseline:0.159295
qore_as_control,nq_114,1.0,0.2,0.8434680062672809,0.1565319937327191,0.0,0.28571428571428575,11.32051499996578,240.89187999993555,True,13;19;23;30;37,37,True,baseline:0.170868
qore_as_control,nq_115,0.5,0.2,0.7047744556625268,0.29522554433747317,1.0,1.0,11.280776999910813,218.16201000001456,True,0;23;25;28;33,0;7,True,baseline:0.189235
qore_as_control,nq_116,0.22727272727272727,1.0,0.9464443923215111,0.05355560767848888,0.0,0.6666666666666666,11.38339999999971,176.48008100002244,True,0;1;2;5;8,0;1;2;3;5;8;10;12;13;23;26;27;28;29;31;33;37;39;41;42;44;47,True,baseline:0.180833
qore_as_control,nq_117,0.0,0.0,0.842361266390849,0.15763873360915104,0.0,0.0,11.232371000005514,193.21984699990935,True,10;34;38;40;49,3;4,True,baseline:0.172731
qore_as_control,nq_118,,0.0,0.7283334528893339,0.27166654711066607,0.0,0.0,11.184755999920526,397.19952800010105,False,4;6;17;29;45,,True,baseline:0.155108
qore_as_control,nq_119,0.2,0.2,0.8427755450798046,0.15722445492019543,1.0,1.0,11.277006000000256,193.2822320000014,True,5;10;11;22;43,0;8;11;15;19,True,baseline:0.166695
qore_as_control,nq_120,0.5,0.4,0.7455943281907123,0.25440567180928775,1.0,1.0,11.228916000050049,177.8843170000073,True,0;4;11;16;21,0;2;4;5,True,baseline:0.152032
qore_as_control,nq_121,0.23076923076923078,0.6,0.7792417385228149,0.22075826147718514,0.0,0.5714285714285715,11.3588429999254,285.04214800000227,True,10;18;29;34;40,0;7;10;12;17;18;26;28;29;45;46;48;49,True,baseline:0.200185
qore_as_control,nq_122,,0.0,0.7727713726849235,0.22722862731507654,0.0,0.6666666666666666,11.691547000054925,225.10767999995096,False,4;12;15;43;48,,True,baseline:0.216209
qore_as_control,nq_123,0.16666666666666666,0.2,0.7669353862106378,0.23306461378936216,1.0,1.0,11.233788000026834,216.4056320000327,True,4;33;41;45;47,1;2;4;6;7;12,True,baseline:0.188451
qore_as_control,nq_124,1.0,0.2,0.6442077852313124,0.3557922147686876,1.0,1.0,11.58586999997624,197.21109600004638,True,3;4;34;42;47,4,True,baseline:0.216215
qore_as_control,nq_125,0.25,0.6,0.7352406580159325,0.2647593419840675,0.0,0.6666666666666666,11.204283999973086,176.43240300003526,True,0;1;4;26;36,0;1;2;4;5;6;7;8;10;21;40;47,True,baseline:0.179541
qore_as_control,nq_126,0.3333333333333333,0.2,0.6652558434274194,0.3347441565725806,1.0,1.0,11.180226000078619,155.25627500005612,True,4;7;13;34;42,0;1;4,True,baseline:0.165012
qore_as_control,nq_127,0.5,0.4,0.7377998458095565,0.2622001541904435,1.0,1.0,11.14567199999783,175.5000299999665,True,0;1;4;24;39,0;1;3;7,True,baseline:0.163104
qore_as_control,nq_128,0.375,0.6,0.8123191957317971,0.18768080426820288,1.0,1.0,11.278196000034768,154.8686710000311,True,0;4;10;24;35,0;4;9;15;28;33;35;44,True,baseline:0.156477
qore_as_control,nq_129,0.2222222222222222,0.4,0.7370344831346168,0.26296551686538316,0.0,0.0,11.187658000039846,175.29215299998668,True,10;25;28;29;33,0;1;5;6;9;10;33;37;48,True,baseline:0.165239
qore_as_control,nq_130,,0.0,0.7940226502470022,0.20597734975299775,1.0,1.0,11.191498000016509,221.54804000001604,False,4;12;13;14;26,,True,baseline:0.151498
qore_as_control,nq_131,0.14285714285714285,0.2,0.8652190216258504,0.1347809783741496,0.0,0.0,11.318004000031578,251.08143199997812,True,4;5;11;34;41,0;4;15;20;23;43;46,True,baseline:0.153543
qore_as_control,nq_132,0.0,0.0,0.8171247351908736,0.18287526480912641,0.0,0.0,11.203723999983595,202.19341799997892,True,0;5;6;20;33,9;18;19;28,True,baseline:0.162116
qore_as_control,nq_133,0.2,0.2,0.8272279140830274,0.17277208591697257,0.0,0.4,11.355174999948758,196.0629400000471,True,22;26;28;35;47,2;5;9;31;47,True,baseline:0.179810
qore_as_control,nq_134,0.5,0.4,0.773066629656953,0.22693337034304695,0.0,0.0,11.302264000050855,261.3946689999693,True,3;6;19;32;48,0;3;5;6,True,baseline:0.183398
qore_as_control,nq_135,0.0,0.0,0.6389181590582893,0.3610818409417107,0.0,0.0,11.259958999971786,194.6515019999424,True,4;27;32;43;47,0;20;28;38,True,baseline:0.184462
qore_as_control,nq_136,1.0,0.2,0.6164406131801936,0.3835593868198064,0.0,0.6666666666666666,11.435228999971514,358.5178759999508,True,7;16;18;21;35,21,True,baseline:0.179913
qore_as_control,nq_137,0.5,0.2,0.7618146121140696,0.23818538788593036,0.0,0.2857142857142857,11.198423999985607,683.5820000000012,True,0;4;8;43;47,0;3,True,baseline:0.172660
qore_as_control,nq_138,,0.0,0.777208464312489,0.22279153568751098,0.0,0.0,11.251067999978659,295.70297400005074,False,5;18;25;26;37,,True,baseline:0.176083
qore_as_control,nq_139,,0.0,0.656647186732284,0.34335281326771605,0.0,0.0,11.432740000032027,155.87800899993454,False,0;3;4;6;31,,True,baseline:0.206638
qore_as_control,nq_140,1.0,0.4,0.8715623286380101,0.1284376713619899,1.0,1.0,11.31865000002108,257.5987959999111,True,1;6;7;16;21,1;6,True,baseline:0.207996
qore_as_control,nq_141,0.15625,1.0,0.8469424092156383,0.15305759078436165,0.0,0.0,11.530409999977564,198.89187100000072,True,14;24;33;35;45,2;3;5;7;11;13;14;16;18;19;20;21;22;23;24;25;26;29;30;31;32;33;34;35;36;37;39;44;45;46;47;48,True,baseline:0.204644
qore_as_control,nq_142,0.125,1.0,0.8491524205466202,0.1508475794533798,0.0,0.0,11.279882000053476,287.82476300000326,True,4;6;10;37;41,0;1;2;3;4;5;6;7;8;9;10;11;12;13;14;15;16;17;18;19;20;21;22;23;24;25;26;28;30;31;36;37;39;41;42;43;44;45;47;49,True,baseline:0.169789
qore_as_control,nq_143,0.6666666666666666,0.4,0.7396299247987199,0.2603700752012801,1.0,1.0,11.229690999925879,285.0601050000705,True,15;26;34;45;47,6;26;47,True,baseline:0.176241
qore_as_control,nq_144,0.23809523809523808,1.0,0.8813945156728407,0.11860548432715934,0.0,0.8,11.27411800007394,197.80609500003266,True,5;28;36;39;43,0;1;3;4;5;6;8;11;12;20;21;22;28;29;36;39;40;41;43;45;48,True,baseline:0.166971
qore_as_control,nq_145,0.0,0.0,0.7651819965285324,0.23481800347146764,0.0,0.0,11.148796999918886,243.52087500005837,True,17;18;25;30;33,8,True,baseline:0.154424
qore_as_control,nq_146,0.42857142857142855,0.6,0.7660852427250855,0.2339147572749145,1.0,1.0,11.146717999963585,219.339874999946,True,9;14;22;27;46,2;6;8;9;14;22;33,True,baseline:0.169541
qore_as_control,nq_147,0.6,0.6,0.7291558225464201,0.2708441774535799,1.0,1.0,11.121298999910323,283.6017490000131,True,6;11;16;40;44,0;6;8;11;40,True,baseline:0.149986
qore_as_control,nq_148,0.6666666666666666,0.8,0.888906527348183,0.11109347265181702,0.0,0.5714285714285715,11.248784999907002,283.5566569999628,True,0;1;6;11;22,0;1;4;6;17;22,True,baseline:0.172973
qore_as_control,nq_149,1.0,0.4,0.8490293243660301,0.15097067563396993,0.0,0.28571428571428575,11.219930000038403,305.1854600000752,True,2;4;6;12;38,2;4,True,baseline:0.170766
qore_as_control,nq_150,,0.0,0.7100675979290155,0.2899324020709845,0.0,0.0,11.33773399999427,238.29679900006795,False,9;16;29;31;36,,True,baseline:0.165407
qore_as_control,nq_151,0.3333333333333333,0.4,0.8791730666282416,0.12082693337175843,0.0,0.5,11.290992999988703,264.6423110001024,True,0;1;4;10;22,4;6;18;22;28;38,True,baseline:0.170843
qore_as_control,nq_152,1.0,0.4,0.8571879021623257,0.14281209783767435,0.0,0.8,11.326741000061702,198.20252699992125,True,0;1;2;6;20,0;1,True,baseline:0.172922
qore_as_control,nq_153,0.3333333333333333,0.2,0.714457457785393,0.28554254221460695,1.0,1.0,11.284030000069833,196.76587699996162,True,2;11;12;30;46,0;1;46,True,baseline:0.175622
qore_as_control,nq_154,,0.0,0.8810327436942466,0.11896725630575344,0.0,0.0,11.157813000068018,241.45561700004237,False,2;9;10;15;42,,True,baseline:0.154298
qore_as_control,nq_155,,0.0,0.6725530340256641,0.32744696597433587,0.0,0.0,11.140739999973448,218.07855999998083,False,7;18;22;33;42,,True,baseline:0.152847
qore_as_control,nq_156,0.1875,0.6,0.8825600566606789,0.11743994333932106,0.0,0.6666666666666666,11.244675000057214,197.11648800000603,True,1;3;7;9;16,0;3;4;5;6;7;8;14;16;17;24;27;39;42;43;49,True,baseline:0.165905
qore_as_control,nq_157,1.0,0.6,0.7270359531888193,0.2729640468111807,0.0,0.5,11.240945999929863,218.8137910000023,True,0;1;10;31;49,0;1;49,True,baseline:0.178767
qore_as_control,nq_158,,0.0,0.666841262445353,0.333158737554647,0.0,0.0,11.220460000004095,261.572593999972,False,14;22;25;45;47,,True,baseline:0.169489
qore_as_control,nq_159,0.0,0.0,0.7145377569418242,0.2854622430581758,0.0,0.0,11.289222000073096,179.09561200008284,True,15;17;25;27;40,32;49,True,baseline:0.155276
qore_as_control,nq_160,1.0,0.2,0.7405512967891585,0.25944870321084146,0.0,0.0,11.382138000044506,242.24807699999928,True,4;12;25;41;48,4,True,baseline:0.161855
qore_as_control,nq_161,0.2,0.2,0.8251619575527271,0.17483804244727286,0.0,0.0,11.224261000052138,261.1625139999205,True,2;27;39;42;46,2;12;21;25;32,True,baseline:0.155369
qore_as_control,nq_162,1.0,0.8,0.7827820481251692,0.21721795187483084,1.0,1.0,11.244859999919754,242.66901800001506,True,1;4;6;17;46,1;4;17;46,True,baseline:0.154188
qore_as_control,nq_163,,0.0,0.7001609607152997,0.29983903928470035,0.0,0.8,11.240167999972073,196.8152199999622,False,1;2;4;30;34,,True,baseline:0.150009
qore_as_control,nq_164,1.0,0.4,0.7277034887488416,0.2722965112511584,0.0,0.0,11.30269700001918,219.7906439999997,True,4;30;32;40;49,4;32,True,baseline:0.154152
qore_as_control,nq_165,0.75,0.6,0.721467143240701,0.27853285675929895,1.0,1.0,11.238359000003584,220.14378799997303,True,3;5;6;12;17,0;3;5;12,True,baseline:0.152509
qore_as_control,nq_166,0.3333333333333333,0.2,0.802017314591497,0.19798268540850295,1.0,1.0,11.239197000008971,281.8351639999719,True,0;4;11;12;16,0;1;2,True,baseline:0.158232
qore_as_control,nq_167,0.6666666666666666,0.4,0.8129930450157558,0.18700695498424424,1.0,1.0,11.244013000009545,218.84185999999772,True,2;4;24;26;27,4;5;24,True,baseline:0.154885
qore_as_control,nq_168,0.2,0.2,0.811975466054936,0.18802453394506402,0.0,0.3333333333333333,11.209878999920875,284.9636249999321,True,4;5;14;21;31,0;4;17;19;39,True,baseline:0.153035
qore_as_control,nq_169,0.058823529411764705,0.2,0.8388943975212303,0.1611056024787697,0.0,0.0,11.358365999967646,223.83312700003444,True,10;14;22;28;48,0;1;4;6;8;15;17;18;19;20;22;25;31;33;41;44;46,True,baseline:0.154847
qore_as_control,nq_170,0.16666666666666666,0.2,0.8395563012593872,0.16044369874061282,0.0,0.4,11.277302999928907,261.0040179999942,True,0;2;4;7;30,0;1;5;8;21;45,True,baseline:0.147077
qore_as_control,nq_171,0.375,0.6,0.8652156225826886,0.13478437741731142,0.0,0.8,11.246743000015158,217.54719800003386,True,2;16;24;27;32,2;4;6;15;24;32;42;44,True,baseline:0.153179
qore_as_control,nq_172,,0.0,0.6488765919871285,0.35112340801287145,0.0,0.0,11.138811000023452,190.6504969999787,False,8;34;46;47;49,,True,baseline:0.147216
qore_as_control,nq_173,1.0,0.4,0.8904616751255251,0.1095383248744749,1.0,1.0,11.126396999998178,176.10485000000153,True,0;1;2;3;29,0;1,True,baseline:0.151033
qore_as_control,nq_174,0.3333333333333333,0.6,0.8105775755463419,0.1894224244536581,1.0,1.0,11.222479000025487,261.40414300004977,True,0;3;6;10;12,0;2;6;8;9;12;17;28;45,True,baseline:0.153779
qore_as_control,nq_175,0.25,0.6,0.7173403260561949,0.2826596739438051,0.0,0.6,11.121966000018801,412.6132049999569,True,8;13;17;22;25,0;1;2;3;4;5;6;8;17;22;23;44,True,baseline:0.156324
qore_as_control,nq_176,,0.0,0.7713437931181257,0.22865620688187427,0.0,0.0,11.162909000063337,219.47452500000963,False,0;2;8;36;47,,True,baseline:0.157028
qore_as_control,nq_177,0.07692307692307693,0.2,0.802719988864865,0.19728001113513505,0.0,0.0,11.198501999956534,260.86934300008124,True,8;12;15;17;36,5;7;12;13;18;20;21;31;34;37;39;43;47,True,baseline:0.157976
qore_as_control,nq_178,0.3333333333333333,0.6,0.832698252625508,0.167301747374492,0.0,0.4,11.210474999984399,218.7406610000835,True,2;24;37;40;46,2;5;17;21;24;26;28;34;46,True,baseline:0.155379
qore_as_control,nq_179,,0.0,0.6667270105069406,0.3332729894930594,0.0,0.0,11.032921000037277,239.70371900009013,False,3;20;28;29;36,,True,baseline:0.155339
qore_as_control,nq_180,0.25,0.2,0.8274921466995517,0.17250785330044827,0.0,0.6666666666666666,11.136522000015248,348.4697879999885,True,10;13;14;38;42,1;5;13;41,True,baseline:0.149250
qore_as_control,nq_181,1.0,0.4,0.7808408263231523,0.21915917367684767,1.0,1.0,11.17286300006981,240.28743899998517,True,5;17;30;42;48,17;30,True,baseline:0.147118
qore_as_control,nq_182,,0.0,0.680650005088031,0.319349994911969,0.0,0.0,11.108444000001327,285.3863210000327,False,1;3;35;36;39,,True,baseline:0.148656
qore_as_control,nq_183,0.0,0.0,0.6278008647688829,0.37219913523111714,0.0,0.3333333333333333,11.137754999936078,240.37173800002165,True,2;17;21;38;43,12;27;29;49,True,baseline:0.148234
qore_as_control,nq_184,0.5,0.4,0.8289451448847498,0.1710548551152502,0.0,0.25,11.145315000021583,241.57712199996695,True,0;2;15;28;36,0;2;4;9,True,baseline:0.156499
qore_as_control,nq_185,,0.0,0.6993636784822674,0.30063632151773256,0.0,0.0,11.092741999959799,263.2335310000826,False,20;25;37;43;48,,True,baseline:0.149757
qore_as_control,nq_186,0.36363636363636365,0.8,0.8177049319897998,0.18229506801020023,1.0,1.0,11.1221030000479,196.67980299993815,True,2;6;7;22;23,0;2;6;7;13;15;18;22;34;38;49,True,baseline:0.148553
qore_as_control,nq_187,0.3333333333333333,0.2,0.7784468621893893,0.2215531378106107,1.0,1.0,11.185758999999962,200.46714500006146,True,0;2;9;12;30,0;5;17,True,baseline:0.166956
qore_as_control,nq_188,1.0,0.2,0.6682250384102588,0.3317749615897412,1.0,1.0,11.16828399995029,218.59000599999945,True,8;25;33;38;40,40,True,baseline:0.151045
qore_as_control,nq_189,,0.0,0.6510085577313012,0.3489914422686988,0.0,0.0,11.194413999987773,176.24979899994742,False,0;1;2;19;29,,True,baseline:0.149261
qore_as_control,nq_190,0.75,0.6,0.8298663797050783,0.17013362029492174,1.0,1.0,11.124924000000647,198.6959380000144,True,0;3;15;19;41,0;3;15;17,True,baseline:0.151659
qore_as_control,nq_191,0.4444444444444444,0.8,0.7913629567748725,0.20863704322512755,1.0,1.0,11.317447999999786,241.1252900000136,True,0;8;29;36;47,0;2;6;8;9;30;35;36;47,True,baseline:0.155493
qore_as_control,nq_192,0.3333333333333333,0.2,0.7762841816988371,0.22371581830116294,0.0,0.0,11.225608000017928,196.52743999995437,True,0;3;6;13;37,3;11;22,True,baseline:0.154482
qore_as_control,nq_193,,0.0,0.7972534296949242,0.2027465703050758,0.0,0.0,11.095254999986537,157.27561599999262,False,5;8;29;31;41,,True,baseline:0.166522
qore_as_control,nq_194,1.0,0.6,0.7197537680083782,0.2802462319916218,1.0,1.0,11.24917100003131,282.81034000008276,True,0;1;15;19;40,0;1;19,True,baseline:0.153267
qore_as_control,nq_195,,0.0,0.9412237308935343,0.05877626910646572,0.0,0.0,11.23652600006153,304.1129910000109,False,8;10;22;30;40,,True,baseline:0.157124
qore_as_control,nq_196,0.2857142857142857,0.8,0.7703895960752085,0.22961040392479148,0.0,0.4444444444444445,11.197143999993386,715.5652349999855,True,0;11;12;16;46,0;1;5;6;10;12;15;16;22;26;37;38;45;46,True,baseline:0.156582
qore_as_control,nq_197,1.0,0.2,0.8366675199396593,0.16333248006034073,0.0,0.7499999999999999,11.270011999954477,198.07026200010114,True,1;3;4;12;32,1,True,baseline:0.164679
qore_as_control,nq_198,0.35714285714285715,1.0,0.8340737711705757,0.16592622882942432,0.0,0.0,11.249023000004854,217.99633099999483,True,4;20;21;37;45,0;1;4;5;11;12;15;16;18;20;21;37;45;48,True,baseline:0.153752
qore_as_control,nq_199,0.25,0.4,0.778359619071723,0.22164038092827698,1.0,1.0,11.202887999957056,221.25540300010016,True,7;10;19;29;34,1;7;9;11;16;17;19;45,True,baseline:0.154021
submodular_as,nq_0,0.5,0.4,0.8541128623045979,0.14588713769540207,0.0,0.8571428571428571,3.1436970000413567,477.40930099996604,True,0;1;25;32;37,0;1;4;38,False,
submodular_as,nq_1,0.3333333333333333,0.4,0.7266865778953493,0.2733134221046507,0.0,0.5714285714285715,1.1875839999220261,261.47264600001563,True,0;12;30;43;48,0;1;7;9;14;30,False,
submodular_as,nq_2,0.23076923076923078,0.6,0.7073026824592535,0.29269731754074646,1.0,1.0,1.0464460000321196,173.98734899995816,True,0;1;32;40;47,0;1;6;7;16;19;22;23;32;33;35;38;45,False,
submodular_as,nq_3,0.625,1.0,0.8856787463091609,0.11432125369083912,0.0,0.0,0.9831109999822729,281.924948999972,True,4;29;37;45;49,4;6;24;29;37;45;47;49,False,
submodular_as,nq_4,0.4,0.8,0.8538989055969182,0.14610109440308183,1.0,1.0,0.9781710000424937,176.84559400004218,True,0;16;26;29;40,0;3;7;16;24;26;27;33;40;47,False,
submodular_as,nq_5,0.0,0.0,0.8888063393982742,0.11119366060172575,0.0,0.0,0.9646670000620361,238.18598299999394,True,0;5;8;10;21,19;44,False,
submodular_as,nq_6,0.0,0.0,0.9058967500802556,0.09410324991974439,0.0,0.0,0.9456280000676998,259.1354669999646,True,0;3;5;11;12,9;33,False,
submodular_as,nq_7,,0.0,0.9030805196519799,0.09691948034802012,0.0,0.6666666666666666,0.9087399999998524,196.9149760000164,False,4;9;34;42;49,,False,
submodular_as,nq_8,,0.0,0.6413334970055716,0.35866650299442837,0.0,0.28571428571428575,0.983283999971718,237.31709099990894,False,1;7;14;30;43,,False,
submodular_as,nq_9,,0.0,0.8074523201595352,0.19254767984046484,0.0,0.5,0.8560830000305941,180.16085800002202,False,15;19;34;43;48,,False,
submodular_as,nq_10,0.2857142857142857,0.8,0.7949576893064805,0.20504231069351952,1.0,1.0,0.9074690000261398,197.7204840000013,True,5;8;11;42;46,0;1;2;3;5;8;9;11;14;17;23;36;39;42,False,
submodular_as,nq_11,1.0,0.8,0.8281666997146235,0.17183330028537647,1.0,1.0,4.014175000065734,218.86176800001067,True,0;3;7;14;37,3;7;14;37,False,
submodular_as,nq_12,0.6666666666666666,0.4,0.8113074657500553,0.1886925342499447,0.0,0.0,0.9542089999285963,326.6098909999755,True,0;1;14;21;29,0;1;41,False,
submodular_as,nq_13,0.7142857142857143,1.0,0.8796021870085655,0.12039781299143448,1.0,1.0,0.903933000017787,196.22415200001342,True,0;1;4;5;16,0;1;3;4;5;16;31,False,
submodular_as,nq_14,0.4,0.4,0.7528905315919218,0.24710946840807824,1.0,1.0,0.964446000011776,175.67994700004874,True,0;10;11;28;31,0;1;2;9;11,False,
submodular_as,nq_15,,0.0,0.6952022496850265,0.30479775031497347,0.0,0.0,0.9720609999703811,223.67179999992004,False,15;18;36;46;49,,False,
submodular_as,nq_16,0.5,0.2,0.8618908111389179,0.13810918886108214,0.0,0.7499999999999999,0.7903210000677063,240.67889699995249,True,5;7;27;42;43,4;27,False,
submodular_as,nq_17,0.2,0.2,0.8234791843263715,0.17652081567362854,1.0,1.0,0.9033320000071399,197.26881799999774,True,1;13;20;22;29,8;12;22;27;28,False,
submodular_as,nq_18,0.05263157894736842,0.2,0.8263849941803084,0.17361500581969158,0.0,0.0,1.2729930000432432,221.81142600004478,True,0;3;18;34;41,0;1;2;4;5;6;7;10;16;17;20;22;25;27;33;36;37;43;49,False,
submodular_as,nq_19,0.2,1.0,0.7832095675627189,0.21679043243728113,0.0,0.0,0.9515809999811609,201.61152200000743,True,0;9;11;18;27,0;1;2;3;4;5;6;8;9;11;12;13;15;17;18;21;23;27;31;32;36;43;45;47;49,False,
submodular_as,nq_20,0.5,0.4,0.7984669162265696,0.20153308377343038,0.0,0.0,0.9694799999806492,262.0566919999874,True,0;6;9;42;44,0;21;42;48,False,
submodular_as,nq_21,0.75,0.6,0.6636590393270506,0.3363409606729494,0.0,0.33333333333333337,0.8641340000394848,303.988290999996,True,0;1;3;23;48,0;1;3;16,False,
submodular_as,nq_22,0.3333333333333333,0.8,0.843627516521505,0.15637248347849497,0.0,0.6666666666666666,0.9851620000063122,175.0581679999641,True,0;1;3;5;26,0;3;5;12;17;22;24;26;28;31;34;48,False,
submodular_as,nq_23,0.75,0.6,0.8251881144429758,0.1748118855570242,1.0,1.0,0.8795229999805088,178.61741199999415,True,5;7;8;33;34,5;8;31;33,False,
submodular_as,nq_24,1.0,0.8,0.9102010331457286,0.08979896685427136,1.0,1.0,0.9292610000102286,223.48772899999858,True,0;1;2;4;7,0;2;4;7,False,
submodular_as,nq_25,0.25,0.6,0.7888285157577745,0.21117148424222554,0.0,0.5,0.869280999950206,219.79468500001076,True,7;15;19;43;46,0;3;5;15;19;24;34;37;41;42;43;45,False,
submodular_as,nq_26,,0.0,0.6727415658000853,0.32725843419991474,0.0,0.0,1.0242849999713144,241.11346300003333,False,8;23;29;45;46,,False,
submodular_as,nq_27,1.0,0.2,0.6235679464936871,0.3764320535063129,0.0,0.8,0.8535260000144262,286.78758900002776,True,0;2;29;31;38,0,False,
submodular_as,nq_28,0.35714285714285715,1.0,0.8480600582464899,0.1519399417535101,0.0,0.6666666666666666,0.9898199999724966,196.64966899995306,True,0;14;31;35;40,0;1;3;11;14;15;18;25;28;31;32;35;40;45,False,
submodular_as,nq_29,0.5,0.2,0.8546793899849771,0.14532061001502294,0.0,1.0,0.7880089999616757,260.93730399998094,True,2;4;9;10;22,1;2,False,
submodular_as,nq_30,0.5,0.8,0.8532694256501344,0.14673057434986558,1.0,1.0,1.073470000051202,286.10427199998867,True,0;1;25;27;45,0;1;3;6;10;25;27;29,False,
submodular_as,nq_31,1.0,0.2,0.8118790882970668,0.1881209117029332,1.0,1.0,0.9258670000917846,174.53121000005467,True,0;3;5;6;44,0,False,
submodular_as,nq_32,,0.0,0.8175296329548765,0.18247036704512354,0.0,0.5,1.0360339999806456,175.2649659999861,False,3;5;10;15;32,,False,
submodular_as,nq_33,0.0,0.0,0.5975438692938944,0.40245613070610564,0.0,0.8,0.8319760000858878,218.61073599995962,True,5;28;31;33;39,0;6,False,
submodular_as,nq_34,0.4,0.4,0.8294475407621829,0.17055245923781714,0.0,0.0,0.8602799999835042,284.061792999978,True,2;5;7;8;31,1;4;8;13;31,False,
submodular_as,nq_35,1.0,0.6,0.900795916497173,0.09920408350282695,1.0,1.0,0.8851789999653192,261.30664499999057,True,3;5;6;11;15,3;5;6,False,
submodular_as,nq_36,0.0,0.0,0.8117528494934465,0.1882471505065535,0.0,0.0,0.8899480000081894,218.76476099998854,True,3;8;9;20;31,5;7,False,
submodular_as,nq_37,0.75,0.6,0.7393257980810525,0.2606742019189475,1.0,1.0,0.9298050000552394,259.7278750000669,True,0;3;17;30;33,0;3;23;30,False,
submodular_as,nq_38,0.2777777777777778,1.0,0.8587860043478145,0.1412139956521855,0.0,0.8,0.9346489999870755,345.82519699995373,True,0;5;6;8;11,0;1;2;3;4;5;6;7;8;11;17;19;25;26;31;33;45;47,False,
submodular_as,nq_39,0.05555555555555555,0.2,0.8500325287756467,0.14996747122435328,0.0,0.5,1.0266450000244731,198.63644600002317,True,0;1;27;41;47,2;3;4;6;8;10;11;15;16;19;23;33;38;40;43;44;45;47,False,
submodular_as,nq_40,,0.0,0.8863373361045189,0.11366266389548108,0.0,0.0,0.8002910000186603,452.1182640000916,False,1;6;13;30;34,,False,
submodular_as,nq_41,,0.0,0.8370735235087217,0.16292647649127834,0.0,0.0,0.8767509999643153,264.0782970000828,False,8;17;31;38;43,,False,
submodular_as,nq_42,0.75,0.6,0.8090624904723966,0.19093750952760336,1.0,1.0,1.0368119999384362,196.3397920000034,True,0;13;14;17;21,0;14;21;29,False,
submodular_as,nq_43,,0.0,0.6654065591233067,0.3345934408766933,0.0,0.0,0.854900000035741,254.66563899999528,False,4;18;34;35;36,,False,
submodular_as,nq_44,0.0,0.0,0.8984311914956351,0.1015688085043649,0.0,0.0,0.9161919999769452,218.03964699995504,True,0;3;5;25;44,47,False,
submodular_as,nq_45,0.11904761904761904,1.0,0.8315048709944683,0.16849512900553165,0.0,0.4,1.0274310000113474,262.34709499999553,True,4;11;16;40;46,0;1;2;3;4;5;6;7;8;10;11;13;14;15;16;17;19;20;23;24;25;26;27;28;29;30;31;32;33;35;36;37;39;40;41;43;44;45;46;47;48;49,False,
submodular_as,nq_46,0.3333333333333333,0.2,0.8626551913597545,0.13734480864024545,0.0,0.28571428571428575,0.9854449999693315,197.31044000002385,True,10;12;20;22;28,8;9;12,False,
submodular_as,nq_47,0.25,0.4,0.8723644402056745,0.1276355597943255,0.0,0.0,1.0466630000109944,288.01975300007143,True,2;16;19;29;36,2;6;9;22;36;38;40;43,False,
submodular_as,nq_48,0.2727272727272727,0.6,0.8434577214043735,0.15654227859562653,0.0,0.0,0.927841000020635,257.60620400001244,True,0;1;2;3;34,0;1;2;4;6;7;9;16;18;41;47,False,
submodular_as,nq_49,0.0,0.0,0.8376098351029315,0.16239016489706848,0.0,0.5,0.940518999982487,214.89790800001174,True,1;6;35;36;41,10;21;45,False,
submodular_as,nq_50,,0.0,0.813250396861747,0.18674960313825295,0.0,0.28571428571428575,1.0108799999670737,193.4712560000662,False,1;3;12;17;28,,False,
submodular_as,nq_51,0.09523809523809523,0.4,0.8417895760075063,0.15821042399249374,1.0,1.0,0.8091720000038549,171.79130499994244,True,31;34;42;43;49,2;3;4;5;6;15;17;19;20;21;22;25;26;28;29;37;38;40;42;43;45,False,
submodular_as,nq_52,,0.0,0.6383662039426046,0.36163379605739543,0.0,0.0,0.9024799999224342,195.30110200003037,False,11;16;23;26;39,,False,
submodular_as,nq_53,0.11764705882352941,0.4,0.6938684235547671,0.3061315764452329,0.0,0.6666666666666666,0.8850179999626562,234.608026999922,True,16;17;34;39;44,0;3;4;7;9;11;13;14;22;28;34;37;41;43;44;45;46,False,
submodular_as,nq_54,0.4,0.4,0.8586250293275011,0.14137497067249893,0.0,0.0,0.8813260000124501,234.4365410000364,True,1;2;21;22;42,1;13;34;42;47,False,
submodular_as,nq_55,0.3333333333333333,0.4,0.7949439452215868,0.20505605477841315,0.0,0.6666666666666666,0.9239749999778724,272.1398420000014,True,3;10;15;27;39,3;13;15;18;26;37,False,
submodular_as,nq_56,,0.0,0.7531206314667734,0.24687936853322656,0.0,0.0,0.8915189999925133,177.20034699993903,False,0;12;28;36;40,,False,
submodular_as,nq_57,0.6666666666666666,0.8,0.8763986541559958,0.12360134584400417,1.0,1.0,1.0175579999440743,175.55874799995763,True,0;1;2;5;6,0;1;2;4;5;38,False,
submodular_as,nq_58,,0.0,0.6371376217652533,0.36286237823474665,0.0,0.0,0.9260230000336378,260.84497499994086,False,0;1;5;19;42,,False,
submodular_as,nq_59,,0.0,0.6671214483044412,0.3328785516955588,0.0,0.0,0.9036049999622264,177.26598799993099,False,4;26;32;33;35,,False,
submodular_as,nq_60,0.36363636363636365,0.8,0.7980892725757036,0.2019107274242964,0.0,0.5,0.9085430000368433,238.93570200004888,True,1;3;17;30;35,1;3;4;5;6;17;18;22;28;35;37,False,
submodular_as,nq_61,0.5,0.8,0.761773208466668,0.23822679153333204,0.0,0.0,0.8824290000575274,355.01928799999405,True,3;7;17;36;47,3;4;7;10;24;34;36;47,False,
submodular_as,nq_62,0.25,0.2,0.857893965044094,0.142106034955906,0.0,0.4,0.9912960000519888,178.4988809999959,True,4;6;9;11;14,2;11;19;20,False,
submodular_as,nq_63,0.3333333333333333,0.2,0.8693924960291743,0.13060750397082566,0.0,0.6666666666666666,0.8447509999314207,212.8337860000329,True,0;4;11;12;15,0;18;49,False,
submodular_as,nq_64,0.2727272727272727,0.6,0.8371888670370181,0.16281113296298189,0.0,0.6666666666666666,0.996568000005027,191.79356899996947,True,0;12;25;36;47,0;1;3;4;7;9;10;12;29;32;36,False,
submodular_as,nq_65,0.625,1.0,0.9032599662622462,0.09674003373775375,0.0,0.6666666666666666,0.9237080000730202,198.20624500005124,True,0;3;6;9;37,0;3;4;5;6;7;9;37,False,
submodular_as,nq_66,0.36363636363636365,0.8,0.8309820659179918,0.16901793408200816,1.0,1.0,0.9372340000481927,282.39508699994076,True,0;9;13;16;20,0;3;9;11;13;16;24;26;31;34;38,False,
submodular_as,nq_67,,0.0,0.7000849449073352,0.2999150550926648,1.0,1.0,0.9694799999806492,196.55517000001055,False,1;6;7;9;31,,False,
submodular_as,nq_68,0.0,0.0,0.8692748480420341,0.13072515195796586,0.0,0.5,0.950212000020656,178.03798399995685,True,0;2;12;16;33,4;11,False,
submodular_as,nq_69,,0.0,0.6787632268143693,0.3212367731856307,0.0,0.0,0.8970439999984592,260.85891299999275,False,3;8;9;23;34,,False,
submodular_as,nq_70,0.0,0.0,0.7439220591915815,0.2560779408084185,0.0,0.0,0.9926870000072086,233.8742669999192,True,2;29;42;43;45,7;24,False,
submodular_as,nq_71,0.2222222222222222,0.4,0.8704958373298914,0.12950416267010856,0.0,0.6666666666666666,0.8456570000134889,198.02780200006964,True,2;23;29;31;39,0;3;5;12;14;18;22;23;29,False,
submodular_as,nq_72,0.375,0.6,0.7006531609217674,0.29934683907823256,0.0,0.6666666666666666,0.9080840000024182,258.80519699990145,True,0;1;10;26;43,0;1;2;3;4;11;14;43,False,
submodular_as,nq_73,1.0,0.6,0.7363225368997981,0.2636774631002019,1.0,1.0,0.9162439999954586,173.3332030000838,True,0;1;4;12;43,0;1;4,False,
submodular_as,nq_74,0.6666666666666666,0.4,0.8103143524869306,0.18968564751306938,0.0,0.5,0.9111599999869213,254.43232100008117,True,4;9;11;40;47,9;40;41,False,
submodular_as,nq_75,1.0,0.8,0.7895018737987641,0.21049812620123587,1.0,1.0,0.8627879999494326,218.8485070000752,True,0;1;2;10;24,0;1;2;24,False,
submodular_as,nq_76,1.0,0.8,0.8914460782209618,0.10855392177903822,0.0,0.6666666666666666,0.9916940000493923,275.21844300008524,True,0;1;3;7;10,0;1;3;10,False,
submodular_as,nq_77,,0.0,0.5927823736452762,0.4072176263547238,0.0,0.1,0.912445000039952,661.3548940000555,False,25;32;33;34;47,,False,
submodular_as,nq_78,0.4,0.4,0.8174135103336926,0.18258648966630742,1.0,1.0,0.8809450000626384,254.5324839999239,True,0;13;23;28;38,0;16;19;25;28,False,
submodular_as,nq_79,0.5,0.4,0.8260598644210682,0.17394013557893184,0.0,0.6666666666666666,0.9034830000018701,293.25040000003355,True,0;1;9;21;45,0;1;2;37,False,
submodular_as,nq_80,0.625,1.0,0.8628615743697811,0.13713842563021894,1.0,1.0,0.9020730000202093,233.92701800003124,True,0;4;8;13;14,0;2;3;4;7;8;13;14,False,
submodular_as,nq_81,0.0967741935483871,0.6,0.8287765905458077,0.17122340945419234,1.0,1.0,0.8742320000010295,152.58744499999466,True,0;8;14;32;47,0;1;2;3;4;5;7;8;9;10;11;12;13;15;18;23;25;26;27;28;29;31;33;35;36;37;39;41;43;45;47,False,
submodular_as,nq_82,0.3333333333333333,0.2,0.7994375719631821,0.2005624280368179,0.0,0.5,0.8807499999647916,172.96545099998184,True,3;12;18;26;27,3;5;35,False,
submodular_as,nq_83,,0.0,0.8088554754976748,0.19114452450232522,0.0,0.0,1.0115159999486423,218.95138100001077,False,1;6;7;40;46,,False,
submodular_as,nq_84,0.0,0.0,0.7248043537938245,0.27519564620617554,0.0,0.28571428571428575,1.1001499999565567,201.57595499995296,True,17;28;30;36;42,25,False,
submodular_as,nq_85,0.2,0.2,0.8338389629969738,0.1661610370030262,0.0,0.0,0.9426780000012513,218.60396799991122,True,4;7;18;35;37,1;3;8;37;39,False,
submodular_as,nq_86,0.2857142857142857,0.4,0.6870064431662728,0.3129935568337272,0.0,0.6666666666666666,0.9551399999736532,153.41635800007225,True,0;11;17;39;45,0;12;14;16;31;35;39,False,
submodular_as,nq_87,0.6,0.6,0.7191967685884727,0.2808032314115273,1.0,1.0,0.8533509999324451,257.81662200006394,True,0;1;4;33;49,0;1;4;12;30,False,
submodular_as,nq_88,0.6666666666666666,0.4,0.9009832539235971,0.09901674607640287,0.0,0.3333333333333333,0.8952249999083506,192.9713910000146,True,2;4;11;13;15,2;4;31,False,
submodular_as,nq_89,0.0,0.0,0.8466505197747967,0.15334948022520334,0.0,0.0,0.8299009999745977,151.97898200005966,True,6;20;27;30;35,14;22;23;25;40,False,
submodular_as,nq_90,0.6666666666666666,0.4,0.6720409069703914,0.3279590930296086,0.0,0.6666666666666666,0.935819000005722,212.21995899998092,True,0;3;12;17;40,0;10;17,False,
submodular_as,nq_91,,0.0,0.8367339007437036,0.16326609925629643,0.0,0.6666666666666666,0.7659249999960593,255.13851999994586,False,0;5;7;9;42,,False,
submodular_as,nq_92,,0.0,0.8070618542574953,0.19293814574250467,0.0,0.0,0.8171460000312436,215.1658730000463,False,0;6;8;20;22,,False,
submodular_as,nq_93,,0.0,0.6275251710638658,0.37247482893613415,0.0,0.3333333333333333,0.8343480000121417,213.34397200007515,False,0;25;27;31;42,,False,
submodular_as,nq_94,1.0,0.4,0.735391698019958,0.26460830198004204,0.0,0.3333333333333333,0.83022000001165,283.51783899995553,True,0;2;17;28;42,0;2,False,
submodular_as,nq_95,0.45454545454545453,1.0,0.9343623713911284,0.06563762860887157,0.0,0.0,0.976727000079336,193.62756599991826,True,0;3;4;8;26,0;3;4;8;23;26;29;35;38;43;49,False,
submodular_as,nq_96,0.75,0.6,0.7895116276864481,0.21048837231355189,0.0,0.5,0.8921989999635116,297.59485400006724,True,1;7;10;25;36,0;1;25;36,False,
submodular_as,nq_97,0.3333333333333333,0.2,0.8266711425963689,0.17332885740363113,1.0,1.0,0.8488920000218059,194.29430499997125,True,25;29;35;47;49,8;13;47,False,
submodular_as,nq_98,0.16666666666666666,0.4,0.8988366876684456,0.1011633123315544,0.0,0.0,0.8305049999535186,356.7791049999869,True,0;2;8;47;48,0;1;7;10;11;18;24;25;26;28;36;48,False,
submodular_as,nq_99,1.0,0.4,0.8100432637592965,0.18995673624070353,0.0,0.4444444444444445,0.8596010000019305,254.2800599999282,True,0;4;5;7;19,0;4,False,
submodular_as,nq_100,0.42857142857142855,0.6,0.8360494764035818,0.16395052359641815,0.0,0.0,0.9174939999638809,194.51458300000013,True,5;7;17;32;45,0;2;5;17;39;43;45,False,
submodular_as,nq_101,0.3333333333333333,0.6,0.8047276893621312,0.19527231063786876,0.0,0.7499999999999999,0.8360470000070563,233.53813699998227,True,0;1;2;32;40,1;2;13;23;24;26;31;40;45,False,
submodular_as,nq_102,0.2857142857142857,0.4,0.7689874111483941,0.23101258885160592,1.0,1.0,0.7797030000347149,176.87623199992686,True,2;6;21;24;44,0;2;6;16;17;26;29,False,
submodular_as,nq_103,0.0,0.0,0.8007718339191431,0.19922816608085692,0.0,0.0,0.9439279999696737,220.45253400006004,True,0;4;19;27;39,10,False,
submodular_as,nq_104,1.0,0.2,0.8686048803550268,0.1313951196449732,0.0,0.6666666666666665,0.9422919999906298,261.11754499993367,True,1;20;21;29;40,1,False,
submodular_as,nq_105,0.125,1.0,0.8114993948521869,0.18850060514781308,0.0,0.4,0.9619700000484954,306.538494999927,True,14;30;32;35;48,0;1;2;3;4;5;6;7;8;12;13;14;15;16;17;18;19;20;22;23;25;26;27;28;29;30;32;35;36;37;38;40;41;42;44;45;46;47;48;49,False,
submodular_as,nq_106,,0.0,0.7688059856294476,0.23119401437055243,0.0,0.0,0.9278809999386795,198.19134499994107,False,9;14;19;34;46,,False,
submodular_as,nq_107,,0.0,0.8576747965199193,0.1423252034800807,0.0,0.0,0.8929670000270562,282.64756200007923,False,0;1;2;5;8,,False,
submodular_as,nq_108,0.25,0.6,0.8449188994420638,0.15508110055793622,1.0,1.0,0.9593380000296747,175.15652199995202,True,2;3;36;47;48,2;3;5;6;12;14;24;29;36;40;42;43,False,
submodular_as,nq_109,,0.0,0.7176035754780792,0.2823964245219208,0.0,0.0,0.8617729999969015,198.88355599994156,False,8;23;32;39;47,,False,
submodular_as,nq_110,,0.0,0.7834242365363743,0.21657576346362573,0.0,0.28571428571428575,0.8893539999235145,368.61774300007255,False,4;5;9;17;46,,False,
submodular_as,nq_111,,0.0,0.8960536862526371,0.10394631374736285,0.0,0.0,0.874250000038046,213.998169999968,False,0;16;26;27;45,,False,
submodular_as,nq_112,0.25,1.0,0.8472122699291005,0.15278773007089952,0.0,0.5,0.9040950000098746,237.01472900006593,True,2;8;17;24;33,0;1;2;3;4;5;6;7;8;9;13;15;17;24;26;29;33;38;44;49,False,
submodular_as,nq_113,0.75,0.6,0.7558929537941731,0.2441070462058269,1.0,1.0,0.818694000031428,151.4032389999329,True,0;1;4;6;41,0;1;6;40,False,
submodular_as,nq_114,1.0,0.2,0.8434680062672809,0.1565319937327191,0.0,0.28571428571428575,0.8886939999683818,242.2751660000131,True,13;19;23;30;37,37,False,
submodular_as,nq_115,0.5,0.2,0.6975721611490929,0.30242783885090707,1.0,1.0,1.0963549999587485,226.2503499999866,True,0;20;31;33;44,0;7,False,
submodular_as,nq_116,0.22727272727272727,1.0,0.9464443923215111,0.05355560767848888,0.0,0.6666666666666666,0.8972610000910208,176.3451100000566,True,0;1;2;5;8,0;1;2;3;5;8;10;12;13;23;26;27;28;29;31;33;37;39;41;42;44;47,False,
submodular_as,nq_117,0.5,0.2,0.856387251186472,0.14361274881352804,0.0,0.0,0.9151409999503812,177.9408139999532,True,3;10;34;38;49,3;4,False,
submodular_as,nq_118,,0.0,0.7283334528893339,0.27166654711066607,0.0,0.0,0.9483590000627373,402.48320399996373,False,4;6;17;29;45,,False,
submodular_as,nq_119,0.2,0.2,0.9068188569676234,0.09318114303237657,1.0,1.0,0.9611809999796606,193.4322609999981,True,5;7;10;11;22,0;8;11;15;19,False,
submodular_as,nq_120,0.75,0.6,0.7968275709570267,0.20317242904297328,1.0,1.0,0.7535290000078021,193.4803720000673,True,0;4;5;16;21,0;2;4;5,False,
submodular_as,nq_121,0.23076923076923078,0.6,0.7586151175324318,0.24138488246756817,0.0,0.5714285714285715,0.8102240000198435,286.1948309999889,True,7;10;29;40;47,0;7;10;12;17;18;26;28;29;45;46;48;49,False,
submodular_as,nq_122,,0.0,0.7963916696609445,0.20360833033905545,0.0,0.6666666666666666,0.9253700000044773,219.63431500000752,False,2;4;12;15;48,,False,
submodular_as,nq_123,0.3333333333333333,0.4,0.783408448249952,0.21659155175004796,1.0,1.0,3.738076999979967,217.28798900005586,True,2;4;33;44;45,1;2;4;6;7;12,False,
submodular_as,nq_124,1.0,0.2,0.7539301704604086,0.24606982953959144,1.0,1.0,0.8548800000198753,197.756279000032,True,0;3;4;31;42,4,False,
submodular_as,nq_125,0.3333333333333333,0.8,0.9008238566901084,0.09917614330989155,0.0,0.6666666666666666,0.8431719999180132,175.64433999996254,True,0;1;4;10;11,0;1;2;4;5;6;7;8;10;21;40;47,False,
submodular_as,nq_126,0.3333333333333333,0.2,0.6498175262797311,0.3501824737202689,1.0,1.0,0.8933439999054826,154.51280799993583,True,4;7;13;26;35,0;1;4,False,
submodular_as,nq_127,0.5,0.4,0.6812803968696487,0.3187196031303513,0.0,0.0,0.9291799999573414,390.5383569999685,True,0;1;28;39;40,0;1;3;7,False,
submodular_as,nq_128,0.5,0.8,0.8858979607425221,0.11410203925747786,1.0,1.0,0.9217750000516389,175.57192900005703,True,0;4;10;15;33,0;4;9;15;28;33;35;44,False,
submodular_as,nq_129,0.3333333333333333,0.6,0.7995135293357066,0.20048647066429337,1.0,1.0,0.9082789999865781,214.3593130000454,True,0;10;28;29;33,0;1;5;6;9;10;33;37;48,False,
submodular_as,nq_130,,0.0,0.816334345520449,0.18366565447955097,0.0,0.0,0.95106800006306,194.47587100000874,False,4;12;13;26;29,,False,
submodular_as,nq_131,0.14285714285714285,0.2,0.8800038128866836,0.11999618711331639,0.0,0.0,1.057275999983176,255.28457300003993,True,4;5;24;34;41,0;4;15;20;23;43;46,False,
submodular_as,nq_132,0.0,0.0,0.8492753708075277,0.15072462919247231,0.0,0.0,0.8881260000634938,337.9189620000034,True,0;1;5;6;20,9;18;19;28,False,
submodular_as,nq_133,0.2,0.2,0.8490006223518577,0.1509993776481423,0.0,0.3333333333333333,0.773471000002246,215.19039400004658,True,1;22;26;35;47,2;5;9;31;47,False,
submodular_as,nq_134,0.5,0.4,0.8250622533998406,0.17493774660015937,0.0,0.0,0.9383199999319913,136.75201000000925,True,1;3;6;19;32,0;3;5;6,False,
submodular_as,nq_135,0.0,0.0,0.6389181590582893,0.3610818409417107,0.0,0.0,0.8235189999368231,194.5766689999573,True,4;27;32;43;47,0;20;28;38,False,
submodular_as,nq_136,1.0,0.2,0.6071440621518296,0.3928559378481704,0.0,0.6666666666666666,0.9294769999996788,360.89271299999837,True,18;19;21;22;30,21,False,
submodular_as,nq_137,1.0,0.4,0.7643444429985727,0.23565555700142726,0.0,0.5,0.8867889999919498,419.7125350000306,True,0;3;4;8;41,0;3,False,
submodular_as,nq_138,,0.0,0.8073466658349734,0.1926533341650266,0.0,0.0,0.8371579999675305,276.99199899996074,False,5;18;25;37;39,,False,
submodular_as,nq_139,,0.0,0.6319548366680184,0.36804516333198156,0.0,0.0,0.8456729999579693,174.61553400005414,False,0;3;6;32;38,,False,
submodular_as,nq_140,1.0,0.4,0.8715623286380101,0.1284376713619899,1.0,1.0,0.8489330000429618,264.3730820000201,True,1;6;7;16;21,1;6,False,
submodular_as,nq_141,0.15625,1.0,0.8469424092156383,0.15305759078436165,0.0,0.0,0.894037999955799,210.54399499996634,True,14;24;33;35;45,2;3;5;7;11;13;14;16;18;19;20;21;22;23;24;25;26;29;30;31;32;33;34;35;36;37;39;44;45;46;47;48,False,
submodular_as,nq_142,0.125,1.0,0.8491524205466202,0.1508475794533798,0.0,0.0,1.5496449999545803,274.50014900000497,True,4;6;10;37;41,0;1;2;3;4;5;6;7;8;9;10;11;12;13;14;15;16;17;18;19;20;21;22;23;24;25;26;28;30;31;36;37;39;41;42;43;44;45;47;49,False,
submodular_as,nq_143,0.6666666666666666,0.4,0.7899889180507419,0.2100110819492581,1.0,1.0,0.8673849999922822,275.4017519999934,True,8;15;26;45;47,6;26;47,False,
submodular_as,nq_144,0.19047619047619047,0.8,0.8561271091616025,0.1438728908383975,0.0,0.8,0.840507000020807,192.58146399999987,True,12;36;37;39;43,0;1;3;4;5;6;8;11;12;20;21;22;28;29;36;39;40;41;43;45;48,False,
submodular_as,nq_145,0.0,0.0,0.7749116140697568,0.22508838593024316,0.0,0.0,0.7855600000539198,232.04782300001625,True,1;16;18;25;33,8,False,
submodular_as,nq_146,0.5714285714285714,0.8,0.8248666771032273,0.17513332289677275,1.0,1.0,0.8113129999856028,213.57722899995224,True,2;9;14;22;46,2;6;8;9;14;22;33,False,
submodular_as,nq_147,0.6,0.6,0.7335859786977075,0.2664140213022925,1.0,1.0,0.8056020000140052,274.5768920000273,True,0;11;16;40;44,0;6;8;11;40,False,
submodular_as,nq_148,0.6666666666666666,0.8,0.888906527348183,0.11109347265181702,0.0,0.5714285714285715,0.8184719999917434,273.82273600005647,True,0;1;6;11;22,0;1;4;6;17;22,False,
submodular_as,nq_149,1.0,0.4,0.8490293243660301,0.15097067563396993,0.0,0.28571428571428575,0.9726030000365427,295.20254999999906,True,2;4;6;12;38,2;4,False,
submodular_as,nq_150,,0.0,0.8234906138150448,0.17650938618495515,0.0,0.0,0.8816909999040945,234.7357019999663,False,8;27;31;36;37,,False,
submodular_as,nq_151,0.3333333333333333,0.4,0.8791730666282416,0.12082693337175843,0.0,0.5,0.8510549999982686,274.66256200000316,True,0;1;4;10;22,4;6;18;22;28;38,False,
submodular_as,nq_152,1.0,0.4,0.8571879021623257,0.14281209783767435,0.0,0.8,0.8940809999558041,193.8392690000228,True,0;1;2;6;20,0;1,False,
submodular_as,nq_153,0.3333333333333333,0.2,0.714457457785393,0.28554254221460695,1.0,1.0,0.8357600000863386,196.9283789999281,True,2;11;12;30;46,0;1;46,False,
submodular_as,nq_154,,0.0,0.8719018963388635,0.1280981036611365,0.0,0.0,0.8381339999914417,234.58512399997744,False,2;9;10;32;42,,False,
submodular_as,nq_155,,0.0,0.7211094149312824,0.27889058506871756,0.0,0.0,0.8356929999990825,211.8145289999802,False,17;18;22;33;42,,False,
submodular_as,nq_156,0.1875,0.6,0.8825600566606789,0.11743994333932106,0.0,0.6666666666666666,0.8883140000079948,192.2049339999603,True,1;3;7;9;16,0;3;4;5;6;7;8;14;16;17;24;27;39;42;43;49,False,
submodular_as,nq_157,1.0,0.6,0.7163508443841022,0.28364915561589776,0.0,0.5,0.9379319999425206,193.79157200000918,True,0;1;31;48;49,0;1;49,False,
submodular_as,nq_158,,0.0,0.6961884779008667,0.3038115220991333,0.0,0.0,0.7665959999485494,254.48147499992047,False,7;14;22;25;47,,False,
submodular_as,nq_159,0.5,0.2,0.740987556872493,0.25901244312750704,0.0,0.0,0.8457659999976386,172.9767570000149,True,15;25;27;32;40,32;49,False,
submodular_as,nq_160,1.0,0.2,0.7405512967891585,0.25944870321084146,0.0,0.0,0.8000249999895459,237.92004200004158,True,4;12;25;41;48,4,False,
submodular_as,nq_161,0.2,0.2,0.7863351353947197,0.21366486460528034,0.0,0.0,1.1805429999185435,235.0323059999937,True,2;6;33;36;44,2;12;21;25;32,False,
submodular_as,nq_162,1.0,0.8,0.7827820481251692,0.21721795187483084,1.0,1.0,0.783604000048399,235.02862100008315,True,1;4;6;17;46,1;4;17;46,False,
submodular_as,nq_163,,0.0,0.6861305176305011,0.31386948236949885,0.0,0.8,0.7473219999383218,193.15504299993336,False,1;2;4;24;48,,False,
submodular_as,nq_164,1.0,0.4,0.7668622136092187,0.2331377863907813,0.0,0.0,0.7696459999806393,213.25393799997983,True,0;4;32;40;49,4;32,False,
submodular_as,nq_165,0.75,0.6,0.7921364222232128,0.2078635777767872,1.0,1.0,0.7831579999901805,221.92468000002918,True,3;5;11;12;17,0;3;5;12,False,
submodular_as,nq_166,0.3333333333333333,0.2,0.8441009844259515,0.1558990155740485,1.0,1.0,0.8161869999412374,274.2690740000171,True,0;4;10;11;12,0;1;2,False,
submodular_as,nq_167,0.6666666666666666,0.4,0.8579604624637376,0.14203953753626242,1.0,1.0,0.8549300000595395,212.18329400005587,True,2;4;18;24;26,4;5;24,False,
submodular_as,nq_168,0.2,0.2,0.811975466054936,0.18802453394506402,0.0,0.3333333333333333,0.8442250000371132,276.7186059999176,True,4;5;14;21;31,0;4;17;19;39,False,
submodular_as,nq_169,0.11764705882352941,0.4,0.8280094194132477,0.17199058058675232,0.0,0.5,0.923157999977775,192.9772400000047,True,9;15;22;48;49,0;1;4;6;8;15;17;18;19;20;22;25;31;33;41;44;46,False,
submodular_as,nq_170,0.16666666666666666,0.2,0.8897376750688764,0.11026232493112365,0.0,0.4,0.908514999991894,256.8780369999786,True,0;2;4;7;12,0;1;5;8;21;45,False,
submodular_as,nq_171,0.375,0.6,0.8652156225826886,0.13478437741731142,0.0,0.4,0.9721679999756816,213.08472399994116,True,2;16;24;27;32,2;4;6;15;24;32;42;44,False,
submodular_as,nq_172,,0.0,0.638181100668794,0.36181889933120603,0.0,0.0,0.8169330000100672,175.20815600005335,False,8;45;46;47;49,,False,
submodular_as,nq_173,1.0,0.4,0.8904616751255251,0.1095383248744749,1.0,1.0,0.9334239999816418,173.6342120000245,True,0;1;2;3;29,0;1,False,
submodular_as,nq_174,0.3333333333333333,0.6,0.8105775755463419,0.1894224244536581,1.0,1.0,0.8949030000167113,255.2367130000448,True,0;3;6;10;12,0;2;6;8;9;12;17;28;45,False,
submodular_as,nq_175,0.25,0.6,0.7454957667800279,0.25450423321997206,0.0,0.6,0.8623329999863927,399.36477700007345,True,0;8;13;22;25,0;1;2;3;4;5;6;8;17;22;23;44,False,
submodular_as,nq_176,,0.0,0.773439336260736,0.22656066373926398,0.0,0.0,0.8779160000358388,219.28374399999484,False,0;2;6;8;49,,False,
submodular_as,nq_177,0.07692307692307693,0.2,0.8052295703215107,0.19477042967848934,0.0,0.0,0.853165999956218,256.5318599999955,True,2;8;12;15;36,5;7;12;13;18;20;21;31;34;37;39;43;47,False,
submodular_as,nq_178,0.3333333333333333,0.6,0.832698252625508,0.167301747374492,0.0,0.4,0.9912289999647328,213.76835199998823,True,2;24;37;40;46,2;5;17;21;24;26;28;34;46,False,
submodular_as,nq_179,,0.0,0.596810759001509,0.40318924099849096,0.0,0.0,0.77545299996018,219.1564559999506,False,3;17;18;20;41,,False,
submodular_as,nq_180,0.5,0.4,0.8298942760998571,0.1701057239001429,0.0,0.6666666666666666,0.777535999986867,358.9786690000665,True,1;9;10;13;14,1;5;13;41,False,
submodular_as,nq_181,1.0,0.4,0.7808408263231523,0.21915917367684767,1.0,1.0,0.818819000073745,233.09626600007505,True,5;17;30;42;48,17;30,False,
submodular_as,nq_182,,0.0,0.6898900798902072,0.31010992010979277,0.0,0.0,0.7862969999905545,173.16396000001077,False,1;35;36;39;45,,False,
submodular_as,nq_183,0.0,0.0,0.6426260933758592,0.3573739066241408,0.0,0.3333333333333333,0.8147879999569341,234.5312569999578,True,17;21;35;38;43,12;27;29;49,False,
submodular_as,nq_184,0.5,0.4,0.8289451448847498,0.1710548551152502,0.0,0.25,0.8050329998923189,233.99966900001345,True,0;2;15;28;36,0;2;4;9,False,
submodular_as,nq_185,,0.0,0.6993636784822674,0.30063632151773256,0.0,0.0,0.7904489999646103,255.81791000001886,False,20;25;37;43;48,,False,
submodular_as,nq_186,0.36363636363636365,0.8,0.8177049319897998,0.18229506801020023,1.0,1.0,0.931258999912643,193.1350699999257,True,2;6;7;22;23,0;2;6;7;13;15;18;22;34;38;49,False,
submodular_as,nq_187,0.3333333333333333,0.2,0.7441082806969564,0.25589171930304355,1.0,1.0,0.7349940000267452,212.6657000000023,True,0;2;9;12;19,0;5;17,False,
submodular_as,nq_188,1.0,0.2,0.633598765661006,0.36640123433899396,1.0,1.0,0.9106080000265138,213.61674599995695,True,29;33;40;43;47,40,False,
submodular_as,nq_189,,0.0,0.618174057771111,0.381825942228889,0.0,0.0,0.9514910000234522,214.13053499998114,False,0;1;33;36;42,,False,
submodular_as,nq_190,0.75,0.6,0.8298663797050783,0.17013362029492174,1.0,1.0,0.8666810000477199,193.57954099996277,True,0;3;15;19;41,0;3;15;17,False,
submodular_as,nq_191,0.5555555555555556,1.0,0.7976581497511311,0.20234185024886886,1.0,1.0,0.8460740000373335,234.0586269999676,True,0;8;35;36;47,0;2;6;8;9;30;35;36;47,False,
submodular_as,nq_192,0.6666666666666666,0.4,0.7831054354007883,0.21689456459921175,0.0,0.0,0.835013999903822,276.46990300002017,True,0;3;6;11;26,3;11;22,False,
submodular_as,nq_193,,0.0,0.8316650553538709,0.16833494464612908,0.0,0.20000000000000004,0.8294830000750153,294.72450399998706,False,5;8;25;29;41,,False,
submodular_as,nq_194,1.0,0.6,0.7237628170647487,0.27623718293525135,1.0,1.0,0.9066819999361542,275.1644669999678,True,0;1;19;33;40,0;1;19,False,
submodular_as,nq_195,,0.0,0.9486185379596741,0.0513814620403259,0.0,0.0,0.8189940000420393,296.11090599996714,False,3;8;10;22;40,,False,
submodular_as,nq_196,0.2857142857142857,0.8,0.7703895960752085,0.22961040392479148,0.0,0.4444444444444445,0.8232719999341498,692.4421209999991,True,0;11;12;16;46,0;1;5;6;10;12;15;16;22;26;37;38;45;46,False,
submodular_as,nq_197,1.0,0.2,0.8861587196731264,0.11384128032687357,0.0,0.7499999999999999,0.860740000007354,195.61753499999668,True,1;3;4;12;41,1,False,
submodular_as,nq_198,0.35714285714285715,1.0,0.8340737711705757,0.16592622882942432,0.0,0.0,0.9617939999770897,214.05883900001754,True,4;20;21;37;45,0;1;4;5;11;12;15;16;18;20;21;37;45;48,False,
submodular_as,nq_199,0.25,0.4,0.7974512458037986,0.20254875419620144,1.0,1.0,0.8170349999545579,217.03115000002526,True,1;7;10;29;34,1;7;9;11;16;17;19;45,False,
topk_as,nq_0,0.5,0.4,0.8541128623045979,0.14588713769540207,0.0,0.8571428571428571,0.24984900005620148,466.23556300005475,True,0;1;25;32;37,0;1;4;38,False,
topk_as,nq_1,0.6666666666666666,0.8,0.8147195232404482,0.18528047675955184,0.0,0.5714285714285715,0.21582800002306612,253.4174060000396,True,0;1;7;30;43,0;1;7;9;14;30,False,
topk_as,nq_2,0.23076923076923078,0.6,0.7073026824592535,0.29269731754074646,1.0,1.0,0.20418700000846002,171.16220900004464,True,0;1;32;40;47,0;1;6;7;16;19;22;23;32;33;35;38;45,False,
topk_as,nq_3,0.625,1.0,0.9206778542074365,0.07932214579256347,0.0,0.0,0.21207100007814006,277.25456800010306,True,24;29;37;45;49,4;6;24;29;37;45;47;49,False,
topk_as,nq_4,0.3,0.6,0.8652634822778797,0.13473651772212025,1.0,1.0,0.23205200000120385,173.86119599996164,True,0;10;26;29;40,0;3;7;16;24;26;27;33;40;47,False,
topk_as,nq_5,0.0,0.0,0.8888063393982742,0.11119366060172575,0.0,0.0,0.2226130000053672,231.65510699993774,True,0;5;8;10;21,19;44,False,
topk_as,nq_6,0.0,0.0,0.9058967500802556,0.09410324991974439,0.0,0.0,0.1224840000304539,253.34808699994937,True,0;3;5;11;12,9;33,False,
topk_as,nq_7,,0.0,0.9030805196519799,0.09691948034802012,0.0,0.6666666666666666,0.20307200009028747,192.57723800001258,False,4;9;34;42;49,,False,
topk_as,nq_8,,0.0,0.8305633069813464,0.1694366930186536,0.0,0.3333333333333333,0.21331100003862957,231.5425319999349,False,0;1;7;14;49,,False,
topk_as,nq_9,,0.0,0.8074523201595352,0.19254767984046484,0.0,0.5,0.10058800000933843,179.54025099993487,False,15;19;34;43;48,,False,
topk_as,nq_10,0.21428571428571427,0.6,0.8146857005462078,0.1853142994537922,1.0,1.0,0.10118000000147731,193.11954500005868,True,8;11;28;42;46,0;1;2;3;5;8;9;11;14;17;23;36;39;42,False,
topk_as,nq_11,1.0,0.8,0.8281666997146235,0.17183330028537647,1.0,1.0,0.10050499997760198,213.04049000002578,True,0;3;7;14;37,3;7;14;37,False,
topk_as,nq_12,0.6666666666666666,0.4,0.8809614192203821,0.11903858077961793,0.0,0.0,0.2053330000535425,315.9839470000634,True,0;1;3;14;18,0;1;41,False,
topk_as,nq_13,0.7142857142857143,1.0,0.8796021870085656,0.12039781299143437,1.0,1.0,0.2138579999382273,191.8874779998987,True,0;1;4;5;16,0;1;3;4;5;16;31,False,
topk_as,nq_14,1.0,1.0,0.8793194192567189,0.12068058074328114,0.0,0.5714285714285715,0.2279520000456614,294.83588300001884,True,0;1;2;9;11,0;1;2;9;11,False,
topk_as,nq_15,,0.0,0.7084245033339727,0.29157549666602733,0.0,0.0,0.09959999999864522,215.63440899990383,False,17;18;36;46;49,,False,
topk_as,nq_16,0.5,0.2,0.8618908111389179,0.13810918886108214,0.0,0.7499999999999999,0.10684699998364522,232.87475200004337,True,5;7;27;42;43,4;27,False,
topk_as,nq_17,0.2,0.2,0.8234791843263715,0.17652081567362854,1.0,1.0,0.2068249999638283,192.1647200000507,True,1;13;20;22;29,8;12;22;27;28,False,
topk_as,nq_18,0.05263157894736842,0.2,0.8263849941803084,0.17361500581969158,0.0,0.0,0.2075299998978153,213.30261900004643,True,0;3;18;34;41,0;1;2;4;5;6;7;10;16;17;20;22;25;27;33;36;37;43;49,False,
topk_as,nq_19,0.2,1.0,0.7832095675627189,0.21679043243728113,0.0,0.0,0.10016100009124784,193.62675000002127,True,0;9;11;18;27,0;1;2;3;4;5;6;8;9;11;12;13;15;17;18;21;23;27;31;32;36;43;45;47;49,False,
topk_as,nq_20,0.75,0.6,0.8578963356922049,0.14210366430779509,0.0,0.0,0.11913100001947896,234.79528500001834,True,0;6;9;42;48,0;21;42;48,False,
topk_as,nq_21,0.75,0.6,0.7655556008425448,0.23444439915745519,0.0,0.33333333333333337,0.09827600001699466,296.83058700004494,True,0;1;3;14;23,0;1;3;16,False,
topk_as,nq_22,0.3333333333333333,0.8,0.843627516521505,0.15637248347849497,0.0,0.6666666666666666,0.12226499995904305,173.13082500004384,True,0;1;3;5;26,0;3;5;12;17;22;24;26;28;31;34;48,False,
topk_as,nq_23,0.75,0.6,0.8251881144429756,0.17481188555702443,1.0,1.0,0.19828400002097624,173.7847709999869,True,5;7;8;33;34,5;8;31;33,False,
topk_as,nq_24,1.0,0.8,0.9102010331457286,0.08979896685427136,1.0,1.0,0.11269399999491725,216.94287799994072,True,0;1;2;4;7,0;2;4;7,False,
topk_as,nq_25,0.25,0.6,0.7888285157577745,0.21117148424222554,0.0,0.5,0.10985799997342838,212.2996069999772,True,7;15;19;43;46,0;3;5;15;19;24;34;37;41;42;43;45,False,
topk_as,nq_26,,0.0,0.6727415658000853,0.32725843419991474,0.0,0.0,0.21740199997566378,234.99062200005483,False,8;23;29;45;46,,False,
topk_as,nq_27,1.0,0.2,0.7090364907533585,0.2909635092466415,0.0,0.8,0.09816299996145972,274.81881400001384,True,0;2;6;29;32,0,False,
topk_as,nq_28,0.35714285714285715,1.0,0.8955724609610083,0.10442753903899171,0.0,0.6666666666666666,0.10523999992528843,192.76160900005834,True,0;1;28;31;32,0;1;3;11;14;15;18;25;28;31;32;35;40;45,False,
topk_as,nq_29,0.5,0.2,0.861273147251687,0.13872685274831298,0.0,1.0,0.1062720000390982,256.19391899999755,True,0;2;4;9;22,1;2,False,
topk_as,nq_30,0.5,0.8,0.8532694256501344,0.14673057434986558,1.0,1.0,0.21433599999909347,275.61470799992094,True,0;1;25;27;45,0;1;3;6;10;25;27;29,False,
topk_as,nq_31,1.0,0.2,0.8118790882970668,0.1881209117029332,1.0,1.0,0.10924000002887624,171.74394699998174,True,0;3;5;6;44,0,False,
topk_as,nq_32,,0.0,0.8175296329548765,0.18247036704512354,0.0,0.5,0.1069080000206668,174.83057300000837,False,3;5;10;15;32,,False,
topk_as,nq_33,0.5,0.2,0.7701061558512619,0.22989384414873815,1.0,1.0,0.10944799998924282,180.24891099992146,True,1;5;6;28;40,0;6,False,
topk_as,nq_34,0.4,0.4,0.8347301659688432,0.1652698340311568,0.0,0.0,0.19430200006809173,274.20087099994817,True,2;4;5;7;31,1;4;8;13;31,False,
topk_as,nq_35,1.0,0.6,0.900795916497173,0.09920408350282695,1.0,1.0,0.1055019999967044,253.94492899999932,True,3;5;6;11;15,3;5;6,False,
topk_as,nq_36,0.0,0.0,0.8117528494934465,0.1882471505065535,0.0,0.0,0.10116700002527068,213.32231700000648,True,3;8;9;20;31,5;7,False,
topk_as,nq_37,0.75,0.6,0.7832614966608917,0.21673850333910827,1.0,1.0,0.11383099990780465,253.28978799996094,True,0;3;11;17;30,0;3;23;30,False,
topk_as,nq_38,0.2777777777777778,1.0,0.8587860043478145,0.1412139956521855,0.0,0.8,0.10214100007033267,335.96501099998477,True,0;5;6;8;11,0;1;2;3;4;5;6;7;8;11;17;19;25;26;31;33;45;47,False,
topk_as,nq_39,0.0,0.0,0.867129358416509,0.13287064158349104,0.0,0.0,0.22277200002918107,153.43913399999565,True,0;1;13;27;41,2;3;4;6;8;10;11;15;16;19;23;33;38;40;43;44;45;47,False,
topk_as,nq_40,,0.0,0.8863373361045189,0.11366266389548108,0.0,0.0,0.09893799995097652,439.4983710000133,False,1;6;13;30;34,,False,
topk_as,nq_41,,0.0,0.8370735235087217,0.16292647649127834,0.0,0.0,0.10820799991506647,256.01740899992365,False,8;17;31;38;43,,False,
topk_as,nq_42,0.75,0.6,0.8090624904723966,0.19093750952760336,1.0,1.0,0.2147359999753462,192.29934400004822,True,0;13;14;17;21,0;14;21;29,False,
topk_as,nq_43,,0.0,0.7459799612947468,0.25402003870525325,0.0,0.0,0.21239000000150554,212.8227829999787,False,11;18;26;35;36,,False,
topk_as,nq_44,0.0,0.0,0.9096881735004485,0.0903118264995515,0.0,0.0,0.10421799993309833,274.30124299996805,True,0;2;3;5;44,47,False,
topk_as,nq_45,0.11904761904761904,1.0,0.923096031601073,0.07690396839892699,0.0,0.4,0.11293900001874135,253.4161989999575,True,1;4;17;28;49,0;1;2;3;4;5;6;7;8;10;11;13;14;15;16;17;19;20;23;24;25;26;27;28;29;30;31;32;33;35;36;37;39;40;41;43;44;45;46;47;48;49,False,
topk_as,nq_46,1.0,0.6,0.9087676936285444,0.09123230637145563,0.0,0.28571428571428575,0.11226200001601683,192.4682029999758,True,0;8;9;12;20,8;9;12,False,
topk_as,nq_47,0.25,0.4,0.8723644402056744,0.12763555979432561,0.0,0.5,0.11146999997890816,254.46959499993227,True,2;16;19;29;36,2;6;9;22;36;38;40;43,False,
topk_as,nq_48,0.2727272727272727,0.6,0.8434577214043735,0.15654227859562653,0.0,0.0,0.21037600004092383,252.45459399991432,True,0;1;2;3;34,0;1;2;4;6;7;9;16;18;41;47,False,
topk_as,nq_49,0.0,0.0,0.8376098351029313,0.1623901648970687,0.0,0.5,0.10369300002821547,212.5374519999923,True,1;6;35;36;41,10;21;45,False,
topk_as,nq_50,,0.0,0.813250396861747,0.18674960313825295,0.0,0.28571428571428575,0.20721999999295804,192.48796199997287,False,1;3;12;17;28,,False,
topk_as,nq_51,0.09523809523809523,0.4,0.8417895760075063,0.15821042399249374,1.0,1.0,0.10483099993052747,171.80877800001326,True,31;34;42;43;49,2;3;4;5;6;15;17;19;20;21;22;25;26;28;29;37;38;40;42;43;45,False,
topk_as,nq_52,,0.0,0.6905605089810551,0.30943949101894486,0.0,0.0,0.10143199995127361,174.9101039999914,False,11;14;23;26;39,,False,
topk_as,nq_53,0.17647058823529413,0.6,0.7321601765601041,0.2678398234398959,0.0,0.6666666666666666,0.20360199994229333,233.94915999995192,True,16;17;34;44;45,0;3;4;7;9;11;13;14;22;28;34;37;41;43;44;45;46,False,
topk_as,nq_54,0.2,0.2,0.9022158195782299,0.09778418042177006,0.0,0.0,0.1153489999978774,213.84985600002437,True,1;2;15;21;22,1;13;34;42;47,False,
topk_as,nq_55,0.3333333333333333,0.4,0.8249703875930621,0.17502961240693793,1.0,1.0,0.10699699998895085,211.77284599991708,True,3;10;15;27;31,3;13;15;18;26;37,False,
topk_as,nq_56,,0.0,0.8097942838097062,0.1902057161902938,0.0,0.0,0.1977809999971214,174.26790199999687,False,0;8;12;40;48,,False,
topk_as,nq_57,0.6666666666666666,0.8,0.8763986541559958,0.12360134584400417,1.0,1.0,0.21200599996973324,172.1443100000215,True,0;1;2;5;6,0;1;2;4;5;38,False,
topk_as,nq_58,,0.0,0.7804741264089976,0.2195258735910024,0.0,0.0,0.10797300001286203,254.12510699993618,False,0;1;5;18;25,,False,
topk_as,nq_59,,0.0,0.6938990202424822,0.3061009797575178,0.0,0.0,0.10724399999162415,173.90458499994565,False,26;32;33;35;43,,False,
topk_as,nq_60,0.36363636363636365,0.8,0.7980892725757036,0.2019107274242964,0.0,0.5,0.11571300001378404,232.91004400005022,True,1;3;17;30;35,1;3;4;5;6;17;18;22;28;35;37,False,
topk_as,nq_61,0.625,1.0,0.7823651760511299,0.21763482394887013,0.0,0.6666666666666666,0.10914599999978236,294.1624290000391,True,3;4;7;36;47,3;4;7;10;24;34;36;47,False,
topk_as,nq_62,0.25,0.2,0.857893965044094,0.142106034955906,0.0,0.4,0.21773699995719653,174.26004799995098,True,4;6;9;11;14,2;11;19;20,False,
topk_as,nq_63,0.3333333333333333,0.2,0.8693924960291743,0.13060750397082566,0.0,0.6666666666666666,0.11506299995289737,212.89511400004812,True,0;4;11;12;15,0;18;49,False,
topk_as,nq_64,0.2727272727272727,0.6,0.8371888670370181,0.16281113296298189,0.0,0.6666666666666666,0.1213230000303156,192.03862599999866,True,0;12;25;36;47,0;1;3;4;7;9;10;12;29;32;36,False,
topk_as,nq_65,0.625,1.0,0.9032599662622462,0.09674003373775375,0.0,0.6666666666666666,0.1052510000363327,192.63734000003296,True,0;3;6;9;37,0;3;4;5;6;7;9;37,False,
topk_as,nq_66,0.36363636363636365,0.8,0.8309820659179918,0.16901793408200816,1.0,1.0,0.21292200005973427,274.86720400008835,True,0;9;13;16;20,0;3;9;11;13;16;24;26;31;34;38,False,
topk_as,nq_67,,0.0,0.7686284650893382,0.23137153491066176,1.0,1.0,0.10552499998084386,192.3744959999567,False,1;4;6;7;9,,False,
topk_as,nq_68,0.0,0.0,0.8692748480420341,0.13072515195796586,0.0,0.5,0.09987800001454161,174.0641249999726,True,0;2;12;16;33,4;11,False,
topk_as,nq_69,,0.0,0.6787632268143693,0.3212367731856307,0.0,0.0,0.09792799994556844,254.78850499996497,False,3;8;9;23;34,,False,
topk_as,nq_70,0.0,0.0,0.7439220591915813,0.2560779408084187,0.0,0.0,0.10328800010483974,232.8098550000277,True,2;29;42;43;45,7;24,False,
topk_as,nq_71,0.2222222222222222,0.4,0.8704958373298914,0.12950416267010856,0.0,0.6666666666666666,0.09972000009383919,193.2764739999584,True,2;23;29;31;39,0;3;5;12;14;18;22;23;29,False,
topk_as,nq_72,0.5,0.8,0.785158793075236,0.21484120692476405,0.0,0.6666666666666666,0.1019929999301894,234.74459999999908,True,0;1;2;10;43,0;1;2;3;4;11;14;43,False,
topk_as,nq_73,1.0,0.6,0.7563262992147284,0.24367370078527162,1.0,1.0,0.11054800006604637,172.62946900007137,True,0;1;4;7;12,0;1;4,False,
topk_as,nq_74,0.6666666666666666,0.4,0.8103143524869306,0.18968564751306938,0.0,0.5,0.1053649999676054,254.5159839999087,True,4;9;11;40;47,9;40;41,False,
topk_as,nq_75,1.0,0.8,0.7895018737987641,0.21049812620123587,1.0,1.0,0.10177500007557683,213.77486699998371,True,0;1;2;10;24,0;1;2;24,False,
topk_as,nq_76,1.0,0.8,0.8914460782209618,0.10855392177903822,0.0,0.6666666666666666,0.10351000003083755,274.18290699995396,True,0;1;3;7;10,0;1;3;10,False,
topk_as,nq_77,,0.0,0.6783292598663863,0.32167074013361374,0.0,0.1,0.09832700004608341,662.581025999998,False,4;21;37;44;47,,False,
topk_as,nq_78,0.4,0.4,0.8174135103336926,0.18258648966630742,1.0,1.0,0.11059700000259909,255.9835170000042,True,0;13;23;28;38,0;16;19;25;28,False,
topk_as,nq_79,0.5,0.4,0.8260598644210682,0.17394013557893184,0.0,0.6666666666666666,0.10519299996758491,294.28968399997757,True,0;1;9;21;45,0;1;2;37,False,
topk_as,nq_80,0.625,1.0,0.9066003072942825,0.09339969270571746,1.0,1.0,0.11353599995800323,234.94973399999708,True,0;2;3;4;7,0;2;3;4;7;8;13;14,False,
topk_as,nq_81,0.0967741935483871,0.6,0.8701281981029624,0.12987180189703762,1.0,1.0,0.10255699999106582,155.30169099997693,True,2;5;8;14;32,0;1;2;3;4;5;7;8;9;10;11;12;13;15;18;23;25;26;27;28;29;31;33;35;36;37;39;41;43;45;47,False,
topk_as,nq_82,0.3333333333333333,0.2,0.7994375719631821,0.2005624280368179,0.0,0.5,0.10014099996169534,177.076894000038,True,3;12;18;26;27,3;5;35,False,
topk_as,nq_83,,0.0,0.8088554754976748,0.19114452450232522,0.0,0.0,0.097067999945466,213.4929999999713,False,1;6;7;40;46,,False,
topk_as,nq_84,0.0,0.0,0.8152721762492412,0.1847278237507588,0.0,0.0,0.21284000001742243,275.8754179999414,True,15;17;19;27;30,25,False,
topk_as,nq_85,0.2,0.2,0.8338389629969738,0.1661610370030262,0.0,0.0,0.10290700004134123,213.81139400000393,True,4;7;18;35;37,1;3;8;37;39,False,
topk_as,nq_86,0.2857142857142857,0.4,0.7139759296768933,0.2860240703231067,0.0,0.6666666666666666,0.10896300000240444,153.20958399991014,True,0;11;17;36;39,0;12;14;16;31;35;39,False,
topk_as,nq_87,0.6,0.6,0.762505675705426,0.23749432429457396,1.0,1.0,0.10414400003355695,256.2657629999876,True,0;1;4;23;49,0;1;4;12;30,False,
topk_as,nq_88,0.6666666666666666,0.4,0.9009832539235971,0.09901674607640287,0.0,0.3333333333333333,0.10356199993566406,193.9068970000335,True,2;4;11;13;15,2;4;31,False,
topk_as,nq_89,0.0,0.0,0.8466505197747969,0.15334948022520312,0.0,0.0,0.0968150000062451,152.01421899996603,True,6;20;27;30;35,14;22;23;25;40,False,
topk_as,nq_90,0.6666666666666666,0.4,0.6914946806861917,0.3085053193138083,0.0,0.6666666666666666,0.21816699995724775,217.26329500006614,True,0;3;12;17;23,0;10;17,False,
topk_as,nq_91,,0.0,0.8367339007437036,0.16326609925629643,0.0,0.6666666666666666,0.10111899996445572,261.43744599994534,False,0;5;7;9;42,,False,
topk_as,nq_92,,0.0,0.9017995846648423,0.09820041533515766,0.0,0.09523809523809525,0.21344699996461713,667.1011650000764,False,0;6;8;20;34,,False,
topk_as,nq_93,,0.0,0.6837294536259343,0.3162705463740657,0.0,0.3333333333333333,0.11680399995839252,217.19693800002915,False,0;10;13;14;31,,False,
topk_as,nq_94,1.0,0.4,0.7936594530074729,0.20634054699252713,0.0,0.3333333333333333,0.125120000006973,280.30619200001183,True,0;2;20;28;42,0;2,False,
topk_as,nq_95,0.45454545454545453,1.0,0.9343623713911284,0.06563762860887157,0.0,0.0,0.11196899993137777,192.2621999999592,True,0;3;4;8;26,0;3;4;8;23;26;29;35;38;43;49,False,
topk_as,nq_96,1.0,0.8,0.8283629206628025,0.17163707933719752,1.0,1.0,0.1034170001048551,173.4507799999392,True,0;1;7;25;36,0;1;25;36,False,
topk_as,nq_97,0.3333333333333333,0.2,0.8266711425963689,0.17332885740363113,1.0,1.0,0.09760900002220296,193.78188099994986,True,25;29;35;47;49,8;13;47,False,
topk_as,nq_98,0.16666666666666666,0.4,0.8988366876684456,0.1011633123315544,0.0,0.0,0.1087409999627198,358.87773100000686,True,0;2;8;47;48,0;1;7;10;11;18;24;25;26;28;36;48,False,
topk_as,nq_99,1.0,0.4,0.8100432637592965,0.18995673624070353,0.0,0.4444444444444445,0.10446800001773227,267.48916000008194,True,0;4;5;7;19,0;4,False,
topk_as,nq_100,0.42857142857142855,0.6,0.8360494764035818,0.16395052359641815,0.0,0.0,0.11048999999729858,175.5727959999831,True,5;7;17;32;45,0;2;5;17;39;43;45,False,
topk_as,nq_101,0.3333333333333333,0.6,0.8047276893621312,0.19527231063786876,0.0,0.7499999999999999,0.10063599995646655,233.3128550000083,True,0;1;2;32;40,1;2;13;23;24;26;31;40;45,False,
topk_as,nq_102,0.42857142857142855,0.6,0.7919874835084297,0.20801251649157027,1.0,1.0,0.10646999999153195,172.60967599997912,True,0;2;6;21;44,0;2;6;16;17;26;29,False,
topk_as,nq_103,1.0,0.2,0.8375558032505019,0.16244419674949806,0.0,0.0,0.11076099997353595,212.21895200005747,True,0;4;10;19;27,10,False,
topk_as,nq_104,1.0,0.2,0.9210335850745244,0.07896641492547563,0.0,0.6666666666666665,0.11624300009316357,256.6660769999771,True,1;12;20;21;40,1,False,
topk_as,nq_105,0.125,1.0,0.8114993948521869,0.18850060514781308,0.0,0.6666666666666666,0.10769599998639023,264.44761699997343,True,14;30;32;35;48,0;1;2;3;4;5;6;7;8;12;13;14;15;16;17;18;19;20;22;23;25;26;27;28;29;30;32;35;36;37;38;40;41;42;44;45;46;47;48;49,False,
topk_as,nq_106,,0.0,0.7688059856294476,0.23119401437055243,0.0,0.0,0.10077100000671635,194.60646899995027,False,9;14;19;34;46,,False,
topk_as,nq_107,,0.0,0.8576747965199193,0.1423252034800807,0.0,0.0,0.09870399992450984,275.3919759999235,False,0;1;2;5;8,,False,
topk_as,nq_108,0.25,0.6,0.8449188994420638,0.15508110055793622,1.0,1.0,0.09920699994836468,172.19928399993023,True,2;3;36;47;48,2;3;5;6;12;14;24;29;36;40;42;43,False,
topk_as,nq_109,,0.0,0.7176035754780792,0.2823964245219208,0.0,0.0,0.09828999998262589,192.94319200002974,False,8;23;32;39;47,,False,
topk_as,nq_110,,0.0,0.783424236536374,0.21657576346362595,0.0,0.28571428571428575,0.2045379999344732,356.5306310000551,False,4;5;9;17;46,,False,
topk_as,nq_111,,0.0,0.8960536862526371,0.10394631374736285,0.0,0.0,0.11657400000331108,213.52139599991915,False,0;16;26;27;45,,False,
topk_as,nq_112,0.25,1.0,0.8846197498289857,0.11538025017101428,0.0,0.5,0.13275999992856669,234.95235600000797,True,1;2;9;17;33,0;1;2;3;4;5;6;7;8;9;13;15;17;24;26;29;33;38;44;49,False,
topk_as,nq_113,0.75,0.6,0.7977972357016758,0.20220276429832418,0.0,0.4,0.11093199998413183,274.1448159999891,True,0;1;4;6;43,0;1;6;40,False,
topk_as,nq_114,1.0,0.2,0.8434680062672809,0.1565319937327191,0.0,0.28571428571428575,0.10366399999384157,249.26253900002848,True,13;19;23;30;37,37,False,
topk_as,nq_115,1.0,0.4,0.8093490566873001,0.19065094331269994,1.0,1.0,0.11391400005322794,212.47418099994775,True,0;7;20;41;43,0;7,False,
topk_as,nq_116,0.22727272727272727,1.0,0.9464443923215111,0.05355560767848888,0.0,0.6666666666666666,0.10263600006510387,172.91785300005813,True,0;1;2;5;8,0;1;2;3;5;8;10;12;13;23;26;27;28;29;31;33;37;39;41;42;44;47,False,
topk_as,nq_117,1.0,0.4,0.896713270978782,0.10328672902121805,0.0,0.0,0.11241400000017165,173.7737759999618,True,3;4;10;20;49,3;4,False,
topk_as,nq_118,,0.0,0.7283334528893339,0.27166654711066607,0.0,0.0,0.09984700000131852,396.4154810000764,False,4;6;17;29;45,,False,
topk_as,nq_119,0.2,0.2,0.9068188569676234,0.09318114303237657,1.0,1.0,0.23014900000362104,192.313850000005,True,5;7;10;11;22,0;8;11;15;19,False,
topk_as,nq_120,0.75,0.6,0.7968275709570267,0.20317242904297328,1.0,1.0,0.11310099989714217,194.15226500007066,True,0;4;5;16;21,0;2;4;5,False,
topk_as,nq_121,0.23076923076923078,0.6,0.8018661542328944,0.19813384576710558,0.0,0.5714285714285715,0.11066499996559287,275.94070700001794,True,7;10;29;34;40,0;7;10;12;17;18;26;28;29;45;46;48;49,False,
topk_as,nq_122,,0.0,0.8633568928044209,0.13664310719557915,0.0,0.6666666666666666,0.10417999999390304,213.9924460000202,False,1;2;4;12;15,,False,
topk_as,nq_123,0.6666666666666666,0.8,0.8398899255657062,0.16011007443429381,0.0,0.8571428571428571,0.09967300002244883,253.94983700005014,True,1;2;4;7;41,1;2;4;6;7;12,False,
topk_as,nq_124,1.0,0.2,0.7539301704604086,0.24606982953959144,1.0,1.0,0.09626700000353594,192.03355899992403,True,0;3;4;31;42,4,False,
topk_as,nq_125,0.3333333333333333,0.8,0.9008238566901084,0.09917614330989155,0.0,0.6666666666666666,0.12094500004877773,173.49520700008725,True,0;1;4;10;11,0;1;2;4;5;6;7;8;10;21;40;47,False,
topk_as,nq_126,0.6666666666666666,0.4,0.689030936941825,0.31096906305817495,1.0,1.0,0.10049200000139535,153.57409199998528,True,1;4;7;11;13,0;1;4,False,
topk_as,nq_127,1.0,0.8,0.8462861851883876,0.1537138148116124,1.0,1.0,0.10271700000430428,151.02614800002812,True,0;1;3;7;10,0;1;3;7,False,
topk_as,nq_128,0.5,0.8,0.8858979607425219,0.11410203925747808,1.0,1.0,0.10260900000957918,172.7292599999828,True,0;4;10;15;33,0;4;9;15;28;33;35;44,False,
topk_as,nq_129,0.3333333333333333,0.6,0.7995135293357066,0.20048647066429337,1.0,1.0,0.10239699997782736,213.13937100001112,True,0;10;28;29;33,0;1;5;6;9;10;33;37;48,False,
topk_as,nq_130,,0.0,0.816334345520449,0.18366565447955097,0.0,0.0,0.09998899997754052,192.7441299999373,False,4;12;13;26;29,,False,
topk_as,nq_131,0.14285714285714285,0.2,0.8800038128866836,0.11999618711331639,0.0,0.0,0.21812800002862787,254.06212399991546,True,4;5;24;34;41,0;4;15;20;23;43;46,False,
topk_as,nq_132,0.0,0.0,0.8492753708075277,0.15072462919247231,0.0,0.0,0.22802499995577818,194.73997900001905,True,0;1;5;6;20,9;18;19;28,False,
topk_as,nq_133,0.2,0.2,0.8624446857520546,0.13755531424794543,0.0,0.3333333333333333,0.10636199999680684,214.0325530000382,True,1;22;26;28;47,2;5;9;31;47,False,
topk_as,nq_134,0.5,0.4,0.8250622533998406,0.17493774660015937,0.0,0.0,0.10592000000997359,133.0545969999548,True,1;3;6;19;32,0;3;5;6,False,
topk_as,nq_135,0.0,0.0,0.6389181590582893,0.3610818409417107,0.0,0.0,0.10154500000680855,193.48492500000702,True,4;27;32;43;47,0;20;28;38,False,
topk_as,nq_136,1.0,0.2,0.6771538637537351,0.3228461362462649,0.0,0.5714285714285715,0.10127699999884499,375.43400499998825,True,3;18;19;21;22,21,False,
topk_as,nq_137,1.0,0.4,0.7882257194483644,0.2117742805516356,0.0,0.5,0.10480999992523721,416.0027789999958,True,0;3;4;8;34,0;3,False,
topk_as,nq_138,,0.0,0.8073466658349734,0.1926533341650266,0.0,0.0,0.10269699998843862,276.43114199997854,False,5;18;25;37;39,,False,
topk_as,nq_139,,0.0,0.7004407460535695,0.29955925394643046,0.0,0.0,0.1170330000377362,314.7916080000641,False,0;3;5;6;27,,False,
topk_as,nq_140,1.0,0.4,0.8715623286380101,0.1284376713619899,1.0,1.0,0.1051130000178091,233.68282000001273,True,1;6;7;16;21,1;6,False,
topk_as,nq_141,0.15625,1.0,0.8469424092156383,0.15305759078436165,0.0,0.0,0.10752399998636974,191.89079300008416,True,14;24;33;35;45,2;3;5;7;11;13;14;16;18;19;20;21;22;23;24;25;26;29;30;31;32;33;34;35;36;37;39;44;45;46;47;48,False,
topk_as,nq_142,0.125,1.0,0.8491524205466202,0.1508475794533798,0.0,0.0,0.10338399999909598,274.6291679999331,True,4;6;10;37;41,0;1;2;3;4;5;6;7;8;9;10;11;12;13;14;15;16;17;18;19;20;21;22;23;24;25;26;28;30;31;36;37;39;41;42;43;44;45;47;49,False,
topk_as,nq_143,0.6666666666666666,0.4,0.789988918050742,0.210011081949258,1.0,1.0,0.11033500004486996,255.4822710000053,True,8;15;26;45;47,6;26;47,False,
topk_as,nq_144,0.23809523809523808,1.0,0.9183819274778976,0.0816180725221024,0.0,0.8,0.10246700003335718,193.1377619999921,True,4;11;12;22;28,0;1;3;4;5;6;8;11;12;20;21;22;28;29;36;39;40;41;43;45;48,False,
topk_as,nq_145,0.0,0.0,0.8801306528060067,0.11986934719399334,0.0,0.5714285714285715,0.11070699997617339,334.89304600004743,True,1;2;18;25;33,8,False,
topk_as,nq_146,0.5714285714285714,0.8,0.910151780322869,0.08984821967713097,1.0,1.0,0.10912800007645274,215.33704799992393,True,2;3;9;14;22,2;6;8;9;14;22;33,False,
topk_as,nq_147,0.8,0.8,0.7848343231225374,0.21516567687746257,1.0,1.0,0.10556000006545219,274.1914089999682,True,0;6;11;16;40,0;6;8;11;40,False,
topk_as,nq_148,0.6666666666666666,0.8,0.888906527348183,0.11109347265181702,0.0,0.5714285714285715,0.10530700001254445,273.2923659999642,True,0;1;6;11;22,0;1;4;6;17;22,False,
topk_as,nq_149,1.0,0.4,0.8490293243660301,0.15097067563396993,0.0,0.28571428571428575,0.11199599998690246,293.6044939999647,True,2;4;6;12;38,2;4,False,
topk_as,nq_150,,0.0,0.8619167808384607,0.13808321916153932,0.0,0.0,0.09697699999833276,232.72958300003665,False,2;8;31;36;37,,False,
topk_as,nq_151,0.3333333333333333,0.4,0.8791730666282416,0.12082693337175843,0.0,0.5,0.10235800004920748,252.716411999927,True,0;1;4;10;22,4;6;18;22;28;38,False,
topk_as,nq_152,1.0,0.4,0.8571879021623257,0.14281209783767435,0.0,0.8,0.10492000001249835,193.0620099999487,True,0;1;2;6;20,0;1,False,
topk_as,nq_153,0.3333333333333333,0.2,0.714457457785393,0.28554254221460695,1.0,1.0,0.11255100002927065,191.50995900008638,True,2;11;12;30;46,0;1;46,False,
topk_as,nq_154,,0.0,0.9103907119541519,0.08960928804584811,0.0,0.0,0.1086299999997209,232.8203659999417,False,0;2;9;10;42,,False,
topk_as,nq_155,,0.0,0.7211094149312824,0.27889058506871756,0.0,0.0,0.10388199996214098,211.64935000001606,False,17;18;22;33;42,,False,
topk_as,nq_156,0.1875,0.6,0.8825600566606789,0.11743994333932106,0.0,0.6666666666666666,0.09588300008545048,191.8258410000817,True,1;3;7;9;16,0;3;4;5;6;7;8;14;16;17;24;27;39;42;43;49,False,
topk_as,nq_157,1.0,0.6,0.7727960271246715,0.22720397287532845,0.0,0.5,0.09412999997948646,192.94767700000648,True,0;1;5;31;49,0;1;49,False,
topk_as,nq_158,,0.0,0.721576047372319,0.27842395262768105,0.0,0.0,0.11421099998187856,254.24408399999265,False,0;7;14;22;25,,False,
topk_as,nq_159,0.5,0.2,0.740987556872493,0.25901244312750704,0.0,0.0,0.10123100003056607,172.18522799998937,True,15;25;27;32;40,32;49,False,
topk_as,nq_160,1.0,0.2,0.8016011845955469,0.19839881540445314,0.0,0.0,0.10258700001486432,234.47018600006686,True,4;5;12;21;48,4,False,
topk_as,nq_161,0.2,0.2,0.8438913161534384,0.15610868384656162,0.0,0.0,0.10976700002629514,233.55209499993634,True,2;6;9;20;27,2;12;21;25;32,False,
topk_as,nq_162,1.0,0.8,0.7827820481251692,0.21721795187483084,1.0,1.0,0.10996699995757808,234.73004400000264,True,1;4;6;17;46,1;4;17;46,False,
topk_as,nq_163,,0.0,0.7769254736244452,0.2230745263755548,0.0,0.8,0.10371099995154509,192.02506099998118,False,1;2;4;15;20,,False,
topk_as,nq_164,1.0,0.4,0.7947461753247801,0.2052538246752199,0.0,0.0,0.10341699999116827,254.90651099994466,True,4;11;32;40;49,4;32,False,
topk_as,nq_165,0.5,0.4,0.8440211278840669,0.1559788721159331,1.0,1.0,0.11141400000269641,214.41912099999172,True,3;11;12;17;31,0;3;5;12,False,
topk_as,nq_166,1.0,0.6,0.8759060051441709,0.12409399485582906,1.0,1.0,0.10734800002865086,277.03915600000073,True,0;1;2;4;12,0;1;2,False,
topk_as,nq_167,0.6666666666666666,0.4,0.8579604624637376,0.14203953753626242,1.0,1.0,0.1079890000710293,211.23487499994553,True,2;4;18;24;26,4;5;24,False,
topk_as,nq_168,0.2,0.2,0.811975466054936,0.18802453394506402,0.0,0.3333333333333333,0.10307299999112729,275.54026600000725,True,4;5;14;21;31,0;4;17;19;39,False,
topk_as,nq_169,0.11764705882352941,0.4,0.8977439860016153,0.10225601399838469,0.0,0.0,0.10363500007315452,171.14860599997428,True,9;10;22;44;48,0;1;4;6;8;15;17;18;19;20;22;25;31;33;41;44;46,False,
topk_as,nq_170,0.16666666666666666,0.2,0.8897376750688764,0.11026232493112365,0.0,0.4,0.23771400003624876,254.12812299998677,True,0;2;4;7;12,0;1;5;8;21;45,False,
topk_as,nq_171,0.5,0.8,0.9020113315608984,0.09798866843910159,0.0,0.6666666666666666,0.11205700002392405,273.5486320000291,True,2;24;27;32;42,2;4;6;15;24;32;42;44,False,
topk_as,nq_172,,0.0,0.6759015285100073,0.3240984714899927,0.0,0.0,0.1040570000441221,172.9867720000584,False,5;8;46;47;49,,False,
topk_as,nq_173,1.0,0.4,0.8904616751255251,0.1095383248744749,1.0,1.0,0.10147500006496557,175.40974300004564,True,0;1;2;3;29,0;1,False,
topk_as,nq_174,0.4444444444444444,0.8,0.8382355258005919,0.1617644741994081,1.0,1.0,0.10125500000413012,256.2703349999538,True,0;2;6;10;12,0;2;6;8;9;12;17;28;45,False,
topk_as,nq_175,0.4166666666666667,1.0,0.8605591613918072,0.13944083860819279,0.0,0.6,0.10352300000704417,395.3996670001061,True,0;1;2;4;8,0;1;2;3;4;5;6;8;17;22;23;44,False,
topk_as,nq_176,,0.0,0.8330938602966157,0.1669061397033843,0.0,0.0,0.10254800008624443,315.6633730000067,False,0;2;5;6;8,,False,
topk_as,nq_177,0.07692307692307693,0.2,0.8052295703215107,0.19477042967848934,0.0,0.0,0.09833499996148021,252.3135970000112,True,2;8;12;15;36,5;7;12;13;18;20;21;31;34;37;39;43;47,False,
topk_as,nq_178,0.3333333333333333,0.6,0.8885995238465455,0.1114004761534545,0.0,0.4,0.21676599999409518,211.17068000000927,True,2;24;34;37;40,2;5;17;21;24;26;28;34;46,False,
topk_as,nq_179,,0.0,0.7177405613677103,0.28225943863228975,0.0,0.0,0.11325899993153143,232.2592519999489,False,2;3;20;23;29,,False,
topk_as,nq_180,0.75,0.6,0.8916826670281914,0.10831733297180857,0.0,0.6666666666666666,0.11401500000829401,355.513129999963,True,1;5;8;13;33,1;5;13;41,False,
topk_as,nq_181,1.0,0.4,0.7808408263231523,0.21915917367684767,1.0,1.0,0.11185099992871983,232.5164549999954,True,5;17;30;42;48,17;30,False,
topk_as,nq_182,,0.0,0.7730803396489941,0.22691966035100586,0.0,0.0,0.10379200000443234,173.29498300000523,False,6;7;27;35;45,,False,
topk_as,nq_183,0.0,0.0,0.679884442185327,0.32011555781467305,0.0,0.4,0.10561600004166394,254.57334999998693,True,17;21;24;38;43,12;27;29;49,False,
topk_as,nq_184,0.5,0.4,0.8289451448847498,0.1710548551152502,0.0,0.25,0.11087600000792008,235.63654600002337,True,0;2;15;28;36,0;2;4;9,False,
topk_as,nq_185,,0.0,0.7388247614485597,0.2611752385514403,0.0,0.0,0.09964599996692414,295.48872800000936,False,20;29;37;43;48,,False,
topk_as,nq_186,0.45454545454545453,1.0,0.870760978832607,0.12923902116739305,1.0,1.0,0.10911399999713467,194.00014099994678,True,2;7;13;22;38,0;2;6;7;13;15;18;22;34;38;49,False,
topk_as,nq_187,0.3333333333333333,0.2,0.8090706173496229,0.19092938265037707,1.0,1.0,0.14503800002785283,213.35927299992363,True,0;2;9;12;18,0;5;17,False,
topk_as,nq_188,1.0,0.2,0.70747476651404,0.29252523348596005,1.0,1.0,0.10849800003143173,215.49582499994813,True,16;25;31;33;40,40,False,
topk_as,nq_189,,0.0,0.7425523977141765,0.25744760228582353,0.0,0.0,0.11574999996355473,235.28215400006047,False,0;1;2;3;40,,False,
topk_as,nq_190,0.75,0.6,0.8298663797050783,0.17013362029492174,1.0,1.0,0.1125019999790311,194.482966999999,True,0;3;15;19;41,0;3;15;17,False,
topk_as,nq_191,0.5555555555555556,1.0,0.8975705603313875,0.10242943966861251,1.0,1.0,0.10759399992821272,235.16187400002764,True,0;2;6;9;36,0;2;6;8;9;30;35;36;47,False,
topk_as,nq_192,1.0,0.6,0.8524286981536701,0.14757130184632994,0.0,0.0,0.10431999999127584,276.22606800002814,True,0;3;6;11;22,3;11;22,False,
topk_as,nq_193,,0.0,0.8316650553538709,0.16833494464612908,0.0,0.20000000000000004,0.09986000009121199,297.1839419999469,False,5;8;25;29;41,,False,
topk_as,nq_194,1.0,0.6,0.7357130081483589,0.26428699185164106,1.0,1.0,0.10970699997869815,281.40201099995465,True,0;1;19;30;40,0;1;19,False,
topk_as,nq_195,,0.0,0.9486185379596741,0.0513814620403259,0.0,0.0,0.12222400005157397,294.9708419999979,False,3;8;10;22;40,,False,
topk_as,nq_196,0.2857142857142857,0.8,0.7703895960752085,0.22961040392479148,0.0,0.4444444444444445,0.09847100000115461,684.8412830000825,True,0;11;12;16;46,0;1;5;6;10;12;15;16;22;26;37;38;45;46,False,
topk_as,nq_197,1.0,0.2,0.8861587196731264,0.11384128032687357,0.0,0.7499999999999999,0.11932600000363891,194.2543589999559,True,1;3;4;12;41,1,False,
topk_as,nq_198,0.35714285714285715,1.0,0.8340737711705757,0.16592622882942432,0.0,0.0,0.10023499999078922,212.4723700000004,True,4;20;21;37;45,0;1;4;5;11;12;15;16;18;20;21;37;45;48,False,
topk_as,nq_199,0.625,1.0,0.9080339424455097,0.09196605755449028,1.0,1.0,0.10153200003060192,213.75620900005288,True,1;7;9;16;17,1;7;9;11;16;17;19;45,False,
mmr_as,nq_0,0.5,0.4,0.8541128623045979,0.14588713769540207,0.0,0.8571428571428571,4.284266000013304,468.9711769999576,True,0;1;25;32;37,0;1;4;38,False,
mmr_as,nq_1,0.5,0.6,0.7357346641611191,0.2642653358388809,0.0,0.5714285714285715,1.017971999999645,258.12293699993916,True,0;7;30;43;48,0;1;7;9;14;30,False,
mmr_as,nq_2,0.23076923076923078,0.6,0.7073026824592535,0.29269731754074646,1.0,1.0,0.9711480000760275,172.87253500001043,True,0;1;32;40;47,0;1;6;7;16;19;22;23;32;33;35;38;45,False,
mmr_as,nq_3,0.625,1.0,0.9206778542074365,0.07932214579256347,0.0,0.0,0.8513679999850865,276.8625169999268,True,24;29;37;45;49,4;6;24;29;37;45;47;49,False,
mmr_as,nq_4,0.3,0.6,0.8652634822778797,0.13473651772212025,1.0,1.0,0.9324949999154342,173.56618999997409,True,0;10;26;29;40,0;3;7;16;24;26;27;33;40;47,False,
mmr_as,nq_5,0.0,0.0,0.8888063393982742,0.11119366060172575,0.0,0.0,0.9278050000602889,233.43330199998036,True,0;5;8;10;21,19;44,False,
mmr_as,nq_6,0.0,0.0,0.9058967500802556,0.09410324991974439,0.0,0.0,0.8841559999837045,255.40657999999894,True,0;3;5;11;12,9;33,False,
mmr_as,nq_7,,0.0,0.9030805196519799,0.09691948034802012,0.0,0.6666666666666666,0.8878209999920728,194.73614300000008,False,4;9;34;42;49,,False,
mmr_as,nq_8,,0.0,0.5902911232589947,0.4097088767410053,0.0,0.28571428571428575,0.9115010000186885,235.179879000043,False,1;7;30;38;44,,False,
mmr_as,nq_9,,0.0,0.8074523201595352,0.19254767984046484,0.0,0.5,0.7835720000457513,179.1617919999453,False,15;19;34;43;48,,False,
mmr_as,nq_10,0.2857142857142857,0.8,0.7949576893064805,0.20504231069351952,1.0,1.0,0.7861120000143274,193.23534299996936,True,5;8;11;42;46,0;1;2;3;5;8;9;11;14;17;23;36;39;42,False,
mmr_as,nq_11,1.0,0.8,0.8281666997146235,0.17183330028537647,1.0,1.0,0.8527059999323683,213.64887499998986,True,0;3;7;14;37,3;7;14;37,False,
mmr_as,nq_12,0.6666666666666666,0.4,0.8348104558803848,0.16518954411961517,0.0,0.0,0.8884620000344512,316.99945599996227,True,0;1;14;18;21,0;1;41,False,
mmr_as,nq_13,0.7142857142857143,1.0,0.8796021870085655,0.12039781299143448,1.0,1.0,0.7713879999755591,192.4459269999943,True,0;1;4;5;16,0;1;3;4;5;16;31,False,
mmr_as,nq_14,0.4,0.4,0.7685981967762856,0.2314018032237144,0.0,0.5714285714285715,0.8200909999231953,296.38090499997816,True,0;10;11;31;45,0;1;2;9;11,False,
mmr_as,nq_15,,0.0,0.6952022496850265,0.30479775031497347,0.0,0.0,0.8892199999763761,215.60954699998547,False,15;18;36;46;49,,False,
mmr_as,nq_16,0.5,0.2,0.8618908111389179,0.13810918886108214,0.0,0.7499999999999999,0.8702890000904517,232.96824400006244,True,5;7;27;42;43,4;27,False,
mmr_as,nq_17,0.2,0.2,0.8234791843263715,0.17652081567362854,1.0,1.0,0.9461969999620123,191.97085300004346,True,1;13;20;22;29,8;12;22;27;28,False,
mmr_as,nq_18,0.05263157894736842,0.2,0.8263849941803084,0.17361500581969158,0.0,0.0,0.8240770000611519,215.31018400003177,True,0;3;18;34;41,0;1;2;4;5;6;7;10;16;17;20;22;25;27;33;36;37;43;49,False,
mmr_as,nq_19,0.2,1.0,0.7832095675627189,0.21679043243728113,0.0,0.0,0.9056359999704,194.50624499995683,True,0;9;11;18;27,0;1;2;3;4;5;6;8;9;11;12;13;15;17;18;21;23;27;31;32;36;43;45;47;49,False,
mmr_as,nq_20,0.5,0.4,0.7984669162265696,0.20153308377343038,0.0,0.0,0.8590559999674952,256.7271120000214,True,0;6;9;42;44,0;21;42;48,False,
mmr_as,nq_21,0.75,0.6,0.6585921659525678,0.34140783404743225,0.0,0.33333333333333337,0.6935730000350304,296.05949599999803,True,0;1;3;37;48,0;1;3;16,False,
mmr_as,nq_22,0.3333333333333333,0.8,0.843627516521505,0.15637248347849497,0.0,0.6666666666666666,0.7837470000140456,172.27701400008755,True,0;1;3;5;26,0;3;5;12;17;22;24;26;28;31;34;48,False,
mmr_as,nq_23,0.75,0.6,0.8251881144429758,0.1748118855570242,1.0,1.0,0.7862219999879017,172.25480699994478,True,5;7;8;33;34,5;8;31;33,False,
mmr_as,nq_24,1.0,0.8,0.9102010331457286,0.08979896685427136,1.0,1.0,0.9441009999591188,197.30274699998063,True,0;1;2;4;7,0;2;4;7,False,
mmr_as,nq_25,0.25,0.6,0.7888285157577745,0.21117148424222554,0.0,0.5,1.0243899999977657,218.24841800003014,True,7;15;19;43;46,0;3;5;15;19;24;34;37;41;42;43;45,False,
mmr_as,nq_26,,0.0,0.6727415658000853,0.32725843419991474,0.0,0.0,1.0777269999380223,237.010295999994,False,8;23;29;45;46,,False,
mmr_as,nq_27,1.0,0.2,0.6235679464936871,0.3764320535063129,0.0,0.8,0.7633170000644895,283.1757149999703,True,0;2;29;31;38,0,False,
mmr_as,nq_28,0.35714285714285715,1.0,0.84806005824649,0.15193994175351,0.0,0.6666666666666666,0.9571770000320612,196.84785999993437,True,0;14;31;35;40,0;1;3;11;14;15;18;25;28;31;32;35;40;45,False,
mmr_as,nq_29,0.5,0.2,0.8546793899849771,0.14532061001502294,0.0,1.0,1.0393170000497776,263.51496600000246,True,2;4;9;10;22,1;2,False,
mmr_as,nq_30,0.5,0.8,0.8532694256501344,0.14673057434986558,1.0,1.0,0.892472000032285,281.2405579999222,True,0;1;25;27;45,0;1;3;6;10;25;27;29,False,
mmr_as,nq_31,1.0,0.2,0.8118790882970668,0.1881209117029332,1.0,1.0,0.8574010000756971,172.65348600005836,True,0;3;5;6;44,0,False,
mmr_as,nq_32,,0.0,0.8175296329548765,0.18247036704512354,0.0,0.5,0.7675140000173997,186.3392919999569,False,3;5;10;15;32,,False,
mmr_as,nq_33,0.0,0.0,0.601999529485259,0.39800047051474097,0.0,0.8,0.7918510000308743,214.57495499998913,True,5;24;28;31;39,0;6,False,
mmr_as,nq_34,0.6,0.6,0.8358643250517019,0.16413567494829806,0.0,0.0,0.8682410000346863,275.0371399999949,True,2;4;5;8;31,1;4;8;13;31,False,
mmr_as,nq_35,1.0,0.6,0.900795916497173,0.09920408350282695,1.0,1.0,0.8239190000267627,261.37579099997765,True,3;5;6;11;15,3;5;6,False,
mmr_as,nq_36,0.0,0.0,0.8117528494934467,0.18824715050655327,0.0,0.0,0.8055409999769836,215.36670200009667,True,3;8;9;20;31,5;7,False,
mmr_as,nq_37,0.75,0.6,0.7393257980810525,0.2606742019189475,1.0,1.0,0.9071179999864398,255.71766999996726,True,0;3;17;30;33,0;3;23;30,False,
mmr_as,nq_38,0.2777777777777778,1.0,0.8587860043478145,0.1412139956521855,0.0,0.8,0.8559850000438018,349.6072579999918,True,0;5;6;8;11,0;1;2;3;4;5;6;7;8;11;17;19;25;26;31;33;45;47,False,
mmr_as,nq_39,0.0,0.0,0.867129358416509,0.13287064158349104,0.0,0.0,0.8689439999898241,156.74644400007764,True,0;1;13;27;41,2;3;4;6;8;10;11;15;16;19;23;33;38;40;43;44;45;47,False,
mmr_as,nq_40,,0.0,0.8863373361045189,0.11366266389548108,0.0,0.0,0.8828640000047017,453.41913800007205,False,1;6;13;30;34,,False,
mmr_as,nq_41,,0.0,0.8370735235087217,0.16292647649127834,0.0,0.0,0.8830019999095384,263.2039080000368,False,8;17;31;38;43,,False,
mmr_as,nq_42,0.75,0.6,0.8090624904723966,0.19093750952760336,1.0,1.0,1.0256790000084948,197.051755000075,True,0;13;14;17;21,0;14;21;29,False,
mmr_as,nq_43,,0.0,0.6736776737696115,0.3263223262303885,0.0,0.0,0.8186610000393557,196.8600669999887,False,18;21;34;35;36,,False,
mmr_as,nq_44,0.0,0.0,0.8984311914956351,0.1015688085043649,0.0,0.0,0.9091219999390887,218.69973600007597,True,0;3;5;25;44,47,False,
mmr_as,nq_45,0.11904761904761904,1.0,0.8460478246279063,0.1539521753720937,0.0,0.4,0.9029620000546856,260.05831200006924,True,4;11;16;35;40,0;1;2;3;4;5;6;7;8;10;11;13;14;15;16;17;19;20;23;24;25;26;27;28;29;30;31;32;33;35;36;37;39;40;41;43;44;45;46;47;48;49,False,
mmr_as,nq_46,0.3333333333333333,0.2,0.8670275400222891,0.1329724599777109,0.0,0.22222222222222224,0.8905700000241268,283.0312559999584,True,10;12;19;20;22,8;9;12,False,
mmr_as,nq_47,0.25,0.4,0.8723644402056745,0.1276355597943255,0.0,0.0,1.0029940000322313,279.0021750000733,True,2;16;19;29;36,2;6;9;22;36;38;40;43,False,
mmr_as,nq_48,0.2727272727272727,0.6,0.8434577214043735,0.15654227859562653,0.0,0.0,0.9330649999128582,263.04799199999707,True,0;1;2;3;34,0;1;2;4;6;7;9;16;18;41;47,False,
mmr_as,nq_49,0.0,0.0,0.8376098351029315,0.16239016489706848,0.0,0.5,0.8515030000353363,216.5441820000069,True,1;6;35;36;41,10;21;45,False,
mmr_as,nq_50,,0.0,0.813250396861747,0.18674960313825295,0.0,0.28571428571428575,0.9369219999371126,194.8730719999503,False,1;3;12;17;28,,False,
mmr_as,nq_51,0.09523809523809523,0.4,0.8417895760075063,0.15821042399249374,1.0,1.0,0.7948229999783507,172.12776500002747,True,31;34;42;43;49,2;3;4;5;6;15;17;19;20;21;22;25;26;28;29;37;38;40;42;43;45,False,
mmr_as,nq_52,,0.0,0.6584023932835315,0.34159760671646855,0.0,0.0,0.8019109999395369,173.6601459999747,False,11;23;26;39;47,,False,
mmr_as,nq_53,0.058823529411764705,0.2,0.6656111242624461,0.33438887573755394,0.0,0.5,0.7862790000672248,240.70150499994725,True,16;17;38;44;48,0;3;4;7;9;11;13;14;22;28;34;37;41;43;44;45;46,False,
mmr_as,nq_54,0.4,0.4,0.8586250293275011,0.14137497067249893,0.0,0.0,0.9945470000047862,219.9927149999894,True,1;2;21;22;42,1;13;34;42;47,False,
mmr_as,nq_55,0.3333333333333333,0.4,0.810779937283544,0.18922006271645597,1.0,1.0,0.7975219999707406,217.304757000079,True,3;10;15;27;46,3;13;15;18;26;37,False,
mmr_as,nq_56,,0.0,0.7758025015688833,0.2241974984311167,0.0,0.0,0.8775670000886748,177.03274099994815,False,0;12;36;40;48,,False,
mmr_as,nq_57,0.6666666666666666,0.8,0.8763986541559958,0.12360134584400417,1.0,1.0,0.9712749999835069,175.71174700003667,True,0;1;2;5;6,0;1;2;4;5;38,False,
mmr_as,nq_58,,0.0,0.6061683119352612,0.3938316880647388,0.0,0.0,0.8115870000438008,260.4856320000408,False,0;1;29;38;45,,False,
mmr_as,nq_59,,0.0,0.6484230710338081,0.35157692896619186,0.0,0.28571428571428575,0.9745629999997618,240.20037600007527,False,4;21;32;33;35,,False,
mmr_as,nq_60,0.36363636363636365,0.8,0.7980892725757036,0.2019107274242964,0.0,0.5,0.8083819999455955,238.58879399995203,True,1;3;17;30;35,1;3;4;5;6;17;18;22;28;35;37,False,
mmr_as,nq_61,0.625,1.0,0.7823651760511299,0.21763482394887013,0.0,0.6666666666666666,0.8956269999771393,302.1461160000172,True,3;4;7;36;47,3;4;7;10;24;34;36;47,False,
mmr_as,nq_62,0.25,0.2,0.857893965044094,0.142106034955906,0.0,0.4,1.0317500000383006,179.68476099997588,True,4;6;9;11;14,2;11;19;20,False,
mmr_as,nq_63,0.3333333333333333,0.2,0.8693924960291743,0.13060750397082566,0.0,0.6666666666666666,0.7288339999149684,216.692013999932,True,0;4;11;12;15,0;18;49,False,
mmr_as,nq_64,0.2727272727272727,0.6,0.8371888670370181,0.16281113296298189,0.0,0.6666666666666666,0.9144680000190419,192.6851450000413,True,0;12;25;36;47,0;1;3;4;7;9;10;12;29;32;36,False,
mmr_as,nq_65,0.625,1.0,0.9032599662622462,0.09674003373775375,0.0,0.6666666666666666,0.7143650000216439,193.4609279999222,True,0;3;6;9;37,0;3;4;5;6;7;9;37,False,
mmr_as,nq_66,0.36363636363636365,0.8,0.8309820659179918,0.16901793408200816,1.0,1.0,0.7976189999681083,275.68405200008783,True,0;9;13;16;20,0;3;9;11;13;16;24;26;31;34;38,False,
mmr_as,nq_67,,0.0,0.7000849449073352,0.2999150550926648,1.0,1.0,0.8212789999788583,191.98921300005622,False,1;6;7;9;31,,False,
mmr_as,nq_68,0.0,0.0,0.8295969313161325,0.17040306868386745,0.0,0.5,0.7637230000909767,192.8747359999079,True,0;2;16;33;48,4;11,False,
mmr_as,nq_69,,0.0,0.6787632268143693,0.3212367731856307,0.0,0.0,0.8199310000236437,253.7134670000114,False,3;8;9;23;34,,False,
mmr_as,nq_70,0.0,0.0,0.7439220591915815,0.2560779408084185,0.0,0.0,0.8757949999562697,233.1024409999145,True,2;29;42;43;45,7;24,False,
mmr_as,nq_71,0.2222222222222222,0.4,0.8704958373298914,0.12950416267010856,0.0,0.6666666666666666,0.8103330000039932,193.54836599995906,True,2;23;29;31;39,0;3;5;12;14;18;22;23;29,False,
mmr_as,nq_72,0.375,0.6,0.689314424330411,0.310685575669589,0.0,0.6666666666666666,0.8008970000901172,234.5610920000354,True,0;1;27;31;43,0;1;2;3;4;11;14;43,False,
mmr_as,nq_73,1.0,0.6,0.7363225368997981,0.2636774631002019,1.0,1.0,0.8478949999926044,172.00950099993406,True,0;1;4;12;43,0;1;4,False,
mmr_as,nq_74,0.6666666666666666,0.4,0.8103143524869306,0.18968564751306938,0.0,0.5,0.89233299991065,253.53496599996106,True,4;9;11;40;47,9;40;41,False,
mmr_as,nq_75,1.0,0.8,0.7895018737987641,0.21049812620123587,1.0,1.0,0.7745179999574248,213.31963900001938,True,0;1;2;10;24,0;1;2;24,False,
mmr_as,nq_76,1.0,0.8,0.8914460782209618,0.10855392177903822,0.0,0.6666666666666666,0.7785029999922699,290.4072129999804,True,0;1;3;7;10,0;1;3;10,False,
mmr_as,nq_77,,0.0,0.5967713770919504,0.4032286229080496,0.0,0.5,0.9288190000233953,155.23622799992154,False,16;25;26;34;47,,False,
mmr_as,nq_78,0.4,0.4,0.8174135103336926,0.18258648966630742,1.0,1.0,0.882617999991453,275.4089610000392,True,0;13;23;28;38,0;16;19;25;28,False,
mmr_as,nq_79,0.5,0.4,0.8260598644210682,0.17394013557893184,0.0,0.6666666666666666,0.8864310000262776,315.69585600004757,True,0;1;9;21;45,0;1;2;37,False,
mmr_as,nq_80,0.625,1.0,0.8628615743697811,0.13713842563021894,1.0,1.0,0.8595170000944563,247.504923000065,True,0;4;8;13;14,0;2;3;4;7;8;13;14,False,
mmr_as,nq_81,0.0967741935483871,0.6,0.8540810978894016,0.14591890211059844,1.0,1.0,0.7894420000411628,153.33470600000965,True,0;2;8;14;32,0;1;2;3;4;5;7;8;9;10;11;12;13;15;18;23;25;26;27;28;29;31;33;35;36;37;39;41;43;45;47,False,
mmr_as,nq_82,0.3333333333333333,0.2,0.7994375719631821,0.2005624280368179,0.0,0.5,0.8656579999524183,173.48113100001683,True,3;12;18;26;27,3;5;35,False,
mmr_as,nq_83,,0.0,0.8088554754976748,0.19114452450232522,0.0,0.0,0.812810999946123,214.77382600005512,False,1;6;7;40;46,,False,
mmr_as,nq_84,0.0,0.0,0.7048573892267427,0.2951426107732573,0.0,0.0,0.8138010000493523,192.91357800000242,True,22;30;35;42;46,25,False,
mmr_as,nq_85,0.2,0.2,0.8338389629969738,0.1661610370030262,0.0,0.0,0.9009430000332941,213.15858499997375,True,4;7;18;35;37,1;3;8;37;39,False,
mmr_as,nq_86,0.2857142857142857,0.4,0.7056264494487732,0.2943735505512268,0.0,0.6666666666666666,0.7129430000532011,153.715148999936,True,0;11;17;32;39,0;12;14;16;31;35;39,False,
mmr_as,nq_87,0.6,0.6,0.7228630715577472,0.2771369284422528,1.0,1.0,0.907937999954811,259.12489900008495,True,0;1;4;47;49,0;1;4;12;30,False,
mmr_as,nq_88,0.6666666666666666,0.4,0.9009832539235971,0.09901674607640287,0.0,0.3333333333333333,0.8457719999341862,191.5708529999165,True,2;4;11;13;15,2;4;31,False,
mmr_as,nq_89,0.0,0.0,0.8466505197747967,0.15334948022520334,0.0,0.0,0.7936069999914253,152.42433000003075,True,6;20;27;30;35,14;22;23;25;40,False,
mmr_as,nq_90,0.6666666666666666,0.4,0.6720409069703914,0.3279590930296086,0.0,0.6666666666666666,0.82691500006149,218.95603200005098,True,0;3;12;17;40,0;10;17,False,
mmr_as,nq_91,,0.0,0.8141987434308404,0.18580125656915958,0.0,0.6666666666666666,0.9268259999544171,262.7355509999916,False,0;5;7;9;44,,False,
mmr_as,nq_92,,0.0,0.8083157425105212,0.19168425748947882,0.0,0.0,0.8735010000009424,222.22247900003822,False,0;6;8;20;35,,False,
mmr_as,nq_93,,0.0,0.6397730793955294,0.3602269206044706,0.0,0.3333333333333333,1.0305710000011459,220.17538300008255,False,0;21;28;31;42,,False,
mmr_as,nq_94,1.0,0.4,0.7936594530074729,0.20634054699252713,0.0,0.3333333333333333,0.8109300000569419,281.91980899998725,True,0;2;20;28;42,0;2,False,
mmr_as,nq_95,0.45454545454545453,1.0,0.9343623713911284,0.06563762860887157,0.0,0.0,0.8909219999395646,196.5543499999285,True,0;3;4;8;26,0;3;4;8;23;26;29;35;38;43;49,False,
mmr_as,nq_96,0.75,0.6,0.7895116276864481,0.21048837231355189,0.0,0.5,0.9326619999683317,304.0714339999795,True,1;7;10;25;36,0;1;25;36,False,
mmr_as,nq_97,0.3333333333333333,0.2,0.8266711425963689,0.17332885740363113,1.0,1.0,0.8932070001037573,196.9661210000595,True,25;29;35;47;49,8;13;47,False,
mmr_as,nq_98,0.16666666666666666,0.4,0.8988366876684456,0.1011633123315544,0.0,0.0,0.9042410000574819,368.9403629999788,True,0;2;8;47;48,0;1;7;10;11;18;24;25;26;28;36;48,False,
mmr_as,nq_99,1.0,0.4,0.8100432637592965,0.18995673624070353,0.0,0.4444444444444445,0.9328060000370897,263.0197909999197,True,0;4;5;7;19,0;4,False,
mmr_as,nq_100,0.42857142857142855,0.6,0.8360494764035818,0.16395052359641815,0.0,0.0,0.8886629999551587,198.34642399996483,True,5;7;17;32;45,0;2;5;17;39;43;45,False,
mmr_as,nq_101,0.3333333333333333,0.6,0.8047276893621312,0.19527231063786876,0.0,0.7499999999999999,0.8863450000262674,237.01768499995524,True,0;1;2;32;40,1;2;13;23;24;26;31;40;45,False,
mmr_as,nq_102,0.2857142857142857,0.4,0.7689874111483941,0.23101258885160592,1.0,1.0,0.8428669999602789,172.3757539999724,True,2;6;21;24;44,0;2;6;16;17;26;29,False,
mmr_as,nq_103,0.0,0.0,0.8007718339191431,0.19922816608085692,0.0,0.0,0.8445340000662327,218.39823799996338,True,0;4;19;27;39,10,False,
mmr_as,nq_104,1.0,0.2,0.8686048803550269,0.13139511964497308,0.0,0.6666666666666665,0.8921429999872998,261.3517500000171,True,1;20;21;29;40,1,False,
mmr_as,nq_105,0.125,1.0,0.8114993948521869,0.18850060514781308,0.0,0.4,0.9107360000371045,305.1574849999952,True,14;30;32;35;48,0;1;2;3;4;5;6;7;8;12;13;14;15;16;17;18;19;20;22;23;25;26;27;28;29;30;32;35;36;37;38;40;41;42;44;45;46;47;48;49,False,
mmr_as,nq_106,,0.0,0.7688059856294476,0.23119401437055243,0.0,0.0,1.0025489999634374,196.24316399995223,False,9;14;19;34;46,,False,
mmr_as,nq_107,,0.0,0.8576747965199193,0.1423252034800807,0.0,0.0,0.8221140000159721,283.41473900002256,False,0;1;2;5;8,,False,
mmr_as,nq_108,0.25,0.6,0.8449188994420638,0.15508110055793622,1.0,1.0,0.9085600000844352,174.75793100004466,True,2;3;36;47;48,2;3;5;6;12;14;24;29;36;40;42;43,False,
mmr_as,nq_109,,0.0,0.7176035754780792,0.2823964245219208,0.0,0.0,0.900159000025269,197.07958200001485,False,8;23;32;39;47,,False,
mmr_as,nq_110,,0.0,0.7834242365363743,0.21657576346362573,0.0,0.28571428571428575,0.8915590000242446,358.85844500000985,False,4;5;9;17;46,,False,
mmr_as,nq_111,,0.0,0.8960536862526371,0.10394631374736285,0.0,0.0,0.8538580000276852,213.6386650000759,False,0;16;26;27;45,,False,
mmr_as,nq_112,0.25,1.0,0.8454698279405172,0.15453017205948283,0.0,0.5,0.817784999981086,235.7524569999896,True,2;8;17;24;26,0;1;2;3;4;5;6;7;8;9;13;15;17;24;26;29;33;38;44;49,False,
mmr_as,nq_113,0.75,0.6,0.7558929537941731,0.2441070462058269,1.0,1.0,0.8477210000137347,152.96715799991034,True,0;1;4;6;41,0;1;6;40,False,
mmr_as,nq_114,1.0,0.2,0.8434680062672809,0.1565319937327191,0.0,0.28571428571428575,0.8697270000084245,235.1727509999364,True,13;19;23;30;37,37,False,
mmr_as,nq_115,0.5,0.2,0.6661133474549507,0.33388665254504934,1.0,1.0,0.8603600000469669,213.7979889999997,True,0;31;33;44;46,0;7,False,
mmr_as,nq_116,0.22727272727272727,1.0,0.9464443923215111,0.05355560767848888,0.0,0.6666666666666666,0.858572999959506,185.26342300003762,True,0;1;2;5;8,0;1;2;3;5;8;10;12;13;23;26;27;28;29;31;33;37;39;41;42;44;47,False,
mmr_as,nq_117,1.0,0.4,0.869998445524115,0.13000155447588502,0.0,0.0,0.8863219999284411,173.86799399992015,True,3;4;10;34;49,3;4,False,
mmr_as,nq_118,,0.0,0.7283334528893339,0.27166654711066607,0.0,0.0,0.8410879999019016,396.00939900003596,False,4;6;17;29;45,,False,
mmr_as,nq_119,0.2,0.2,0.9068188569676234,0.09318114303237657,1.0,1.0,0.9645090000276468,193.12618200001452,True,5;7;10;11;22,0;8;11;15;19,False,
mmr_as,nq_120,0.75,0.6,0.7968275709570267,0.20317242904297328,1.0,1.0,0.8481189998974514,198.34443500008092,True,0;4;5;16;21,0;2;4;5,False,
mmr_as,nq_121,0.23076923076923078,0.6,0.7586151175324318,0.24138488246756817,0.0,0.5714285714285715,1.0643569999047031,284.3956109999226,True,7;10;29;40;47,0;7;10;12;17;18;26;28;29;45;46;48;49,False,
mmr_as,nq_122,,0.0,0.8633568928044211,0.13664310719557893,0.0,0.6666666666666666,0.8793709999963539,215.8916280000085,False,1;2;4;12;15,,False,
mmr_as,nq_123,0.3333333333333333,0.4,0.7851761718873285,0.21482382811267153,1.0,1.0,0.9283279999863225,212.31532399997377,True,4;7;33;44;45,1;2;4;6;7;12,False,
mmr_as,nq_124,1.0,0.2,0.6947170638680114,0.30528293613198865,1.0,1.0,0.889181999923494,192.68625799998063,True,0;3;4;42;47,4,False,
mmr_as,nq_125,0.3333333333333333,0.8,0.9008238566901084,0.09917614330989155,0.0,0.6666666666666666,0.934614000016154,173.90654399991945,True,0;1;4;10;11,0;1;2;4;5;6;7;8;10;21;40;47,False,
mmr_as,nq_126,0.3333333333333333,0.2,0.6498175262797311,0.3501824737202689,1.0,1.0,0.8210940000026312,155.88507799998297,True,4;7;13;26;35,0;1;4,False,
mmr_as,nq_127,0.5,0.4,0.6875237374871569,0.3124762625128431,0.0,0.0,0.9448380000094403,392.21339100004116,True,0;1;26;39;40,0;1;3;7,False,
mmr_as,nq_128,0.5,0.8,0.8858979607425221,0.11410203925747786,1.0,1.0,0.88876799998161,178.600099999926,True,0;4;10;15;33,0;4;9;15;28;33;35;44,False,
mmr_as,nq_129,0.3333333333333333,0.6,0.7995135293357066,0.20048647066429337,1.0,1.0,0.9045159999914176,219.3146470000329,True,0;10;28;29;33,0;1;5;6;9;10;33;37;48,False,
mmr_as,nq_130,,0.0,0.816334345520449,0.18366565447955097,0.0,0.0,0.9236690000307135,198.16521100005957,False,4;12;13;26;29,,False,
mmr_as,nq_131,0.14285714285714285,0.2,0.8800038128866836,0.11999618711331639,0.0,0.0,1.0313779999933104,266.56507699999565,True,4;5;24;34;41,0;4;15;20;23;43;46,False,
mmr_as,nq_132,0.0,0.0,0.8492753708075277,0.15072462919247231,0.0,0.0,0.8306859999720473,347.94419199999993,True,0;1;5;6;20,9;18;19;28,False,
mmr_as,nq_133,0.2,0.2,0.8490006223518577,0.1509993776481423,0.0,0.3333333333333333,0.8623170000419123,216.03469400008635,True,1;22;26;35;47,2;5;9;31;47,False,
mmr_as,nq_134,0.5,0.4,0.8250622533998406,0.17493774660015937,0.0,0.0,0.860246999991432,134.34071899996525,True,1;3;6;19;32,0;3;5;6,False,
mmr_as,nq_135,0.0,0.0,0.6389181590582893,0.3610818409417107,0.0,0.0,0.8741650000274603,194.22269899996536,True,4;27;32;43;47,0;20;28;38,False,
mmr_as,nq_136,1.0,0.2,0.6071440621518296,0.3928559378481704,0.0,0.5714285714285715,0.819466000052671,378.1745260000662,True,18;19;21;22;30,21,False,
mmr_as,nq_137,0.5,0.2,0.7416505241352646,0.25834947586473545,0.0,0.2857142857142857,0.7974300000341827,708.8519839999208,True,0;4;8;40;41,0;3,False,
mmr_as,nq_138,,0.0,0.8073466658349734,0.1926533341650266,0.0,0.0,0.8422370000289447,282.73262699997304,False,5;18;25;37;39,,False,
mmr_as,nq_139,,0.0,0.6671210962282819,0.33287890377171814,0.0,0.0,0.8051610000165965,317.7061320000121,False,0;3;5;6;40,,False,
mmr_as,nq_140,1.0,0.4,0.8715623286380101,0.1284376713619899,1.0,1.0,0.8246129999633922,256.2572360000104,True,1;6;7;16;21,1;6,False,
mmr_as,nq_141,0.15625,1.0,0.8469424092156383,0.15305759078436165,0.0,0.0,0.827939999908267,193.60476700001072,True,14;24;33;35;45,2;3;5;7;11;13;14;16;18;19;20;21;22;23;24;25;26;29;30;31;32;33;34;35;36;37;39;44;45;46;47;48,False,
mmr_as,nq_142,0.125,1.0,0.8491524205466202,0.1508475794533798,0.0,0.0,0.8415319999812709,276.08178899993163,True,4;6;10;37;41,0;1;2;3;4;5;6;7;8;9;10;11;12;13;14;15;16;17;18;19;20;21;22;23;24;25;26;28;30;31;36;37;39;41;42;43;44;45;47;49,False,
mmr_as,nq_143,0.6666666666666666,0.4,0.7899889180507419,0.2100110819492581,1.0,1.0,0.8188900000050126,287.4182870000368,True,8;15;26;45;47,6;26;47,False,
mmr_as,nq_144,0.19047619047619047,0.8,0.8556489145662722,0.14435108543372777,0.0,0.8,0.9294520000366902,198.24286399989433,True,12;21;36;37;43,0;1;3;4;5;6;8;11;12;20;21;22;28;29;36;39;40;41;43;45;48,False,
mmr_as,nq_145,0.0,0.0,0.7764067389123263,0.22359326108767374,0.0,0.0,0.903240000070582,235.10769099993922,True,1;18;21;25;33,8,False,
mmr_as,nq_146,0.5714285714285714,0.8,0.8248666771032273,0.17513332289677275,1.0,1.0,0.7981840000184093,214.7441729999855,True,2;9;14;22;46,2;6;8;9;14;22;33,False,
mmr_as,nq_147,0.8,0.8,0.7848343231225374,0.21516567687746257,1.0,1.0,0.8405989999573649,275.78436099997816,True,0;6;11;16;40,0;6;8;11;40,False,
mmr_as,nq_148,0.6666666666666666,0.8,0.888906527348183,0.11109347265181702,0.0,0.5714285714285715,0.8039360000111628,276.0940030000256,True,0;1;6;11;22,0;1;4;6;17;22,False,
mmr_as,nq_149,1.0,0.4,0.8490293243660301,0.15097067563396993,0.0,0.28571428571428575,0.8503069999505897,296.8187640000224,True,2;4;6;12;38,2;4,False,
mmr_as,nq_150,,0.0,0.770842787880575,0.22915721211942497,0.0,0.0,0.8461279999210092,239.9612059999754,False,1;8;31;36;37,,False,
mmr_as,nq_151,0.3333333333333333,0.4,0.8791730666282416,0.12082693337175843,0.0,0.5,0.8226139999578663,255.26538099995832,True,0;1;4;10;22,4;6;18;22;28;38,False,
mmr_as,nq_152,1.0,0.4,0.8571879021623257,0.14281209783767435,0.0,0.8,0.7926460000362567,194.54029199994238,True,0;1;2;6;20,0;1,False,
mmr_as,nq_153,0.3333333333333333,0.2,0.714457457785393,0.28554254221460695,1.0,1.0,0.8097850000012841,191.81283600005372,True,2;11;12;30;46,0;1;46,False,
mmr_as,nq_154,,0.0,0.9103907119541519,0.08960928804584811,0.0,0.0,0.8122929999672124,232.70294799999647,False,0;2;9;10;42,,False,
mmr_as,nq_155,,0.0,0.7260197476600263,0.2739802523399737,0.0,0.0,0.7560020000028089,274.55095099992377,False,16;18;22;33;42,,False,
mmr_as,nq_156,0.1875,0.6,0.8825600566606789,0.11743994333932106,0.0,0.6666666666666666,0.7750240000632402,192.65652199999295,True,1;3;7;9;16,0;3;4;5;6;7;8;14;16;17;24;27;39;42;43;49,False,
mmr_as,nq_157,1.0,0.6,0.7334756663665919,0.2665243336334081,0.0,0.5,1.0045210000271254,219.3126579999216,True,0;1;31;43;49,0;1;49,False,
mmr_as,nq_158,,0.0,0.6838196693394162,0.3161803306605838,0.0,0.0,0.9110770000688717,264.0128689999983,False,7;14;22;25;40,,False,
mmr_as,nq_159,0.0,0.0,0.7145377569418242,0.2854622430581758,0.0,0.0,0.798947000021144,173.81938200003333,True,15;17;25;27;40,32;49,False,
mmr_as,nq_160,1.0,0.2,0.7518076664751785,0.2481923335248215,0.0,0.0,0.8714080000800095,235.25018600003023,True,4;5;12;25;48,4,False,
mmr_as,nq_161,0.2,0.2,0.7638582694655023,0.23614173053449772,0.0,0.22222222222222224,0.7398170000669779,272.96367799999643,True,2;31;33;36;44,2;12;21;25;32,False,
mmr_as,nq_162,1.0,0.8,0.7827820481251692,0.21721795187483084,1.0,1.0,0.7948239999677753,243.3748690000357,True,1;4;6;17;46,1;4;17;46,False,
mmr_as,nq_163,,0.0,0.6861305176305011,0.31386948236949885,0.0,0.8,0.9485219999305627,193.45564299999296,False,1;2;4;24;48,,False,
mmr_as,nq_164,1.0,0.4,0.7668622136092187,0.2331377863907813,0.0,0.0,0.8697670000401558,214.2317739999271,True,0;4;32;40;49,4;32,False,
mmr_as,nq_165,0.75,0.6,0.7921364222232128,0.2078635777767872,1.0,1.0,0.7628849999719023,216.02076099998158,True,3;5;11;12;17,0;3;5;12,False,
mmr_as,nq_166,0.6666666666666666,0.4,0.8613622458046943,0.13863775419530566,1.0,1.0,0.8364889999938896,274.7121680000646,True,0;2;4;11;12,0;1;2,False,
mmr_as,nq_167,0.6666666666666666,0.4,0.8579604624637376,0.14203953753626242,1.0,1.0,0.7797600000003513,212.26166199994623,True,2;4;18;24;26,4;5;24,False,
mmr_as,nq_168,0.2,0.2,0.811975466054936,0.18802453394506402,0.0,0.3333333333333333,0.8121010000650131,276.74202800017156,True,4;5;14;21;31,0;4;17;19;39,False,
mmr_as,nq_169,0.0,0.0,0.8296911461585038,0.1703088538414962,0.0,0.5,0.9191689998715447,192.92775200005963,True,5;9;42;48;49,0;1;4;6;8;15;17;18;19;20;22;25;31;33;41;44;46,False,
mmr_as,nq_170,0.16666666666666666,0.2,0.8897376750688764,0.11026232493112365,0.0,0.4,0.7382189999134425,255.4444570000669,True,0;2;4;7;12,0;1;5;8;21;45,False,
mmr_as,nq_171,0.375,0.6,0.8679737544708658,0.13202624552913422,0.0,0.8,0.8139689998643007,194.42913700004283,True,2;16;24;27;42,2;4;6;15;24;32;42;44,False,
mmr_as,nq_172,,0.0,0.6488765919871285,0.35112340801287145,0.0,0.0,0.8466589999898133,173.06510599996727,False,8;34;46;47;49,,False,
mmr_as,nq_173,1.0,0.4,0.8904616751255251,0.1095383248744749,1.0,1.0,0.8098700000118697,172.54795400003786,True,0;1;2;3;29,0;1,False,
mmr_as,nq_174,0.3333333333333333,0.6,0.8105775755463419,0.1894224244536581,1.0,1.0,0.778485999944678,258.9765970001281,True,0;3;6;10;12,0;2;6;8;9;12;17;28;45,False,
mmr_as,nq_175,0.25,0.6,0.7454957667800279,0.25450423321997206,0.0,0.6,0.8796429999620159,400.6374969999342,True,0;8;13;22;25,0;1;2;3;4;5;6;8;17;22;23;44,False,
mmr_as,nq_176,,0.0,0.7135515943433097,0.2864484056566903,0.0,0.0,0.7974349998676189,194.3447279998054,False,0;2;8;37;49,,False,
mmr_as,nq_177,0.07692307692307693,0.2,0.802719988864865,0.19728001113513505,0.0,0.0,0.8095800001228781,254.5359789999111,True,8;12;15;17;36,5;7;12;13;18;20;21;31;34;37;39;43;47,False,
mmr_as,nq_178,0.3333333333333333,0.6,0.832698252625508,0.167301747374492,0.0,0.4,0.8934830000271177,212.91847999987112,True,2;24;37;40;46,2;5;17;21;24;26;28;34;46,False,
mmr_as,nq_179,,0.0,0.6033081320931302,0.39669186790686983,0.0,0.0,0.7602959999530867,221.70887799984484,False,3;17;18;19;20,,False,
mmr_as,nq_180,0.25,0.2,0.8488108677187511,0.15118913228124886,0.0,0.6666666666666666,1.0149140000521584,375.0020089998998,True,1;9;10;14;40,1;5;13;41,False,
mmr_as,nq_181,1.0,0.4,0.7808408263231523,0.21915917367684767,1.0,1.0,0.9202119999827119,241.53348999993796,True,5;17;30;42;48,17;30,False,
mmr_as,nq_182,,0.0,0.7001796546644534,0.2998203453355466,0.0,0.0,0.9157910001249547,177.61340300012307,False,1;20;35;39;45,,False,
mmr_as,nq_183,0.0,0.0,0.6426260933758592,0.3573739066241408,0.0,0.3333333333333333,0.8952270000008866,242.4636369999007,True,17;21;35;38;43,12;27;29;49,False,
mmr_as,nq_184,0.5,0.4,0.8289451448847498,0.1710548551152502,0.0,0.25,0.9001270000226214,235.42687600001955,True,0;2;15;28;36,0;2;4;9,False,
mmr_as,nq_185,,0.0,0.6993636784822674,0.30063632151773256,0.0,0.0,0.8453309999367775,272.75022400021953,False,20;25;37;43;48,,False,
mmr_as,nq_186,0.36363636363636365,0.8,0.8360722044981796,0.16392779550182035,1.0,1.0,0.9361790000639303,210.14781899998525,True,2;7;22;23;38,0;2;6;7;13;15;18;22;34;38;49,False,
mmr_as,nq_187,0.3333333333333333,0.2,0.7441082806969564,0.25589171930304355,1.0,1.0,0.9294339999996737,217.81619600005797,True,0;2;9;12;19,0;5;17,False,
mmr_as,nq_188,1.0,0.2,0.631432983146411,0.36856701685358895,1.0,1.0,0.9357159999581199,219.2570310000974,True,29;32;40;42;43,40,False,
mmr_as,nq_189,,0.0,0.623057773785337,0.376942226214663,0.0,0.0,0.9170199998607131,219.27261100017859,False,0;1;9;33;42,,False,
mmr_as,nq_190,0.75,0.6,0.8298663797050783,0.17013362029492174,1.0,1.0,0.8925550000640214,197.94451600000684,True,0;3;15;19;41,0;3;15;17,False,
mmr_as,nq_191,0.5555555555555556,1.0,0.8629038770465417,0.1370961229534583,1.0,1.0,0.8866420000686048,241.17032000003746,True,0;8;9;35;36,0;2;6;8;9;30;35;36;47,False,
mmr_as,nq_192,0.3333333333333333,0.2,0.7431725011471648,0.2568274988528352,0.0,0.0,0.9090410001135751,197.39555599994674,True,0;3;6;26;34,3;11;22,False,
mmr_as,nq_193,,0.0,0.8316650553538709,0.16833494464612908,0.0,0.20000000000000004,0.9127299999818206,304.11953399993763,False,5;8;25;29;41,,False,
mmr_as,nq_194,1.0,0.6,0.7197537680083782,0.2802462319916218,1.0,1.0,0.9331920000477112,282.58813100001134,True,0;1;15;19;40,0;1;19,False,
mmr_as,nq_195,,0.0,0.9486185379596741,0.0513814620403259,0.0,0.0,0.9291039998515771,305.16260600006717,False,3;8;10;22;40,,False,
mmr_as,nq_196,0.2857142857142857,0.8,0.7703895960752085,0.22961040392479148,0.0,0.4444444444444445,0.8978880000540812,713.8350409998111,True,0;11;12;16;46,0;1;5;6;10;12;15;16;22;26;37;38;45;46,False,
mmr_as,nq_197,1.0,0.2,0.8861587196731264,0.11384128032687357,0.0,0.7499999999999999,0.9366470001168636,198.50432599992018,True,1;3;4;12;41,1,False,
mmr_as,nq_198,0.35714285714285715,1.0,0.8340737711705757,0.16592622882942432,0.0,0.0,1.015297000094506,218.26726900007998,True,4;20;21;37;45,0;1;4;5;11;12;15;16;18;20;21;37;45;48,False,
mmr_as,nq_199,0.25,0.4,0.8415035732874714,0.15849642671252862,1.0,1.0,0.8021969999845169,238.29607900006522,True,1;8;10;17;34,1;7;9;11;16;17;19;45,False,
