configuration,question_id,recall,precision,redundancy,diversity,em,f1,selection_time_ms,generation_time_ms,retrieval_hit,selected_ranks,gold_ranks,plugin_timing_available,plugin_timing_ms
qore_as_control,nq_0,0.5,0.4,0.8541128623045979,0.14588713769540207,0.0,0.8571428571428571,24.56999100002122,705.4134310000109,True,0;1;25;32;37,0;1;4;38,True,baseline:0.805689
qore_as_control,nq_1,0.3333333333333333,0.4,0.7231898500225278,0.2768101499774722,0.0,0.5714285714285715,11.381173000017952,242.73323099998834,True,1;12;30;43;48,0;1;7;9;14;30,True,baseline:0.176853
qore_as_control,nq_2,0.23076923076923078,0.6,0.6961108830999511,0.30388911690004894,1.0,1.0,11.760592999962682,180.23853099998632,True,0;1;32;37;47,0;1;6;7;16;19;22;23;32;33;35;38;45,True,baseline:0.168203
qore_as_control,nq_3,0.625,1.0,0.8856787463091609,0.11432125369083912,0.0,0.0,11.336894000010034,283.18151799999214,True,4;29;37;45;49,4;6;24;29;37;45;47;49,True,baseline:0.160189
qore_as_control,nq_4,0.4,0.8,0.8538989055969182,0.14610109440308183,0.0,0.8,11.373377999916556,201.24357299994244,True,0;16;26;29;40,0;3;7;16;24;26;27;33;40;47,True,baseline:0.156242
qore_as_control,nq_5,0.0,0.0,0.8888063393982742,0.11119366060172575,0.0,0.0,11.42833200003679,244.12835199996152,True,0;5;8;10;21,19;44,True,baseline:0.151492
qore_as_control,nq_6,0.0,0.0,0.9058967500802556,0.09410324991974439,0.0,0.0,11.340596999957597,261.8823520000433,True,0;3;5;11;12,9;33,True,baseline:0.153319
qore_as_control,nq_7,,0.0,0.9030805196519799,0.09691948034802012,0.0,0.6666666666666666,11.38250799999696,201.5256900000395,False,4;9;34;42;49,,True,baseline:0.147390
qore_as_control,nq_8,,0.0,0.625220254602515,0.37477974539748504,0.0,0.28571428571428575,11.435889000040333,241.2159130000191,False,1;7;18;39;43,,True,baseline:0.147466
qore_as_control,nq_9,,0.0,0.8074523201595352,0.19254767984046484,0.0,0.5,11.29912700002933,183.38395600005697,False,15;19;34;43;48,,True,baseline:0.148388
qore_as_control,nq_10,0.2857142857142857,0.8,0.7949576893064805,0.20504231069351952,1.0,1.0,12.739148000036948,202.54446100000223,True,5;8;11;42;46,0;1;2;3;5;8;9;11;14;17;23;36;39;42,True,baseline:0.161137
qore_as_control,nq_11,0.75,0.6,0.7769646693458949,0.22303533065410508,1.0,1.0,11.361487999920428,224.5607380000365,True,0;3;14;32;37,3;7;14;37,True,baseline:0.147987
qore_as_control,nq_12,0.3333333333333333,0.2,0.7706736545523188,0.22932634544768116,0.0,0.0,11.367011999936949,221.83521900001324,True,0;14;21;29;39,0;1;41,True,baseline:0.148647
qore_as_control,nq_13,0.7142857142857143,1.0,0.8473733470427754,0.15262665295722455,1.0,1.0,11.406116999978622,201.5209279999226,True,0;1;4;5;31,0;1;3;4;5;16;31,True,baseline:0.152776
qore_as_control,nq_14,0.2,0.2,0.7280395526872177,0.27196044731278235,0.0,0.5,11.333766000007017,389.30932499999926,True,10;11;28;31;45,0;1;2;9;11,True,baseline:0.145512
qore_as_control,nq_15,,0.0,0.6727730841400221,0.3272269158599779,0.0,0.0,11.391764999984844,203.25813600004494,False,15;17;18;36;49,,True,baseline:0.146634
qore_as_control,nq_16,0.5,0.2,0.7973541831371616,0.20264581686283845,0.0,0.7499999999999999,11.43994299991391,241.98417599995992,True,5;7;27;43;46,4;27,True,baseline:0.152305
qore_as_control,nq_17,0.2,0.2,0.8234791843263715,0.17652081567362854,1.0,1.0,11.277445000018815,200.5751759999157,True,1;13;20;22;29,8;12;22;27;28,True,baseline:0.144752
qore_as_control,nq_18,0.05263157894736842,0.2,0.8053153524811634,0.19468464751883663,0.0,0.5,11.33586900004957,200.32657000001564,True,3;10;18;34;41,0;1;2;4;5;6;7;10;16;17;20;22;25;27;33;36;37;43;49,True,baseline:0.150047
qore_as_control,nq_19,0.2,1.0,0.7832095675627189,0.21679043243728113,0.0,0.0,11.22498600000199,202.59140799998931,True,0;9;11;18;27,0;1;2;3;4;5;6;8;9;11;12;13;15;17;18;21;23;27;31;32;36;43;45;47;49,True,baseline:0.148920
qore_as_control,nq_20,0.5,0.4,0.8389580345605078,0.16104196543949223,0.0,0.0,11.270029000002069,244.14577300001383,True,0;6;9;30;42,0;21;42;48,True,baseline:0.162100
qore_as_control,nq_21,0.75,0.6,0.6604867223791132,0.3395132776208868,0.0,0.33333333333333337,11.339614999997139,304.98058499995295,True,0;1;3;25;48,0;1;3;16,True,baseline:0.149515
qore_as_control,nq_22,0.3333333333333333,0.8,0.7779250985182056,0.22207490148179443,0.0,0.6666666666666666,11.213813999916056,180.1204069998903,True,0;3;5;26;30,0;3;5;12;17;22;24;26;28;31;34;48,True,baseline:0.145257
qore_as_control,nq_23,0.75,0.6,0.8251881144429756,0.17481188555702443,1.0,1.0,11.333426000078362,180.17146500005765,True,5;7;8;33;34,5;8;31;33,True,baseline:0.148138
qore_as_control,nq_24,1.0,0.8,0.9102010331457286,0.08979896685427136,1.0,1.0,11.352913999985503,224.46953899998334,True,0;1;2;4;7,0;2;4;7,True,baseline:0.145220
qore_as_control,nq_25,0.3333333333333333,0.8,0.7718850651428916,0.22811493485710843,0.0,0.5,11.329584999998588,221.0899410000593,True,7;15;19;24;43,0;3;5;15;19;24;34;37;41;42;43;45,True,baseline:0.145264
qore_as_control,nq_26,,0.0,0.6727415658000853,0.32725843419991474,0.0,0.0,11.416768000003685,247.0202499999914,False,8;23;29;45;46,,True,baseline:0.162950
qore_as_control,nq_27,1.0,0.2,0.6411275353263264,0.3588724646736736,0.0,0.8,11.29044200001772,283.9860870000166,True,0;13;14;20;29,0,True,baseline:0.148312
qore_as_control,nq_28,0.35714285714285715,1.0,0.8423135163671047,0.15768648363289528,0.0,0.6666666666666666,11.338472000034017,203.7933299999395,True,14;31;32;35;40,0;1;3;11;14;15;18;25;28;31;32;35;40;45,True,baseline:0.162774
qore_as_control,nq_29,0.5,0.2,0.8546793899849771,0.14532061001502294,0.0,1.0,11.328390000016952,267.3727929999359,True,2;4;9;10;22,1;2,True,baseline:0.145602
qore_as_control,nq_30,0.5,0.8,0.7933957345585538,0.20660426544144617,1.0,1.0,11.344452000003002,290.699145000076,True,0;1;25;27;33,0;1;3;6;10;25;27;29,True,baseline:0.146238
qore_as_control,nq_31,1.0,0.2,0.8118790882970668,0.1881209117029332,1.0,1.0,11.328228000024865,179.81760700001814,True,0;3;5;6;44,0,True,baseline:0.154007
qore_as_control,nq_32,,0.0,0.78840390451779,0.21159609548221003,0.0,0.5,11.229834000005212,180.12132600006225,False,3;5;15;19;32,,True,baseline:0.147262
qore_as_control,nq_33,0.0,0.0,0.6037403700293253,0.39625962997067465,0.0,0.8,11.335213000052136,221.31262900006732,True,5;28;31;39;47,0;6,True,baseline:0.153124
qore_as_control,nq_34,0.4,0.4,0.8244662323566813,0.17553376764331874,0.0,0.0,11.627506999957404,284.07265999999254,True,2;6;7;8;31,1;4;8;13;31,True,baseline:0.153027
qore_as_control,nq_35,1.0,0.6,0.900795916497173,0.09920408350282695,1.0,1.0,11.439224000014292,266.21631399996204,True,3;5;6;11;15,3;5;6,True,baseline:0.154779
qore_as_control,nq_36,0.0,0.0,0.7486184147000069,0.2513815852999931,0.0,0.0,11.387594000098034,200.94412999992528,True,3;17;20;27;31,5;7,True,baseline:0.186827
qore_as_control,nq_37,0.75,0.6,0.7393257980810525,0.2606742019189475,1.0,1.0,11.438600000019505,265.45226799999,True,0;3;17;30;33,0;3;23;30,True,baseline:0.147320
qore_as_control,nq_38,0.2777777777777778,1.0,0.8587860043478145,0.1412139956521855,0.0,0.8,11.722330999987207,349.42684800000734,True,0;5;6;8;11,0;1;2;3;4;5;6;7;8;11;17;19;25;26;31;33;45;47,True,baseline:0.150436
qore_as_control,nq_39,0.05555555555555555,0.2,0.8500325287756467,0.14996747122435328,0.0,0.5,11.330874999998741,204.0344010000581,True,0;1;27;41;47,2;3;4;6;8;10;11;15;16;19;23;33;38;40;43;44;45;47,True,baseline:0.148900
qore_as_control,nq_40,,0.0,0.8863373361045189,0.11366266389548108,0.0,0.0,11.501221999992595,452.72638400001597,False,1;6;13;30;34,,True,baseline:0.170819
qore_as_control,nq_41,,0.0,0.8029609282684909,0.19703907173150914,0.0,0.0,11.674588000005315,392.7838320000774,False,8;12;17;31;42,,True,baseline:0.174906
qore_as_control,nq_42,0.75,0.6,0.8090624904723966,0.19093750952760336,1.0,1.0,11.499307999997654,201.22456699994018,True,0;13;14;17;21,0;14;21;29,True,baseline:0.163656
qore_as_control,nq_43,,0.0,0.6789006493212651,0.32109935067873485,0.0,0.0,11.297654000031798,242.95827100002043,False,8;26;34;35;36,,True,baseline:0.151853
qore_as_control,nq_44,0.0,0.0,0.8591387544363798,0.14086124556362023,0.0,0.0,11.492483999973047,201.63390300001538,True,0;5;25;41;44,47,True,baseline:0.147431
qore_as_control,nq_45,0.11904761904761904,1.0,0.8518551726209793,0.14814482737902068,0.0,0.5,11.536516999967716,224.36252700003934,True,6;11;35;40;49,0;1;2;3;4;5;6;7;8;10;11;13;14;15;16;17;19;20;23;24;25;26;27;28;29;30;31;32;33;35;36;37;39;40;41;43;44;45;46;47;48;49,True,baseline:0.164477
qore_as_control,nq_46,0.0,0.0,0.8462928316981531,0.15370716830184694,0.0,0.0,11.403610999991542,286.11998400003813,True,10;20;22;28;29,8;9;12,True,baseline:0.148883
qore_as_control,nq_47,0.25,0.4,0.8723644402056744,0.12763555979432561,0.0,0.5,11.306364999995822,264.6781060000194,True,2;16;19;29;36,2;6;9;22;36;38;40;43,True,baseline:0.163548
qore_as_control,nq_48,0.18181818181818182,0.4,0.7677023478348122,0.23229765216518783,0.0,0.0,11.441557000011926,262.3804190000101,True,1;2;3;25;34,0;1;2;4;6;7;9;16;18;41;47,True,baseline:0.166896
qore_as_control,nq_49,0.3333333333333333,0.2,0.7955556703109785,0.2044443296890215,0.0,0.5,11.463475000027756,222.56985300009546,True,1;6;35;41;45,10;21;45,True,baseline:0.144348
qore_as_control,nq_50,,0.0,0.7594973493197579,0.24050265068024212,0.0,0.28571428571428575,11.423131000015019,222.063530000014,False,3;12;17;28;29,,True,baseline:0.145567
qore_as_control,nq_51,0.09523809523809523,0.4,0.8417895760075063,0.15821042399249374,1.0,1.0,11.27887899997404,179.71103900003982,True,31;34;42;43;49,2;3;4;5;6;15;17;19;20;21;22;25;26;28;29;37;38;40;42;43;45,True,baseline:0.148802
qore_as_control,nq_52,,0.0,0.6580139092928325,0.34198609070716746,0.0,0.0,11.27011100004438,181.31542300000092,False,11;23;26;34;39,,True,baseline:0.148025
qore_as_control,nq_53,0.17647058823529413,0.6,0.7091926641087198,0.29080733589128016,0.0,0.6666666666666666,11.348343999998178,241.45399000008183,True,16;17;41;43;44,0;3;4;7;9;11;13;14;22;28;34;37;41;43;44;45;46,True,baseline:0.149861
qore_as_control,nq_54,0.2,0.2,0.8342245564672475,0.16577544353275253,0.0,0.0,11.564348999968388,243.21122899993952,True,2;21;22;40;42,1;13;34;42;47,True,baseline:0.147891
qore_as_control,nq_55,0.3333333333333333,0.4,0.7929647419852625,0.20703525801473754,1.0,1.0,11.317222999991827,221.20752700004687,True,3;15;27;46;47,3;13;15;18;26;37,True,baseline:0.140482
qore_as_control,nq_56,,0.0,0.7388401911112723,0.2611598088887277,0.0,0.0,11.439029000030132,188.79605600000104,False,26;28;36;40;48,,True,baseline:0.145451
qore_as_control,nq_57,0.6666666666666666,0.8,0.8261734202623845,0.1738265797376155,1.0,1.0,11.280181000074663,181.35035399996013,True,0;1;2;4;6,0;1;2;4;5;38,True,baseline:0.148301
qore_as_control,nq_58,,0.0,0.6135741339489021,0.38642586605109785,0.0,0.0,11.381200000073477,264.8443860000498,False,0;1;19;34;45,,True,baseline:0.147101
qore_as_control,nq_59,,0.0,0.6484230710338081,0.35157692896619186,0.0,0.28571428571428575,11.37081899992154,244.1184470000053,False,4;21;32;33;35,,True,baseline:0.149280
qore_as_control,nq_60,0.36363636363636365,0.8,0.7980892725757036,0.2019107274242964,0.0,0.5,11.448127999983626,243.39830799999618,True,1;3;17;30;35,1;3;4;5;6;17;18;22;28;35;37,True,baseline:0.154931
qore_as_control,nq_61,0.5,0.8,0.7562575560518632,0.24374244394813682,0.0,0.6666666666666666,11.379912000052173,304.4984179999801,True,4;7;17;36;47,3;4;7;10;24;34;36;47,True,baseline:0.143627
qore_as_control,nq_62,0.75,0.6,0.8016470547823153,0.19835294521768465,0.0,0.4,11.40536200000497,200.1362409999956,True,6;11;14;19;20,2;11;19;20,True,baseline:0.146591
qore_as_control,nq_63,0.3333333333333333,0.2,0.8140309606655348,0.18596903933446518,0.0,0.6666666666666666,11.552092999977503,221.60157200005415,True,0;4;12;13;15,0;18;49,True,baseline:0.158854
qore_as_control,nq_64,0.2727272727272727,0.6,0.8371888670370181,0.16281113296298189,0.0,0.6666666666666666,11.516374000052565,200.97585999997136,True,0;12;25;36;47,0;1;3;4;7;9;10;12;29;32;36,True,baseline:0.160156
qore_as_control,nq_65,0.625,1.0,0.9032599662622462,0.09674003373775375,0.0,0.6666666666666666,11.227705000010246,200.03842799997074,True,0;3;6;9;37,0;3;4;5;6;7;9;37,True,baseline:0.150206
qore_as_control,nq_66,0.36363636363636365,0.8,0.7807348065027465,0.21926519349725349,1.0,1.0,11.503636000043116,284.1928889999963,True,9;13;16;20;26,0;3;9;11;13;16;24;26;31;34;38,True,baseline:0.175069
qore_as_control,nq_67,,0.0,0.7000849449073352,0.2999150550926648,1.0,1.0,11.395793000019694,200.67085900006987,False,1;6;7;9;31,,True,baseline:0.152194
qore_as_control,nq_68,0.0,0.0,0.8462476448964228,0.1537523551035772,0.0,0.5,11.411373000100866,201.89603400001488,True,0;2;16;33;47,4;11,True,baseline:0.149720
qore_as_control,nq_69,,0.0,0.6787632268143693,0.3212367731856307,0.0,0.0,11.340227000005143,265.7157849999976,False,3;8;9;23;34,,True,baseline:0.151489
qore_as_control,nq_70,0.0,0.0,0.7029385790640859,0.29706142093591414,0.0,0.0,11.38876600009553,200.44562099997165,True,2;40;42;43;45,7;24,True,baseline:0.153006
qore_as_control,nq_71,0.2222222222222222,0.4,0.8704958373298914,0.12950416267010856,0.0,0.6666666666666666,11.220998999988296,202.5036420000106,True,2;23;29;31;39,0;3;5;12;14;18;22;23;29,True,baseline:0.149791
qore_as_control,nq_72,0.375,0.6,0.7401268211497769,0.2598731788502231,0.0,0.5714285714285715,11.435335999976814,243.50392899998496,True,0;1;10;17;43,0;1;2;3;4;11;14;43,True,baseline:0.166059
qore_as_control,nq_73,1.0,0.6,0.7363225368997981,0.2636774631002019,1.0,1.0,11.504170999955932,181.24792100002196,True,0;1;4;12;43,0;1;4,True,baseline:0.165568
qore_as_control,nq_74,0.6666666666666666,0.4,0.8103143524869306,0.18968564751306938,0.0,0.5,11.39516300008836,268.86096600003384,True,4;9;11;40;47,9;40;41,True,baseline:0.178343
qore_as_control,nq_75,1.0,0.8,0.7895018737987641,0.21049812620123587,1.0,1.0,11.462202000075195,223.4303179999415,True,0;1;2;10;24,0;1;2;24,True,baseline:0.168270
qore_as_control,nq_76,1.0,0.8,0.8914460782209618,0.10855392177903822,0.0,0.6666666666666666,11.496718999978839,284.00479800006906,True,0;1;3;7;10,0;1;3;10,True,baseline:0.161397
qore_as_control,nq_77,,0.0,0.6263210278858169,0.3736789721141831,0.0,0.4,11.40157299994371,222.71045000002232,False,10;18;32;44;47,,True,baseline:0.156030
qore_as_control,nq_78,0.4,0.4,0.8174135103336926,0.18258648966630742,1.0,1.0,11.321381000016117,264.5545860000311,True,0;13;23;28;38,0;16;19;25;28,True,baseline:0.163190
qore_as_control,nq_79,0.5,0.4,0.8260598644210682,0.17394013557893184,0.0,0.6666666666666666,11.40100899999652,304.2241150000109,True,0;1;9;21;45,0;1;2;37,True,baseline:0.151883
qore_as_control,nq_80,0.5,0.8,0.8094359123819028,0.19056408761809718,1.0,1.0,11.62410799997815,243.54879299994536,True,3;4;8;13;31,0;2;3;4;7;8;13;14,True,baseline:0.149976
qore_as_control,nq_81,0.0967741935483871,0.6,0.8295594145236377,0.17044058547636232,1.0,1.0,11.310773999980483,159.46952500007683,True,5;8;14;32;47,0;1;2;3;4;5;7;8;9;10;11;12;13;15;18;23;25;26;27;28;29;31;33;35;36;37;39;41;43;45;47,True,baseline:0.148375
qore_as_control,nq_82,0.3333333333333333,0.2,0.7609242606668382,0.23907573933316184,0.0,0.5,11.382152999999562,181.62010399998962,True,3;12;18;27;44,3;5;35,True,baseline:0.150213
qore_as_control,nq_83,,0.0,0.7450482060652505,0.25495179393474954,0.0,0.0,11.294949999978598,221.53640800001995,False,6;25;40;41;46,,True,baseline:0.148598
qore_as_control,nq_84,0.0,0.0,0.7135132356946624,0.2864867643053376,0.0,0.28571428571428575,11.29596999999194,202.28456899997127,True,28;30;35;36;42,25,True,baseline:0.148365
qore_as_control,nq_85,0.2,0.2,0.8338389629969738,0.1661610370030262,0.0,0.0,11.459425999987616,220.95361799995317,True,4;7;18;35;37,1;3;8;37;39,True,baseline:0.163273
qore_as_control,nq_86,0.2857142857142857,0.4,0.6870064431662728,0.3129935568337272,0.0,0.6666666666666666,11.289733000012347,160.58659200007241,True,0;11;17;39;45,0;12;14;16;31;35;39,True,baseline:0.151084
qore_as_control,nq_87,0.6,0.6,0.7217692124377784,0.27823078756222164,1.0,1.0,11.393484999985048,266.0569449999457,True,0;1;4;37;49,0;1;4;12;30,True,baseline:0.148221
qore_as_control,nq_88,0.6666666666666666,0.4,0.9009832539235971,0.09901674607640287,0.0,0.3333333333333333,11.519213000042328,200.9854070000756,True,2;4;11;13;15,2;4;31,True,baseline:0.164512
qore_as_control,nq_89,0.0,0.0,0.8466505197747969,0.15334948022520312,0.0,0.0,11.705985000048713,159.772868999994,True,6;20;27;30;35,14;22;23;25;40,True,baseline:0.185737
qore_as_control,nq_90,0.6666666666666666,0.4,0.6479646335455793,0.3520353664544207,0.0,0.6666666666666666,11.4326620000611,221.8461169999273,True,0;3;17;37;40,0;10;17,True,baseline:0.171278
qore_as_control,nq_91,,0.0,0.8367339007437036,0.16326609925629643,0.0,0.6666666666666666,11.469439000052262,265.3277970000545,False,0;5;7;9;42,,True,baseline:0.164116
qore_as_control,nq_92,,0.0,0.7839237658246304,0.21607623417536959,0.0,0.0,11.343936999992366,204.25150699998085,False,0;6;14;15;20,,True,baseline:0.162221
qore_as_control,nq_93,,0.0,0.6628492892941423,0.33715071070585767,0.0,0.3333333333333333,11.362479000013082,222.61818499998753,False,0;3;14;31;39,,True,baseline:0.176035
qore_as_control,nq_94,1.0,0.4,0.7324300789918518,0.26756992100814825,0.0,0.3333333333333333,11.368893999929242,285.14500500000395,True,0;2;19;22;42,0;2,True,baseline:0.155094
qore_as_control,nq_95,0.45454545454545453,1.0,0.9343623713911284,0.06563762860887157,0.0,0.0,11.391587999924013,200.63249500003622,True,0;3;4;8;26,0;3;4;8;23;26;29;35;38;43;49,True,baseline:0.152400
qore_as_control,nq_96,0.75,0.6,0.7630188293349178,0.23698117066508217,1.0,1.0,14.113923999957478,182.44307600002685,True,1;8;10;25;36,0;1;25;36,True,baseline:0.150123
qore_as_control,nq_97,0.3333333333333333,0.2,0.8266711425963689,0.17332885740363113,1.0,1.0,11.383129000023473,202.20277200007786,True,25;29;35;47;49,8;13;47,True,baseline:0.171895
qore_as_control,nq_98,0.16666666666666666,0.4,0.8701348965660696,0.12986510343393043,0.0,0.0,11.612998000032349,368.39653100003034,True,0;2;33;47;48,0;1;7;10;11;18;24;25;26;28;36;48,True,baseline:0.153962
qore_as_control,nq_99,1.0,0.4,0.800688057073935,0.19931194292606502,0.0,0.4444444444444445,12.00749299994186,265.888278000034,True,0;3;4;5;19,0;4,True,baseline:0.167713
qore_as_control,nq_100,0.42857142857142855,0.6,0.8360494764035818,0.16395052359641815,0.0,0.0,11.400035000065145,180.80815600001188,True,5;7;17;32;45,0;2;5;17;39;43;45,True,baseline:0.159995
qore_as_control,nq_101,0.2222222222222222,0.4,0.7539550120356822,0.24604498796431784,0.0,0.7499999999999999,11.416684000096211,242.98335799994675,True,1;2;10;20;32,1;2;13;23;24;26;31;40;45,True,baseline:0.151321
qore_as_control,nq_102,0.42857142857142855,0.6,0.7597615634251296,0.24023843657487043,1.0,1.0,11.449825999989116,179.61799700003667,True,2;6;24;26;44,0;2;6;16;17;26;29,True,baseline:0.151751
qore_as_control,nq_103,0.0,0.0,0.7577268664444702,0.24227313355552982,0.0,0.0,11.46060199994281,307.08274500000243,True,4;5;19;24;27,10,True,baseline:0.159965
qore_as_control,nq_104,1.0,0.2,0.8686048803550268,0.1313951196449732,0.0,0.6666666666666665,11.437050000040472,263.3915569999772,True,1;20;21;29;40,1,True,baseline:0.148257
qore_as_control,nq_105,0.125,1.0,0.793148969370737,0.20685103062926302,0.0,0.6666666666666666,11.582478000036645,271.21804099999736,True,14;30;32;46;48,0;1;2;3;4;5;6;7;8;12;13;14;15;16;17;18;19;20;22;23;25;26;27;28;29;30;32;35;36;37;38;40;41;42;44;45;46;47;48;49,True,baseline:0.147186
qore_as_control,nq_106,,0.0,0.7688059856294476,0.23119401437055243,0.0,0.0,11.415576999979749,200.96885300006306,False,9;14;19;34;46,,True,baseline:0.147916
qore_as_control,nq_107,,0.0,0.8576747965199193,0.1423252034800807,0.0,0.0,11.586147999992136,302.8734499999928,False,0;1;2;5;8,,True,baseline:0.147383
qore_as_control,nq_108,0.25,0.6,0.8449188994420638,0.15508110055793622,1.0,1.0,11.35824200002844,179.934294000077,True,2;3;36;47;48,2;3;5;6;12;14;24;29;36;40;42;43,True,baseline:0.164043
qore_as_control,nq_109,,0.0,0.7007157105963577,0.29928428940364227,0.0,0.0,11.486963000038486,201.852754000015,False,8;32;39;46;47,,True,baseline:0.157098
qore_as_control,nq_110,,0.0,0.735735644299725,0.26426435570027496,0.0,0.4,11.502478000011251,242.6771479999843,False,4;9;17;34;46,,True,baseline:0.153852
qore_as_control,nq_111,,0.0,0.8901095037365003,0.10989049626349967,0.0,0.0,11.42113999992489,222.25307199994404,False,0;13;26;27;45,,True,baseline:0.152087
qore_as_control,nq_112,0.25,1.0,0.8449998608077905,0.15500013919220945,0.0,0.5,11.424061000070651,245.6336029999875,True,8;17;24;26;33,0;1;2;3;4;5;6;7;8;9;13;15;17;24;26;29;33;38;44;49,True,baseline:0.147411
qore_as_control,nq_113,0.5,0.4,0.7254196632761263,0.2745803367238737,0.0,0.4,11.541612999963036,286.5658620000886,True,0;1;4;16;27,0;1;6;40,True,baseline:0.151825
qore_as_control,nq_114,1.0,0.2,0.8434680062672809,0.1565319937327191,0.0,0.28571428571428575,11.453796999944643,246.55920799989417,True,13;19;23;30;37,37,True,baseline:0.145438
qore_as_control,nq_115,0.5,0.2,0.7047744556625268,0.29522554433747317,1.0,1.0,11.561092000079043,223.62841199992545,True,0;23;25;28;33,0;7,True,baseline:0.145144
qore_as_control,nq_116,0.22727272727272727,1.0,0.9464443923215111,0.05355560767848888,0.0,0.6666666666666666,12.084767000033025,182.9895039999201,True,0;1;2;5;8,0;1;2;3;5;8;10;12;13;23;26;27;28;29;31;33;37;39;41;42;44;47,True,baseline:0.165269
qore_as_control,nq_117,0.0,0.0,0.842361266390849,0.15763873360915104,0.0,0.0,11.574303999964286,204.21078799995485,True,10;34;38;40;49,3;4,True,baseline:0.151180
qore_as_control,nq_118,,0.0,0.7283334528893339,0.27166654711066607,0.0,0.0,11.552855999980238,414.85077800007275,False,4;6;17;29;45,,True,baseline:0.153352
qore_as_control,nq_119,0.2,0.2,0.8427755450798046,0.15722445492019543,1.0,1.0,11.476880000031997,201.13553799990314,True,5;10;11;22;43,0;8;11;15;19,True,baseline:0.164140
qore_as_control,nq_120,0.5,0.4,0.7455943281907123,0.25440567180928775,1.0,1.0,11.422333000041363,180.54069800007255,True,0;4;11;16;21,0;2;4;5,True,baseline:0.165247
qore_as_control,nq_121,0.23076923076923078,0.6,0.7792417385228149,0.22075826147718514,0.0,0.5714285714285715,11.4345270000058,284.8333749999483,True,10;18;29;34;40,0;7;10;12;17;18;26;28;29;45;46;48;49,True,baseline:0.170056
qore_as_control,nq_122,,0.0,0.7727713726849235,0.22722862731507654,0.0,0.6666666666666666,11.425394999946548,222.51748500002577,False,4;12;15;43;48,,True,baseline:0.146295
qore_as_control,nq_123,0.16666666666666666,0.2,0.7669353862106378,0.23306461378936216,1.0,1.0,11.581800000044495,221.5986649999877,True,4;33;41;45;47,1;2;4;6;7;12,True,baseline:0.148410
qore_as_control,nq_124,1.0,0.2,0.6442077852313124,0.3557922147686876,1.0,1.0,11.524970999971629,202.35101499997654,True,3;4;34;42;47,4,True,baseline:0.166662
qore_as_control,nq_125,0.25,0.6,0.7352406580159325,0.2647593419840675,0.0,0.6666666666666666,11.290720000033616,182.71526900002755,True,0;1;4;26;36,0;1;2;4;5;6;7;8;10;21;40;47,True,baseline:0.149931
qore_as_control,nq_126,0.3333333333333333,0.2,0.6652558434274194,0.3347441565725806,1.0,1.0,11.417427999958818,160.74812199997268,True,4;7;13;34;42,0;1;4,True,baseline:0.146390
qore_as_control,nq_127,0.5,0.4,0.7377998458095565,0.2622001541904435,1.0,1.0,11.283439999942857,180.76269499999853,True,0;1;4;24;39,0;1;3;7,True,baseline:0.150686
qore_as_control,nq_128,0.375,0.6,0.8123191957317971,0.18768080426820288,1.0,1.0,11.331920000088758,160.239684999965,True,0;4;10;24;35,0;4;9;15;28;33;35;44,True,baseline:0.153614
qore_as_control,nq_129,0.2222222222222222,0.4,0.7370344831346168,0.26296551686538316,0.0,0.0,11.26505599995653,182.1334610000349,True,10;25;28;29;33,0;1;5;6;9;10;33;37;48,True,baseline:0.151429
qore_as_control,nq_130,,0.0,0.7940226502470022,0.20597734975299775,1.0,1.0,11.371768000003613,222.87670100001833,False,4;12;13;14;26,,True,baseline:0.154963
qore_as_control,nq_131,0.14285714285714285,0.2,0.8652190216258504,0.1347809783741496,0.0,0.0,11.446664999994027,244.2983240000558,True,4;5;11;34;41,0;4;15;20;23;43;46,True,baseline:0.153886
qore_as_control,nq_132,0.0,0.0,0.8171247351908736,0.18287526480912641,0.0,0.0,11.763376999965658,205.09407899999132,True,0;5;6;20;33,9;18;19;28,True,baseline:0.160001
qore_as_control,nq_133,0.2,0.2,0.8272279140830274,0.17277208591697257,0.0,0.4,11.440689999972165,202.54493800007367,True,22;26;28;35;47,2;5;9;31;47,True,baseline:0.174747
qore_as_control,nq_134,0.5,0.4,0.773066629656953,0.22693337034304695,0.0,0.0,11.354928000059772,263.01805000002787,True,3;6;19;32;48,0;3;5;6,True,baseline:0.152176
qore_as_control,nq_135,0.0,0.0,0.6389181590582893,0.3610818409417107,0.0,0.0,11.293436000073598,201.99781300004815,True,4;27;32;43;47,0;20;28;38,True,baseline:0.151539
qore_as_control,nq_136,1.0,0.2,0.6164406131801936,0.3835593868198064,0.0,0.6666666666666666,11.321472000076938,368.8303010000027,True,7;16;18;21;35,21,True,baseline:0.148534
qore_as_control,nq_137,0.5,0.2,0.7618146121140696,0.23818538788593036,0.0,0.2857142857142857,11.324726999987433,706.7043260000219,True,0;4;8;43;47,0;3,True,baseline:0.151401
qore_as_control,nq_138,,0.0,0.777208464312489,0.22279153568751098,0.0,0.0,11.279474999923877,308.0986429999939,False,5;18;25;26;37,,True,baseline:0.151347
qore_as_control,nq_139,,0.0,0.656647186732284,0.34335281326771605,0.0,0.0,11.313330999996651,160.13258199996017,False,0;3;4;6;31,,True,baseline:0.150479
qore_as_control,nq_140,1.0,0.4,0.8715623286380101,0.1284376713619899,1.0,1.0,11.444611000001714,244.39383399999315,True,1;6;7;16;21,1;6,True,baseline:0.149946
qore_as_control,nq_141,0.15625,1.0,0.8469424092156383,0.15305759078436165,0.0,0.0,11.457061999976759,204.0983279999864,True,14;24;33;35;45,2;3;5;7;11;13;14;16;18;19;20;21;22;23;24;25;26;29;30;31;32;33;34;35;36;37;39;44;45;46;47;48,True,baseline:0.162092
qore_as_control,nq_142,0.125,1.0,0.8491524205466202,0.1508475794533798,0.0,0.0,11.39853100005439,285.0423149999415,True,4;6;10;37;41,0;1;2;3;4;5;6;7;8;9;10;11;12;13;14;15;16;17;18;19;20;21;22;23;24;25;26;28;30;31;36;37;39;41;42;43;44;45;47;49,True,baseline:0.151826
qore_as_control,nq_143,0.6666666666666666,0.4,0.7396299247987199,0.2603700752012801,1.0,1.0,11.39339199994538,286.74986299995453,True,15;26;34;45;47,6;26;47,True,baseline:0.151659
qore_as_control,nq_144,0.23809523809523808,1.0,0.8813945156728407,0.11860548432715934,0.0,0.8,11.348386999998183,201.81848400000035,True,5;28;36;39;43,0;1;3;4;5;6;8;11;12;20;21;22;28;29;36;39;40;41;43;45;48,True,baseline:0.150125
qore_as_control,nq_145,0.0,0.0,0.7651819965285324,0.23481800347146764,0.0,0.0,11.453703000029236,242.67320100000234,True,17;18;25;30;33,8,True,baseline:0.150774
qore_as_control,nq_146,0.42857142857142855,0.6,0.7660852427250855,0.2339147572749145,1.0,1.0,11.439881999990575,223.09369200002038,True,9;14;22;27;46,2;6;8;9;14;22;33,True,baseline:0.152982
qore_as_control,nq_147,0.6,0.6,0.7291558225464201,0.2708441774535799,1.0,1.0,11.531826999998884,285.1427349999085,True,6;11;16;40;44,0;6;8;11;40,True,baseline:0.144913
qore_as_control,nq_148,0.6666666666666666,0.8,0.888906527348183,0.11109347265181702,0.0,0.5714285714285715,11.541293999925983,285.10334100008095,True,0;1;6;11;22,0;1;4;6;17;22,True,baseline:0.148728
qore_as_control,nq_149,1.0,0.4,0.8490293243660301,0.15097067563396993,0.0,0.28571428571428575,11.63002399994184,305.4631590000554,True,2;4;6;12;38,2;4,True,baseline:0.157903
qore_as_control,nq_150,,0.0,0.7100675979290155,0.2899324020709845,0.0,0.0,11.477884000100858,242.22487300005469,False,9;16;29;31;36,,True,baseline:0.152745
qore_as_control,nq_151,0.3333333333333333,0.4,0.8791730666282416,0.12082693337175843,0.0,0.5,11.491143000057491,266.19556099990405,True,0;1;4;10;22,4;6;18;22;28;38,True,baseline:0.169379
qore_as_control,nq_152,1.0,0.4,0.8571879021623257,0.14281209783767435,0.0,0.8,11.448920000020735,202.78148799991413,True,0;1;2;6;20,0;1,True,baseline:0.151084
qore_as_control,nq_153,0.3333333333333333,0.2,0.714457457785393,0.28554254221460695,1.0,1.0,11.416144999998323,200.84199299992633,True,2;11;12;30;46,0;1;46,True,baseline:0.150181
qore_as_control,nq_154,,0.0,0.8810327436942466,0.11896725630575344,0.0,0.0,11.361656999952174,243.04251599994586,False,2;9;10;15;42,,True,baseline:0.148326
qore_as_control,nq_155,,0.0,0.6725530340256641,0.32744696597433587,0.0,0.0,11.372002999905817,221.13204900006167,False,7;18;22;33;42,,True,baseline:0.146390
qore_as_control,nq_156,0.1875,0.6,0.8825600566606789,0.11743994333932106,0.0,0.6666666666666666,11.425841000004766,201.16526700007853,True,1;3;7;9;16,0;3;4;5;6;7;8;14;16;17;24;27;39;42;43;49,True,baseline:0.144489
qore_as_control,nq_157,1.0,0.6,0.7270359531888193,0.2729640468111807,0.0,0.5,11.637247999942701,221.59594100003233,True,0;1;10;31;49,0;1;49,True,baseline:0.153468
qore_as_control,nq_158,,0.0,0.666841262445353,0.333158737554647,0.0,0.0,11.577909000038744,263.13047700000425,False,14;22;25;45;47,,True,baseline:0.168099
qore_as_control,nq_159,0.0,0.0,0.7145377569418242,0.2854622430581758,0.0,0.0,11.473897999962901,182.63979500000005,True,15;17;25;27;40,32;49,True,baseline:0.149787
qore_as_control,nq_160,1.0,0.2,0.7405512967891585,0.25944870321084146,0.0,0.0,11.440870999990693,244.09949399989728,True,4;12;25;41;48,4,True,baseline:0.153200
qore_as_control,nq_161,0.2,0.2,0.8251619575527271,0.17483804244727286,0.0,0.0,11.56442799992874,264.8431210000126,True,2;27;39;42;46,2;12;21;25;32,True,baseline:0.151138
qore_as_control,nq_162,1.0,0.8,0.7827820481251692,0.21721795187483084,1.0,1.0,11.403340000015305,245.8663190000152,True,1;4;6;17;46,1;4;17;46,True,baseline:0.147891
qore_as_control,nq_163,,0.0,0.7001609607152997,0.29983903928470035,0.0,0.8,11.471226000026036,202.0823149999842,False,1;2;4;30;34,,True,baseline:0.154784
qore_as_control,nq_164,1.0,0.4,0.7277034887488416,0.2722965112511584,0.0,0.0,11.530781999908868,225.13566800000717,True,4;30;32;40;49,4;32,True,baseline:0.151574
qore_as_control,nq_165,0.75,0.6,0.721467143240701,0.27853285675929895,1.0,1.0,11.61619000004066,224.86940300007063,True,3;5;6;12;17,0;3;5;12,True,baseline:0.157186
qore_as_control,nq_166,0.3333333333333333,0.2,0.802017314591497,0.19798268540850295,1.0,1.0,11.613387000011244,284.76220999993984,True,0;4;11;12;16,0;1;2,True,baseline:0.158988
qore_as_control,nq_167,0.6666666666666666,0.4,0.8129930450157558,0.18700695498424424,1.0,1.0,11.42166499994346,222.12992899994788,True,2;4;24;26;27,4;5;24,True,baseline:0.151596
qore_as_control,nq_168,0.2,0.2,0.811975466054936,0.18802453394506402,0.0,0.3333333333333333,11.558470000068155,288.8354760000311,True,4;5;14;21;31,0;4;17;19;39,True,baseline:0.150133
qore_as_control,nq_169,0.058823529411764705,0.2,0.8388943975212303,0.1611056024787697,0.0,0.0,11.438913000006323,232.28771300000517,True,10;14;22;28;48,0;1;4;6;8;15;17;18;19;20;22;25;31;33;41;44;46,True,baseline:0.149622
qore_as_control,nq_170,0.16666666666666666,0.2,0.8395563012593872,0.16044369874061282,0.0,0.4,11.406984000018383,264.2898259999811,True,0;2;4;7;30,0;1;5;8;21;45,True,baseline:0.148720
qore_as_control,nq_171,0.375,0.6,0.8652156225826886,0.13478437741731142,0.0,0.8,11.383259000012913,221.0365839999895,True,2;16;24;27;32,2;4;6;15;24;32;42;44,True,baseline:0.149501
qore_as_control,nq_172,,0.0,0.6488765919871285,0.35112340801287145,0.0,0.0,11.422384999946189,184.18501700000434,False,8;34;46;47;49,,True,baseline:0.155048
qore_as_control,nq_173,1.0,0.4,0.8904616751255251,0.1095383248744749,1.0,1.0,11.381432999996832,181.98610499996448,True,0;1;2;3;29,0;1,True,baseline:0.146014
qore_as_control,nq_174,0.3333333333333333,0.6,0.8105775755463419,0.1894224244536581,1.0,1.0,11.4254960000153,264.58984299995336,True,0;3;6;10;12,0;2;6;8;9;12;17;28;45,True,baseline:0.150266
qore_as_control,nq_175,0.25,0.6,0.7173403260561949,0.2826596739438051,0.0,0.6,11.424650999970254,411.55154099999436,True,8;13;17;22;25,0;1;2;3;4;5;6;8;17;22;23;44,True,baseline:0.151321
qore_as_control,nq_176,,0.0,0.7713437931181257,0.22865620688187427,0.0,0.0,11.382561999994323,223.19406300005085,False,0;2;8;36;47,,True,baseline:0.145507
qore_as_control,nq_177,0.07692307692307693,0.2,0.802719988864865,0.19728001113513505,0.0,0.0,11.44153899997491,263.63695500003814,True,8;12;15;17;36,5;7;12;13;18;20;21;31;34;37;39;43;47,True,baseline:0.146773
qore_as_control,nq_178,0.3333333333333333,0.6,0.832698252625508,0.167301747374492,0.0,0.4,11.364873000047737,222.16427600005773,True,2;24;37;40;46,2;5;17;21;24;26;28;34;46,True,baseline:0.147455
qore_as_control,nq_179,,0.0,0.6667270105069406,0.3332729894930594,0.0,0.0,11.340270000005148,242.99132099997678,False,3;20;28;29;36,,True,baseline:0.152662
qore_as_control,nq_180,0.25,0.2,0.8274921466995517,0.17250785330044827,0.0,0.6666666666666666,11.425957999904313,349.373829000001,True,10;13;14;38;42,1;5;13;41,True,baseline:0.154088
qore_as_control,nq_181,1.0,0.4,0.7808408263231523,0.21915917367684767,1.0,1.0,11.547613000061574,244.08223200009616,True,5;17;30;42;48,17;30,True,baseline:0.189368
qore_as_control,nq_182,,0.0,0.680650005088031,0.319349994911969,0.0,0.0,11.552085999937844,288.78113600001143,False,1;3;35;36;39,,True,baseline:0.173323
qore_as_control,nq_183,0.0,0.0,0.6278008647688829,0.37219913523111714,0.0,0.3333333333333333,11.46376099995905,244.88387300004888,True,2;17;21;38;43,12;27;29;49,True,baseline:0.177875
qore_as_control,nq_184,0.5,0.4,0.8289451448847498,0.1710548551152502,0.0,0.25,11.559821999981068,246.2346400000115,True,0;2;15;28;36,0;2;4;9,True,baseline:0.176605
qore_as_control,nq_185,,0.0,0.6993636784822674,0.30063632151773256,0.0,0.0,11.494087000073705,267.5110310000264,False,20;25;37;43;48,,True,baseline:0.181389
qore_as_control,nq_186,0.36363636363636365,0.8,0.8177049319897998,0.18229506801020023,1.0,1.0,11.575940000057017,202.39676100004544,True,2;6;7;22;23,0;2;6;7;13;15;18;22;34;38;49,True,baseline:0.178485
qore_as_control,nq_187,0.3333333333333333,0.2,0.7784468621893893,0.2215531378106107,1.0,1.0,11.41072300003998,203.0340899999601,True,0;2;9;12;30,0;5;17,True,baseline:0.171929
qore_as_control,nq_188,1.0,0.2,0.6682250384102588,0.3317749615897412,1.0,1.0,11.532039000030636,223.26157499992405,True,8;25;33;38;40,40,True,baseline:0.160889
qore_as_control,nq_189,,0.0,0.6510085577313012,0.3489914422686988,0.0,0.0,11.581841000065651,183.80856900000708,False,0;1;2;19;29,,True,baseline:0.169661
qore_as_control,nq_190,0.75,0.6,0.8298663797050783,0.17013362029492174,1.0,1.0,11.495727000010447,203.96940900002392,True,0;3;15;19;41,0;3;15;17,True,baseline:0.150948
qore_as_control,nq_191,0.4444444444444444,0.8,0.7913629567748725,0.20863704322512755,1.0,1.0,11.5680799999609,244.43182700008492,True,0;8;29;36;47,0;2;6;8;9;30;35;36;47,True,baseline:0.156431
qore_as_control,nq_192,0.3333333333333333,0.2,0.7762841816988371,0.22371581830116294,0.0,0.0,11.481344000003446,202.50827899997148,True,0;3;6;13;37,3;11;22,True,baseline:0.155884
qore_as_control,nq_193,,0.0,0.7972534296949242,0.2027465703050758,0.0,0.0,11.424014999988685,163.14809300001798,False,5;8;29;31;41,,True,baseline:0.150473
qore_as_control,nq_194,1.0,0.6,0.7197537680083782,0.2802462319916218,1.0,1.0,11.526137000032577,284.66205299992,True,0;1;15;19;40,0;1;19,True,baseline:0.156175
qore_as_control,nq_195,,0.0,0.9412237308935343,0.05877626910646572,0.0,0.0,11.324864000016532,306.10446699995464,False,8;10;22;30;40,,True,baseline:0.154864
qore_as_control,nq_196,0.2857142857142857,0.8,0.7703895960752085,0.22961040392479148,0.0,0.4444444444444445,11.489882999967449,707.6257259999466,True,0;11;12;16;46,0;1;5;6;10;12;15;16;22;26;37;38;45;46,True,baseline:0.163846
qore_as_control,nq_197,1.0,0.2,0.8366675199396593,0.16333248006034073,0.0,0.7499999999999999,11.484590999998545,201.3650779999807,True,1;3;4;12;32,1,True,baseline:0.161513
qore_as_control,nq_198,0.35714285714285715,1.0,0.8340737711705757,0.16592622882942432,0.0,0.0,11.73903500000506,221.88530200003242,True,4;20;21;37;45,0;1;4;5;11;12;15;16;18;20;21;37;45;48,True,baseline:0.159802
qore_as_control,nq_199,0.25,0.4,0.778359619071723,0.22164038092827698,1.0,1.0,11.357535000001917,223.90509699994254,True,7;10;19;29;34,1;7;9;11;16;17;19;45,True,baseline:0.162642
spectral_dpp_as,nq_0,0.5,0.4,0.8541128623045978,0.14588713769540218,0.0,0.8571428571428571,15.399542000068323,471.2389640000083,True,0;1;25;32;37,0;1;4;38,False,
spectral_dpp_as,nq_1,0.3333333333333333,0.4,0.7266865778953493,0.2733134221046507,0.0,0.5714285714285715,4.778366999971695,263.85765599991373,True,0;12;30;43;48,0;1;7;9;14;30,False,
spectral_dpp_as,nq_2,0.23076923076923078,0.6,0.7073026824592535,0.29269731754074646,1.0,1.0,6.511703999990459,179.58770000007007,True,0;1;32;40;47,0;1;6;7;16;19;22;23;32;33;35;38;45,False,
spectral_dpp_as,nq_3,0.625,1.0,0.8856787463091607,0.11432125369083934,0.0,0.0,4.692302999956155,283.9055949999647,True,4;29;37;45;49,4;6;24;29;37;45;47;49,False,
spectral_dpp_as,nq_4,0.4,0.8,0.8538989055969182,0.14610109440308183,1.0,1.0,4.60739499999363,180.90868100000534,True,0;16;26;29;40,0;3;7;16;24;26;27;33;40;47,False,
spectral_dpp_as,nq_5,0.0,0.0,0.8888063393982742,0.11119366060172575,0.0,0.0,4.6986059999198915,242.7847810000685,True,0;5;8;10;21,19;44,False,
spectral_dpp_as,nq_6,0.0,0.0,0.8008667518295235,0.1991332481704765,0.0,0.0,4.663084999947387,264.4100269999399,True,0;3;6;11;12,9;33,False,
spectral_dpp_as,nq_7,,0.0,0.9030805196519799,0.09691948034802012,0.0,0.6666666666666666,4.535897999971894,205.97008599997935,False,4;9;34;42;49,,False,
spectral_dpp_as,nq_8,,0.0,0.6381432624257812,0.36185673757421877,0.0,0.3333333333333333,4.694642999993448,221.7183019999993,False,1;6;7;14;30,,False,
spectral_dpp_as,nq_9,,0.0,0.8074523201595352,0.19254767984046484,0.0,0.5,4.578785000035168,186.9180219999862,False,15;19;34;43;48,,False,
spectral_dpp_as,nq_10,0.2857142857142857,0.8,0.7949576893064805,0.20504231069351952,1.0,1.0,4.624193000040577,202.81155700001818,True,5;8;11;42;46,0;1;2;3;5;8;9;11;14;17;23;36;39;42,False,
spectral_dpp_as,nq_11,0.75,0.6,0.78391841015874,0.21608158984126002,1.0,1.0,4.663711000034709,222.79671000001144,True,0;3;7;32;37,3;7;14;37,False,
spectral_dpp_as,nq_12,0.3333333333333333,0.2,0.7954386891970728,0.20456131080292717,0.0,0.0,4.6483749999879365,202.42596200000662,True,0;14;18;21;29,0;1;41,False,
spectral_dpp_as,nq_13,0.7142857142857143,1.0,0.8473733470427754,0.15262665295722455,1.0,1.0,4.654782999978124,202.416357000061,True,0;1;4;5;31,0;1;3;4;5;16;31,False,
spectral_dpp_as,nq_14,0.4,0.4,0.7685981967762856,0.2314018032237144,0.0,0.5714285714285715,4.5651429999225,307.5035649999336,True,0;10;11;31;45,0;1;2;9;11,False,
spectral_dpp_as,nq_15,,0.0,0.6952022496850265,0.30479775031497347,0.0,0.0,4.739162999953805,226.29232499991758,False,15;18;36;46;49,,False,
spectral_dpp_as,nq_16,0.5,0.2,0.8618908111389179,0.13810918886108214,0.0,0.7499999999999999,4.539599000054295,243.10197600004813,True,5;7;27;42;43,4;27,False,
spectral_dpp_as,nq_17,0.2,0.2,0.8234791843263715,0.17652081567362854,1.0,1.0,4.585861999998997,200.70815500002936,True,1;13;20;22;29,8;12;22;27;28,False,
spectral_dpp_as,nq_18,0.05263157894736842,0.2,0.8263849941803084,0.17361500581969158,0.0,0.0,4.669130000024779,244.61553900005129,True,0;3;18;34;41,0;1;2;4;5;6;7;10;16;17;20;22;25;27;33;36;37;43;49,False,
spectral_dpp_as,nq_19,0.2,1.0,0.7832095675627189,0.21679043243728113,0.0,0.0,4.614447999983895,202.2621920000347,True,0;9;11;18;27,0;1;2;3;4;5;6;8;9;11;12;13;15;17;18;21;23;27;31;32;36;43;45;47;49,False,
spectral_dpp_as,nq_20,0.5,0.4,0.7984669162265696,0.20153308377343038,0.0,0.0,4.493542999966849,264.77817999989384,True,0;6;9;42;44,0;21;42;48,False,
spectral_dpp_as,nq_21,0.75,0.6,0.6636590393270506,0.3363409606729494,0.0,0.33333333333333337,4.595917999949961,307.1192280000332,True,0;1;3;23;48,0;1;3;16,False,
spectral_dpp_as,nq_22,0.3333333333333333,0.8,0.843627516521505,0.15637248347849497,0.0,0.6666666666666666,4.584352000051695,181.0458180000296,True,0;1;3;5;26,0;3;5;12;17;22;24;26;28;31;34;48,False,
spectral_dpp_as,nq_23,0.75,0.6,0.8251881144429758,0.1748118855570242,1.0,1.0,4.539109000006647,180.6977989999723,True,5;7;8;33;34,5;8;31;33,False,
spectral_dpp_as,nq_24,1.0,0.8,0.9102010331457286,0.08979896685427136,1.0,1.0,4.520871999943665,225.0746600000184,True,0;1;2;4;7,0;2;4;7,False,
spectral_dpp_as,nq_25,0.25,0.6,0.7888285157577745,0.21117148424222554,0.0,0.5,4.501079999954527,220.8874600000854,True,7;15;19;43;46,0;3;5;15;19;24;34;37;41;42;43;45,False,
spectral_dpp_as,nq_26,,0.0,0.6727415658000853,0.32725843419991474,0.0,0.0,4.825211000024865,244.53858300000775,False,8;23;29;45;46,,False,
spectral_dpp_as,nq_27,1.0,0.2,0.6235679464936871,0.3764320535063129,0.0,0.8,4.592866999928447,285.519886999964,True,0;2;29;31;38,0,False,
spectral_dpp_as,nq_28,0.35714285714285715,1.0,0.8480600582464899,0.1519399417535101,0.0,0.6666666666666666,4.817530000082115,201.57155399999738,True,0;14;31;35;40,0;1;3;11;14;15;18;25;28;31;32;35;40;45,False,
spectral_dpp_as,nq_29,0.5,0.2,0.8546793899849771,0.14532061001502294,0.0,1.0,4.5952699999816105,269.82792400008293,True,2;4;9;10;22,1;2,False,
spectral_dpp_as,nq_30,0.5,0.8,0.8532694256501344,0.14673057434986558,1.0,1.0,4.764958000009756,285.17767699997876,True,0;1;25;27;45,0;1;3;6;10;25;27;29,False,
spectral_dpp_as,nq_31,1.0,0.2,0.8118790882970668,0.1881209117029332,1.0,1.0,4.568509000023369,182.03268000002026,True,0;3;5;6;44,0,False,
spectral_dpp_as,nq_32,,0.0,0.8175296329548765,0.18247036704512354,0.0,0.5,4.613081999991664,183.1085119999898,False,3;5;10;15;32,,False,
spectral_dpp_as,nq_33,0.0,0.0,0.5975438692938944,0.40245613070610564,0.0,0.8,4.619535999950131,222.77813100004096,True,5;28;31;33;39,0;6,False,
spectral_dpp_as,nq_34,0.6,0.6,0.8358643250517019,0.16413567494829806,0.0,0.0,4.661649000013313,292.33634900003835,True,2;4;5;8;31,1;4;8;13;31,False,
spectral_dpp_as,nq_35,1.0,0.6,0.900795916497173,0.09920408350282695,1.0,1.0,4.743791000009878,269.61965800001053,True,3;5;6;11;15,3;5;6,False,
spectral_dpp_as,nq_36,0.0,0.0,0.79193015793136,0.20806984206864,0.0,0.0,4.6865169999819045,223.7468399999898,True,3;8;17;20;31,5;7,False,
spectral_dpp_as,nq_37,0.75,0.6,0.7393257980810525,0.2606742019189475,1.0,1.0,4.705157999978837,270.3371650000008,True,0;3;17;30;33,0;3;23;30,False,
spectral_dpp_as,nq_38,0.2777777777777778,1.0,0.8587860043478145,0.1412139956521855,0.0,0.8,5.8818430001110755,361.57763699998213,True,0;5;6;8;11,0;1;2;3;4;5;6;7;8;11;17;19;25;26;31;33;45;47,False,
spectral_dpp_as,nq_39,0.05555555555555555,0.2,0.8500325287756467,0.14996747122435328,0.0,0.5,4.598396000005778,206.37711599999875,True,0;1;27;41;47,2;3;4;6;8;10;11;15;16;19;23;33;38;40;43;44;45;47,False,
spectral_dpp_as,nq_40,,0.0,0.8863373361045189,0.11366266389548108,0.0,0.0,4.624716000080298,457.38853700004256,False,1;6;13;30;34,,False,
spectral_dpp_as,nq_41,,0.0,0.8370735235087217,0.16292647649127834,0.0,0.0,4.586491999930331,266.4649409999811,False,8;17;31;38;43,,False,
spectral_dpp_as,nq_42,0.75,0.6,0.8090624904723966,0.19093750952760336,1.0,1.0,4.681770000047436,200.8641599999237,True,0;13;14;17;21,0;14;21;29,False,
spectral_dpp_as,nq_43,,0.0,0.6654065591233065,0.3345934408766935,0.0,0.0,12.404607999997097,263.6277939999445,False,4;18;34;35;36,,False,
spectral_dpp_as,nq_44,0.0,0.0,0.8984311914956351,0.1015688085043649,0.0,0.0,4.646566999895185,221.52221900000768,True,0;3;5;25;44,47,False,
spectral_dpp_as,nq_45,0.11904761904761904,1.0,0.8460478246279063,0.1539521753720937,0.0,0.4,4.568623999944066,262.8143379999983,True,4;11;16;35;40,0;1;2;3;4;5;6;7;8;10;11;13;14;15;16;17;19;20;23;24;25;26;27;28;29;30;31;32;33;35;36;37;39;40;41;43;44;45;46;47;48;49,False,
spectral_dpp_as,nq_46,0.3333333333333333,0.2,0.8626551913597545,0.13734480864024545,0.0,0.28571428571428575,4.621745999997984,201.60380100003295,True,10;12;20;22;28,8;9;12,False,
spectral_dpp_as,nq_47,0.25,0.4,0.8723644402056745,0.1276355597943255,0.0,0.0,4.759635000027629,287.7031309999438,True,2;16;19;29;36,2;6;9;22;36;38;40;43,False,
spectral_dpp_as,nq_48,0.2727272727272727,0.6,0.8074684340885078,0.19253156591149223,0.0,0.0,4.603310999982568,242.77645300003314,True,1;2;3;16;34,0;1;2;4;6;7;9;16;18;41;47,False,
spectral_dpp_as,nq_49,0.0,0.0,0.8376098351029315,0.16239016489706848,0.0,0.5,4.584012999998777,222.1797700000252,True,1;6;35;36;41,10;21;45,False,
spectral_dpp_as,nq_50,,0.0,0.813250396861747,0.18674960313825295,0.0,0.28571428571428575,4.738134999911381,202.05774799990195,False,1;3;12;17;28,,False,
spectral_dpp_as,nq_51,0.14285714285714285,0.6,0.8360686700464784,0.16393132995352155,1.0,1.0,4.59882400002698,181.93849700003284,True,26;34;42;43;49,2;3;4;5;6;15;17;19;20;21;22;25;26;28;29;37;38;40;42;43;45,False,
spectral_dpp_as,nq_52,,0.0,0.6383662039426046,0.36163379605739543,0.0,0.0,4.607534999991003,202.23490099999708,False,11;16;23;26;39,,False,
spectral_dpp_as,nq_53,0.11764705882352941,0.4,0.6862417177121264,0.3137582822878736,0.0,0.0,4.649218999929872,243.48251100002472,True,16;17;38;44;45,0;3;4;7;9;11;13;14;22;28;34;37;41;43;44;45;46,False,
spectral_dpp_as,nq_54,0.2,0.2,0.824857268142402,0.175142731857598,0.0,0.0,4.639925999981642,245.92556000004606,True,2;21;22;42;49,1;13;34;42;47,False,
spectral_dpp_as,nq_55,0.3333333333333333,0.4,0.7949439452215868,0.20505605477841315,0.0,0.6666666666666666,5.770830999949794,263.654314000064,True,3;10;15;27;39,3;13;15;18;26;37,False,
spectral_dpp_as,nq_56,,0.0,0.7758025015688833,0.2241974984311167,0.0,0.0,4.758578000064517,182.40758900003584,False,0;12;36;40;48,,False,
spectral_dpp_as,nq_57,0.6666666666666666,0.8,0.8763986541559958,0.12360134584400417,1.0,1.0,4.523721000055048,180.99448800001028,True,0;1;2;5;6,0;1;2;4;5;38,False,
spectral_dpp_as,nq_58,,0.0,0.6496812967948118,0.3503187032051882,0.0,0.0,4.675792999933037,264.0577580000354,False,0;1;5;29;38,,False,
spectral_dpp_as,nq_59,,0.0,0.6671214483044412,0.3328785516955588,0.0,0.0,4.652165000038622,369.50728099998287,False,4;26;32;33;35,,False,
spectral_dpp_as,nq_60,0.36363636363636365,0.8,0.7980892725757036,0.2019107274242964,0.0,0.5,4.528102999984185,242.4978880000026,True,1;3;17;30;35,1;3;4;5;6;17;18;22;28;35;37,False,
spectral_dpp_as,nq_61,0.5,0.8,0.7617732084666681,0.23822679153333193,0.0,0.0,4.554031999987274,367.14414400000805,True,3;7;17;36;47,3;4;7;10;24;34;36;47,False,
spectral_dpp_as,nq_62,0.25,0.2,0.857893965044094,0.142106034955906,0.0,0.4,4.737169999998514,181.57448900001327,True,4;6;9;11;14,2;11;19;20,False,
spectral_dpp_as,nq_63,0.3333333333333333,0.2,0.8693924960291743,0.13060750397082566,0.0,0.6666666666666666,4.499546000033661,222.1750900000643,True,0;4;11;12;15,0;18;49,False,
spectral_dpp_as,nq_64,0.2727272727272727,0.6,0.8371888670370181,0.16281113296298189,0.0,0.6666666666666666,4.541967000022851,200.72927999990497,True,0;12;25;36;47,0;1;3;4;7;9;10;12;29;32;36,False,
spectral_dpp_as,nq_65,0.625,1.0,0.9032599662622462,0.09674003373775375,0.0,0.6666666666666666,4.637141999978667,201.89571299999898,True,0;3;6;9;37,0;3;4;5;6;7;9;37,False,
spectral_dpp_as,nq_66,0.36363636363636365,0.8,0.8309820659179918,0.16901793408200816,1.0,1.0,4.622440999924038,284.45251199991617,True,0;9;13;16;20,0;3;9;11;13;16;24;26;31;34;38,False,
spectral_dpp_as,nq_67,,0.0,0.7000849449073352,0.2999150550926648,1.0,1.0,4.569239000034031,201.27152999998543,False,1;6;7;9;31,,False,
spectral_dpp_as,nq_68,0.0,0.0,0.8295969313161325,0.17040306868386745,0.0,0.5,4.568685999970512,201.09083999989252,True,0;2;16;33;48,4;11,False,
spectral_dpp_as,nq_69,,0.0,0.6787632268143693,0.3212367731856307,0.0,0.0,4.609114000004411,264.2037819999814,False,3;8;9;23;34,,False,
spectral_dpp_as,nq_70,0.0,0.0,0.7439220591915815,0.2560779408084185,0.0,0.0,4.5858099999804836,242.59026200002154,True,2;29;42;43;45,7;24,False,
spectral_dpp_as,nq_71,0.2222222222222222,0.4,0.8704958373298914,0.12950416267010856,0.0,0.6666666666666666,4.628823000075499,202.63124699999935,True,2;23;29;31;39,0;3;5;12;14;18;22;23;29,False,
spectral_dpp_as,nq_72,0.375,0.6,0.7006531609217674,0.29934683907823256,0.0,0.6666666666666666,4.613329999983762,263.02952300000015,True,0;1;10;26;43,0;1;2;3;4;11;14;43,False,
spectral_dpp_as,nq_73,1.0,0.6,0.7363225368997981,0.2636774631002019,1.0,1.0,4.574141000034615,181.19174800006022,True,0;1;4;12;43,0;1;4,False,
spectral_dpp_as,nq_74,0.6666666666666666,0.4,0.8103143524869306,0.18968564751306938,0.0,0.5,4.546742999991693,264.13813699991806,True,4;9;11;40;47,9;40;41,False,
spectral_dpp_as,nq_75,1.0,0.8,0.7895018737987641,0.21049812620123587,1.0,1.0,4.596640000045227,222.90991299996676,True,0;1;2;10;24,0;1;2;24,False,
spectral_dpp_as,nq_76,1.0,0.8,0.8914460782209617,0.10855392177903833,0.0,0.6666666666666666,4.615941999986717,284.5640300000696,True,0;1;3;7;10,0;1;3;10,False,
spectral_dpp_as,nq_77,,0.0,0.5927823736452762,0.4072176263547238,0.0,0.1,4.66575300004024,680.6074380000382,False,25;32;33;34;47,,False,
spectral_dpp_as,nq_78,0.4,0.4,0.8174135103336926,0.18258648966630742,1.0,1.0,4.593781000039598,265.02503899996555,True,0;13;23;28;38,0;16;19;25;28,False,
spectral_dpp_as,nq_79,0.5,0.4,0.8260598644210682,0.17394013557893184,0.0,0.6666666666666666,4.628706999938004,304.98138899997684,True,0;1;9;21;45,0;1;2;37,False,
spectral_dpp_as,nq_80,0.625,1.0,0.8628615743697813,0.13713842563021872,1.0,1.0,4.683587000045009,244.69712400002663,True,0;4;8;13;14,0;2;3;4;7;8;13;14,False,
spectral_dpp_as,nq_81,0.0967741935483871,0.6,0.855465565437647,0.14453443456235304,0.0,0.5,4.582694999953674,201.47358500003065,True,0;5;8;14;32,0;1;2;3;4;5;7;8;9;10;11;12;13;15;18;23;25;26;27;28;29;31;33;35;36;37;39;41;43;45;47,False,
spectral_dpp_as,nq_82,0.3333333333333333,0.2,0.7994375719631821,0.2005624280368179,0.0,0.5,4.616020999947068,181.8471450000061,True,3;12;18;26;27,3;5;35,False,
spectral_dpp_as,nq_83,,0.0,0.8088554754976748,0.19114452450232522,0.0,0.0,4.695948000062344,221.674824000047,False,1;6;7;40;46,,False,
spectral_dpp_as,nq_84,0.0,0.0,0.7048573892267427,0.2951426107732573,0.0,0.0,4.606319000004078,200.95124399995257,True,22;30;35;42;46,25,False,
spectral_dpp_as,nq_85,0.2,0.2,0.8338389629969738,0.1661610370030262,0.0,0.0,4.59804400009034,222.28848099996412,True,4;7;18;35;37,1;3;8;37;39,False,
spectral_dpp_as,nq_86,0.2857142857142857,0.4,0.6870064431662728,0.3129935568337272,0.0,0.6666666666666666,4.586054000014883,160.90518999999404,True,0;11;17;39;45,0;12;14;16;31;35;39,False,
spectral_dpp_as,nq_87,0.6,0.6,0.7228630715577472,0.2771369284422528,1.0,1.0,4.659417999960169,264.96010699997896,True,0;1;4;47;49,0;1;4;12;30,False,
spectral_dpp_as,nq_88,0.6666666666666666,0.4,0.8082798226958428,0.19172017730415725,0.0,0.8571428571428571,4.568804999962595,222.4199290000115,True,2;4;13;15;32,2;4;31,False,
spectral_dpp_as,nq_89,0.0,0.0,0.8466505197747967,0.15334948022520334,0.0,0.0,4.617959000029259,159.69516799998473,True,6;20;27;30;35,14;22;23;25;40,False,
spectral_dpp_as,nq_90,0.6666666666666666,0.4,0.6914946806861917,0.3085053193138083,0.0,0.6666666666666666,4.7744909999209995,221.8199269999559,True,0;3;12;17;23,0;10;17,False,
spectral_dpp_as,nq_91,,0.0,0.8367339007437036,0.16326609925629643,0.0,0.6666666666666666,4.5465449999255725,266.0314320000907,False,0;5;7;9;42,,False,
spectral_dpp_as,nq_92,,0.0,0.8083157425105212,0.19168425748947882,0.0,0.0,4.6827840000105425,224.97976099998596,False,0;6;8;20;35,,False,
spectral_dpp_as,nq_93,,0.0,0.6275251710638658,0.37247482893613415,0.0,0.3333333333333333,4.574641000090196,222.7956990000166,False,0;25;27;31;42,,False,
spectral_dpp_as,nq_94,1.0,0.4,0.735391698019958,0.26460830198004204,0.0,0.3333333333333333,4.612885000028655,285.9309760000315,True,0;2;17;28;42,0;2,False,
spectral_dpp_as,nq_95,0.45454545454545453,1.0,0.9343623713911284,0.06563762860887157,0.0,0.0,4.579505999913636,200.37402399998427,True,0;3;4;8;26,0;3;4;8;23;26;29;35;38;43;49,False,
spectral_dpp_as,nq_96,0.5,0.4,0.7770361865759441,0.2229638134240559,1.0,1.0,4.585147999932815,182.70814700008486,True,1;7;8;10;25,0;1;25;36,False,
spectral_dpp_as,nq_97,0.3333333333333333,0.2,0.8266711425963689,0.17332885740363113,1.0,1.0,4.620408000050702,202.75404899996374,True,25;29;35;47;49,8;13;47,False,
spectral_dpp_as,nq_98,0.16666666666666666,0.4,0.8988366876684456,0.1011633123315544,0.0,0.0,4.577730999926644,368.0580309999186,True,0;2;8;47;48,0;1;7;10;11;18;24;25;26;28;36;48,False,
spectral_dpp_as,nq_99,1.0,0.4,0.8006880570739352,0.1993119429260648,0.0,0.4444444444444445,4.725097999994432,264.9052680000068,True,0;3;4;5;19,0;4,False,
spectral_dpp_as,nq_100,0.42857142857142855,0.6,0.8360494764035818,0.16395052359641815,0.0,0.0,4.506008000021211,203.19981199997983,True,5;7;17;32;45,0;2;5;17;39;43;45,False,
spectral_dpp_as,nq_101,0.3333333333333333,0.6,0.8047276893621312,0.19527231063786876,0.0,0.7499999999999999,4.564094999977897,242.4518679999892,True,0;1;2;32;40,1;2;13;23;24;26;31;40;45,False,
spectral_dpp_as,nq_102,0.2857142857142857,0.4,0.7689874111483941,0.23101258885160592,1.0,1.0,4.589566000049672,180.72477400005482,True,2;6;21;24;44,0;2;6;16;17;26;29,False,
spectral_dpp_as,nq_103,0.0,0.0,0.8007718339191431,0.19922816608085692,0.0,0.0,4.549630000042271,223.31124299989824,True,0;4;19;27;39,10,False,
spectral_dpp_as,nq_104,1.0,0.2,0.8686048803550268,0.1313951196449732,0.0,0.6666666666666665,4.6374670000659535,269.52775300003395,True,1;20;21;29;40,1,False,
spectral_dpp_as,nq_105,0.125,1.0,0.8114993948521869,0.18850060514781308,0.0,0.4,4.586362000054578,315.78719599997385,True,14;30;32;35;48,0;1;2;3;4;5;6;7;8;12;13;14;15;16;17;18;19;20;22;23;25;26;27;28;29;30;32;35;36;37;38;40;41;42;44;45;46;47;48;49,False,
spectral_dpp_as,nq_106,,0.0,0.7688059856294476,0.23119401437055243,0.0,0.0,4.646701000069697,209.83784599991395,False,9;14;19;34;46,,False,
spectral_dpp_as,nq_107,,0.0,0.8576747965199193,0.1423252034800807,0.0,0.0,4.7412260000783135,294.55690499992215,False,0;1;2;5;8,,False,
spectral_dpp_as,nq_108,0.25,0.6,0.8449188994420638,0.15508110055793622,1.0,1.0,4.896651999956703,182.39388300003156,True,2;3;36;47;48,2;3;5;6;12;14;24;29;36;40;42;43,False,
spectral_dpp_as,nq_109,,0.0,0.7176035754780792,0.2823964245219208,0.0,0.0,4.640751000010823,204.1955089999874,False,8;23;32;39;47,,False,
spectral_dpp_as,nq_110,,0.0,0.7642029659344278,0.23579703406557218,0.0,0.4,4.616476000023795,242.8162449999718,False,4;9;15;17;46,,False,
spectral_dpp_as,nq_111,,0.0,0.8768089024268952,0.12319109757310476,0.0,0.0,4.60201999999299,223.00825000002078,False,0;26;27;43;49,,False,
spectral_dpp_as,nq_112,0.25,1.0,0.8454698279405172,0.15453017205948283,0.0,0.5,4.7472730000208685,246.26418400009698,True,2;8;17;24;26,0;1;2;3;4;5;6;7;8;9;13;15;17;24;26;29;33;38;44;49,False,
spectral_dpp_as,nq_113,0.75,0.6,0.7558929537941731,0.2441070462058269,1.0,1.0,4.594833000055587,159.51775700000326,True,0;1;4;6;41,0;1;6;40,False,
spectral_dpp_as,nq_114,1.0,0.2,0.8434680062672811,0.15653199373271887,0.0,0.28571428571428575,4.5699739999918165,245.75663999996777,True,13;19;23;30;37,37,False,
spectral_dpp_as,nq_115,0.5,0.2,0.6661133474549507,0.33388665254504934,1.0,1.0,4.624933000059173,234.20734100000118,True,0;31;33;44;46,0;7,False,
spectral_dpp_as,nq_116,0.22727272727272727,1.0,0.9340204030818317,0.06597959691816835,0.0,0.6666666666666666,4.613432000041939,180.62203599993154,True,0;1;2;8;37,0;1;2;3;5;8;10;12;13;23;26;27;28;29;31;33;37;39;41;42;44;47,False,
spectral_dpp_as,nq_117,0.5,0.2,0.8553135114732624,0.1446864885267376,0.0,0.0,4.608569000083662,200.41418699997848,True,3;10;34;40;49,3;4,False,
spectral_dpp_as,nq_118,,0.0,0.7283334528893339,0.27166654711066607,0.0,0.0,4.616201999965597,410.7083319998992,False,4;6;17;29;45,,False,
spectral_dpp_as,nq_119,0.2,0.2,0.9068188569676234,0.09318114303237657,1.0,1.0,4.792160999954831,201.04251200007184,True,5;7;10;11;22,0;8;11;15;19,False,
spectral_dpp_as,nq_120,0.75,0.6,0.7968275709570267,0.20317242904297328,1.0,1.0,4.525112000010267,201.34404499992797,True,0;4;5;16;21,0;2;4;5,False,
spectral_dpp_as,nq_121,0.23076923076923078,0.6,0.7586151175324318,0.24138488246756817,0.0,0.5714285714285715,4.564200999993773,285.5088279999336,True,7;10;29;40;47,0;7;10;12;17;18;26;28;29;45;46;48;49,False,
spectral_dpp_as,nq_122,,0.0,0.8365672461457709,0.16343275385422906,0.0,0.6666666666666666,4.631933000041499,242.4118210000188,False,2;4;12;15;22,,False,
spectral_dpp_as,nq_123,0.3333333333333333,0.4,0.8038059167450899,0.19619408325491006,1.0,1.0,4.645073999995475,221.7439649999733,True,2;3;4;44;45,1;2;4;6;7;12,False,
spectral_dpp_as,nq_124,1.0,0.2,0.6823289729415191,0.31767102705848094,1.0,1.0,4.663089000018772,202.13702099999864,True,0;3;4;34;42,4,False,
spectral_dpp_as,nq_125,0.3333333333333333,0.8,0.9008238566901084,0.09917614330989155,0.0,0.6666666666666666,4.669448999948145,181.32270700004938,True,0;1;4;10;11,0;1;2;4;5;6;7;8;10;21;40;47,False,
spectral_dpp_as,nq_126,0.3333333333333333,0.2,0.6498175262797311,0.3501824737202689,1.0,1.0,4.648995000025025,160.88563499999964,True,4;7;13;26;35,0;1;4,False,
spectral_dpp_as,nq_127,0.5,0.4,0.6812803968696487,0.3187196031303513,0.0,0.0,4.601297000021987,390.42330000006586,True,0;1;28;39;40,0;1;3;7,False,
spectral_dpp_as,nq_128,0.375,0.6,0.8616942286140137,0.13830577138598632,1.0,1.0,4.661567000084688,160.58699600000637,True,0;4;10;24;33,0;4;9;15;28;33;35;44,False,
spectral_dpp_as,nq_129,0.3333333333333333,0.6,0.7995135293357066,0.20048647066429337,1.0,1.0,4.664918999992551,222.4372199999607,True,0;10;28;29;33,0;1;5;6;9;10;33;37;48,False,
spectral_dpp_as,nq_130,,0.0,0.7940226502470022,0.20597734975299775,1.0,1.0,4.608645999951477,223.5277809999161,False,4;12;13;14;26,,False,
spectral_dpp_as,nq_131,0.14285714285714285,0.2,0.8800038128866836,0.11999618711331639,0.0,0.0,4.62582799991651,265.0278339999659,True,4;5;24;34;41,0;4;15;20;23;43;46,False,
spectral_dpp_as,nq_132,0.0,0.0,0.8171247351908736,0.18287526480912641,0.0,0.0,4.725871999994524,204.21895499998755,True,0;5;6;20;33,9;18;19;28,False,
spectral_dpp_as,nq_133,0.2,0.2,0.8490006223518577,0.1509993776481423,0.0,0.3333333333333333,4.461342000013246,223.18704000008438,True,1;22;26;35;47,2;5;9;31;47,False,
spectral_dpp_as,nq_134,0.5,0.4,0.8250622533998406,0.17493774660015937,0.0,0.0,4.625778999979957,139.61071100004574,True,1;3;6;19;32,0;3;5;6,False,
spectral_dpp_as,nq_135,0.0,0.0,0.6389181590582893,0.3610818409417107,0.0,0.0,4.618213999947329,202.11876799999118,True,4;27;32;43;47,0;20;28;38,False,
spectral_dpp_as,nq_136,1.0,0.2,0.6071440621518296,0.3928559378481704,0.0,0.6666666666666666,4.618348999997579,369.16787500001647,True,18;19;21;22;30,21,False,
spectral_dpp_as,nq_137,0.5,0.2,0.7403721006170901,0.25962789938290987,0.0,0.2857142857142857,4.5517420001033315,701.6853000000083,True,0;4;8;21;40,0;3,False,
spectral_dpp_as,nq_138,,0.0,0.8073466658349734,0.1926533341650266,0.0,0.0,4.650502000004053,286.14411800003836,False,5;18;25;37;39,,False,
spectral_dpp_as,nq_139,,0.0,0.657476492186453,0.342523507813547,0.0,0.0,4.598145999921144,328.62573099998826,False,0;3;5;6;32,,False,
spectral_dpp_as,nq_140,1.0,0.4,0.8715623286380101,0.1284376713619899,1.0,1.0,4.534616999990249,264.94612999999845,True,1;6;7;16;21,1;6,False,
spectral_dpp_as,nq_141,0.15625,1.0,0.8446284992825378,0.1553715007174622,0.0,0.0,4.75882700004604,201.50238799999443,True,14;21;24;33;45,2;3;5;7;11;13;14;16;18;19;20;21;22;23;24;25;26;29;30;31;32;33;34;35;36;37;39;44;45;46;47;48,False,
spectral_dpp_as,nq_142,0.125,1.0,0.8491524205466202,0.1508475794533798,0.0,0.0,4.645760000016708,285.07782700000917,True,4;6;10;37;41,0;1;2;3;4;5;6;7;8;9;10;11;12;13;14;15;16;17;18;19;20;21;22;23;24;25;26;28;30;31;36;37;39;41;42;43;44;45;47;49,False,
spectral_dpp_as,nq_143,0.3333333333333333,0.2,0.7234575911665804,0.27654240883341963,1.0,1.0,4.628553999964424,265.77516199995443,True,15;26;32;34;45,6;26;47,False,
spectral_dpp_as,nq_144,0.19047619047619047,0.8,0.8576842113612649,0.14231578863873506,0.0,0.8,4.592418000015641,201.31993799998327,True,12;21;28;36;37,0;1;3;4;5;6;8;11;12;20;21;22;28;29;36;39;40;41;43;45;48,False,
spectral_dpp_as,nq_145,0.0,0.0,0.6928068922454133,0.30719310775458675,0.0,0.0,4.6009919999505655,242.3303450000276,True,16;18;21;25;33,8,False,
spectral_dpp_as,nq_146,0.42857142857142855,0.6,0.8211528845935279,0.17884711540647213,1.0,1.0,4.576449999944998,222.80040099997223,True,2;3;9;14;46,2;6;8;9;14;22;33,False,
spectral_dpp_as,nq_147,0.6,0.6,0.7335859786977075,0.2664140213022925,1.0,1.0,4.632167999943704,286.7650199999616,True,0;11;16;40;44,0;6;8;11;40,False,
spectral_dpp_as,nq_148,0.6666666666666666,0.8,0.888906527348183,0.11109347265181702,0.0,0.5714285714285715,4.601715000035256,285.4135499999302,True,0;1;6;11;22,0;1;4;6;17;22,False,
spectral_dpp_as,nq_149,1.0,0.4,0.8490293243660301,0.15097067563396993,0.0,0.28571428571428575,4.548892999991949,307.43138900004396,True,2;4;6;12;38,2;4,False,
spectral_dpp_as,nq_150,,0.0,0.770842787880575,0.22915721211942497,0.0,0.0,4.643506999968849,243.09865800000807,False,1;8;31;36;37,,False,
spectral_dpp_as,nq_151,0.3333333333333333,0.4,0.8791730666282416,0.12082693337175843,0.0,0.5,4.643594999947709,264.7211870000774,True,0;1;4;10;22,4;6;18;22;28;38,False,
spectral_dpp_as,nq_152,1.0,0.4,0.8571879021623257,0.14281209783767435,0.0,0.8,4.665920000093138,202.81592300000284,True,0;1;2;6;20,0;1,False,
spectral_dpp_as,nq_153,0.3333333333333333,0.2,0.714457457785393,0.28554254221460695,1.0,1.0,4.6348889999308085,201.39887599998474,True,2;11;12;30;46,0;1;46,False,
spectral_dpp_as,nq_154,,0.0,0.8558765718551552,0.1441234281448448,0.0,0.0,4.6704019999879165,243.27671399998962,False,2;9;12;39;42,,False,
spectral_dpp_as,nq_155,,0.0,0.7260197476600263,0.2739802523399737,0.0,0.0,4.62288999995053,285.06474400001025,False,16;18;22;33;42,,False,
spectral_dpp_as,nq_156,0.1875,0.6,0.8825600566606789,0.11743994333932106,0.0,0.6666666666666666,4.600341000013941,201.14902900002107,True,1;3;7;9;16,0;3;4;5;6;7;8;14;16;17;24;27;39;42;43;49,False,
spectral_dpp_as,nq_157,1.0,0.6,0.7163508443841022,0.28364915561589776,0.0,0.5,4.665804999945067,205.89048800002274,True,0;1;31;48;49,0;1;49,False,
spectral_dpp_as,nq_158,,0.0,0.6961884779008667,0.3038115220991333,0.0,0.0,4.54925799999728,263.41447799995876,False,7;14;22;25;47,,False,
spectral_dpp_as,nq_159,0.5,0.2,0.740987556872493,0.25901244312750704,0.0,0.0,4.579963999958636,181.10741999998936,True,15;25;27;32;40,32;49,False,
spectral_dpp_as,nq_160,1.0,0.2,0.7518076664751785,0.2481923335248215,0.0,0.0,4.541475999985778,244.20884199992088,True,4;5;12;25;48,4,False,
spectral_dpp_as,nq_161,0.4,0.4,0.7685598011266135,0.23144019887338652,0.0,0.0,4.597106000005624,243.6763800000108,True,2;17;32;33;36,2;12;21;25;32,False,
spectral_dpp_as,nq_162,1.0,0.8,0.7827820481251692,0.21721795187483084,1.0,1.0,4.7366860000011,245.80393899998398,True,1;4;6;17;46,1;4;17;46,False,
spectral_dpp_as,nq_163,,0.0,0.6861305176305011,0.31386948236949885,0.0,0.8,4.5828229999642645,201.59253999997873,False,1;2;4;24;48,,False,
spectral_dpp_as,nq_164,1.0,0.4,0.7668622136092187,0.2331377863907813,0.0,0.0,4.648434000046109,225.764034000008,True,0;4;32;40;49,4;32,False,
spectral_dpp_as,nq_165,0.75,0.6,0.7921364222232128,0.2078635777767872,1.0,1.0,4.604154000048766,224.90368299997954,True,3;5;11;12;17,0;3;5;12,False,
spectral_dpp_as,nq_166,0.3333333333333333,0.2,0.8441009844259515,0.1558990155740485,1.0,1.0,4.619953000087662,285.7650629999853,True,0;4;10;11;12,0;1;2,False,
spectral_dpp_as,nq_167,0.6666666666666666,0.4,0.8579604624637376,0.14203953753626242,1.0,1.0,4.692407999982606,221.6702839999698,True,2;4;18;24;26,4;5;24,False,
spectral_dpp_as,nq_168,0.2,0.2,0.811975466054936,0.18802453394506402,0.0,0.3333333333333333,4.600533000029827,291.3537640000641,True,4;5;14;21;31,0;4;17;19;39,False,
spectral_dpp_as,nq_169,0.058823529411764705,0.2,0.817960425461731,0.18203957453826902,0.0,0.5,4.7355980000247655,202.6420339999504,True,9;15;42;48;49,0;1;4;6;8;15;17;18;19;20;22;25;31;33;41;44;46,False,
spectral_dpp_as,nq_170,0.16666666666666666,0.2,0.8395563012593872,0.16044369874061282,0.0,0.4,4.694667999956437,265.76645599993753,True,0;2;4;7;30,0;1;5;8;21;45,False,
spectral_dpp_as,nq_171,0.375,0.6,0.8679737544708658,0.13202624552913422,0.0,0.6666666666666666,4.5274089999338685,224.67793599992092,True,2;16;24;27;42,2;4;6;15;24;32;42;44,False,
spectral_dpp_as,nq_172,,0.0,0.6759015285100073,0.3240984714899927,0.0,0.0,4.596038000045155,181.9948419999946,False,5;8;46;47;49,,False,
spectral_dpp_as,nq_173,1.0,0.4,0.8904616751255251,0.1095383248744749,1.0,1.0,4.614973999991889,182.559455000046,True,0;1;2;3;29,0;1,False,
spectral_dpp_as,nq_174,0.3333333333333333,0.6,0.8105775755463419,0.1894224244536581,1.0,1.0,4.631033000009666,266.73480599993127,True,0;3;6;10;12,0;2;6;8;9;12;17;28;45,False,
spectral_dpp_as,nq_175,0.25,0.6,0.7454957667800279,0.25450423321997206,0.0,0.6,4.577107000045544,417.01185599993096,True,0;8;13;22;25,0;1;2;3;4;5;6;8;17;22;23;44,False,
spectral_dpp_as,nq_176,,0.0,0.8330938602966157,0.1669061397033843,0.0,0.0,4.618694999976469,329.0077220000285,False,0;2;5;6;8,,False,
spectral_dpp_as,nq_177,0.07692307692307693,0.2,0.802719988864865,0.19728001113513505,0.0,0.0,4.601402999924176,264.73952499998177,True,8;12;15;17;36,5;7;12;13;18;20;21;31;34;37;39;43;47,False,
spectral_dpp_as,nq_178,0.4444444444444444,0.8,0.8357406142137304,0.16425938578626964,0.0,0.4,4.712942999958614,221.9863660000101,True,2;24;34;40;46,2;5;17;21;24;26;28;34;46,False,
spectral_dpp_as,nq_179,,0.0,0.596810759001509,0.40318924099849096,0.0,0.0,4.5491449999417455,223.76787000007425,False,3;17;18;20;41,,False,
spectral_dpp_as,nq_180,0.5,0.4,0.8298942760998569,0.1701057239001431,0.0,0.5714285714285715,4.6232570000483975,378.247809999948,True,1;9;10;13;14,1;5;13;41,False,
spectral_dpp_as,nq_181,1.0,0.4,0.7808408263231523,0.21915917367684767,1.0,1.0,4.611328000009962,242.49741100004485,True,5;17;30;42;48,17;30,False,
spectral_dpp_as,nq_182,,0.0,0.7001796546644534,0.2998203453355466,0.0,0.0,4.640106000010746,181.49752500005434,False,1;20;35;39;45,,False,
spectral_dpp_as,nq_183,0.0,0.0,0.6426260933758592,0.3573739066241408,0.0,0.3333333333333333,4.6153509999840026,244.45296199996847,True,17;21;35;38;43,12;27;29;49,False,
spectral_dpp_as,nq_184,0.5,0.4,0.8289451448847498,0.1710548551152502,0.0,0.25,4.586357999983193,243.88789400006772,True,0;2;15;28;36,0;2;4;9,False,
spectral_dpp_as,nq_185,,0.0,0.6993636784822674,0.30063632151773256,0.0,0.0,4.630993999967359,267.54781700003605,False,20;25;37;43;48,,False,
spectral_dpp_as,nq_186,0.36363636363636365,0.8,0.8177049319897998,0.18229506801020023,1.0,1.0,4.553134000047976,201.43434500005242,True,2;6;7;22;23,0;2;6;7;13;15;18;22;34;38;49,False,
spectral_dpp_as,nq_187,0.3333333333333333,0.2,0.8090706173496229,0.19092938265037707,1.0,1.0,4.591653000034057,221.678417000021,True,0;2;9;12;18,0;5;17,False,
spectral_dpp_as,nq_188,1.0,0.2,0.6342535012801008,0.36574649871989917,1.0,1.0,4.593068999952266,223.14540299998953,True,29;32;40;43;47,40,False,
spectral_dpp_as,nq_189,,0.0,0.618174057771111,0.381825942228889,0.0,0.0,4.6061100000542865,223.2636649999904,False,0;1;33;36;42,,False,
spectral_dpp_as,nq_190,0.75,0.6,0.8298663797050783,0.17013362029492174,1.0,1.0,4.611124000007294,202.45511100006297,True,0;3;15;19;41,0;3;15;17,False,
spectral_dpp_as,nq_191,0.5555555555555556,1.0,0.8622933489117338,0.13770665108826619,1.0,1.0,4.579314000011436,243.258179999998,True,0;6;8;35;36,0;2;6;8;9;30;35;36;47,False,
spectral_dpp_as,nq_192,0.3333333333333333,0.2,0.7431725011471648,0.2568274988528352,0.0,0.0,4.567444000031173,203.71536000004653,True,0;3;6;26;34,3;11;22,False,
spectral_dpp_as,nq_193,,0.0,0.7972534296949242,0.2027465703050758,0.0,0.0,4.611968999938654,160.09136299999227,False,5;8;29;31;41,,False,
spectral_dpp_as,nq_194,1.0,0.6,0.7197537680083783,0.2802462319916217,1.0,1.0,4.583794000041053,284.91030500003944,True,0;1;15;19;40,0;1;19,False,
spectral_dpp_as,nq_195,,0.0,0.8978994835555263,0.10210051644447371,0.0,0.0,4.589731000010033,285.27707399996416,False,8;10;22;38;40,,False,
spectral_dpp_as,nq_196,0.2857142857142857,0.8,0.7703895960752087,0.22961040392479126,0.0,0.4444444444444445,4.579196000008778,708.4268609999071,True,0;11;12;16;46,0;1;5;6;10;12;15;16;22;26;37;38;45;46,False,
spectral_dpp_as,nq_197,1.0,0.2,0.8861587196731264,0.11384128032687357,0.0,0.7499999999999999,4.73799099995631,202.2654900000589,True,1;3;4;12;41,1,False,
spectral_dpp_as,nq_198,0.35714285714285715,1.0,0.8340737711705757,0.16592622882942432,0.0,0.0,4.690986000014163,222.67556000008426,True,4;20;21;37;45,0;1;4;5;11;12;15;16;18;20;21;37;45;48,False,
spectral_dpp_as,nq_199,0.25,0.4,0.8102128129971724,0.1897871870028276,1.0,1.0,4.63878499999737,243.80659099995228,True,1;10;16;29;34,1;7;9;11;16;17;19;45,False,
topk_as,nq_0,0.5,0.4,0.8541128623045979,0.14588713769540207,0.0,0.8571428571428571,0.32538699997530784,494.13902200001303,True,0;1;25;32;37,0;1;4;38,False,
topk_as,nq_1,0.6666666666666666,0.8,0.8147195232404482,0.18528047675955184,0.0,0.5714285714285715,0.13383599991811934,268.74342099995374,True,0;1;7;30;43,0;1;7;9;14;30,False,
topk_as,nq_2,0.23076923076923078,0.6,0.7073026824592535,0.29269731754074646,1.0,1.0,0.23087400006716052,181.55171500006873,True,0;1;32;40;47,0;1;6;7;16;19;22;23;32;33;35;38;45,False,
topk_as,nq_3,0.625,1.0,0.9206778542074365,0.07932214579256347,0.0,0.0,0.22755300005883328,289.0920359999427,True,24;29;37;45;49,4;6;24;29;37;45;47;49,False,
topk_as,nq_4,0.3,0.6,0.8652634822778797,0.13473651772212025,1.0,1.0,0.22797300005095167,182.42501800000355,True,0;10;26;29;40,0;3;7;16;24;26;27;33;40;47,False,
topk_as,nq_5,0.0,0.0,0.8888063393982742,0.11119366060172575,0.0,0.0,0.2215470000237474,246.19245200005935,True,0;5;8;10;21,19;44,False,
topk_as,nq_6,0.0,0.0,0.9058967500802556,0.09410324991974439,0.0,0.0,0.22846799993203604,267.8308230000539,True,0;3;5;11;12,9;33,False,
topk_as,nq_7,,0.0,0.9030805196519799,0.09691948034802012,0.0,0.6666666666666666,0.2202410000791133,205.2037509999991,False,4;9;34;42;49,,False,
topk_as,nq_8,,0.0,0.8305633069813464,0.1694366930186536,0.0,0.3333333333333333,0.10451000002831279,244.9939099999483,False,0;1;7;14;49,,False,
topk_as,nq_9,,0.0,0.8074523201595352,0.19254767984046484,0.0,0.5,0.24847600002431136,190.13476999998602,False,15;19;34;43;48,,False,
topk_as,nq_10,0.21428571428571427,0.6,0.8146857005462078,0.1853142994537922,1.0,1.0,0.10541800008923019,204.64634400002524,True,8;11;28;42;46,0;1;2;3;5;8;9;11;14;17;23;36;39;42,False,
topk_as,nq_11,1.0,0.8,0.8281666997146235,0.17183330028537647,1.0,1.0,0.22357800003192096,225.98566800002118,True,0;3;7;14;37,3;7;14;37,False,
topk_as,nq_12,0.6666666666666666,0.4,0.8809614192203821,0.11903858077961793,0.0,0.0,0.24260200007120147,333.4320139999818,True,0;1;3;14;18,0;1;41,False,
topk_as,nq_13,0.7142857142857143,1.0,0.8796021870085656,0.12039781299143437,1.0,1.0,0.11310699994737661,206.8401010000116,True,0;1;4;5;16,0;1;3;4;5;16;31,False,
topk_as,nq_14,1.0,1.0,0.8793194192567189,0.12068058074328114,0.0,0.5714285714285715,0.17463500000758359,321.8639310000526,True,0;1;2;9;11,0;1;2;9;11,False,
topk_as,nq_15,,0.0,0.7084245033339727,0.29157549666602733,0.0,0.0,0.14078499998504412,234.23113299998022,False,17;18;36;46;49,,False,
topk_as,nq_16,0.5,0.2,0.8618908111389179,0.13810918886108214,0.0,0.7499999999999999,0.1271270000415825,283.6164260000942,True,5;7;27;42;43,4;27,False,
topk_as,nq_17,0.2,0.2,0.8234791843263715,0.17652081567362854,1.0,1.0,0.23060299997723632,203.25204299990673,True,1;13;20;22;29,8;12;22;27;28,False,
topk_as,nq_18,0.05263157894736842,0.2,0.8263849941803084,0.17361500581969158,0.0,0.0,0.2313640000011219,227.29641699993408,True,0;3;18;34;41,0;1;2;4;5;6;7;10;16;17;20;22;25;27;33;36;37;43;49,False,
topk_as,nq_19,0.2,1.0,0.7832095675627189,0.21679043243728113,0.0,0.0,0.1079620000155046,204.9392330000046,True,0;9;11;18;27,0;1;2;3;4;5;6;8;9;11;12;13;15;17;18;21;23;27;31;32;36;43;45;47;49,False,
topk_as,nq_20,0.75,0.6,0.8578963356922049,0.14210366430779509,0.0,0.0,0.2635229999441435,247.98201800001607,True,0;6;9;42;48,0;21;42;48,False,
topk_as,nq_21,0.75,0.6,0.7655556008425448,0.23444439915745519,0.0,0.33333333333333337,0.1131419999182981,312.6953680000497,True,0;1;3;14;23,0;1;3;16,False,
topk_as,nq_22,0.3333333333333333,0.8,0.843627516521505,0.15637248347849497,0.0,0.6666666666666666,0.22966699998505646,182.8689049999639,True,0;1;3;5;26,0;3;5;12;17;22;24;26;28;31;34;48,False,
topk_as,nq_23,0.75,0.6,0.8251881144429756,0.17481188555702443,1.0,1.0,0.11522599993440963,182.58800099999917,True,5;7;8;33;34,5;8;31;33,False,
topk_as,nq_24,1.0,0.8,0.9102010331457286,0.08979896685427136,1.0,1.0,0.22945900002468989,228.97553699999662,True,0;1;2;4;7,0;2;4;7,False,
topk_as,nq_25,0.25,0.6,0.7888285157577745,0.21117148424222554,0.0,0.5,0.1141589999633652,224.62253100002272,True,7;15;19;43;46,0;3;5;15;19;24;34;37;41;42;43;45,False,
topk_as,nq_26,,0.0,0.6727415658000853,0.32725843419991474,0.0,0.0,0.23079300001427328,249.79604100008146,False,8;23;29;45;46,,False,
topk_as,nq_27,1.0,0.2,0.7090364907533585,0.2909635092466415,0.0,0.8,0.10999600010563881,289.9091330000374,True,0;2;6;29;32,0,False,
topk_as,nq_28,0.35714285714285715,1.0,0.8955724609610083,0.10442753903899171,0.0,0.6666666666666666,0.15599699997892458,204.4777990000739,True,0;1;28;31;32,0;1;3;11;14;15;18;25;28;31;32;35;40;45,False,
topk_as,nq_29,0.5,0.2,0.861273147251687,0.13872685274831298,0.0,1.0,0.2626619999546165,269.50686300006055,True,0;2;4;9;22,1;2,False,
topk_as,nq_30,0.5,0.8,0.8532694256501344,0.14673057434986558,1.0,1.0,0.12056100001700543,290.75026999998954,True,0;1;25;27;45,0;1;3;6;10;25;27;29,False,
topk_as,nq_31,1.0,0.2,0.8118790882970668,0.1881209117029332,1.0,1.0,0.12487100002545048,182.1014690000311,True,0;3;5;6;44,0,False,
topk_as,nq_32,,0.0,0.8175296329548765,0.18247036704512354,0.0,0.5,0.18176100002165185,184.8096109999915,False,3;5;10;15;32,,False,
topk_as,nq_33,0.5,0.2,0.7701061558512619,0.22989384414873815,1.0,1.0,0.2562720000014451,183.53339300006155,True,1;5;6;28;40,0;6,False,
topk_as,nq_34,0.4,0.4,0.8347301659688432,0.1652698340311568,0.0,0.0,0.24555900006362208,291.5638619999754,True,2;4;5;7;31,1;4;8;13;31,False,
topk_as,nq_35,1.0,0.6,0.900795916497173,0.09920408350282695,1.0,1.0,0.23804599993582087,268.71543000004294,True,3;5;6;11;15,3;5;6,False,
topk_as,nq_36,0.0,0.0,0.8117528494934465,0.1882471505065535,0.0,0.0,0.11725300009857165,225.26565600003323,True,3;8;9;20;31,5;7,False,
topk_as,nq_37,0.75,0.6,0.7832614966608917,0.21673850333910827,1.0,1.0,0.15734700002667523,267.8877550000607,True,0;3;11;17;30,0;3;23;30,False,
topk_as,nq_38,0.2777777777777778,1.0,0.8587860043478145,0.1412139956521855,0.0,0.8,0.11768499996378523,353.38587299997926,True,0;5;6;8;11,0;1;2;3;4;5;6;7;8;11;17;19;25;26;31;33;45;47,False,
topk_as,nq_39,0.0,0.0,0.867129358416509,0.13287064158349104,0.0,0.0,0.10877300007905433,162.67769900002804,True,0;1;13;27;41,2;3;4;6;8;10;11;15;16;19;23;33;38;40;43;44;45;47,False,
topk_as,nq_40,,0.0,0.8863373361045189,0.11366266389548108,0.0,0.0,0.11003699989942106,460.8859359999542,False,1;6;13;30;34,,False,
topk_as,nq_41,,0.0,0.8370735235087217,0.16292647649127834,0.0,0.0,0.24026900007356744,270.32870800007913,False,8;17;31;38;43,,False,
topk_as,nq_42,0.75,0.6,0.8090624904723966,0.19093750952760336,1.0,1.0,0.22322600000279635,203.99129999998422,True,0;13;14;17;21,0;14;21;29,False,
topk_as,nq_43,,0.0,0.7459799612947468,0.25402003870525325,0.0,0.0,0.2529920000142738,224.688866000065,False,11;18;26;35;36,,False,
topk_as,nq_44,0.0,0.0,0.9096881735004485,0.0903118264995515,0.0,0.0,0.11380899991308979,289.02876200004357,True,0;2;3;5;44,47,False,
topk_as,nq_45,0.11904761904761904,1.0,0.923096031601073,0.07690396839892699,0.0,0.4,0.11751600004572538,268.5670040000332,True,1;4;17;28;49,0;1;2;3;4;5;6;7;8;10;11;13;14;15;16;17;19;20;23;24;25;26;27;28;29;30;31;32;33;35;36;37;39;40;41;43;44;45;46;47;48;49,False,
topk_as,nq_46,1.0,0.6,0.9087676936285444,0.09123230637145563,0.0,0.28571428571428575,0.10921900002358598,203.57659100000092,True,0;8;9;12;20,8;9;12,False,
topk_as,nq_47,0.25,0.4,0.8723644402056744,0.12763555979432561,0.0,0.5,0.12213299999075389,269.7946939999838,True,2;16;19;29;36,2;6;9;22;36;38;40;43,False,
topk_as,nq_48,0.2727272727272727,0.6,0.8434577214043735,0.15654227859562653,0.0,0.0,0.22885500004576897,267.38510000006954,True,0;1;2;3;34,0;1;2;4;6;7;9;16;18;41;47,False,
topk_as,nq_49,0.0,0.0,0.8376098351029313,0.1623901648970687,0.0,0.5,0.125750000051994,226.13043799992738,True,1;6;35;36;41,10;21;45,False,
topk_as,nq_50,,0.0,0.813250396861747,0.18674960313825295,0.0,0.28571428571428575,0.22595299992644868,204.83046799995464,False,1;3;12;17;28,,False,
topk_as,nq_51,0.09523809523809523,0.4,0.8417895760075063,0.15821042399249374,1.0,1.0,0.10708899992550869,181.79297500000757,True,31;34;42;43;49,2;3;4;5;6;15;17;19;20;21;22;25;26;28;29;37;38;40;42;43;45,False,
topk_as,nq_52,,0.0,0.6905605089810551,0.30943949101894486,0.0,0.0,0.11011699996288371,183.76357599993298,False,11;14;23;26;39,,False,
topk_as,nq_53,0.17647058823529413,0.6,0.7321601765601041,0.2678398234398959,0.0,0.6666666666666666,0.22773199998482596,247.14010000002418,True,16;17;34;44;45,0;3;4;7;9;11;13;14;22;28;34;37;41;43;44;45;46,False,
topk_as,nq_54,0.2,0.2,0.9022158195782299,0.09778418042177006,0.0,0.0,0.11339399998178123,226.0182379999378,True,1;2;15;21;22,1;13;34;42;47,False,
topk_as,nq_55,0.3333333333333333,0.4,0.8249703875930621,0.17502961240693793,1.0,1.0,0.10854899994683365,224.0417199999456,True,3;10;15;27;31,3;13;15;18;26;37,False,
topk_as,nq_56,,0.0,0.8097942838097062,0.1902057161902938,0.0,0.0,0.22627999999258464,185.05418200004442,False,0;8;12;40;48,,False,
topk_as,nq_57,0.6666666666666666,0.8,0.8763986541559958,0.12360134584400417,1.0,1.0,0.10348199998588825,182.94588300000214,True,0;1;2;5;6,0;1;2;4;5;38,False,
topk_as,nq_58,,0.0,0.7804741264089976,0.2195258735910024,0.0,0.0,0.10936299997865717,269.079601000044,False,0;1;5;18;25,,False,
topk_as,nq_59,,0.0,0.6938990202424822,0.3061009797575178,0.0,0.0,0.12783600004695472,183.70135500003926,False,26;32;33;35;43,,False,
topk_as,nq_60,0.36363636363636365,0.8,0.7980892725757036,0.2019107274242964,0.0,0.5,0.11276199995791103,246.66386100000182,True,1;3;17;30;35,1;3;4;5;6;17;18;22;28;35;37,False,
topk_as,nq_61,0.625,1.0,0.7823651760511299,0.21763482394887013,0.0,0.6666666666666666,0.13939500001924898,311.39327399989725,True,3;4;7;36;47,3;4;7;10;24;34;36;47,False,
topk_as,nq_62,0.25,0.2,0.857893965044094,0.142106034955906,0.0,0.4,0.2436390000184474,185.23300699996526,True,4;6;9;11;14,2;11;19;20,False,
topk_as,nq_63,0.3333333333333333,0.2,0.8693924960291743,0.13060750397082566,0.0,0.6666666666666666,0.13395600001331331,225.69823799994992,True,0;4;11;12;15,0;18;49,False,
topk_as,nq_64,0.2727272727272727,0.6,0.8371888670370181,0.16281113296298189,0.0,0.6666666666666666,0.1430920000302649,203.44317900003261,True,0;12;25;36;47,0;1;3;4;7;9;10;12;29;32;36,False,
topk_as,nq_65,0.625,1.0,0.9032599662622462,0.09674003373775375,0.0,0.6666666666666666,0.11644000005617272,204.67815500001052,True,0;3;6;9;37,0;3;4;5;6;7;9;37,False,
topk_as,nq_66,0.36363636363636365,0.8,0.8309820659179918,0.16901793408200816,1.0,1.0,0.1184400000511232,289.2342430000099,True,0;9;13;16;20,0;3;9;11;13;16;24;26;31;34;38,False,
topk_as,nq_67,,0.0,0.7686284650893382,0.23137153491066176,1.0,1.0,0.11759100004837819,203.91710499995952,False,1;4;6;7;9,,False,
topk_as,nq_68,0.0,0.0,0.8692748480420341,0.13072515195796586,0.0,0.5,0.11561600001641636,184.90886500001125,True,0;2;12;16;33,4;11,False,
topk_as,nq_69,,0.0,0.6787632268143693,0.3212367731856307,0.0,0.0,0.11405400005060073,268.7920240000494,False,3;8;9;23;34,,False,
topk_as,nq_70,0.0,0.0,0.7439220591915813,0.2560779408084187,0.0,0.0,0.23025899997719534,248.08685300001798,True,2;29;42;43;45,7;24,False,
topk_as,nq_71,0.2222222222222222,0.4,0.8704958373298914,0.12950416267010856,0.0,0.6666666666666666,0.12392999997246079,205.46743199997763,True,2;23;29;31;39,0;3;5;12;14;18;22;23;29,False,
topk_as,nq_72,0.5,0.8,0.785158793075236,0.21484120692476405,0.0,0.6666666666666666,0.11364199997387914,247.77348299994628,True,0;1;2;10;43,0;1;2;3;4;11;14;43,False,
topk_as,nq_73,1.0,0.6,0.7563262992147284,0.24367370078527162,1.0,1.0,0.10900400002356037,182.87684799997805,True,0;1;4;7;12,0;1;4,False,
topk_as,nq_74,0.6666666666666666,0.4,0.8103143524869306,0.18968564751306938,0.0,0.5,0.238851000062823,269.5321280000371,True,4;9;11;40;47,9;40;41,False,
topk_as,nq_75,1.0,0.8,0.7895018737987641,0.21049812620123587,1.0,1.0,0.17121399991992803,229.63709199996174,True,0;1;2;10;24,0;1;2;24,False,
topk_as,nq_76,1.0,0.8,0.8914460782209618,0.10855392177903822,0.0,0.6666666666666666,0.17510600002879073,293.6633840000695,True,0;1;3;7;10,0;1;3;10,False,
topk_as,nq_77,,0.0,0.6783292598663863,0.32167074013361374,0.0,0.1,0.18171500005337293,701.3307459999396,False,4;21;37;44;47,,False,
topk_as,nq_78,0.4,0.4,0.8174135103336926,0.18258648966630742,1.0,1.0,0.1805189999686263,272.8572030000578,True,0;13;23;28;38,0;16;19;25;28,False,
topk_as,nq_79,0.5,0.4,0.8260598644210682,0.17394013557893184,0.0,0.6666666666666666,0.18634599996403267,313.44481700000415,True,0;1;9;21;45,0;1;2;37,False,
topk_as,nq_80,0.625,1.0,0.9066003072942825,0.09339969270571746,1.0,1.0,0.15595499996834405,248.8370710000254,True,0;2;3;4;7,0;2;3;4;7;8;13;14,False,
topk_as,nq_81,0.0967741935483871,0.6,0.8701281981029624,0.12987180189703762,1.0,1.0,0.12423199996192125,162.39968000002136,True,2;5;8;14;32,0;1;2;3;4;5;7;8;9;10;11;12;13;15;18;23;25;26;27;28;29;31;33;35;36;37;39;41;43;45;47,False,
topk_as,nq_82,0.3333333333333333,0.2,0.7994375719631821,0.2005624280368179,0.0,0.5,0.11553100000583072,183.85826600001565,True,3;12;18;26;27,3;5;35,False,
topk_as,nq_83,,0.0,0.8088554754976748,0.19114452450232522,0.0,0.0,0.11716400001660077,225.02100600001995,False,1;6;7;40;46,,False,
topk_as,nq_84,0.0,0.0,0.8152721762492412,0.1847278237507588,0.0,0.0,0.10986999996021041,289.3150229999719,True,15;17;19;27;30,25,False,
topk_as,nq_85,0.2,0.2,0.8338389629969738,0.1661610370030262,0.0,0.0,0.11065799992593384,226.47935899999538,True,4;7;18;35;37,1;3;8;37;39,False,
topk_as,nq_86,0.2857142857142857,0.4,0.7139759296768933,0.2860240703231067,0.0,0.6666666666666666,0.11411100001623709,162.89770399998815,True,0;11;17;36;39,0;12;14;16;31;35;39,False,
topk_as,nq_87,0.6,0.6,0.762505675705426,0.23749432429457396,1.0,1.0,0.11312300000554387,273.0275449999908,True,0;1;4;23;49,0;1;4;12;30,False,
topk_as,nq_88,0.6666666666666666,0.4,0.9009832539235971,0.09901674607640287,0.0,0.3333333333333333,0.11234400005832867,204.45324299998902,True,2;4;11;13;15,2;4;31,False,
topk_as,nq_89,0.0,0.0,0.8466505197747969,0.15334948022520312,0.0,0.0,0.107965999973203,161.49092000000564,True,6;20;27;30;35,14;22;23;25;40,False,
topk_as,nq_90,0.6666666666666666,0.4,0.6914946806861917,0.3085053193138083,0.0,0.6666666666666666,0.12244399999872257,224.78307399990172,True,0;3;12;17;23,0;10;17,False,
topk_as,nq_91,,0.0,0.8367339007437036,0.16326609925629643,0.0,0.6666666666666666,0.11417400003210787,269.2698719999953,False,0;5;7;9;42,,False,
topk_as,nq_92,,0.0,0.9017995846648423,0.09820041533515766,0.0,0.09523809523809525,0.11378800002148637,676.7587159999948,False,0;6;8;20;34,,False,
topk_as,nq_93,,0.0,0.6837294536259343,0.3162705463740657,0.0,0.3333333333333333,0.11502400002427748,225.0640280000198,False,0;10;13;14;31,,False,
topk_as,nq_94,1.0,0.4,0.7936594530074729,0.20634054699252713,0.0,0.3333333333333333,0.10871699998915574,289.39248299991505,True,0;2;20;28;42,0;2,False,
topk_as,nq_95,0.45454545454545453,1.0,0.9343623713911284,0.06563762860887157,0.0,0.0,0.10624800006553414,202.76854199994432,True,0;3;4;8;26,0;3;4;8;23;26;29;35;38;43;49,False,
topk_as,nq_96,1.0,0.8,0.8283629206628025,0.17163707933719752,1.0,1.0,0.10924900004738447,183.0948179999723,True,0;1;7;25;36,0;1;25;36,False,
topk_as,nq_97,0.3333333333333333,0.2,0.8266711425963689,0.17332885740363113,1.0,1.0,0.11228400001073169,204.29141199997503,True,25;29;35;47;49,8;13;47,False,
topk_as,nq_98,0.16666666666666666,0.4,0.8988366876684456,0.1011633123315544,0.0,0.0,0.1110609999841472,376.05808299997534,True,0;2;8;47;48,0;1;7;10;11;18;24;25;26;28;36;48,False,
topk_as,nq_99,1.0,0.4,0.8100432637592965,0.18995673624070353,0.0,0.4444444444444445,0.1060329999518217,270.29404800009615,True,0;4;5;7;19,0;4,False,
topk_as,nq_100,0.42857142857142855,0.6,0.8360494764035818,0.16395052359641815,0.0,0.0,0.18841400003566378,186.2553899999284,True,5;7;17;32;45,0;2;5;17;39;43;45,False,
topk_as,nq_101,0.3333333333333333,0.6,0.8047276893621312,0.19527231063786876,0.0,0.7499999999999999,0.11639699994248076,247.58839599996918,True,0;1;2;32;40,1;2;13;23;24;26;31;40;45,False,
topk_as,nq_102,0.42857142857142855,0.6,0.7919874835084297,0.20801251649157027,1.0,1.0,0.11103200006346015,183.42539199989005,True,0;2;6;21;44,0;2;6;16;17;26;29,False,
topk_as,nq_103,1.0,0.2,0.8375558032505019,0.16244419674949806,0.0,0.0,0.11463699991054455,225.50596199994288,True,0;4;10;19;27,10,False,
topk_as,nq_104,1.0,0.2,0.9210335850745244,0.07896641492547563,0.0,0.6666666666666665,0.1166189999821654,267.37113600006523,True,1;12;20;21;40,1,False,
topk_as,nq_105,0.125,1.0,0.8114993948521869,0.18850060514781308,0.0,0.6666666666666666,0.10885200003940554,272.604398999988,True,14;30;32;35;48,0;1;2;3;4;5;6;7;8;12;13;14;15;16;17;18;19;20;22;23;25;26;27;28;29;30;32;35;36;37;38;40;41;42;44;45;46;47;48;49,False,
topk_as,nq_106,,0.0,0.7688059856294476,0.23119401437055243,0.0,0.0,0.11218400004509022,204.31842499999675,False,9;14;19;34;46,,False,
topk_as,nq_107,,0.0,0.8576747965199193,0.1423252034800807,0.0,0.0,0.11946300003273791,291.5515280000136,False,0;1;2;5;8,,False,
topk_as,nq_108,0.25,0.6,0.8449188994420638,0.15508110055793622,1.0,1.0,0.11130099994716147,183.15656999993735,True,2;3;36;47;48,2;3;5;6;12;14;24;29;36;40;42;43,False,
topk_as,nq_109,,0.0,0.7176035754780792,0.2823964245219208,0.0,0.0,0.11068000003433554,205.23309800000789,False,8;23;32;39;47,,False,
topk_as,nq_110,,0.0,0.783424236536374,0.21657576346362595,0.0,0.28571428571428575,0.11140599997361278,375.19866000002366,False,4;5;9;17;46,,False,
topk_as,nq_111,,0.0,0.8960536862526371,0.10394631374736285,0.0,0.0,0.10804800001551484,226.37466799994854,False,0;16;26;27;45,,False,
topk_as,nq_112,0.25,1.0,0.8846197498289857,0.11538025017101428,0.0,0.5,0.11379299996860937,248.2248469999604,True,1;2;9;17;33,0;1;2;3;4;5;6;7;8;9;13;15;17;24;26;29;33;38;44;49,False,
topk_as,nq_113,0.75,0.6,0.7977972357016758,0.20220276429832418,0.0,0.4,0.11802599999555241,289.8138199999494,True,0;1;4;6;43,0;1;6;40,False,
topk_as,nq_114,1.0,0.2,0.8434680062672809,0.1565319937327191,0.0,0.28571428571428575,0.11126399999739078,264.8941439999817,True,13;19;23;30;37,37,False,
topk_as,nq_115,1.0,0.4,0.8093490566873001,0.19065094331269994,1.0,1.0,0.16111599995838333,226.8512020000344,True,0;7;20;41;43,0;7,False,
topk_as,nq_116,0.22727272727272727,1.0,0.9464443923215111,0.05355560767848888,0.0,0.6666666666666666,0.1267100000177379,184.0090789999067,True,0;1;2;5;8,0;1;2;3;5;8;10;12;13;23;26;27;28;29;31;33;37;39;41;42;44;47,False,
topk_as,nq_117,1.0,0.4,0.896713270978782,0.10328672902121805,0.0,0.0,0.11850399994273175,184.9717210000108,True,3;4;10;20;49,3;4,False,
topk_as,nq_118,,0.0,0.7283334528893339,0.27166654711066607,0.0,0.0,0.10643899997830886,422.39154200001394,False,4;6;17;29;45,,False,
topk_as,nq_119,0.2,0.2,0.9068188569676234,0.09318114303237657,1.0,1.0,0.255880000054276,212.22765599998183,True,5;7;10;11;22,0;8;11;15;19,False,
topk_as,nq_120,0.75,0.6,0.7968275709570267,0.20317242904297328,1.0,1.0,0.12124300008053979,215.1832030000378,True,0;4;5;16;21,0;2;4;5,False,
topk_as,nq_121,0.23076923076923078,0.6,0.8018661542328944,0.19813384576710558,0.0,0.5714285714285715,0.13517100001081417,291.9815559999961,True,7;10;29;34;40,0;7;10;12;17;18;26;28;29;45;46;48;49,False,
topk_as,nq_122,,0.0,0.8633568928044209,0.13664310719557915,0.0,0.6666666666666666,0.1250040000968511,228.29082199996265,False,1;2;4;12;15,,False,
topk_as,nq_123,0.6666666666666666,0.8,0.8398899255657062,0.16011007443429381,0.0,0.8571428571428571,0.13614199997391552,270.54793100001007,True,1;2;4;7;41,1;2;4;6;7;12,False,
topk_as,nq_124,1.0,0.2,0.7539301704604086,0.24606982953959144,1.0,1.0,0.11790299993208464,204.72957999993469,True,0;3;4;31;42,4,False,
topk_as,nq_125,0.3333333333333333,0.8,0.9008238566901084,0.09917614330989155,0.0,0.6666666666666666,0.11374799998975504,183.7805440000011,True,0;1;4;10;11,0;1;2;4;5;6;7;8;10;21;40;47,False,
topk_as,nq_126,0.6666666666666666,0.4,0.689030936941825,0.31096906305817495,1.0,1.0,0.11336699992625654,165.61883899998975,True,1;4;7;11;13,0;1;4,False,
topk_as,nq_127,1.0,0.8,0.8462861851883876,0.1537138148116124,1.0,1.0,0.11175399993135215,163.86364900006356,True,0;1;3;7;10,0;1;3;7,False,
topk_as,nq_128,0.5,0.8,0.8858979607425219,0.11410203925747808,1.0,1.0,0.1263880000124118,185.92029800004184,True,0;4;10;15;33,0;4;9;15;28;33;35;44,False,
topk_as,nq_129,0.3333333333333333,0.6,0.7995135293357066,0.20048647066429337,1.0,1.0,0.12158399999862013,228.4220930000629,True,0;10;28;29;33,0;1;5;6;9;10;33;37;48,False,
topk_as,nq_130,,0.0,0.816334345520449,0.18366565447955097,0.0,0.0,0.11145899998155073,204.66928299993015,False,4;12;13;26;29,,False,
topk_as,nq_131,0.14285714285714285,0.2,0.8800038128866836,0.11999618711331639,0.0,0.0,0.22832199999811564,268.93688500001645,True,4;5;24;34;41,0;4;15;20;23;43;46,False,
topk_as,nq_132,0.0,0.0,0.8492753708075277,0.15072462919247231,0.0,0.0,0.10556500001257518,206.12155600008464,True,0;1;5;6;20,9;18;19;28,False,
topk_as,nq_133,0.2,0.2,0.8624446857520546,0.13755531424794543,0.0,0.3333333333333333,0.12591799998062925,227.72990300006768,True,1;22;26;28;47,2;5;9;31;47,False,
topk_as,nq_134,0.5,0.4,0.8250622533998406,0.17493774660015937,0.0,0.0,0.10993099999723199,140.906161000089,True,1;3;6;19;32,0;3;5;6,False,
topk_as,nq_135,0.0,0.0,0.6389181590582893,0.3610818409417107,0.0,0.0,0.1106769999523749,205.3639899999098,True,4;27;32;43;47,0;20;28;38,False,
topk_as,nq_136,1.0,0.2,0.6771538637537351,0.3228461362462649,0.0,0.5714285714285715,0.1083480000261261,397.1510669999816,True,3;18;19;21;22,21,False,
topk_as,nq_137,1.0,0.4,0.7882257194483644,0.2117742805516356,0.0,0.5,0.11623700004292914,439.1466849999688,True,0;3;4;8;34,0;3,False,
topk_as,nq_138,,0.0,0.8073466658349734,0.1926533341650266,0.0,0.0,0.10673900010260695,296.56182600001557,False,5;18;25;37;39,,False,
topk_as,nq_139,,0.0,0.7004407460535695,0.29955925394643046,0.0,0.0,0.10714400002598268,333.4030469999334,False,0;3;5;6;27,,False,
topk_as,nq_140,1.0,0.4,0.8715623286380101,0.1284376713619899,1.0,1.0,0.22464999995008839,247.25152700000308,True,1;6;7;16;21,1;6,False,
topk_as,nq_141,0.15625,1.0,0.8469424092156383,0.15305759078436165,0.0,0.0,0.10663900002327864,204.10208700002386,True,14;24;33;35;45,2;3;5;7;11;13;14;16;18;19;20;21;22;23;24;25;26;29;30;31;32;33;34;35;36;37;39;44;45;46;47;48,False,
topk_as,nq_142,0.125,1.0,0.8491524205466202,0.1508475794533798,0.0,0.0,0.10863599993626849,290.4522100000122,True,4;6;10;37;41,0;1;2;3;4;5;6;7;8;9;10;11;12;13;14;15;16;17;18;19;20;21;22;23;24;25;26;28;30;31;36;37;39;41;42;43;44;45;47;49,False,
topk_as,nq_143,0.6666666666666666,0.4,0.789988918050742,0.210011081949258,1.0,1.0,0.10272899999108631,273.79113800009236,True,8;15;26;45;47,6;26;47,False,
topk_as,nq_144,0.23809523809523808,1.0,0.9183819274778976,0.0816180725221024,0.0,0.8,0.10734600004980166,204.78224200007844,True,4;11;12;22;28,0;1;3;4;5;6;8;11;12;20;21;22;28;29;36;39;40;41;43;45;48,False,
topk_as,nq_145,0.0,0.0,0.8801306528060067,0.11986934719399334,0.0,0.5714285714285715,0.11157099993397424,353.8407560000678,True,1;2;18;25;33,8,False,
topk_as,nq_146,0.5714285714285714,0.8,0.910151780322869,0.08984821967713097,1.0,1.0,0.12252900000930822,294.385438000063,True,2;3;9;14;22,2;6;8;9;14;22;33,False,
topk_as,nq_147,0.8,0.8,0.7848343231225374,0.21516567687746257,1.0,1.0,0.10626599998886377,288.5105069999554,True,0;6;11;16;40,0;6;8;11;40,False,
topk_as,nq_148,0.6666666666666666,0.8,0.888906527348183,0.11109347265181702,0.0,0.5714285714285715,0.10998699997344374,289.236652999989,True,0;1;6;11;22,0;1;4;6;17;22,False,
topk_as,nq_149,1.0,0.4,0.8490293243660301,0.15097067563396993,0.0,0.28571428571428575,0.24396799994974572,311.2752790000286,True,2;4;6;12;38,2;4,False,
topk_as,nq_150,,0.0,0.8619167808384607,0.13808321916153932,0.0,0.0,0.10833999999704247,245.98727500006135,False,2;8;31;36;37,,False,
topk_as,nq_151,0.3333333333333333,0.4,0.8791730666282416,0.12082693337175843,0.0,0.5,0.11304899999231566,269.0882080000847,True,0;1;4;10;22,4;6;18;22;28;38,False,
topk_as,nq_152,1.0,0.4,0.8571879021623257,0.14281209783767435,0.0,0.8,0.10857200004465994,205.66189199996643,True,0;1;2;6;20,0;1,False,
topk_as,nq_153,0.3333333333333333,0.2,0.714457457785393,0.28554254221460695,1.0,1.0,0.10756599999695027,203.54526299990994,True,2;11;12;30;46,0;1;46,False,
topk_as,nq_154,,0.0,0.9103907119541519,0.08960928804584811,0.0,0.0,0.11391900000035093,247.41518800010454,False,0;2;9;10;42,,False,
topk_as,nq_155,,0.0,0.7211094149312824,0.27889058506871756,0.0,0.0,0.10774800000490359,224.4060799999943,False,17;18;22;33;42,,False,
topk_as,nq_156,0.1875,0.6,0.8825600566606789,0.11743994333932106,0.0,0.6666666666666666,0.1106749999735257,203.199982000001,True,1;3;7;9;16,0;3;4;5;6;7;8;14;16;17;24;27;39;42;43;49,False,
topk_as,nq_157,1.0,0.6,0.7727960271246715,0.22720397287532845,0.0,0.5,0.11337900002672541,205.84082400000625,True,0;1;5;31;49,0;1;49,False,
topk_as,nq_158,,0.0,0.721576047372319,0.27842395262768105,0.0,0.0,0.1074409999546333,267.3117019999154,False,0;7;14;22;25,,False,
topk_as,nq_159,0.5,0.2,0.740987556872493,0.25901244312750704,0.0,0.0,0.10597699997560994,183.84413300009328,True,15;25;27;32;40,32;49,False,
topk_as,nq_160,1.0,0.2,0.8016011845955469,0.19839881540445314,0.0,0.0,0.10277499995936523,249.36506200003805,True,4;5;12;21;48,4,False,
topk_as,nq_161,0.2,0.2,0.8438913161534384,0.15610868384656162,0.0,0.0,0.10487899999134243,246.81023599998753,True,2;6;9;20;27,2;12;21;25;32,False,
topk_as,nq_162,1.0,0.8,0.7827820481251692,0.21721795187483084,1.0,1.0,0.10697000004711299,247.78768500004844,True,1;4;6;17;46,1;4;17;46,False,
topk_as,nq_163,,0.0,0.7769254736244452,0.2230745263755548,0.0,0.8,0.13161200001832185,207.3063860000275,False,1;2;4;15;20,,False,
topk_as,nq_164,1.0,0.4,0.7947461753247801,0.2052538246752199,0.0,0.0,0.12251600003310159,268.4277469999188,True,4;11;32;40;49,4;32,False,
topk_as,nq_165,0.5,0.4,0.8440211278840669,0.1559788721159331,1.0,1.0,0.12890200002857455,227.3246909999216,True,3;11;12;17;31,0;3;5;12,False,
topk_as,nq_166,1.0,0.6,0.8759060051441709,0.12409399485582906,1.0,1.0,0.11103800000000774,289.43469199998617,True,0;1;2;4;12,0;1;2,False,
topk_as,nq_167,0.6666666666666666,0.4,0.8579604624637376,0.14203953753626242,1.0,1.0,0.11517300004015851,224.43607100001373,True,2;4;18;24;26,4;5;24,False,
topk_as,nq_168,0.2,0.2,0.811975466054936,0.18802453394506402,0.0,0.3333333333333333,0.11107099999208003,291.4690459999747,True,4;5;14;21;31,0;4;17;19;39,False,
topk_as,nq_169,0.11764705882352941,0.4,0.8977439860016153,0.10225601399838469,0.0,0.0,0.110007999978734,181.73185699993155,True,9;10;22;44;48,0;1;4;6;8;15;17;18;19;20;22;25;31;33;41;44;46,False,
topk_as,nq_170,0.16666666666666666,0.2,0.8897376750688764,0.11026232493112365,0.0,0.4,0.2283779999743274,268.710578000082,True,0;2;4;7;12,0;1;5;8;21;45,False,
topk_as,nq_171,0.5,0.8,0.9020113315608984,0.09798866843910159,0.0,0.6666666666666666,0.11089200006608735,294.44671900000685,True,2;24;27;32;42,2;4;6;15;24;32;42;44,False,
topk_as,nq_172,,0.0,0.6759015285100073,0.3240984714899927,0.0,0.0,0.10951500007649884,183.14048199999888,False,5;8;46;47;49,,False,
topk_as,nq_173,1.0,0.4,0.8904616751255251,0.1095383248744749,1.0,1.0,0.11082900005021656,185.50715899993975,True,0;1;2;3;29,0;1,False,
topk_as,nq_174,0.4444444444444444,0.8,0.8382355258005919,0.1617644741994081,1.0,1.0,0.10701400003654271,273.7058700000716,True,0;2;6;10;12,0;2;6;8;9;12;17;28;45,False,
topk_as,nq_175,0.4166666666666667,1.0,0.8605591613918072,0.13944083860819279,0.0,0.6,0.11340499997913867,433.21021000008386,True,0;1;2;4;8,0;1;2;3;4;5;6;8;17;22;23;44,False,
topk_as,nq_176,,0.0,0.8330938602966157,0.1669061397033843,0.0,0.0,0.10956699998132535,333.5124290000522,False,0;2;5;6;8,,False,
topk_as,nq_177,0.07692307692307693,0.2,0.8052295703215107,0.19477042967848934,0.0,0.0,0.109231000010368,267.69919599996683,True,2;8;12;15;36,5;7;12;13;18;20;21;31;34;37;39;43;47,False,
topk_as,nq_178,0.3333333333333333,0.6,0.8885995238465455,0.1114004761534545,0.0,0.4,0.23486299994601723,225.44219700000667,True,2;24;34;37;40,2;5;17;21;24;26;28;34;46,False,
topk_as,nq_179,,0.0,0.7177405613677103,0.28225943863228975,0.0,0.0,0.1066560000708705,246.824828000058,False,2;3;20;23;29,,False,
topk_as,nq_180,0.75,0.6,0.8916826670281914,0.10831733297180857,0.0,0.6666666666666666,0.10514199993849616,375.9930840000152,True,1;5;8;13;33,1;5;13;41,False,
topk_as,nq_181,1.0,0.4,0.7808408263231523,0.21915917367684767,1.0,1.0,0.10934700003417674,245.83305299995573,True,5;17;30;42;48,17;30,False,
topk_as,nq_182,,0.0,0.7730803396489941,0.22691966035100586,0.0,0.0,0.11072299992065382,182.34900400000242,False,6;7;27;35;45,,False,
topk_as,nq_183,0.0,0.0,0.679884442185327,0.32011555781467305,0.0,0.4,0.1118890000952888,269.3598750000774,True,17;21;24;38;43,12;27;29;49,False,
topk_as,nq_184,0.5,0.4,0.8289451448847498,0.1710548551152502,0.0,0.25,0.10760499992557016,248.0190290000337,True,0;2;15;28;36,0;2;4;9,False,
topk_as,nq_185,,0.0,0.7388247614485597,0.2611752385514403,0.0,0.0,0.10332100009691203,313.8135380000904,False,20;29;37;43;48,,False,
topk_as,nq_186,0.45454545454545453,1.0,0.870760978832607,0.12923902116739305,1.0,1.0,0.10409999993044039,204.07225899998593,True,2;7;13;22;38,0;2;6;7;13;15;18;22;34;38;49,False,
topk_as,nq_187,0.3333333333333333,0.2,0.8090706173496229,0.19092938265037707,1.0,1.0,0.11898599996129633,226.26221299992721,True,0;2;9;12;18,0;5;17,False,
topk_as,nq_188,1.0,0.2,0.70747476651404,0.29252523348596005,1.0,1.0,0.12670000000980508,225.8502079999971,True,16;25;31;33;40,40,False,
topk_as,nq_189,,0.0,0.7425523977141765,0.25744760228582353,0.0,0.0,0.12061699999321718,246.5326950000417,False,0;1;2;3;40,,False,
topk_as,nq_190,0.75,0.6,0.8298663797050783,0.17013362029492174,1.0,1.0,0.11112799995771638,205.04919899997276,True,0;3;15;19;41,0;3;15;17,False,
topk_as,nq_191,0.5555555555555556,1.0,0.8975705603313875,0.10242943966861251,1.0,1.0,0.11424299998452625,247.48226499991688,True,0;2;6;9;36,0;2;6;8;9;30;35;36;47,False,
topk_as,nq_192,1.0,0.6,0.8524286981536701,0.14757130184632994,0.0,0.0,0.12749300003633834,294.4484150000335,True,0;3;6;11;22,3;11;22,False,
topk_as,nq_193,,0.0,0.8316650553538709,0.16833494464612908,0.0,0.20000000000000004,0.10760600002868159,310.7186410001077,False,5;8;25;29;41,,False,
topk_as,nq_194,1.0,0.6,0.7357130081483589,0.26428699185164106,1.0,1.0,0.1232619999882445,291.4966790000335,True,0;1;19;30;40,0;1;19,False,
topk_as,nq_195,,0.0,0.9486185379596741,0.0513814620403259,0.0,0.0,0.10334399996736465,321.41360800005714,False,3;8;10;22;40,,False,
topk_as,nq_196,0.2857142857142857,0.8,0.7703895960752085,0.22961040392479148,0.0,0.4444444444444445,0.11750400005894335,721.3432999999441,True,0;11;12;16;46,0;1;5;6;10;12;15;16;22;26;37;38;45;46,False,
topk_as,nq_197,1.0,0.2,0.8861587196731264,0.11384128032687357,0.0,0.7499999999999999,0.11565600004814769,204.62393699995118,True,1;3;4;12;41,1,False,
topk_as,nq_198,0.35714285714285715,1.0,0.8340737711705757,0.16592622882942432,0.0,0.0,0.11229999995521212,224.84540699997524,True,4;20;21;37;45,0;1;4;5;11;12;15;16;18;20;21;37;45;48,False,
topk_as,nq_199,0.625,1.0,0.9080339424455097,0.09196605755449028,1.0,1.0,0.10798799996791786,225.3615990000526,True,1;7;9;16;17,1;7;9;11;16;17;19;45,False,
mmr_as,nq_0,0.5,0.4,0.8541128623045979,0.14588713769540207,0.0,0.8571428571428571,3.753641000002972,489.37454300005356,True,0;1;25;32;37,0;1;4;38,False,
mmr_as,nq_1,0.5,0.6,0.7357346641611191,0.2642653358388809,0.0,0.5714285714285715,0.9732859999758148,264.22531100001834,True,0;7;30;43;48,0;1;7;9;14;30,False,
mmr_as,nq_2,0.23076923076923078,0.6,0.7073026824592535,0.29269731754074646,1.0,1.0,1.1754700000210505,179.52064400003565,True,0;1;32;40;47,0;1;6;7;16;19;22;23;32;33;35;38;45,False,
mmr_as,nq_3,0.625,1.0,0.9206778542074365,0.07932214579256347,0.0,0.0,0.8604070000046704,289.2748519999486,True,24;29;37;45;49,4;6;24;29;37;45;47;49,False,
mmr_as,nq_4,0.3,0.6,0.8652634822778797,0.13473651772212025,1.0,1.0,0.8712589999504416,181.56333199999608,True,0;10;26;29;40,0;3;7;16;24;26;27;33;40;47,False,
mmr_as,nq_5,0.0,0.0,0.8888063393982742,0.11119366060172575,0.0,0.0,0.8981329999642185,251.11044800007676,True,0;5;8;10;21,19;44,False,
mmr_as,nq_6,0.0,0.0,0.9058967500802556,0.09410324991974439,0.0,0.0,0.8696229999713978,263.03863600003297,True,0;3;5;11;12,9;33,False,
mmr_as,nq_7,,0.0,0.9030805196519799,0.09691948034802012,0.0,0.6666666666666666,0.8038739999847166,201.03672100003678,False,4;9;34;42;49,,False,
mmr_as,nq_8,,0.0,0.5902911232589947,0.4097088767410053,0.0,0.28571428571428575,0.9362020000480697,242.02410499992766,False,1;7;30;38;44,,False,
mmr_as,nq_9,,0.0,0.8074523201595352,0.19254767984046484,0.0,0.5,0.7684839999910764,186.90053799991801,False,15;19;34;43;48,,False,
mmr_as,nq_10,0.2857142857142857,0.8,0.7949576893064805,0.20504231069351952,1.0,1.0,0.8358329999964553,201.65028300004906,True,5;8;11;42;46,0;1;2;3;5;8;9;11;14;17;23;36;39;42,False,
mmr_as,nq_11,1.0,0.8,0.8281666997146235,0.17183330028537647,1.0,1.0,0.8253610000110712,222.34815000001618,True,0;3;7;14;37,3;7;14;37,False,
mmr_as,nq_12,0.6666666666666666,0.4,0.8348104558803848,0.16518954411961517,0.0,0.0,0.9643209999694591,326.5139110000064,True,0;1;14;18;21,0;1;41,False,
mmr_as,nq_13,0.7142857142857143,1.0,0.8796021870085655,0.12039781299143448,1.0,1.0,0.8026409999501993,200.54968100009773,True,0;1;4;5;16,0;1;3;4;5;16;31,False,
mmr_as,nq_14,0.4,0.4,0.7685981967762856,0.2314018032237144,0.0,0.5714285714285715,0.8312359999536056,312.62588799995683,True,0;10;11;31;45,0;1;2;9;11,False,
mmr_as,nq_15,,0.0,0.6952022496850265,0.30479775031497347,0.0,0.0,1.091172999963419,229.60379899996042,False,15;18;36;46;49,,False,
mmr_as,nq_16,0.5,0.2,0.8618908111389179,0.13810918886108214,0.0,0.7499999999999999,0.877768999998807,246.25503999993725,True,5;7;27;42;43,4;27,False,
mmr_as,nq_17,0.2,0.2,0.8234791843263715,0.17652081567362854,1.0,1.0,1.1226880000094752,205.5473970000321,True,1;13;20;22;29,8;12;22;27;28,False,
mmr_as,nq_18,0.05263157894736842,0.2,0.8263849941803084,0.17361500581969158,0.0,0.0,1.0411550000526404,227.55036900002779,True,0;3;18;34;41,0;1;2;4;5;6;7;10;16;17;20;22;25;27;33;36;37;43;49,False,
mmr_as,nq_19,0.2,1.0,0.7832095675627189,0.21679043243728113,0.0,0.0,1.0898399999632602,207.2764949999737,True,0;9;11;18;27,0;1;2;3;4;5;6;8;9;11;12;13;15;17;18;21;23;27;31;32;36;43;45;47;49,False,
mmr_as,nq_20,0.5,0.4,0.7984669162265696,0.20153308377343038,0.0,0.0,1.02241700005834,271.35827999995854,True,0;6;9;42;44,0;21;42;48,False,
mmr_as,nq_21,0.75,0.6,0.6585921659525678,0.34140783404743225,0.0,0.33333333333333337,1.0414240000500286,314.50132899999517,True,0;1;3;37;48,0;1;3;16,False,
mmr_as,nq_22,0.3333333333333333,0.8,0.843627516521505,0.15637248347849497,0.0,0.6666666666666666,0.9302959999786253,184.20650999996724,True,0;1;3;5;26,0;3;5;12;17;22;24;26;28;31;34;48,False,
mmr_as,nq_23,0.75,0.6,0.8251881144429758,0.1748118855570242,1.0,1.0,0.9560559999499674,182.94381999999132,True,5;7;8;33;34,5;8;31;33,False,
mmr_as,nq_24,1.0,0.8,0.9102010331457286,0.08979896685427136,1.0,1.0,0.9715730000152689,207.42914300001303,True,0;1;2;4;7,0;2;4;7,False,
mmr_as,nq_25,0.25,0.6,0.7888285157577745,0.21117148424222554,0.0,0.5,0.9535860000369212,222.5257339999871,True,7;15;19;43;46,0;3;5;15;19;24;34;37;41;42;43;45,False,
mmr_as,nq_26,,0.0,0.6727415658000853,0.32725843419991474,0.0,0.0,0.9752460000527208,243.86738099997274,False,8;23;29;45;46,,False,
mmr_as,nq_27,1.0,0.2,0.6235679464936871,0.3764320535063129,0.0,0.8,0.7848840000406199,284.87936700003047,True,0;2;29;31;38,0,False,
mmr_as,nq_28,0.35714285714285715,1.0,0.84806005824649,0.15193994175351,0.0,0.6666666666666666,0.843593000013243,201.3087389999555,True,0;14;31;35;40,0;1;3;11;14;15;18;25;28;31;32;35;40;45,False,
mmr_as,nq_29,0.5,0.2,0.8546793899849771,0.14532061001502294,0.0,1.0,0.8392080000021451,264.07200699998157,True,2;4;9;10;22,1;2,False,
mmr_as,nq_30,0.5,0.8,0.8532694256501344,0.14673057434986558,1.0,1.0,0.9210480000092502,284.54280400001153,True,0;1;25;27;45,0;1;3;6;10;25;27;29,False,
mmr_as,nq_31,1.0,0.2,0.8118790882970668,0.1881209117029332,1.0,1.0,0.787960000025123,179.5704520000072,True,0;3;5;6;44,0,False,
mmr_as,nq_32,,0.0,0.8175296329548765,0.18247036704512354,0.0,0.5,0.8052160000033837,180.84635399998206,False,3;5;10;15;32,,False,
mmr_as,nq_33,0.0,0.0,0.601999529485259,0.39800047051474097,0.0,0.8,0.8265839999239688,221.61070100003144,True,5;24;28;31;39,0;6,False,
mmr_as,nq_34,0.6,0.6,0.8358643250517019,0.16413567494829806,0.0,0.0,0.80780300004335,283.1733799999938,True,2;4;5;8;31,1;4;8;13;31,False,
mmr_as,nq_35,1.0,0.6,0.900795916497173,0.09920408350282695,1.0,1.0,0.9113180000213106,263.77942500005247,True,3;5;6;11;15,3;5;6,False,
mmr_as,nq_36,0.0,0.0,0.8117528494934467,0.18824715050655327,0.0,0.0,0.8236090000082186,222.40237799996976,True,3;8;9;20;31,5;7,False,
mmr_as,nq_37,0.75,0.6,0.7393257980810525,0.2606742019189475,1.0,1.0,0.8640969999760273,262.7658789999714,True,0;3;17;30;33,0;3;23;30,False,
mmr_as,nq_38,0.2777777777777778,1.0,0.8587860043478145,0.1412139956521855,0.0,0.8,0.8903939999527211,347.2036499999831,True,0;5;6;8;11,0;1;2;3;4;5;6;7;8;11;17;19;25;26;31;33;45;47,False,
mmr_as,nq_39,0.0,0.0,0.867129358416509,0.13287064158349104,0.0,0.0,0.940146000061759,160.0286010000218,True,0;1;13;27;41,2;3;4;6;8;10;11;15;16;19;23;33;38;40;43;44;45;47,False,
mmr_as,nq_40,,0.0,0.8863373361045189,0.11366266389548108,0.0,0.0,0.7520369999838294,452.26176200003465,False,1;6;13;30;34,,False,
mmr_as,nq_41,,0.0,0.8370735235087217,0.16292647649127834,0.0,0.0,0.9538809999867226,272.3443129999623,False,8;17;31;38;43,,False,
mmr_as,nq_42,0.75,0.6,0.8090624904723966,0.19093750952760336,1.0,1.0,0.9037209999860352,204.69295899999906,True,0;13;14;17;21,0;14;21;29,False,
mmr_as,nq_43,,0.0,0.6736776737696115,0.3263223262303885,0.0,0.0,0.8105649999379239,204.33946600007857,False,18;21;34;35;36,,False,
mmr_as,nq_44,0.0,0.0,0.8984311914956351,0.1015688085043649,0.0,0.0,0.9345339999526914,224.8577780000005,True,0;3;5;25;44,47,False,
mmr_as,nq_45,0.11904761904761904,1.0,0.8460478246279063,0.1539521753720937,0.0,0.4,0.9250609999753578,272.1987850000005,True,4;11;16;35;40,0;1;2;3;4;5;6;7;8;10;11;13;14;15;16;17;19;20;23;24;25;26;27;28;29;30;31;32;33;35;36;37;39;40;41;43;44;45;46;47;48;49,False,
mmr_as,nq_46,0.3333333333333333,0.2,0.8670275400222891,0.1329724599777109,0.0,0.22222222222222224,0.9251779999885912,289.15496499996607,True,10;12;19;20;22,8;9;12,False,
mmr_as,nq_47,0.25,0.4,0.8723644402056745,0.1276355597943255,0.0,0.0,0.9928079999781403,288.8451479999503,True,2;16;19;29;36,2;6;9;22;36;38;40;43,False,
mmr_as,nq_48,0.2727272727272727,0.6,0.8434577214043735,0.15654227859562653,0.0,0.0,0.89431699996112,263.39625299999625,True,0;1;2;3;34,0;1;2;4;6;7;9;16;18;41;47,False,
mmr_as,nq_49,0.0,0.0,0.8376098351029315,0.16239016489706848,0.0,0.5,0.7880570000224907,224.69544000000496,True,1;6;35;36;41,10;21;45,False,
mmr_as,nq_50,,0.0,0.813250396861747,0.18674960313825295,0.0,0.28571428571428575,0.9511950000842262,208.1872520000161,False,1;3;12;17;28,,False,
mmr_as,nq_51,0.09523809523809523,0.4,0.8417895760075063,0.15821042399249374,1.0,1.0,0.8056270000906807,181.98523399996702,True,31;34;42;43;49,2;3;4;5;6;15;17;19;20;21;22;25;26;28;29;37;38;40;42;43;45,False,
mmr_as,nq_52,,0.0,0.6584023932835315,0.34159760671646855,0.0,0.0,0.8743639999693187,184.2259139999669,False,11;23;26;39;47,,False,
mmr_as,nq_53,0.058823529411764705,0.2,0.6656111242624461,0.33438887573755394,0.0,0.5,0.8570810000492202,253.8142280000102,True,16;17;38;44;48,0;3;4;7;9;11;13;14;22;28;34;37;41;43;44;45;46,False,
mmr_as,nq_54,0.4,0.4,0.8586250293275011,0.14137497067249893,0.0,0.0,0.9378940000033253,221.66524099998242,True,1;2;21;22;42,1;13;34;42;47,False,
mmr_as,nq_55,0.3333333333333333,0.4,0.810779937283544,0.18922006271645597,1.0,1.0,0.8276730000034149,221.23128800001268,True,3;10;15;27;46,3;13;15;18;26;37,False,
mmr_as,nq_56,,0.0,0.7758025015688833,0.2241974984311167,0.0,0.0,0.8880990000079692,181.87761899991983,False,0;12;36;40;48,,False,
mmr_as,nq_57,0.6666666666666666,0.8,0.8763986541559958,0.12360134584400417,1.0,1.0,1.079971999956797,181.27614399998038,True,0;1;2;5;6,0;1;2;4;5;38,False,
mmr_as,nq_58,,0.0,0.6061683119352612,0.3938316880647388,0.0,0.0,0.7685939999646507,263.28424100006487,False,0;1;29;38;45,,False,
mmr_as,nq_59,,0.0,0.6484230710338081,0.35157692896619186,0.0,0.28571428571428575,0.9179229999745075,244.59061400000337,False,4;21;32;33;35,,False,
mmr_as,nq_60,0.36363636363636365,0.8,0.7980892725757036,0.2019107274242964,0.0,0.5,0.802377000013621,246.02038700004414,True,1;3;17;30;35,1;3;4;5;6;17;18;22;28;35;37,False,
mmr_as,nq_61,0.625,1.0,0.7823651760511299,0.21763482394887013,0.0,0.6666666666666666,0.8472749999555163,306.2848550000581,True,3;4;7;36;47,3;4;7;10;24;34;36;47,False,
mmr_as,nq_62,0.25,0.2,0.857893965044094,0.142106034955906,0.0,0.4,0.923129000057088,181.25834599993595,True,4;6;9;11;14,2;11;19;20,False,
mmr_as,nq_63,0.3333333333333333,0.2,0.8693924960291743,0.13060750397082566,0.0,0.6666666666666666,0.7940500000813699,222.04849100000956,True,0;4;11;12;15,0;18;49,False,
mmr_as,nq_64,0.2727272727272727,0.6,0.8371888670370181,0.16281113296298189,0.0,0.6666666666666666,0.9470940000255723,200.56991299998117,True,0;12;25;36;47,0;1;3;4;7;9;10;12;29;32;36,False,
mmr_as,nq_65,0.625,1.0,0.9032599662622462,0.09674003373775375,0.0,0.6666666666666666,0.7821880000165038,201.38947699990695,True,0;3;6;9;37,0;3;4;5;6;7;9;37,False,
mmr_as,nq_66,0.36363636363636365,0.8,0.8309820659179918,0.16901793408200816,1.0,1.0,0.8240770000611519,284.45822200001203,True,0;9;13;16;20,0;3;9;11;13;16;24;26;31;34;38,False,
mmr_as,nq_67,,0.0,0.7000849449073352,0.2999150550926648,1.0,1.0,0.8609090000391006,201.04159700008495,False,1;6;7;9;31,,False,
mmr_as,nq_68,0.0,0.0,0.8295969313161325,0.17040306868386745,0.0,0.5,0.9003349999829879,201.45347699997274,True,0;2;16;33;48,4;11,False,
mmr_as,nq_69,,0.0,0.6787632268143693,0.3212367731856307,0.0,0.0,0.8745160000671603,263.8482480000448,False,3;8;9;23;34,,False,
mmr_as,nq_70,0.0,0.0,0.7439220591915815,0.2560779408084185,0.0,0.0,0.8452079999869966,242.04815299992788,True,2;29;42;43;45,7;24,False,
mmr_as,nq_71,0.2222222222222222,0.4,0.8704958373298914,0.12950416267010856,0.0,0.6666666666666666,0.8435780000581872,202.9558100000486,True,2;23;29;31;39,0;3;5;12;14;18;22;23;29,False,
mmr_as,nq_72,0.375,0.6,0.689314424330411,0.310685575669589,0.0,0.6666666666666666,0.8230990000583915,242.75583199994344,True,0;1;27;31;43,0;1;2;3;4;11;14;43,False,
mmr_as,nq_73,1.0,0.6,0.7363225368997981,0.2636774631002019,1.0,1.0,0.8162850000417166,181.34507899992514,True,0;1;4;12;43,0;1;4,False,
mmr_as,nq_74,0.6666666666666666,0.4,0.8103143524869306,0.18968564751306938,0.0,0.5,0.8397200000445082,264.0011590000313,True,4;9;11;40;47,9;40;41,False,
mmr_as,nq_75,1.0,0.8,0.7895018737987641,0.21049812620123587,1.0,1.0,0.8470770000030825,222.84941099997013,True,0;1;2;10;24,0;1;2;24,False,
mmr_as,nq_76,1.0,0.8,0.8914460782209618,0.10855392177903822,0.0,0.6666666666666666,0.8647309999787467,284.6905579999657,True,0;1;3;7;10,0;1;3;10,False,
mmr_as,nq_77,,0.0,0.5967713770919504,0.4032286229080496,0.0,0.5,0.8287220000511297,161.78638199994566,False,16;25;26;34;47,,False,
mmr_as,nq_78,0.4,0.4,0.8174135103336926,0.18258648966630742,1.0,1.0,0.832779000006667,268.8355910000837,True,0;13;23;28;38,0;16;19;25;28,False,
mmr_as,nq_79,0.5,0.4,0.8260598644210682,0.17394013557893184,0.0,0.6666666666666666,0.8623970001053749,309.74961699996584,True,0;1;9;21;45,0;1;2;37,False,
mmr_as,nq_80,0.625,1.0,0.8628615743697811,0.13713842563021894,1.0,1.0,0.8310320000646243,259.8638449999271,True,0;4;8;13;14,0;2;3;4;7;8;13;14,False,
mmr_as,nq_81,0.0967741935483871,0.6,0.8540810978894016,0.14591890211059844,1.0,1.0,0.9702919999199366,161.18997799992485,True,0;2;8;14;32,0;1;2;3;4;5;7;8;9;10;11;12;13;15;18;23;25;26;27;28;29;31;33;35;36;37;39;41;43;45;47,False,
mmr_as,nq_82,0.3333333333333333,0.2,0.7994375719631821,0.2005624280368179,0.0,0.5,0.8826170000020284,182.32967699998426,True,3;12;18;26;27,3;5;35,False,
mmr_as,nq_83,,0.0,0.8088554754976748,0.19114452450232522,0.0,0.0,0.8260969999582812,222.39128400008212,False,1;6;7;40;46,,False,
mmr_as,nq_84,0.0,0.0,0.7048573892267427,0.2951426107732573,0.0,0.0,0.9067290000075445,200.76230199993006,True,22;30;35;42;46,25,False,
mmr_as,nq_85,0.2,0.2,0.8338389629969738,0.1661610370030262,0.0,0.0,0.8441740000080244,221.37070999997377,True,4;7;18;35;37,1;3;8;37;39,False,
mmr_as,nq_86,0.2857142857142857,0.4,0.7056264494487732,0.2943735505512268,0.0,0.6666666666666666,0.8020069999474799,161.3165859999981,True,0;11;17;32;39,0;12;14;16;31;35;39,False,
mmr_as,nq_87,0.6,0.6,0.7228630715577472,0.2771369284422528,1.0,1.0,0.8395580000524205,264.555701000063,True,0;1;4;47;49,0;1;4;12;30,False,
mmr_as,nq_88,0.6666666666666666,0.4,0.9009832539235971,0.09901674607640287,0.0,0.3333333333333333,0.8147949999965931,200.31330799997704,True,2;4;11;13;15,2;4;31,False,
mmr_as,nq_89,0.0,0.0,0.8466505197747967,0.15334948022520334,0.0,0.0,0.8439049998969494,160.18346600003497,True,6;20;27;30;35,14;22;23;25;40,False,
mmr_as,nq_90,0.6666666666666666,0.4,0.6720409069703914,0.3279590930296086,0.0,0.6666666666666666,0.8063660000061645,223.04014100006953,True,0;3;12;17;40,0;10;17,False,
mmr_as,nq_91,,0.0,0.8141987434308404,0.18580125656915958,0.0,0.6666666666666666,0.8911529999977574,263.9832159999287,False,0;5;7;9;44,,False,
mmr_as,nq_92,,0.0,0.8083157425105212,0.19168425748947882,0.0,0.0,0.8985949999669174,225.5759610000041,False,0;6;8;20;35,,False,
mmr_as,nq_93,,0.0,0.6397730793955294,0.3602269206044706,0.0,0.3333333333333333,0.8786050000253454,222.00042700001177,False,0;21;28;31;42,,False,
mmr_as,nq_94,1.0,0.4,0.7936594530074729,0.20634054699252713,0.0,0.3333333333333333,0.803714000085165,284.59810399999697,True,0;2;20;28;42,0;2,False,
mmr_as,nq_95,0.45454545454545453,1.0,0.9343623713911284,0.06563762860887157,0.0,0.0,0.8484729999054252,201.39112600008957,True,0;3;4;8;26,0;3;4;8;23;26;29;35;38;43;49,False,
mmr_as,nq_96,0.75,0.6,0.7895116276864481,0.21048837231355189,0.0,0.5,0.8230299999922863,307.1326530000533,True,1;7;10;25;36,0;1;25;36,False,
mmr_as,nq_97,0.3333333333333333,0.2,0.8266711425963689,0.17332885740363113,1.0,1.0,0.8559759999116068,201.67953099985425,True,25;29;35;47;49,8;13;47,False,
mmr_as,nq_98,0.16666666666666666,0.4,0.8988366876684456,0.1011633123315544,0.0,0.0,0.9069220000128553,369.02882799995496,True,0;2;8;47;48,0;1;7;10;11;18;24;25;26;28;36;48,False,
mmr_as,nq_99,1.0,0.4,0.8100432637592965,0.18995673624070353,0.0,0.4444444444444445,0.9082900000976224,265.04610100005266,True,0;4;5;7;19,0;4,False,
mmr_as,nq_100,0.42857142857142855,0.6,0.8360494764035818,0.16395052359641815,0.0,0.0,0.9188750000248547,201.93907799989574,True,5;7;17;32;45,0;2;5;17;39;43;45,False,
mmr_as,nq_101,0.3333333333333333,0.6,0.8047276893621312,0.19527231063786876,0.0,0.7499999999999999,0.8878020000793185,250.36278399988987,True,0;1;2;32;40,1;2;13;23;24;26;31;40;45,False,
mmr_as,nq_102,0.2857142857142857,0.4,0.7689874111483941,0.23101258885160592,1.0,1.0,0.898793000033038,181.5554100001009,True,2;6;21;24;44,0;2;6;16;17;26;29,False,
mmr_as,nq_103,0.0,0.0,0.8007718339191431,0.19922816608085692,0.0,0.0,0.8400689998779853,222.65026499985652,True,0;4;19;27;39,10,False,
mmr_as,nq_104,1.0,0.2,0.8686048803550269,0.13139511964497308,0.0,0.6666666666666665,0.8491169999160775,263.74156199995014,True,1;20;21;29;40,1,False,
mmr_as,nq_105,0.125,1.0,0.8114993948521869,0.18850060514781308,0.0,0.4,0.7974979998834897,308.2861049999792,True,14;30;32;35;48,0;1;2;3;4;5;6;7;8;12;13;14;15;16;17;18;19;20;22;23;25;26;27;28;29;30;32;35;36;37;38;40;41;42;44;45;46;47;48;49,False,
mmr_as,nq_106,,0.0,0.7688059856294476,0.23119401437055243,0.0,0.0,0.9146880001935642,200.97406700006104,False,9;14;19;34;46,,False,
mmr_as,nq_107,,0.0,0.8576747965199193,0.1423252034800807,0.0,0.0,0.8225930000662629,285.9641550001015,False,0;1;2;5;8,,False,
mmr_as,nq_108,0.25,0.6,0.8449188994420638,0.15508110055793622,1.0,1.0,0.8696229999713978,180.38580200004617,True,2;3;36;47;48,2;3;5;6;12;14;24;29;36;40;42;43,False,
mmr_as,nq_109,,0.0,0.7176035754780792,0.2823964245219208,0.0,0.0,0.8749940000143397,202.11060699989503,False,8;23;32;39;47,,False,
mmr_as,nq_110,,0.0,0.7834242365363743,0.21657576346362573,0.0,0.28571428571428575,0.9179950000088866,367.97700100009934,False,4;5;9;17;46,,False,
mmr_as,nq_111,,0.0,0.8960536862526371,0.10394631374736285,0.0,0.0,0.8665719999498833,221.47371299979568,False,0;16;26;27;45,,False,
mmr_as,nq_112,0.25,1.0,0.8454698279405172,0.15453017205948283,0.0,0.5,0.9008419999645412,246.15846999995483,True,2;8;17;24;26,0;1;2;3;4;5;6;7;8;9;13;15;17;24;26;29;33;38;44;49,False,
mmr_as,nq_113,0.75,0.6,0.7558929537941731,0.2441070462058269,1.0,1.0,0.9076549999917916,165.38454799979263,True,0;1;4;6;41,0;1;6;40,False,
mmr_as,nq_114,1.0,0.2,0.8434680062672809,0.1565319937327191,0.0,0.28571428571428575,0.9242979999726231,249.44212700006574,True,13;19;23;30;37,37,False,
mmr_as,nq_115,0.5,0.2,0.6661133474549507,0.33388665254504934,1.0,1.0,0.8756790000461478,227.2690950001106,True,0;31;33;44;46,0;7,False,
mmr_as,nq_116,0.22727272727272727,1.0,0.9464443923215111,0.05355560767848888,0.0,0.6666666666666666,0.8757450000302924,199.62028499980988,True,0;1;2;5;8,0;1;2;3;5;8;10;12;13;23;26;27;28;29;31;33;37;39;41;42;44;47,False,
mmr_as,nq_117,1.0,0.4,0.869998445524115,0.13000155447588502,0.0,0.0,0.8538930001122935,182.05213499982165,True,3;4;10;34;49,3;4,False,
mmr_as,nq_118,,0.0,0.7283334528893339,0.27166654711066607,0.0,0.0,0.8828110001104505,409.1074099999332,False,4;6;17;29;45,,False,
mmr_as,nq_119,0.2,0.2,0.9068188569676234,0.09318114303237657,1.0,1.0,0.9593370000402501,201.99065199994948,True,5;7;10;11;22,0;8;11;15;19,False,
mmr_as,nq_120,0.75,0.6,0.7968275709570267,0.20317242904297328,1.0,1.0,0.8315640000091662,201.5464650000922,True,0;4;5;16;21,0;2;4;5,False,
mmr_as,nq_121,0.23076923076923078,0.6,0.7586151175324318,0.24138488246756817,0.0,0.5714285714285715,0.8860610000738234,290.67505300008634,True,7;10;29;40;47,0;7;10;12;17;18;26;28;29;45;46;48;49,False,
mmr_as,nq_122,,0.0,0.8633568928044211,0.13664310719557893,0.0,0.6666666666666666,0.88219700000991,226.64361500005725,False,1;2;4;12;15,,False,
mmr_as,nq_123,0.3333333333333333,0.4,0.7851761718873285,0.21482382811267153,1.0,1.0,0.8643159999337513,221.51403799989566,True,4;7;33;44;45,1;2;4;6;7;12,False,
mmr_as,nq_124,1.0,0.2,0.6947170638680114,0.30528293613198865,1.0,1.0,0.8516069999586762,201.7512560000796,True,0;3;4;42;47,4,False,
mmr_as,nq_125,0.3333333333333333,0.8,0.9008238566901084,0.09917614330989155,0.0,0.6666666666666666,0.8822869999676186,182.30609200008985,True,0;1;4;10;11,0;1;2;4;5;6;7;8;10;21;40;47,False,
mmr_as,nq_126,0.3333333333333333,0.2,0.6498175262797311,0.3501824737202689,1.0,1.0,0.8671129999129334,160.63105500006714,True,4;7;13;26;35,0;1;4,False,
mmr_as,nq_127,0.5,0.4,0.6875237374871569,0.3124762625128431,0.0,0.0,0.8822839999993448,390.8778259999508,True,0;1;26;39;40,0;1;3;7,False,
mmr_as,nq_128,0.5,0.8,0.8858979607425221,0.11410203925747786,1.0,1.0,0.8700729999873147,181.56640699999116,True,0;4;10;15;33,0;4;9;15;28;33;35;44,False,
mmr_as,nq_129,0.3333333333333333,0.6,0.7995135293357066,0.20048647066429337,1.0,1.0,0.8956110000326589,223.0408200000511,True,0;10;28;29;33,0;1;5;6;9;10;33;37;48,False,
mmr_as,nq_130,,0.0,0.816334345520449,0.18366565447955097,0.0,0.0,0.8341039999777422,201.97590500015394,False,4;12;13;26;29,,False,
mmr_as,nq_131,0.14285714285714285,0.2,0.8800038128866836,0.11999618711331639,0.0,0.0,0.9148659999027586,271.76032300008046,True,4;5;24;34;41,0;4;15;20;23;43;46,False,
mmr_as,nq_132,0.0,0.0,0.8492753708075277,0.15072462919247231,0.0,0.0,0.8920059999582008,349.49950599980184,True,0;1;5;6;20,9;18;19;28,False,
mmr_as,nq_133,0.2,0.2,0.8490006223518577,0.1509993776481423,0.0,0.3333333333333333,0.8297520000724035,224.9185690000104,True,1;22;26;35;47,2;5;9;31;47,False,
mmr_as,nq_134,0.5,0.4,0.8250622533998406,0.17493774660015937,0.0,0.0,1.125209000065297,145.02864700011742,True,1;3;6;19;32,0;3;5;6,False,
mmr_as,nq_135,0.0,0.0,0.6389181590582893,0.3610818409417107,0.0,0.0,0.9238299999196897,205.10976800005665,True,4;27;32;43;47,0;20;28;38,False,
mmr_as,nq_136,1.0,0.2,0.6071440621518296,0.3928559378481704,0.0,0.5714285714285715,0.9458689999064518,399.45287999989887,True,18;19;21;22;30,21,False,
mmr_as,nq_137,0.5,0.2,0.7416505241352646,0.25834947586473545,0.0,0.2857142857142857,0.838371000099869,718.248395999808,True,0;4;8;40;41,0;3,False,
mmr_as,nq_138,,0.0,0.8073466658349734,0.1926533341650266,0.0,0.0,0.9314500000527914,292.4657369999295,False,5;18;25;37;39,,False,
mmr_as,nq_139,,0.0,0.6671210962282819,0.33287890377171814,0.0,0.0,0.8911029999580933,334.7791219998726,False,0;3;5;6;40,,False,
mmr_as,nq_140,1.0,0.4,0.8715623286380101,0.1284376713619899,1.0,1.0,0.9050849998857302,269.8655089998283,True,1;6;7;16;21,1;6,False,
mmr_as,nq_141,0.15625,1.0,0.8469424092156383,0.15305759078436165,0.0,0.0,0.9330969999155059,207.27129099986996,True,14;24;33;35;45,2;3;5;7;11;13;14;16;18;19;20;21;22;23;24;25;26;29;30;31;32;33;34;35;36;37;39;44;45;46;47;48,False,
mmr_as,nq_142,0.125,1.0,0.8491524205466202,0.1508475794533798,0.0,0.0,0.9101489999920886,296.713956000076,True,4;6;10;37;41,0;1;2;3;4;5;6;7;8;9;10;11;12;13;14;15;16;17;18;19;20;21;22;23;24;25;26;28;30;31;36;37;39;41;42;43;44;45;47;49,False,
mmr_as,nq_143,0.6666666666666666,0.4,0.7899889180507419,0.2100110819492581,1.0,1.0,0.9519449999970675,298.49358100000245,True,8;15;26;45;47,6;26;47,False,
mmr_as,nq_144,0.19047619047619047,0.8,0.8556489145662722,0.14435108543372777,0.0,0.8,0.8581189999858907,205.05956500005595,True,12;21;36;37;43,0;1;3;4;5;6;8;11;12;20;21;22;28;29;36;39;40;41;43;45;48,False,
mmr_as,nq_145,0.0,0.0,0.7764067389123263,0.22359326108767374,0.0,0.0,0.843888999952469,243.1683659999635,True,1;18;21;25;33,8,False,
mmr_as,nq_146,0.5714285714285714,0.8,0.8248666771032273,0.17513332289677275,1.0,1.0,0.926474999914717,223.13725100002557,True,2;9;14;22;46,2;6;8;9;14;22;33,False,
mmr_as,nq_147,0.8,0.8,0.7848343231225374,0.21516567687746257,1.0,1.0,0.8684710001034546,284.1891120001492,True,0;6;11;16;40,0;6;8;11;40,False,
mmr_as,nq_148,0.6666666666666666,0.8,0.888906527348183,0.11109347265181702,0.0,0.5714285714285715,0.9162389999346487,284.38232200005586,True,0;1;6;11;22,0;1;4;6;17;22,False,
mmr_as,nq_149,1.0,0.4,0.8490293243660301,0.15097067563396993,0.0,0.28571428571428575,0.9534839998650568,304.7155340000245,True,2;4;6;12;38,2;4,False,
mmr_as,nq_150,,0.0,0.770842787880575,0.22915721211942497,0.0,0.0,0.804366000011214,242.44553800008362,False,1;8;31;36;37,,False,
mmr_as,nq_151,0.3333333333333333,0.4,0.8791730666282416,0.12082693337175843,0.0,0.5,0.8341029999883176,264.4085519998498,True,0;1;4;10;22,4;6;18;22;28;38,False,
mmr_as,nq_152,1.0,0.4,0.8571879021623257,0.14281209783767435,0.0,0.8,0.8253339999555465,210.87778499986598,True,0;1;2;6;20,0;1,False,
mmr_as,nq_153,0.3333333333333333,0.2,0.714457457785393,0.28554254221460695,1.0,1.0,0.9557000000768312,207.50110099993435,True,2;11;12;30;46,0;1;46,False,
mmr_as,nq_154,,0.0,0.9103907119541519,0.08960928804584811,0.0,0.0,0.9455550000438961,252.12401700014198,False,0;2;9;10;42,,False,
mmr_as,nq_155,,0.0,0.7260197476600263,0.2739802523399737,0.0,0.0,0.8421370000633033,297.85648799997944,False,16;18;22;33;42,,False,
mmr_as,nq_156,0.1875,0.6,0.8825600566606789,0.11743994333932106,0.0,0.6666666666666666,0.8913340000162862,202.13574600006723,True,1;3;7;9;16,0;3;4;5;6;7;8;14;16;17;24;27;39;42;43;49,False,
mmr_as,nq_157,1.0,0.6,0.7334756663665919,0.2665243336334081,0.0,0.5,0.8609160001924465,221.5839479999886,True,0;1;31;43;49,0;1;49,False,
mmr_as,nq_158,,0.0,0.6838196693394162,0.3161803306605838,0.0,0.0,0.905356999965079,263.06040700001176,False,7;14;22;25;40,,False,
mmr_as,nq_159,0.0,0.0,0.7145377569418242,0.2854622430581758,0.0,0.0,0.8642960001452593,181.7574510000668,True,15;17;25;27;40,32;49,False,
mmr_as,nq_160,1.0,0.2,0.7518076664751785,0.2481923335248215,0.0,0.0,0.9145220001300913,244.82823099992856,True,4;5;12;25;48,4,False,
mmr_as,nq_161,0.2,0.2,0.7638582694655023,0.23614173053449772,0.0,0.22222222222222224,0.834255999961897,283.6061630000586,True,2;31;33;36;44,2;12;21;25;32,False,
mmr_as,nq_162,1.0,0.8,0.7827820481251692,0.21721795187483084,1.0,1.0,0.8328589999564429,245.96999499999583,True,1;4;6;17;46,1;4;17;46,False,
mmr_as,nq_163,,0.0,0.6861305176305011,0.31386948236949885,0.0,0.8,0.8527399998001783,205.3452389998256,False,1;2;4;24;48,,False,
mmr_as,nq_164,1.0,0.4,0.7668622136092187,0.2331377863907813,0.0,0.0,0.8684009999342379,226.61437100009607,True,0;4;32;40;49,4;32,False,
mmr_as,nq_165,0.75,0.6,0.7921364222232128,0.2078635777767872,1.0,1.0,0.8493169998473604,227.63020100001086,True,3;5;11;12;17,0;3;5;12,False,
mmr_as,nq_166,0.6666666666666666,0.4,0.8613622458046943,0.13863775419530566,1.0,1.0,0.8415560000685218,290.01177100008135,True,0;2;4;11;12,0;1;2,False,
mmr_as,nq_167,0.6666666666666666,0.4,0.8579604624637376,0.14203953753626242,1.0,1.0,0.8506250001119042,225.0991820001218,True,2;4;18;24;26,4;5;24,False,
mmr_as,nq_168,0.2,0.2,0.811975466054936,0.18802453394506402,0.0,0.3333333333333333,0.888058999862551,292.3681659999602,True,4;5;14;21;31,0;4;17;19;39,False,
mmr_as,nq_169,0.0,0.0,0.8296911461585038,0.1703088538414962,0.0,0.5,0.948177000054784,201.56216800000948,True,5;9;42;48;49,0;1;4;6;8;15;17;18;19;20;22;25;31;33;41;44;46,False,
mmr_as,nq_170,0.16666666666666666,0.2,0.8897376750688764,0.11026232493112365,0.0,0.4,0.8334240001204307,264.139871999987,True,0;2;4;7;12,0;1;5;8;21;45,False,
mmr_as,nq_171,0.375,0.6,0.8679737544708658,0.13202624552913422,0.0,0.8,0.8463269998628675,202.10226400013198,True,2;16;24;27;42,2;4;6;15;24;32;42;44,False,
mmr_as,nq_172,,0.0,0.6488765919871285,0.35112340801287145,0.0,0.0,0.878858999840304,187.90519499998481,False,8;34;46;47;49,,False,
mmr_as,nq_173,1.0,0.4,0.8904616751255251,0.1095383248744749,1.0,1.0,0.8191119998173235,181.65171500004362,True,0;1;2;3;29,0;1,False,
mmr_as,nq_174,0.3333333333333333,0.6,0.8105775755463419,0.1894224244536581,1.0,1.0,0.843585999973584,264.3182970000453,True,0;3;6;10;12,0;2;6;8;9;12;17;28;45,False,
mmr_as,nq_175,0.25,0.6,0.7454957667800279,0.25450423321997206,0.0,0.6,0.8447130001059122,413.7832410001465,True,0;8;13;22;25,0;1;2;3;4;5;6;8;17;22;23;44,False,
mmr_as,nq_176,,0.0,0.7135515943433097,0.2864484056566903,0.0,0.0,0.836488000004465,203.19360600001346,False,0;2;8;37;49,,False,
mmr_as,nq_177,0.07692307692307693,0.2,0.802719988864865,0.19728001113513505,0.0,0.0,0.849832000085371,264.0037979999761,True,8;12;15;17;36,5;7;12;13;18;20;21;31;34;37;39;43;47,False,
mmr_as,nq_178,0.3333333333333333,0.6,0.832698252625508,0.167301747374492,0.0,0.4,0.9274310000364494,223.74360300000262,True,2;24;37;40;46,2;5;17;21;24;26;28;34;46,False,
mmr_as,nq_179,,0.0,0.6033081320931302,0.39669186790686983,0.0,0.0,0.7537450001109391,225.68943299984312,False,3;17;18;19;20,,False,
mmr_as,nq_180,0.25,0.2,0.8488108677187511,0.15118913228124886,0.0,0.6666666666666666,0.8169230000021344,377.79780000005303,True,1;9;10;14;40,1;5;13;41,False,
mmr_as,nq_181,1.0,0.4,0.7808408263231523,0.21915917367684767,1.0,1.0,0.8145279998643673,243.89631400003964,True,5;17;30;42;48,17;30,False,
mmr_as,nq_182,,0.0,0.7001796546644534,0.2998203453355466,0.0,0.0,0.8728790000986919,185.15505099981056,False,1;20;35;39;45,,False,
mmr_as,nq_183,0.0,0.0,0.6426260933758592,0.3573739066241408,0.0,0.3333333333333333,0.9241000000201893,257.785075999891,True,17;21;35;38;43,12;27;29;49,False,
mmr_as,nq_184,0.5,0.4,0.8289451448847498,0.1710548551152502,0.0,0.25,0.8397130000048492,243.49206500005494,True,0;2;15;28;36,0;2;4;9,False,
mmr_as,nq_185,,0.0,0.6993636784822674,0.30063632151773256,0.0,0.0,0.8559469999909197,281.18200599988086,False,20;25;37;43;48,,False,
mmr_as,nq_186,0.36363636363636365,0.8,0.8360722044981796,0.16392779550182035,1.0,1.0,0.9686739999779093,205.21181699996305,True,2;7;22;23;38,0;2;6;7;13;15;18;22;34;38;49,False,
mmr_as,nq_187,0.3333333333333333,0.2,0.7441082806969564,0.25589171930304355,1.0,1.0,0.9418249999271211,224.85091599992302,True,0;2;9;12;19,0;5;17,False,
mmr_as,nq_188,1.0,0.2,0.631432983146411,0.36856701685358895,1.0,1.0,0.8129450000069482,225.05851500000063,True,29;32;40;42;43,40,False,
mmr_as,nq_189,,0.0,0.623057773785337,0.376942226214663,0.0,0.0,0.83303600013096,231.22220499999457,False,0;1;9;33;42,,False,
mmr_as,nq_190,0.75,0.6,0.8298663797050783,0.17013362029492174,1.0,1.0,0.8077310001226579,206.6420809999272,True,0;3;15;19;41,0;3;15;17,False,
mmr_as,nq_191,0.5555555555555556,1.0,0.8629038770465417,0.1370961229534583,1.0,1.0,0.8517020000908815,251.99050799983524,True,0;8;9;35;36,0;2;6;8;9;30;35;36;47,False,
mmr_as,nq_192,0.3333333333333333,0.2,0.7431725011471648,0.2568274988528352,0.0,0.0,0.9103400000185502,206.09639600002083,True,0;3;6;26;34,3;11;22,False,
mmr_as,nq_193,,0.0,0.8316650553538709,0.16833494464612908,0.0,0.20000000000000004,0.9382499999901484,308.8534170001367,False,5;8;25;29;41,,False,
mmr_as,nq_194,1.0,0.6,0.7197537680083782,0.2802462319916218,1.0,1.0,0.8393950001845951,283.9644739999585,True,0;1;15;19;40,0;1;19,False,
mmr_as,nq_195,,0.0,0.9486185379596741,0.0513814620403259,0.0,0.0,0.8575289998589142,306.19280700011586,False,3;8;10;22;40,,False,
mmr_as,nq_196,0.2857142857142857,0.8,0.7703895960752085,0.22961040392479148,0.0,0.4444444444444445,0.8313610001096094,706.5794950001418,True,0;11;12;16;46,0;1;5;6;10;12;15;16;22;26;37;38;45;46,False,
mmr_as,nq_197,1.0,0.2,0.8861587196731264,0.11384128032687357,0.0,0.7499999999999999,0.8170589999281219,201.24665499997718,True,1;3;4;12;41,1,False,
mmr_as,nq_198,0.35714285714285715,1.0,0.8340737711705757,0.16592622882942432,0.0,0.0,0.8383759998196183,221.6411629999584,True,4;20;21;37;45,0;1;4;5;11;12;15;16;18;20;21;37;45;48,False,
mmr_as,nq_199,0.25,0.4,0.8415035732874714,0.15849642671252862,1.0,1.0,0.8170189998963906,247.20353499992598,True,1;8;10;17;34,1;7;9;11;16;17;19;45,False,
