configuration,question_id,recall,precision,redundancy,diversity,em,f1,selection_time_ms,generation_time_ms,retrieval_hit,selected_ranks,gold_ranks,plugin_timing_available,plugin_timing_ms
qore_as_control,nq_0,0.5,0.4,0.8541128623045979,0.14588713769540207,0.0,0.8571428571428571,25.435902000026545,684.0753000000177,True,0;1;25;32;37,0;1;4;38,True,baseline:0.752570
qore_as_control,nq_1,0.3333333333333333,0.4,0.7231898500225278,0.2768101499774722,0.0,0.5714285714285715,11.452388999998675,236.27578399998583,True,1;12;30;43;48,0;1;7;9;14;30,True,baseline:0.182519
qore_as_control,nq_2,0.23076923076923078,0.6,0.6961108830999511,0.30388911690004894,1.0,1.0,11.463698000000022,174.22483300003933,True,0;1;32;37;47,0;1;6;7;16;19;22;23;32;33;35;38;45,True,baseline:0.179237
qore_as_control,nq_3,0.625,1.0,0.8856787463091609,0.11432125369083912,0.0,0.0,11.30142300002035,276.86284700001806,True,4;29;37;45;49,4;6;24;29;37;45;47;49,True,baseline:0.177928
qore_as_control,nq_4,0.4,0.8,0.8538989055969182,0.14610109440308183,0.0,0.8,11.418956999989405,194.87439300002052,True,0;16;26;29;40,0;3;7;16;24;26;27;33;40;47,True,baseline:0.176639
qore_as_control,nq_5,0.0,0.0,0.8888063393982742,0.11119366060172575,0.0,0.0,11.601394000024357,238.91151800000898,True,0;5;8;10;21,19;44,True,baseline:0.177040
qore_as_control,nq_6,0.0,0.0,0.9058967500802556,0.09410324991974439,0.0,0.0,11.478153999973983,258.31280500000275,True,0;3;5;11;12,9;33,True,baseline:0.186464
qore_as_control,nq_7,,0.0,0.9030805196519799,0.09691948034802012,0.0,0.6666666666666666,11.743145000025379,198.12191500000154,False,4;9;34;42;49,,True,baseline:0.209037
qore_as_control,nq_8,,0.0,0.625220254602515,0.37477974539748504,0.0,0.28571428571428575,11.377084000002924,236.64497200002188,False,1;7;18;39;43,,True,baseline:0.187254
qore_as_control,nq_9,,0.0,0.8074523201595352,0.19254767984046484,0.0,0.5,11.197602999970968,178.96488299999191,False,15;19;34;43;48,,True,baseline:0.185156
qore_as_control,nq_10,0.2857142857142857,0.8,0.7949576893064805,0.20504231069351952,1.0,1.0,11.179512000012437,195.4874010000367,True,5;8;11;42;46,0;1;2;3;5;8;9;11;14;17;23;36;39;42,True,baseline:0.161692
qore_as_control,nq_11,0.75,0.6,0.7769646693458949,0.22303533065410508,1.0,1.0,11.77210000003015,220.79534400000966,True,0;3;14;32;37,3;7;14;37,True,baseline:0.182326
qore_as_control,nq_12,0.3333333333333333,0.2,0.7706736545523188,0.22932634544768116,0.0,0.0,11.594994999995833,220.02901000001884,True,0;14;21;29;39,0;1;41,True,baseline:0.164790
qore_as_control,nq_13,0.7142857142857143,1.0,0.8473733470427754,0.15262665295722455,1.0,1.0,11.762167000028967,198.8080130000185,True,0;1;4;5;31,0;1;3;4;5;16;31,True,baseline:0.165798
qore_as_control,nq_14,0.2,0.2,0.7280395526872177,0.27196044731278235,0.0,0.5,12.530664999985675,382.0369549999896,True,10;11;28;31;45,0;1;2;9;11,True,baseline:0.181440
qore_as_control,nq_15,,0.0,0.6727730841400221,0.3272269158599779,0.0,0.0,11.309219999986908,196.9323670000449,False,15;17;18;36;49,,True,baseline:0.173634
qore_as_control,nq_16,0.5,0.2,0.7973541831371616,0.20264581686283845,0.0,0.7499999999999999,11.190578000025653,237.6170709999883,True,5;7;27;43;46,4;27,True,baseline:0.157092
qore_as_control,nq_17,0.2,0.2,0.8234791843263715,0.17652081567362854,1.0,1.0,11.241623000046275,194.94281900000487,True,1;13;20;22;29,8;12;22;27;28,True,baseline:0.153933
qore_as_control,nq_18,0.05263157894736842,0.2,0.8053153524811634,0.19468464751883663,0.0,0.5,11.138557999970544,194.895383999949,True,3;10;18;34;41,0;1;2;4;5;6;7;10;16;17;20;22;25;27;33;36;37;43;49,True,baseline:0.158590
qore_as_control,nq_19,0.2,1.0,0.7832095675627189,0.21679043243728113,0.0,0.0,11.125698999990163,197.7429649999749,True,0;9;11;18;27,0;1;2;3;4;5;6;8;9;11;12;13;15;17;18;21;23;27;31;32;36;43;45;47;49,True,baseline:0.157680
qore_as_control,nq_20,0.5,0.4,0.8389580345605078,0.16104196543949223,0.0,0.0,11.231643000030544,237.52295700001014,True,0;6;9;30;42,0;21;42;48,True,baseline:0.155690
qore_as_control,nq_21,0.75,0.6,0.6604867223791132,0.3395132776208868,0.0,0.33333333333333337,11.296323999999913,300.3656629999796,True,0;1;3;25;48,0;1;3;16,True,baseline:0.159445
qore_as_control,nq_22,0.3333333333333333,0.8,0.7779250985182056,0.22207490148179443,0.0,0.6666666666666666,11.268815999983417,174.2519839999659,True,0;3;5;26;30,0;3;5;12;17;22;24;26;28;31;34;48,True,baseline:0.154125
qore_as_control,nq_23,0.75,0.6,0.8251881144429756,0.17481188555702443,1.0,1.0,11.242034000019885,175.040383999999,True,5;7;8;33;34,5;8;31;33,True,baseline:0.165393
qore_as_control,nq_24,1.0,0.8,0.9102010331457286,0.08979896685427136,1.0,1.0,11.20277399996894,218.7559189999888,True,0;1;2;4;7,0;2;4;7,True,baseline:0.155786
qore_as_control,nq_25,0.3333333333333333,0.8,0.7718850651428916,0.22811493485710843,0.0,0.5,11.171920999970553,224.8289049999812,True,7;15;19;24;43,0;3;5;15;19;24;34;37;41;42;43;45,True,baseline:0.149912
qore_as_control,nq_26,,0.0,0.6727415658000853,0.32725843419991474,0.0,0.0,11.352498000007927,240.7618449999518,False,8;23;29;45;46,,True,baseline:0.181477
qore_as_control,nq_27,1.0,0.2,0.6411275353263264,0.3588724646736736,0.0,0.8,11.201406999987285,278.6825370000088,True,0;13;14;20;29,0,True,baseline:0.192572
qore_as_control,nq_28,0.35714285714285715,1.0,0.8423135163671047,0.15768648363289528,0.0,0.6666666666666666,11.173963000032927,196.32841800000733,True,14;31;32;35;40,0;1;3;11;14;15;18;25;28;31;32;35;40;45,True,baseline:0.172849
qore_as_control,nq_29,0.5,0.2,0.8546793899849771,0.14532061001502294,0.0,1.0,11.160454000048503,258.31057999999985,True,2;4;9;10;22,1;2,True,baseline:0.165186
qore_as_control,nq_30,0.5,0.8,0.7933957345585538,0.20660426544144617,1.0,1.0,11.22169899997516,278.45138999998653,True,0;1;25;27;33,0;1;3;6;10;25;27;29,True,baseline:0.167956
qore_as_control,nq_31,1.0,0.2,0.8118790882970668,0.1881209117029332,1.0,1.0,11.245810999980677,174.17474500001617,True,0;3;5;6;44,0,True,baseline:0.167597
qore_as_control,nq_32,,0.0,0.78840390451779,0.21159609548221003,0.0,0.5,11.28509599999461,174.6126360000062,False,3;5;15;19;32,,True,baseline:0.175342
qore_as_control,nq_33,0.0,0.0,0.6037403700293253,0.39625962997067465,0.0,0.8,11.21833700000252,217.0586100000378,True,5;28;31;39;47,0;6,True,baseline:0.172630
qore_as_control,nq_34,0.4,0.4,0.8244662323566813,0.17553376764331874,0.0,0.0,11.412070999995194,280.365515000085,True,2;6;7;8;31,1;4;8;13;31,True,baseline:0.175157
qore_as_control,nq_35,1.0,0.6,0.900795916497173,0.09920408350282695,1.0,1.0,13.090104000070824,302.9697289999831,True,3;5;6;11;15,3;5;6,True,baseline:0.203054
qore_as_control,nq_36,0.0,0.0,0.7486184147000069,0.2513815852999931,0.0,0.0,11.316534999991745,195.4274989999476,True,3;17;20;27;31,5;7,True,baseline:0.172085
qore_as_control,nq_37,0.75,0.6,0.7393257980810525,0.2606742019189475,1.0,1.0,11.216726000043309,257.84758299994337,True,0;3;17;30;33,0;3;23;30,True,baseline:0.164725
qore_as_control,nq_38,0.2777777777777778,1.0,0.8587860043478145,0.1412139956521855,0.0,0.8,13.063160999990941,397.800886999903,True,0;5;6;8;11,0;1;2;3;4;5;6;7;8;11;17;19;25;26;31;33;45;47,True,baseline:0.197975
qore_as_control,nq_39,0.05555555555555555,0.2,0.8500325287756467,0.14996747122435328,0.0,0.5,13.014063000014175,198.3073210000157,True,0;1;27;41;47,2;3;4;6;8;10;11;15;16;19;23;33;38;40;43;44;45;47,True,baseline:0.194884
qore_as_control,nq_40,,0.0,0.8863373361045189,0.11366266389548108,0.0,0.0,11.58277599995472,447.98342599995067,False,1;6;13;30;34,,True,baseline:0.166181
qore_as_control,nq_41,,0.0,0.8029609282684909,0.19703907173150914,0.0,0.0,11.226876000023367,389.73158500004956,False,8;12;17;31;42,,True,baseline:0.164290
qore_as_control,nq_42,0.75,0.6,0.8090624904723966,0.19093750952760336,1.0,1.0,11.457667000058791,204.67696200000773,True,0;13;14;17;21,0;14;21;29,True,baseline:0.180896
qore_as_control,nq_43,,0.0,0.6789006493212651,0.32109935067873485,0.0,0.0,13.070044000073722,239.25211100004162,False,8;26;34;35;36,,True,baseline:0.169099
qore_as_control,nq_44,0.0,0.0,0.8591387544363798,0.14086124556362023,0.0,0.0,11.3610040000367,197.25633099994866,True,0;5;25;41;44,47,True,baseline:0.167258
qore_as_control,nq_45,0.11904761904761904,1.0,0.8518551726209793,0.14814482737902068,0.0,0.5,11.313336999933199,220.34179299998868,True,6;11;35;40;49,0;1;2;3;4;5;6;7;8;10;11;13;14;15;16;17;19;20;23;24;25;26;27;28;29;30;31;32;33;35;36;37;39;40;41;43;44;45;46;47;48;49,True,baseline:0.186573
qore_as_control,nq_46,0.0,0.0,0.8462928316981531,0.15370716830184694,0.0,0.0,12.395601999969585,281.50954399995953,True,10;20;22;28;29,8;9;12,True,baseline:0.167003
qore_as_control,nq_47,0.25,0.4,0.8723644402056744,0.12763555979432561,0.0,0.5,11.294215000020813,259.03251299996555,True,2;16;19;29;36,2;6;9;22;36;38;40;43,True,baseline:0.179941
qore_as_control,nq_48,0.18181818181818182,0.4,0.7677023478348122,0.23229765216518783,0.0,0.0,13.282554999932472,298.54510999996364,True,1;2;3;25;34,0;1;2;4;6;7;9;16;18;41;47,True,baseline:0.213458
qore_as_control,nq_49,0.3333333333333333,0.2,0.7955556703109785,0.2044443296890215,0.0,0.5,11.249487999975827,248.0447620000632,True,1;6;35;41;45,10;21;45,True,baseline:0.177376
qore_as_control,nq_50,,0.0,0.7594973493197579,0.24050265068024212,0.0,0.28571428571428575,12.262810000038371,251.07307700000092,False,3;12;17;28;29,,True,baseline:0.169300
qore_as_control,nq_51,0.09523809523809523,0.4,0.8417895760075063,0.15821042399249374,1.0,1.0,11.255319999918356,174.9381560000529,True,31;34;42;43;49,2;3;4;5;6;15;17;19;20;21;22;25;26;28;29;37;38;40;42;43;45,True,baseline:0.188283
qore_as_control,nq_52,,0.0,0.6580139092928325,0.34198609070716746,0.0,0.0,11.237672999982351,177.3276579999674,False,11;23;26;34;39,,True,baseline:0.164070
qore_as_control,nq_53,0.17647058823529413,0.6,0.7091926641087198,0.29080733589128016,0.0,0.6666666666666666,11.291561999996702,237.7785160000485,True,16;17;41;43;44,0;3;4;7;9;11;13;14;22;28;34;37;41;43;44;45;46,True,baseline:0.180590
qore_as_control,nq_54,0.2,0.2,0.8342245564672475,0.16577544353275253,0.0,0.0,11.146560000042882,239.39886000005117,True,2;21;22;40;42,1;13;34;42;47,True,baseline:0.166397
qore_as_control,nq_55,0.3333333333333333,0.4,0.7929647419852625,0.20703525801473754,1.0,1.0,11.421834000088893,217.19394400008696,True,3;15;27;46;47,3;13;15;18;26;37,True,baseline:0.176970
qore_as_control,nq_56,,0.0,0.7388401911112723,0.2611598088887277,0.0,0.0,11.226577999991605,175.86244099993564,False,26;28;36;40;48,,True,baseline:0.157445
qore_as_control,nq_57,0.6666666666666666,0.8,0.8261734202623845,0.1738265797376155,1.0,1.0,11.142126000095232,185.45418799999425,True,0;1;2;4;6,0;1;2;4;5;38,True,baseline:0.153194
qore_as_control,nq_58,,0.0,0.6135741339489021,0.38642586605109785,0.0,0.0,11.363793999976224,259.6699869999384,False,0;1;19;34;45,,True,baseline:0.171775
qore_as_control,nq_59,,0.0,0.6484230710338081,0.35157692896619186,0.0,0.28571428571428575,11.271727000007559,239.28788799992162,False,4;21;32;33;35,,True,baseline:0.160069
qore_as_control,nq_60,0.36363636363636365,0.8,0.7980892725757036,0.2019107274242964,0.0,0.5,11.309520000054363,238.1186439999965,True,1;3;17;30;35,1;3;4;5;6;17;18;22;28;35;37,True,baseline:0.169453
qore_as_control,nq_61,0.5,0.8,0.7562575560518632,0.24374244394813682,0.0,0.6666666666666666,11.170909000043139,302.02129300005254,True,4;7;17;36;47,3;4;7;10;24;34;36;47,True,baseline:0.161505
qore_as_control,nq_62,0.75,0.6,0.8016470547823153,0.19835294521768465,0.0,0.4,11.198961999980384,196.71744899994792,True,6;11;14;19;20,2;11;19;20,True,baseline:0.157721
qore_as_control,nq_63,0.3333333333333333,0.2,0.8140309606655348,0.18596903933446518,0.0,0.6666666666666666,11.393092999924193,216.99428900001294,True,0;4;12;13;15,0;18;49,True,baseline:0.161818
qore_as_control,nq_64,0.2727272727272727,0.6,0.8371888670370181,0.16281113296298189,0.0,0.6666666666666666,11.266138999985742,195.1555279999866,True,0;12;25;36;47,0;1;3;4;7;9;10;12;29;32;36,True,baseline:0.184182
qore_as_control,nq_65,0.625,1.0,0.9032599662622462,0.09674003373775375,0.0,0.6666666666666666,11.217949000069893,194.8089689999506,True,0;3;6;9;37,0;3;4;5;6;7;9;37,True,baseline:0.165311
qore_as_control,nq_66,0.36363636363636365,0.8,0.7807348065027465,0.21926519349725349,1.0,1.0,11.140456999896742,279.90878100001737,True,9;13;16;20;26,0;3;9;11;13;16;24;26;31;34;38,True,baseline:0.172525
qore_as_control,nq_67,,0.0,0.7000849449073352,0.2999150550926648,1.0,1.0,11.328971000011734,194.94401500003278,False,1;6;7;9;31,,True,baseline:0.170158
qore_as_control,nq_68,0.0,0.0,0.8462476448964228,0.1537523551035772,0.0,0.5,11.345923000021685,196.04176199993617,True,0;2;16;33;47,4;11,True,baseline:0.167777
qore_as_control,nq_69,,0.0,0.6787632268143693,0.3212367731856307,0.0,0.0,11.270439999975679,258.7042029999793,False,3;8;9;23;34,,True,baseline:0.170393
qore_as_control,nq_70,0.0,0.0,0.7029385790640859,0.29706142093591414,0.0,0.0,11.266200000022764,194.8711180000373,True,2;40;42;43;45,7;24,True,baseline:0.183130
qore_as_control,nq_71,0.2222222222222222,0.4,0.8704958373298914,0.12950416267010856,0.0,0.6666666666666666,11.180296000020462,196.65674999998828,True,2;23;29;31;39,0;3;5;12;14;18;22;23;29,True,baseline:0.166947
qore_as_control,nq_72,0.375,0.6,0.7401268211497769,0.2598731788502231,0.0,0.5714285714285715,11.414472999945247,237.489437000022,True,0;1;10;17;43,0;1;2;3;4;11;14;43,True,baseline:0.160004
qore_as_control,nq_73,1.0,0.6,0.7363225368997981,0.2636774631002019,1.0,1.0,11.368786000048203,174.7096630000442,True,0;1;4;12;43,0;1;4,True,baseline:0.180698
qore_as_control,nq_74,0.6666666666666666,0.4,0.8103143524869306,0.18968564751306938,0.0,0.5,11.197799000001396,257.3778849999826,True,4;9;11;40;47,9;40;41,True,baseline:0.163447
qore_as_control,nq_75,1.0,0.8,0.7895018737987641,0.21049812620123587,1.0,1.0,11.454407999963223,218.91553099999328,True,0;1;2;10;24,0;1;2;24,True,baseline:0.180455
qore_as_control,nq_76,1.0,0.8,0.8914460782209618,0.10855392177903822,0.0,0.6666666666666666,11.184277000097609,279.33412600009433,True,0;1;3;7;10,0;1;3;10,True,baseline:0.176991
qore_as_control,nq_77,,0.0,0.6263210278858169,0.3736789721141831,0.0,0.4,11.52923099994041,216.2884629999553,False,10;18;32;44;47,,True,baseline:0.175041
qore_as_control,nq_78,0.4,0.4,0.8174135103336926,0.18258648966630742,1.0,1.0,11.227227999938805,259.1027710000162,True,0;13;23;28;38,0;16;19;25;28,True,baseline:0.168496
qore_as_control,nq_79,0.5,0.4,0.8260598644210682,0.17394013557893184,0.0,0.6666666666666666,11.562372999947002,307.1876770000017,True,0;1;9;21;45,0;1;2;37,True,baseline:0.176300
qore_as_control,nq_80,0.5,0.8,0.8094359123819028,0.19056408761809718,1.0,1.0,11.165393000055701,236.83193099998334,True,3;4;8;13;31,0;2;3;4;7;8;13;14,True,baseline:0.167700
qore_as_control,nq_81,0.0967741935483871,0.6,0.8295594145236377,0.17044058547636232,1.0,1.0,12.645427000052223,162.20089500006907,True,5;8;14;32;47,0;1;2;3;4;5;7;8;9;10;11;12;13;15;18;23;25;26;27;28;29;31;33;35;36;37;39;41;43;45;47,True,baseline:0.183888
qore_as_control,nq_82,0.3333333333333333,0.2,0.7609242606668382,0.23907573933316184,0.0,0.5,11.55952999999954,179.07317800006695,True,3;12;18;27;44,3;5;35,True,baseline:0.159925
qore_as_control,nq_83,,0.0,0.7450482060652505,0.25495179393474954,0.0,0.0,11.15973399998893,214.70413800000188,False,6;25;40;41;46,,True,baseline:0.162766
qore_as_control,nq_84,0.0,0.0,0.7135132356946624,0.2864867643053376,0.0,0.28571428571428575,11.178545000007034,205.5406550000498,True,28;30;35;36;42,25,True,baseline:0.149267
qore_as_control,nq_85,0.2,0.2,0.8338389629969738,0.1661610370030262,0.0,0.0,11.386229999970965,216.01958899998408,True,4;7;18;35;37,1;3;8;37;39,True,baseline:0.154197
qore_as_control,nq_86,0.2857142857142857,0.4,0.6870064431662728,0.3129935568337272,0.0,0.6666666666666666,11.213045999966198,154.95931700002075,True,0;11;17;39;45,0;12;14;16;31;35;39,True,baseline:0.153861
qore_as_control,nq_87,0.6,0.6,0.7217692124377784,0.27823078756222164,1.0,1.0,11.18591399995239,260.3235640000321,True,0;1;4;37;49,0;1;4;12;30,True,baseline:0.156994
qore_as_control,nq_88,0.6666666666666666,0.4,0.9009832539235971,0.09901674607640287,0.0,0.3333333333333333,11.264323999967019,196.1295500000233,True,2;4;11;13;15,2;4;31,True,baseline:0.152032
qore_as_control,nq_89,0.0,0.0,0.8466505197747969,0.15334948022520312,0.0,0.0,11.317202999975962,153.69620400008444,True,6;20;27;30;35,14;22;23;25;40,True,baseline:0.148981
qore_as_control,nq_90,0.6666666666666666,0.4,0.6479646335455793,0.3520353664544207,0.0,0.6666666666666666,11.238844999979847,215.95000199999959,True,0;3;17;37;40,0;10;17,True,baseline:0.153020
qore_as_control,nq_91,,0.0,0.8367339007437036,0.16326609925629643,0.0,0.6666666666666666,11.108666000041012,258.8246490000756,False,0;5;7;9;42,,True,baseline:0.158114
qore_as_control,nq_92,,0.0,0.7839237658246304,0.21607623417536959,0.0,0.0,11.301086000003124,197.11026000004495,False,0;6;14;15;20,,True,baseline:0.153589
qore_as_control,nq_93,,0.0,0.6628492892941423,0.33715071070585767,0.0,0.3333333333333333,11.337461999914922,215.80194399996344,False,0;3;14;31;39,,True,baseline:0.157027
qore_as_control,nq_94,1.0,0.4,0.7324300789918518,0.26756992100814825,0.0,0.3333333333333333,11.20967000008477,278.2885609999539,True,0;2;19;22;42,0;2,True,baseline:0.158104
qore_as_control,nq_95,0.45454545454545453,1.0,0.9343623713911284,0.06563762860887157,0.0,0.0,11.257932999910736,194.5865990001039,True,0;3;4;8;26,0;3;4;8;23;26;29;35;38;43;49,True,baseline:0.173183
qore_as_control,nq_96,0.75,0.6,0.7630188293349178,0.23698117066508217,1.0,1.0,11.274625999931231,175.42449799998394,True,1;8;10;25;36,0;1;25;36,True,baseline:0.181004
qore_as_control,nq_97,0.3333333333333333,0.2,0.8266711425963689,0.17332885740363113,1.0,1.0,11.161586000071111,199.32337299997016,True,25;29;35;47;49,8;13;47,True,baseline:0.164714
qore_as_control,nq_98,0.16666666666666666,0.4,0.8701348965660696,0.12986510343393043,0.0,0.0,11.591511000005994,370.6900749999704,True,0;2;33;47;48,0;1;7;10;11;18;24;25;26;28;36;48,True,baseline:0.165867
qore_as_control,nq_99,1.0,0.4,0.800688057073935,0.19931194292606502,0.0,0.4444444444444445,11.268645999962246,260.4757899999868,True,0;3;4;5;19,0;4,True,baseline:0.157145
qore_as_control,nq_100,0.42857142857142855,0.6,0.8360494764035818,0.16395052359641815,0.0,0.0,11.27289299995482,176.82700099999238,True,5;7;17;32;45,0;2;5;17;39;43;45,True,baseline:0.152929
qore_as_control,nq_101,0.2222222222222222,0.4,0.7539550120356822,0.24604498796431784,0.0,0.7499999999999999,11.4695729999994,238.63516500000514,True,1;2;10;20;32,1;2;13;23;24;26;31;40;45,True,baseline:0.157393
qore_as_control,nq_102,0.42857142857142855,0.6,0.7597615634251296,0.24023843657487043,1.0,1.0,11.473453999997218,177.5984820000076,True,2;6;24;26;44,0;2;6;16;17;26;29,True,baseline:0.155856
qore_as_control,nq_103,0.0,0.0,0.7577268664444702,0.24227313355552982,0.0,0.0,11.29677099993387,299.69296700005543,True,4;5;19;24;27,10,True,baseline:0.161604
qore_as_control,nq_104,1.0,0.2,0.8686048803550268,0.1313951196449732,0.0,0.6666666666666665,12.301503000003322,264.25036800003454,True,1;20;21;29;40,1,True,baseline:0.181834
qore_as_control,nq_105,0.125,1.0,0.793148969370737,0.20685103062926302,0.0,0.6666666666666666,12.24387399997795,266.8850320000047,True,14;30;32;46;48,0;1;2;3;4;5;6;7;8;12;13;14;15;16;17;18;19;20;22;23;25;26;27;28;29;30;32;35;36;37;38;40;41;42;44;45;46;47;48;49,True,baseline:0.180810
qore_as_control,nq_106,,0.0,0.7688059856294476,0.23119401437055243,0.0,0.0,11.301477000074556,196.46378999993885,False,9;14;19;34;46,,True,baseline:0.179860
qore_as_control,nq_107,,0.0,0.8576747965199193,0.1423252034800807,0.0,0.0,11.314639000033822,279.67489700006354,False,0;1;2;5;8,,True,baseline:0.156261
qore_as_control,nq_108,0.25,0.6,0.8449188994420638,0.15508110055793622,1.0,1.0,11.642382999980327,176.90811600004963,True,2;3;36;47;48,2;3;5;6;12;14;24;29;36;40;42;43,True,baseline:0.164703
qore_as_control,nq_109,,0.0,0.7007157105963577,0.29928428940364227,0.0,0.0,11.855592999950204,199.83279500002027,False,8;32;39;46;47,,True,baseline:0.178069
qore_as_control,nq_110,,0.0,0.735735644299725,0.26426435570027496,0.0,0.4,11.328186000014284,239.11610000004657,False,4;9;17;34;46,,True,baseline:0.176849
qore_as_control,nq_111,,0.0,0.8901095037365003,0.10989049626349967,0.0,0.0,11.28691400003845,217.05765299998347,False,0;13;26;27;45,,True,baseline:0.175386
qore_as_control,nq_112,0.25,1.0,0.8449998608077905,0.15500013919220945,0.0,0.5,11.581705000025977,244.11120100000971,True,8;17;24;26;33,0;1;2;3;4;5;6;7;8;9;13;15;17;24;26;29;33;38;44;49,True,baseline:0.158460
qore_as_control,nq_113,0.5,0.4,0.7254196632761263,0.2745803367238737,0.0,0.4,11.32473999996364,279.1316130000041,True,0;1;4;16;27,0;1;6;40,True,baseline:0.153674
qore_as_control,nq_114,1.0,0.2,0.8434680062672809,0.1565319937327191,0.0,0.28571428571428575,11.235145999989982,239.50623900009305,True,13;19;23;30;37,37,True,baseline:0.153806
qore_as_control,nq_115,0.5,0.2,0.7047744556625268,0.29522554433747317,1.0,1.0,11.203035999983513,216.97845699998197,True,0;23;25;28;33,0;7,True,baseline:0.156046
qore_as_control,nq_116,0.22727272727272727,1.0,0.9464443923215111,0.05355560767848888,0.0,0.6666666666666666,11.29609999998138,177.26966899999752,True,0;1;2;5;8,0;1;2;3;5;8;10;12;13;23;26;27;28;29;31;33;37;39;41;42;44;47,True,baseline:0.170994
qore_as_control,nq_117,0.0,0.0,0.842361266390849,0.15763873360915104,0.0,0.0,11.289858000054664,196.57793500005027,True,10;34;38;40;49,3;4,True,baseline:0.164409
qore_as_control,nq_118,,0.0,0.7283334528893339,0.27166654711066607,0.0,0.0,11.303496999971685,404.519855999979,False,4;6;17;29;45,,True,baseline:0.164106
qore_as_control,nq_119,0.2,0.2,0.8427755450798046,0.15722445492019543,1.0,1.0,11.741396999923381,199.9278810000078,True,5;10;11;22;43,0;8;11;15;19,True,baseline:0.167901
qore_as_control,nq_120,0.5,0.4,0.7455943281907123,0.25440567180928775,1.0,1.0,11.742403999960516,175.20494999996572,True,0;4;11;16;21,0;2;4;5,True,baseline:0.159004
qore_as_control,nq_121,0.23076923076923078,0.6,0.7792417385228149,0.22075826147718514,0.0,0.5714285714285715,11.392486999966422,281.2533080000321,True,10;18;29;34;40,0;7;10;12;17;18;26;28;29;45;46;48;49,True,baseline:0.147294
qore_as_control,nq_122,,0.0,0.7727713726849235,0.22722862731507654,0.0,0.6666666666666666,11.159088999988853,217.7674740000839,False,4;12;15;43;48,,True,baseline:0.147477
qore_as_control,nq_123,0.16666666666666666,0.2,0.7669353862106378,0.23306461378936216,1.0,1.0,11.24064400005409,215.5955160000076,True,4;33;41;45;47,1;2;4;6;7;12,True,baseline:0.150455
qore_as_control,nq_124,1.0,0.2,0.6442077852313124,0.3557922147686876,1.0,1.0,11.412496000048122,196.31178999998156,True,3;4;34;42;47,4,True,baseline:0.159965
qore_as_control,nq_125,0.25,0.6,0.7352406580159325,0.2647593419840675,0.0,0.6666666666666666,11.39576599996417,175.1685340000222,True,0;1;4;26;36,0;1;2;4;5;6;7;8;10;21;40;47,True,baseline:0.167522
qore_as_control,nq_126,0.3333333333333333,0.2,0.6652558434274194,0.3347441565725806,1.0,1.0,12.895590999960405,156.99312099991403,True,4;7;13;34;42,0;1;4,True,baseline:0.176910
qore_as_control,nq_127,0.5,0.4,0.7377998458095565,0.2622001541904435,1.0,1.0,11.05716000006396,174.87316100005046,True,0;1;4;24;39,0;1;3;7,True,baseline:0.151031
qore_as_control,nq_128,0.375,0.6,0.8123191957317971,0.18768080426820288,1.0,1.0,11.193832999992992,154.02939499995227,True,0;4;10;24;35,0;4;9;15;28;33;35;44,True,baseline:0.159200
qore_as_control,nq_129,0.2222222222222222,0.4,0.7370344831346168,0.26296551686538316,0.0,0.0,11.203099999988808,174.59775600002558,True,10;25;28;29;33,0;1;5;6;9;10;33;37;48,True,baseline:0.146692
qore_as_control,nq_130,,0.0,0.7940226502470022,0.20597734975299775,1.0,1.0,11.511348999988513,217.68981299999268,False,4;12;13;14;26,,True,baseline:0.145760
qore_as_control,nq_131,0.14285714285714285,0.2,0.8652190216258504,0.1347809783741496,0.0,0.0,11.129324999956225,237.10986700007197,True,4;5;11;34;41,0;4;15;20;23;43;46,True,baseline:0.148135
qore_as_control,nq_132,0.0,0.0,0.8171247351908736,0.18287526480912641,0.0,0.0,11.182319999988977,198.12941999998657,True,0;5;6;20;33,9;18;19;28,True,baseline:0.146695
qore_as_control,nq_133,0.2,0.2,0.8272279140830274,0.17277208591697257,0.0,0.4,11.276365000071564,196.32168199996158,True,22;26;28;35;47,2;5;9;31;47,True,baseline:0.145692
qore_as_control,nq_134,0.5,0.4,0.773066629656953,0.22693337034304695,0.0,0.0,11.122542999942198,256.6567800000712,True,3;6;19;32;48,0;3;5;6,True,baseline:0.145022
qore_as_control,nq_135,0.0,0.0,0.6389181590582893,0.3610818409417107,0.0,0.0,11.26315200008321,195.69442399995296,True,4;27;32;43;47,0;20;28;38,True,baseline:0.160261
qore_as_control,nq_136,1.0,0.2,0.6164406131801936,0.3835593868198064,0.0,0.6666666666666666,11.090290000083769,361.821538000072,True,7;16;18;21;35,21,True,baseline:0.159169
qore_as_control,nq_137,0.5,0.2,0.7618146121140696,0.23818538788593036,0.0,0.2857142857142857,11.345598000048085,695.1865659999612,True,0;4;8;43;47,0;3,True,baseline:0.172929
qore_as_control,nq_138,,0.0,0.777208464312489,0.22279153568751098,0.0,0.0,11.441908000051626,304.34606799997255,False,5;18;25;26;37,,True,baseline:0.171409
qore_as_control,nq_139,,0.0,0.656647186732284,0.34335281326771605,0.0,0.0,11.185173999933795,154.76374000002124,False,0;3;4;6;31,,True,baseline:0.147935
qore_as_control,nq_140,1.0,0.4,0.8715623286380101,0.1284376713619899,1.0,1.0,11.381007999943904,250.50626999995984,True,1;6;7;16;21,1;6,True,baseline:0.147573
qore_as_control,nq_141,0.15625,1.0,0.8469424092156383,0.15305759078436165,0.0,0.0,11.926492000043254,200.8411829999659,True,14;24;33;35;45,2;3;5;7;11;13;14;16;18;19;20;21;22;23;24;25;26;29;30;31;32;33;34;35;36;37;39;44;45;46;47;48,True,baseline:0.154758
qore_as_control,nq_142,0.125,1.0,0.8491524205466202,0.1508475794533798,0.0,0.0,11.795083000038176,289.1874980000466,True,4;6;10;37;41,0;1;2;3;4;5;6;7;8;9;10;11;12;13;14;15;16;17;18;19;20;21;22;23;24;25;26;28;30;31;36;37;39;41;42;43;44;45;47;49,True,baseline:0.151371
qore_as_control,nq_143,0.6666666666666666,0.4,0.7396299247987199,0.2603700752012801,1.0,1.0,11.146800000005896,289.1542439999739,True,15;26;34;45;47,6;26;47,True,baseline:0.147702
qore_as_control,nq_144,0.23809523809523808,1.0,0.8813945156728407,0.11860548432715934,0.0,0.8,11.203518999991502,195.5918669999619,True,5;28;36;39;43,0;1;3;4;5;6;8;11;12;20;21;22;28;29;36;39;40;41;43;45;48,True,baseline:0.147454
qore_as_control,nq_145,0.0,0.0,0.7651819965285324,0.23481800347146764,0.0,0.0,11.234852000029605,237.2260820000065,True,17;18;25;30;33,8,True,baseline:0.147871
qore_as_control,nq_146,0.42857142857142855,0.6,0.7660852427250855,0.2339147572749145,1.0,1.0,11.247489000083988,222.43931000002704,True,9;14;22;27;46,2;6;8;9;14;22;33,True,baseline:0.165419
qore_as_control,nq_147,0.6,0.6,0.7291558225464201,0.2708441774535799,1.0,1.0,11.83791799996925,280.24231599999894,True,6;11;16;40;44,0;6;8;11;40,True,baseline:0.173447
qore_as_control,nq_148,0.6666666666666666,0.8,0.888906527348183,0.11109347265181702,0.0,0.5714285714285715,11.393079000072248,277.8206709999722,True,0;1;6;11;22,0;1;4;6;17;22,True,baseline:0.163690
qore_as_control,nq_149,1.0,0.4,0.8490293243660301,0.15097067563396993,0.0,0.28571428571428575,11.607137000055445,308.8422120000587,True,2;4;6;12;38,2;4,True,baseline:0.177192
qore_as_control,nq_150,,0.0,0.7100675979290155,0.2899324020709845,0.0,0.0,11.619790000054309,239.52091299997846,False,9;16;29;31;36,,True,baseline:0.169379
qore_as_control,nq_151,0.3333333333333333,0.4,0.8791730666282416,0.12082693337175843,0.0,0.5,11.218964000022424,266.0946060000242,True,0;1;4;10;22,4;6;18;22;28;38,True,baseline:0.185998
qore_as_control,nq_152,1.0,0.4,0.8571879021623257,0.14281209783767435,0.0,0.8,11.979667999980848,199.68273699998917,True,0;1;2;6;20,0;1,True,baseline:0.186934
qore_as_control,nq_153,0.3333333333333333,0.2,0.714457457785393,0.28554254221460695,1.0,1.0,11.32609000001139,194.81654599997,True,2;11;12;30;46,0;1;46,True,baseline:0.162874
qore_as_control,nq_154,,0.0,0.8810327436942466,0.11896725630575344,0.0,0.0,11.181187000033788,238.0464039999879,False,2;9;10;15;42,,True,baseline:0.153706
qore_as_control,nq_155,,0.0,0.6725530340256641,0.32744696597433587,0.0,0.0,11.33357799994883,215.62872499998775,False,7;18;22;33;42,,True,baseline:0.167732
qore_as_control,nq_156,0.1875,0.6,0.8825600566606789,0.11743994333932106,0.0,0.6666666666666666,11.304297000037877,195.66214499991474,True,1;3;7;9;16,0;3;4;5;6;7;8;14;16;17;24;27;39;42;43;49,True,baseline:0.146721
qore_as_control,nq_157,1.0,0.6,0.7270359531888193,0.2729640468111807,0.0,0.5,11.172588000022188,216.48429999993368,True,0;1;10;31;49,0;1;49,True,baseline:0.159478
qore_as_control,nq_158,,0.0,0.666841262445353,0.333158737554647,0.0,0.0,11.159116000044378,258.0949389999887,False,14;22;25;45;47,,True,baseline:0.146531
qore_as_control,nq_159,0.0,0.0,0.7145377569418242,0.2854622430581758,0.0,0.0,11.27280699995481,176.76696899991384,True,15;17;25;27;40,32;49,True,baseline:0.144167
qore_as_control,nq_160,1.0,0.2,0.7405512967891585,0.25944870321084146,0.0,0.0,11.409690000050432,237.41803600000821,True,4;12;25;41;48,4,True,baseline:0.151888
qore_as_control,nq_161,0.2,0.2,0.8251619575527271,0.17483804244727286,0.0,0.0,11.37247099995875,258.84583499998826,True,2;27;39;42;46,2;12;21;25;32,True,baseline:0.150376
qore_as_control,nq_162,1.0,0.8,0.7827820481251692,0.21721795187483084,1.0,1.0,11.300828000003094,239.5331749999059,True,1;4;6;17;46,1;4;17;46,True,baseline:0.150432
qore_as_control,nq_163,,0.0,0.7001609607152997,0.29983903928470035,0.0,0.8,11.401743000078568,195.74733599995398,False,1;2;4;30;34,,True,baseline:0.180699
qore_as_control,nq_164,1.0,0.4,0.7277034887488416,0.2722965112511584,0.0,0.0,11.328982999998516,217.99063299999943,True,4;30;32;40;49,4;32,True,baseline:0.171498
qore_as_control,nq_165,0.75,0.6,0.721467143240701,0.27853285675929895,1.0,1.0,11.244165999983124,219.44123299999774,True,3;5;6;12;17,0;3;5;12,True,baseline:0.165829
qore_as_control,nq_166,0.3333333333333333,0.2,0.802017314591497,0.19798268540850295,1.0,1.0,11.323136999976668,281.05751800001144,True,0;4;11;12;16,0;1;2,True,baseline:0.179502
qore_as_control,nq_167,0.6666666666666666,0.4,0.8129930450157558,0.18700695498424424,1.0,1.0,11.363232999997308,216.50194500000453,True,2;4;24;26;27,4;5;24,True,baseline:0.179644
qore_as_control,nq_168,0.2,0.2,0.811975466054936,0.18802453394506402,0.0,0.3333333333333333,11.806241000044793,280.7755090000228,True,4;5;14;21;31,0;4;17;19;39,True,baseline:0.165106
qore_as_control,nq_169,0.058823529411764705,0.2,0.8388943975212303,0.1611056024787697,0.0,0.0,11.355775999959405,218.91157200002453,True,10;14;22;28;48,0;1;4;6;8;15;17;18;19;20;22;25;31;33;41;44;46,True,baseline:0.153455
qore_as_control,nq_170,0.16666666666666666,0.2,0.8395563012593872,0.16044369874061282,0.0,0.4,11.350365999987844,258.3484369999951,True,0;2;4;7;30,0;1;5;8;21;45,True,baseline:0.152928
qore_as_control,nq_171,0.375,0.6,0.8652156225826886,0.13478437741731142,0.0,0.8,11.702947000003405,216.40988100000413,True,2;16;24;27;32,2;4;6;15;24;32;42;44,True,baseline:0.170550
qore_as_control,nq_172,,0.0,0.6488765919871285,0.35112340801287145,0.0,0.0,11.199198999975124,186.24373699992702,False,8;34;46;47;49,,True,baseline:0.152548
qore_as_control,nq_173,1.0,0.4,0.8904616751255251,0.1095383248744749,1.0,1.0,11.186709999947198,176.6320109999242,True,0;1;2;3;29,0;1,True,baseline:0.169056
qore_as_control,nq_174,0.3333333333333333,0.6,0.8105775755463419,0.1894224244536581,1.0,1.0,11.292509000099926,260.149771999977,True,0;3;6;10;12,0;2;6;8;9;12;17;28;45,True,baseline:0.148488
qore_as_control,nq_175,0.25,0.6,0.7173403260561949,0.2826596739438051,0.0,0.6,11.244016000091506,406.90314700009367,True,8;13;17;22;25,0;1;2;3;4;5;6;8;17;22;23;44,True,baseline:0.164732
qore_as_control,nq_176,,0.0,0.7713437931181257,0.22865620688187427,0.0,0.0,11.137169999983598,216.96862099997816,False,0;2;8;36;47,,True,baseline:0.175374
qore_as_control,nq_177,0.07692307692307693,0.2,0.802719988864865,0.19728001113513505,0.0,0.0,11.093396999967808,258.6872820000963,True,8;12;15;17;36,5;7;12;13;18;20;21;31;34;37;39;43;47,True,baseline:0.152957
qore_as_control,nq_178,0.3333333333333333,0.6,0.832698252625508,0.167301747374492,0.0,0.4,11.786212000060914,221.8490779999911,True,2;24;37;40;46,2;5;17;21;24;26;28;34;46,True,baseline:0.161326
qore_as_control,nq_179,,0.0,0.6667270105069406,0.3332729894930594,0.0,0.0,11.308285000040996,237.76425400001244,False,3;20;28;29;36,,True,baseline:0.154639
qore_as_control,nq_180,0.25,0.2,0.8274921466995517,0.17250785330044827,0.0,0.6666666666666666,11.366138000084902,393.20768999994016,True,10;13;14;38;42,1;5;13;41,True,baseline:0.177441
qore_as_control,nq_181,1.0,0.4,0.7808408263231523,0.21915917367684767,1.0,1.0,11.324754999918696,245.1814360000526,True,5;17;30;42;48,17;30,True,baseline:0.157311
qore_as_control,nq_182,,0.0,0.680650005088031,0.319349994911969,0.0,0.0,11.473583999986658,282.39562199996726,False,1;3;35;36;39,,True,baseline:0.165049
qore_as_control,nq_183,0.0,0.0,0.6278008647688829,0.37219913523111714,0.0,0.3333333333333333,11.46166599994558,243.72519900009593,True,2;17;21;38;43,12;27;29;49,True,baseline:0.169657
qore_as_control,nq_184,0.5,0.4,0.8289451448847498,0.1710548551152502,0.0,0.25,11.344767000082356,242.00084999995397,True,0;2;15;28;36,0;2;4;9,True,baseline:0.176458
qore_as_control,nq_185,,0.0,0.6993636784822674,0.30063632151773256,0.0,0.0,11.356640999906631,260.9410449999814,False,20;25;37;43;48,,True,baseline:0.156993
qore_as_control,nq_186,0.36363636363636365,0.8,0.8177049319897998,0.18229506801020023,1.0,1.0,11.389461000021583,199.36282999992727,True,2;6;7;22;23,0;2;6;7;13;15;18;22;34;38;49,True,baseline:0.158058
qore_as_control,nq_187,0.3333333333333333,0.2,0.7784468621893893,0.2215531378106107,1.0,1.0,11.499542000024121,200.48286899998402,True,0;2;9;12;30,0;5;17,True,baseline:0.166953
qore_as_control,nq_188,1.0,0.2,0.6682250384102588,0.3317749615897412,1.0,1.0,11.22518800002581,216.7639090000648,True,8;25;33;38;40,40,True,baseline:0.159593
qore_as_control,nq_189,,0.0,0.6510085577313012,0.3489914422686988,0.0,0.0,11.315558999967834,175.70993699996507,False,0;1;2;19;29,,True,baseline:0.164484
qore_as_control,nq_190,0.75,0.6,0.8298663797050783,0.17013362029492174,1.0,1.0,11.260342000014134,197.3805299999185,True,0;3;15;19;41,0;3;15;17,True,baseline:0.160140
qore_as_control,nq_191,0.4444444444444444,0.8,0.7913629567748725,0.20863704322512755,1.0,1.0,11.247304999983498,239.07602099995984,True,0;8;29;36;47,0;2;6;8;9;30;35;36;47,True,baseline:0.181109
qore_as_control,nq_192,0.3333333333333333,0.2,0.7762841816988371,0.22371581830116294,0.0,0.0,11.322925999934341,195.82391299991286,True,0;3;6;13;37,3;11;22,True,baseline:0.187486
qore_as_control,nq_193,,0.0,0.7972534296949242,0.2027465703050758,0.0,0.0,11.47943600005874,158.94542900002762,False,5;8;29;31;41,,True,baseline:0.164346
qore_as_control,nq_194,1.0,0.6,0.7197537680083782,0.2802462319916218,1.0,1.0,11.494824999999764,285.0942219999979,True,0;1;15;19;40,0;1;19,True,baseline:0.180616
qore_as_control,nq_195,,0.0,0.9412237308935343,0.05877626910646572,0.0,0.0,11.425254999949175,314.6842009999773,False,8;10;22;30;40,,True,baseline:0.180900
qore_as_control,nq_196,0.2857142857142857,0.8,0.7703895960752085,0.22961040392479148,0.0,0.4444444444444445,11.343494000016108,707.197691000033,True,0;11;12;16;46,0;1;5;6;10;12;15;16;22;26;37;38;45;46,True,baseline:0.198077
qore_as_control,nq_197,1.0,0.2,0.8366675199396593,0.16333248006034073,0.0,0.7499999999999999,11.508766000019932,205.34916099995826,True,1;3;4;12;32,1,True,baseline:0.227638
qore_as_control,nq_198,0.35714285714285715,1.0,0.8340737711705757,0.16592622882942432,0.0,0.0,11.460644000067077,223.54112199991505,True,4;20;21;37;45,0;1;4;5;11;12;15;16;18;20;21;37;45;48,True,baseline:0.226189
qore_as_control,nq_199,0.25,0.4,0.778359619071723,0.22164038092827698,1.0,1.0,11.402861999954439,227.13200800001232,True,7;10;19;29;34,1;7;9;11;16;17;19;45,True,baseline:0.208834
mobius_pairwise,nq_0,0.5,0.4,0.8541128623045979,0.14588713769540207,0.0,0.8571428571428571,842.5539639999897,535.3659669999615,True,0;1;25;32;37,0;1;4;38,True,baseline:0.271961;mobius:830.313520
mobius_pairwise,nq_1,0.3333333333333333,0.4,0.7142931833640048,0.2857068166359952,0.0,0.5714285714285715,876.9923590000417,248.5095760000604,True,1;23;30;43;48,0;1;7;9;14;30,True,baseline:0.230923;mobius:865.156775
mobius_pairwise,nq_2,0.15384615384615385,0.4,0.6949722457543672,0.3050277542456328,1.0,1.0,879.846319999956,180.72346099995684,True,0;1;28;40;47,0;1;6;7;16;19;22;23;32;33;35;38;45,True,baseline:0.241697;mobius:868.058888
mobius_pairwise,nq_3,0.625,1.0,0.8856787463091609,0.11432125369083912,0.0,0.0,802.3477380000941,294.5004719999815,True,4;29;37;45;49,4;6;24;29;37;45;47;49,True,baseline:0.242297;mobius:790.496939
mobius_pairwise,nq_4,0.4,0.8,0.8538989055969182,0.14610109440308183,0.0,0.8,869.989865999969,212.63509400000657,True,0;16;26;29;40,0;3;7;16;24;26;27;33;40;47,True,baseline:0.248998;mobius:858.135319
mobius_pairwise,nq_5,0.0,0.0,0.8888063393982742,0.11119366060172575,0.0,0.0,822.4333969999407,250.38082100002157,True,0;5;8;10;21,19;44,True,baseline:0.230778;mobius:810.649328
mobius_pairwise,nq_6,0.0,0.0,0.9058967500802556,0.09410324991974439,0.0,0.0,832.5599060000286,278.3808939999517,True,0;3;5;11;12,9;33,True,baseline:0.229910;mobius:820.767202
mobius_pairwise,nq_7,,0.0,0.9030805196519799,0.09691948034802012,0.0,0.6666666666666666,831.766454999979,209.53220599994893,False,4;9;34;42;49,,True,baseline:0.246755;mobius:819.919834
mobius_pairwise,nq_8,,0.0,0.6280751507632006,0.37192484923679936,0.0,0.4,834.7362609999891,207.50332600005095,False,1;7;28;39;43,,True,baseline:0.231186;mobius:822.791664
mobius_pairwise,nq_9,,0.0,0.8074523201595352,0.19254767984046484,0.0,0.5,885.5344770000784,186.17306999999528,False,15;19;34;43;48,,True,baseline:0.225257;mobius:873.744125
mobius_pairwise,nq_10,0.2857142857142857,0.8,0.7949576893064805,0.20504231069351952,1.0,1.0,865.3012950001084,206.97100399991086,True,5;8;11;42;46,0;1;2;3;5;8;9;11;14;17;23;36;39;42,True,baseline:0.231984;mobius:853.480916
mobius_pairwise,nq_11,0.75,0.6,0.7769646693458949,0.22303533065410508,1.0,1.0,818.5536269999147,229.66219299996737,True,0;3;14;32;37,3;7;14;37,True,baseline:0.249002;mobius:806.697333
mobius_pairwise,nq_12,0.3333333333333333,0.2,0.7706736545523188,0.22932634544768116,0.0,0.0,875.0490749999926,231.32889499993325,True,0;14;21;29;39,0;1;41,True,baseline:0.237607;mobius:863.152949
mobius_pairwise,nq_13,0.7142857142857143,1.0,0.8473733470427754,0.15262665295722455,1.0,1.0,870.1436930000455,211.64825000005294,True,0;1;4;5;31,0;1;3;4;5;16;31,True,baseline:0.246794;mobius:858.022269
mobius_pairwise,nq_14,0.2,0.2,0.7280395526872177,0.27196044731278235,0.0,0.5,873.4197100000074,423.7458490000563,True,10;11;28;31;45,0;1;2;9;11,True,baseline:0.252689;mobius:861.340978
mobius_pairwise,nq_15,,0.0,0.6727730841400221,0.3272269158599779,0.0,0.0,900.3136740000173,212.86368500000208,False,15;17;18;36;49,,True,baseline:0.235744;mobius:888.171662
mobius_pairwise,nq_16,0.5,0.2,0.7973541831371616,0.20264581686283845,0.0,0.7499999999999999,834.4591430000037,258.93582799994874,True,5;7;27;43;46,4;27,True,baseline:0.244624;mobius:822.328519
mobius_pairwise,nq_17,0.2,0.2,0.8234791843263715,0.17652081567362854,1.0,1.0,856.4059039999847,205.48833899999863,True,1;13;20;22;29,8;12;22;27;28,True,baseline:0.235390;mobius:844.637455
mobius_pairwise,nq_18,0.05263157894736842,0.2,0.8026856904695755,0.1973143095304245,0.0,0.4,835.6417429999965,272.51658000000134,True,10;18;21;34;41,0;1;2;4;5;6;7;10;16;17;20;22;25;27;33;36;37;43;49,True,baseline:0.220895;mobius:823.831923
mobius_pairwise,nq_19,0.2,1.0,0.7832095675627189,0.21679043243728113,0.0,0.0,815.2709600000208,207.87801700009823,True,0;9;11;18;27,0;1;2;3;4;5;6;8;9;11;12;13;15;17;18;21;23;27;31;32;36;43;45;47;49,True,baseline:0.224850;mobius:803.510405
mobius_pairwise,nq_20,0.5,0.4,0.8468139880628787,0.15318601193712134,0.0,0.0,855.6213479999997,184.1225809999969,True,0;6;8;30;42,0;21;42;48,True,baseline:0.227970;mobius:843.937775
mobius_pairwise,nq_21,0.5,0.4,0.6470378848837413,0.35296211511625875,0.0,0.4,825.8309440000176,290.4742169999963,True,0;1;23;41;48,0;1;3;16,True,baseline:0.219315;mobius:814.226939
mobius_pairwise,nq_22,0.25,0.6,0.776461232167826,0.22353876783217397,0.0,0.6666666666666666,827.3540320000166,182.16325399998823,True,0;3;5;25;30,0;3;5;12;17;22;24;26;28;31;34;48,True,baseline:0.221068;mobius:815.667646
mobius_pairwise,nq_23,0.5,0.4,0.8163311577081711,0.1836688422918289,1.0,1.0,823.1266540000206,180.53383899996334,True,5;7;8;34;35,5;8;31;33,True,baseline:0.228272;mobius:811.381445
mobius_pairwise,nq_24,1.0,0.8,0.9102010331457286,0.08979896685427136,1.0,1.0,867.2741940000606,230.07445700000062,True,0;1;2;4;7,0;2;4;7,True,baseline:0.218183;mobius:855.591713
mobius_pairwise,nq_25,0.25,0.6,0.7888285157577745,0.21117148424222554,0.0,0.5,816.9136860000208,225.16598899994733,True,7;15;19;43;46,0;3;5;15;19;24;34;37;41;42;43;45,True,baseline:0.226825;mobius:805.088218
mobius_pairwise,nq_26,,0.0,0.6412185469343761,0.3587814530656239,0.0,0.0,862.9477240000369,205.19027600005302,False,4;8;23;29;46,,True,baseline:0.222213;mobius:851.182028
mobius_pairwise,nq_27,1.0,0.2,0.690273565906374,0.309726434093626,0.0,0.8,812.976406999951,292.5335709999217,True,0;6;14;29;37,0,True,baseline:0.225217;mobius:801.219344
mobius_pairwise,nq_28,0.35714285714285715,1.0,0.8423135163671047,0.15768648363289528,0.0,0.6666666666666666,880.9996609999189,205.39547500004574,True,14;31;32;35;40,0;1;3;11;14;15;18;25;28;31;32;35;40;45,True,baseline:0.216500;mobius:869.160691
mobius_pairwise,nq_29,0.5,0.2,0.8469903506897328,0.15300964931026717,0.0,1.0,928.8394280000603,273.71755000001485,True,2;4;9;18;22,1;2,True,baseline:0.221232;mobius:916.899647
mobius_pairwise,nq_30,0.5,0.8,0.7933957345585538,0.20660426544144617,1.0,1.0,837.5903769999695,308.0379919999814,True,0;1;25;27;33,0;1;3;6;10;25;27;29,True,baseline:0.221299;mobius:825.872746
mobius_pairwise,nq_31,1.0,0.2,0.7901534264038919,0.20984657359610814,1.0,1.0,838.4061450000218,204.95487100004084,True,0;5;6;44;47,0,True,baseline:0.269698;mobius:826.699464
mobius_pairwise,nq_32,,0.0,0.78840390451779,0.21159609548221003,0.0,0.5,846.742547999952,182.6115320000099,False,3;5;15;19;32,,True,baseline:0.236593;mobius:834.902330
mobius_pairwise,nq_33,0.0,0.0,0.6108078294343102,0.3891921705656898,0.0,0.8,843.0029090000062,224.57892900001752,True,5;18;28;31;39,0;6,True,baseline:0.236599;mobius:831.263491
mobius_pairwise,nq_34,0.4,0.4,0.8105511699433826,0.1894488300566174,0.0,0.0,871.972669999991,290.9941960000424,True,2;6;8;21;31,1;4;8;13;31,True,baseline:0.228883;mobius:860.209814
mobius_pairwise,nq_35,1.0,0.6,0.900795916497173,0.09920408350282695,1.0,1.0,827.1948460001113,268.6933200000112,True,3;5;6;11;15,3;5;6,True,baseline:0.210956;mobius:815.486954
mobius_pairwise,nq_36,0.5,0.2,0.7537270654899106,0.24627293451008936,0.0,0.0,820.4547329999059,226.87986699997964,True,3;5;17;20;31,5;7,True,baseline:0.227393;mobius:808.799447
mobius_pairwise,nq_37,0.75,0.6,0.7521590505761617,0.24784094942383827,1.0,1.0,843.5912950000102,269.64155500002107,True,0;3;30;33;42,0;3;23;30,True,baseline:0.217200;mobius:831.883028
mobius_pairwise,nq_38,0.2777777777777778,1.0,0.8587860043478145,0.1412139956521855,0.0,0.8,842.3931959999891,361.742726999978,True,0;5;6;8;11,0;1;2;3;4;5;6;7;8;11;17;19;25;26;31;33;45;47,True,baseline:0.233725;mobius:830.729717
mobius_pairwise,nq_39,0.05555555555555555,0.2,0.8477123630642242,0.15228763693577585,0.0,0.5,850.9650460000557,275.4905729999564,True,0;1;27;38;41,2;3;4;6;8;10;11;15;16;19;23;33;38;40;43;44;45;47,True,baseline:0.225657;mobius:839.212855
mobius_pairwise,nq_40,,0.0,0.8805671142952353,0.11943288570476474,0.0,0.0,849.8728130000472,364.3256770000107,False,1;9;13;30;34,,True,baseline:0.232395;mobius:838.072748
mobius_pairwise,nq_41,,0.0,0.8029609282684909,0.19703907173150914,0.0,0.0,899.4037730000173,409.50274500005435,False,8;12;17;31;42,,True,baseline:0.233884;mobius:887.461407
mobius_pairwise,nq_42,0.75,0.6,0.8090624904723966,0.19093750952760336,1.0,1.0,825.4121120000946,205.48211899995295,True,0;13;14;17;21,0;14;21;29,True,baseline:0.230244;mobius:813.607945
mobius_pairwise,nq_43,,0.0,0.6789006493212651,0.32109935067873485,0.0,0.0,811.3760410000168,252.0069379999086,False,8;26;34;35;36,,True,baseline:0.223110;mobius:799.622316
mobius_pairwise,nq_44,0.0,0.0,0.8984311914956351,0.1015688085043649,0.0,0.0,828.4619599999132,227.02476800009208,True,0;3;5;25;44,47,True,baseline:0.227767;mobius:816.782749
mobius_pairwise,nq_45,0.11904761904761904,1.0,0.8518551726209793,0.14814482737902068,0.0,0.5,867.7727960000539,232.02420100005838,True,6;11;35;40;49,0;1;2;3;4;5;6;7;8;10;11;13;14;15;16;17;19;20;23;24;25;26;27;28;29;30;31;32;33;35;36;37;39;40;41;43;44;45;46;47;48;49,True,baseline:0.245856;mobius:855.946072
mobius_pairwise,nq_46,0.0,0.0,0.8431160622745295,0.1568839377254705,0.0,0.0,885.136483999986,298.1423089998998,True,10;20;22;29;45,8;9;12,True,baseline:0.253149;mobius:873.379802
mobius_pairwise,nq_47,0.25,0.4,0.8782146346361632,0.12178536536383677,0.0,0.5,852.1551820000468,274.9697509999578,True,2;16;29;34;36,2;6;9;22;36;38;40;43,True,baseline:0.227966;mobius:840.323265
mobius_pairwise,nq_48,0.18181818181818182,0.4,0.7677023478348122,0.23229765216518783,0.0,0.0,830.9085340000593,274.92186799997853,True,1;2;3;25;34,0;1;2;4;6;7;9;16;18;41;47,True,baseline:0.239119;mobius:819.090761
mobius_pairwise,nq_49,0.3333333333333333,0.2,0.7771856230505068,0.22281437694949324,0.0,0.0,832.5943889999508,273.56658899998365,True,1;6;20;41;45,10;21;45,True,baseline:0.245840;mobius:820.750174
mobius_pairwise,nq_50,,0.0,0.7594973493197579,0.24050265068024212,0.0,0.28571428571428575,831.4574340000718,230.66186899995955,False,3;12;17;28;29,,True,baseline:0.226447;mobius:819.643106
mobius_pairwise,nq_51,0.09523809523809523,0.4,0.8417895760075063,0.15821042399249374,1.0,1.0,896.2477890000855,183.61876899996332,True,31;34;42;43;49,2;3;4;5;6;15;17;19;20;21;22;25;26;28;29;37;38;40;42;43;45,True,baseline:0.228707;mobius:884.258792
mobius_pairwise,nq_52,,0.0,0.6647422690304591,0.3352577309695409,0.0,0.0,839.5809830000189,275.88006899998163,False,1;11;23;26;39,,True,baseline:0.226279;mobius:827.741826
mobius_pairwise,nq_53,0.17647058823529413,0.6,0.7139277542058451,0.2860722457941549,0.0,0.6666666666666666,811.4930360000017,239.45913799991558,True,4;16;17;43;44,0;3;4;7;9;11;13;14;22;28;34;37;41;43;44;45;46,True,baseline:0.225697;mobius:799.817197
mobius_pairwise,nq_54,0.2,0.2,0.8342245564672475,0.16577544353275253,0.0,0.0,828.468359999988,252.75903299996116,True,2;21;22;40;42,1;13;34;42;47,True,baseline:0.193414;mobius:815.697501
mobius_pairwise,nq_55,0.3333333333333333,0.4,0.7929647419852625,0.20703525801473754,1.0,1.0,887.5903219999373,253.57033399995998,True,3;15;27;46;47,3;13;15;18;26;37,True,baseline:0.189249;mobius:876.126646
mobius_pairwise,nq_56,,0.0,0.7388401911112723,0.2611598088887277,0.0,0.0,899.1427110000814,179.45641200003593,False,26;28;36;40;48,,True,baseline:0.182365;mobius:887.560693
mobius_pairwise,nq_57,0.6666666666666666,0.8,0.8347088957824157,0.1652911042175843,1.0,1.0,830.8123459999024,179.7257079999781,True,0;1;2;6;38,0;1;2;4;5;38,True,baseline:0.189595;mobius:819.270960
mobius_pairwise,nq_58,,0.0,0.6274495552498864,0.37255044475011356,0.0,0.0,853.8363689999642,262.16444199997113,False,0;1;9;19;34,,True,baseline:0.185857;mobius:842.344792
mobius_pairwise,nq_59,,0.0,0.6671214483044412,0.3328785516955588,0.0,0.0,851.170355000022,387.33470199997555,False,4;26;32;33;35,,True,baseline:0.183205;mobius:839.518109
mobius_pairwise,nq_60,0.36363636363636365,0.8,0.7980892725757036,0.2019107274242964,0.0,0.5,852.1370330000764,252.13872799997716,True,1;3;17;30;35,1;3;4;5;6;17;18;22;28;35;37,True,baseline:0.183445;mobius:840.430428
mobius_pairwise,nq_61,0.5,0.8,0.7562575560518632,0.24374244394813682,0.0,0.6666666666666666,930.0526810000065,316.5655529999185,True,4;7;17;36;47,3;4;7;10;24;34;36;47,True,baseline:0.232012;mobius:918.158266
mobius_pairwise,nq_62,0.75,0.6,0.8016470547823153,0.19835294521768465,0.0,0.4,829.640920000088,205.0179489999664,True,6;11;14;19;20,2;11;19;20,True,baseline:0.218820;mobius:817.827779
mobius_pairwise,nq_63,0.3333333333333333,0.2,0.841232076698547,0.15876792330145295,0.0,0.6666666666666666,835.6032340000183,228.47171299997626,True,0;4;12;15;45,0;18;49,True,baseline:0.250941;mobius:823.726513
mobius_pairwise,nq_64,0.2727272727272727,0.6,0.8210698008573184,0.1789301991426816,0.0,0.6666666666666666,825.3247610000471,204.07264599998598,True,0;9;12;25;47,0;1;3;4;7;9;10;12;29;32;36,True,baseline:0.219509;mobius:813.565418
mobius_pairwise,nq_65,0.625,1.0,0.9032599662622462,0.09674003373775375,0.0,0.6666666666666666,796.2517180000077,205.50006999997095,True,0;3;6;9;37,0;3;4;5;6;7;9;37,True,baseline:0.235990;mobius:784.385996
mobius_pairwise,nq_66,0.36363636363636365,0.8,0.7807348065027465,0.21926519349725349,1.0,1.0,872.4718870000743,293.68917299996156,True,9;13;16;20;26,0;3;9;11;13;16;24;26;31;34;38,True,baseline:0.222203;mobius:860.671110
mobius_pairwise,nq_67,,0.0,0.7000849449073352,0.2999150550926648,1.0,1.0,804.0044899998975,205.17753800004357,False,1;6;7;9;31,,True,baseline:0.227366;mobius:792.023670
mobius_pairwise,nq_68,0.0,0.0,0.8599727274076834,0.14002727259231662,0.0,0.5,858.4260119999954,183.97123399995507,True,0;10;16;33;45,4;11,True,baseline:0.213073;mobius:846.773897
mobius_pairwise,nq_69,,0.0,0.6787632268143693,0.3212367731856307,0.0,0.0,960.8136439999271,262.2153190000063,False,3;8;9;23;34,,True,baseline:0.181319;mobius:949.183658
mobius_pairwise,nq_70,0.0,0.0,0.7214991402779486,0.2785008597220514,0.0,0.0,804.4999820000385,239.7372100000439,True,2;29;40;43;45,7;24,True,baseline:0.187955;mobius:792.759815
mobius_pairwise,nq_71,0.2222222222222222,0.4,0.8704958373298914,0.12950416267010856,0.0,0.6666666666666666,883.7531699999772,200.92156800001248,True,2;23;29;31;39,0;3;5;12;14;18;22;23;29,True,baseline:0.208742;mobius:872.065423
mobius_pairwise,nq_72,0.375,0.6,0.7615788561878561,0.23842114381214385,0.0,0.6666666666666666,848.9940380000007,260.8635620000541,True,0;1;17;42;43,0;1;2;3;4;11;14;43,True,baseline:0.190059;mobius:837.369481
mobius_pairwise,nq_73,1.0,0.6,0.719990940563148,0.28000905943685195,1.0,1.0,843.2419770000479,176.71079100000497,True,0;1;4;12;26,0;1;4,True,baseline:0.182591;mobius:831.637474
mobius_pairwise,nq_74,0.6666666666666666,0.4,0.8103143524869306,0.18968564751306938,0.0,0.5,853.9196379999794,265.760144000069,True,4;9;11;40;47,9;40;41,True,baseline:0.209629;mobius:842.226570
mobius_pairwise,nq_75,1.0,0.8,0.7895018737987641,0.21049812620123587,1.0,1.0,912.5064560000737,223.5487779998948,True,0;1;2;10;24,0;1;2;24,True,baseline:0.182504;mobius:900.921516
mobius_pairwise,nq_76,0.75,0.6,0.822615029269582,0.17738497073041803,0.0,0.6666666666666666,839.710201999992,293.2913299999882,True,0;1;3;7;25,0;1;3;10,True,baseline:0.235440;mobius:827.775749
mobius_pairwise,nq_77,,0.0,0.6444055659653998,0.3555944340346002,0.0,0.3333333333333333,886.4089920000424,247.68852400006836,False,21;32;36;44;47,,True,baseline:0.220487;mobius:874.694574
mobius_pairwise,nq_78,0.4,0.4,0.8174135103336926,0.18258648966630742,1.0,1.0,861.3336109999636,271.24490800008516,True,0;13;23;28;38,0;16;19;25;28,True,baseline:0.215715;mobius:849.570403
mobius_pairwise,nq_79,0.5,0.4,0.8146675922834291,0.1853324077165709,0.0,0.6666666666666666,808.5415589999911,326.01200099998096,True,0;1;7;9;45,0;1;2;37,True,baseline:0.227271;mobius:796.771595
mobius_pairwise,nq_80,0.5,0.8,0.8094359123819028,0.19056408761809718,1.0,1.0,850.6888670000308,248.45608800001173,True,3;4;8;13;31,0;2;3;4;7;8;13;14,True,baseline:0.238033;mobius:838.768069
mobius_pairwise,nq_81,0.0967741935483871,0.6,0.8287765905458077,0.17122340945419234,1.0,1.0,847.3527790000617,160.96282900002734,True,0;8;14;32;47,0;1;2;3;4;5;7;8;9;10;11;12;13;15;18;23;25;26;27;28;29;31;33;35;36;37;39;41;43;45;47,True,baseline:0.231226;mobius:835.697125
mobius_pairwise,nq_82,0.3333333333333333,0.2,0.7609242606668382,0.23907573933316184,0.0,0.5,865.7547130000012,183.2381599999735,True,3;12;18;27;44,3;5;35,True,baseline:0.225085;mobius:853.976140
mobius_pairwise,nq_83,,0.0,0.7702313805551746,0.2297686194448254,0.0,0.0,870.4692740000155,203.01200100004735,False,6;7;25;40;46,,True,baseline:0.215262;mobius:858.737046
mobius_pairwise,nq_84,0.0,0.0,0.7135132356946624,0.2864867643053376,0.0,0.28571428571428575,872.2386389999883,204.68940699993254,True,28;30;35;36;42,25,True,baseline:0.206777;mobius:860.530903
mobius_pairwise,nq_85,0.2,0.2,0.8338389629969738,0.1661610370030262,0.0,0.0,814.8214869999038,223.99206300008245,True,4;7;18;35;37,1;3;8;37;39,True,baseline:0.223873;mobius:803.103071
mobius_pairwise,nq_86,0.2857142857142857,0.4,0.6870064431662728,0.3129935568337272,0.0,0.6666666666666666,866.8620229999533,158.66530700009207,True,0;11;17;39;45,0;12;14;16;31;35;39,True,baseline:0.211463;mobius:855.138421
mobius_pairwise,nq_87,0.6,0.6,0.7364073378164768,0.2635926621835232,1.0,1.0,856.2355760000173,277.0572809999976,True,0;1;4;9;49,0;1;4;12;30,True,baseline:0.196830;mobius:844.390522
mobius_pairwise,nq_88,0.6666666666666666,0.4,0.8921384642304006,0.10786153576959945,1.0,1.0,829.3400600000496,243.48445500004345,True,2;4;9;13;15,2;4;31,True,baseline:0.189175;mobius:817.729695
mobius_pairwise,nq_89,0.0,0.0,0.8466505197747969,0.15334948022520312,0.0,0.0,857.9028329999119,157.61582599998292,True,6;20;27;30;35,14;22;23;25;40,True,baseline:0.184685;mobius:846.327577
mobius_pairwise,nq_90,0.6666666666666666,0.4,0.6479646335455793,0.3520353664544207,0.0,0.6666666666666666,835.7349819999627,222.58389699993586,True,0;3;17;37;40,0;10;17,True,baseline:0.167877;mobius:824.181573
mobius_pairwise,nq_91,,0.0,0.8367339007437036,0.16326609925629643,0.0,0.6666666666666666,862.6405599999316,268.58073500000046,False,0;5;7;9;42,,True,baseline:0.169521;mobius:851.173417
mobius_pairwise,nq_92,,0.0,0.7839237658246304,0.21607623417536959,0.0,0.0,939.1011960000242,204.53349199999593,False,0;6;14;15;20,,True,baseline:0.216809;mobius:927.375913
mobius_pairwise,nq_93,,0.0,0.6650034259821638,0.3349965740178362,0.0,0.3333333333333333,824.3817219999983,228.8004509999837,False,0;20;31;32;33,,True,baseline:0.201291;mobius:812.316924
mobius_pairwise,nq_94,0.5,0.2,0.7136343545272765,0.2863656454727235,0.0,0.3333333333333333,847.3563530000092,297.9695600000696,True,1;2;11;19;42,0;2,True,baseline:0.202047;mobius:835.479783
mobius_pairwise,nq_95,0.36363636363636365,0.8,0.9327570691960997,0.06724293080390031,0.0,0.0,814.0596559999267,200.36734000007073,True,0;1;3;4;8,0;3;4;8;23;26;29;35;38;43;49,True,baseline:0.204083;mobius:802.466442
mobius_pairwise,nq_96,0.75,0.6,0.7630188293349178,0.23698117066508217,1.0,1.0,845.2448610000829,181.34847800001808,True,1;8;10;25;36,0;1;25;36,True,baseline:0.203316;mobius:833.589260
mobius_pairwise,nq_97,0.3333333333333333,0.2,0.8266711425963689,0.17332885740363113,1.0,1.0,863.0703139999696,208.43300799992903,True,25;29;35;47;49,8;13;47,True,baseline:0.191682;mobius:851.395912
mobius_pairwise,nq_98,0.25,0.6,0.8191828677106929,0.18081713228930707,0.0,0.0,845.81950900008,310.990701000037,True,0;2;28;47;48,0;1;7;10;11;18;24;25;26;28;36;48,True,baseline:0.198971;mobius:834.210516
mobius_pairwise,nq_99,0.5,0.2,0.7902790434116508,0.20972095658834922,0.0,0.4444444444444445,829.5628289999968,268.5501270000259,True,0;1;3;12;19,0;4,True,baseline:0.191222;mobius:818.064519
mobius_pairwise,nq_100,0.42857142857142855,0.6,0.8231222451298903,0.1768777548701097,0.0,0.0,820.2922589999844,188.1630169999653,True,5;7;9;17;45,0;2;5;17;39;43;45,True,baseline:0.177801;mobius:808.406820
mobius_pairwise,nq_101,0.2222222222222222,0.4,0.7539550120356822,0.24604498796431784,0.0,0.7499999999999999,839.5244380000122,253.71307599993997,True,1;2;10;20;32,1;2;13;23;24;26;31;40;45,True,baseline:0.189477;mobius:827.677777
mobius_pairwise,nq_102,0.42857142857142855,0.6,0.7597615634251296,0.24023843657487043,1.0,1.0,807.0334550000098,182.68365800008723,True,2;6;24;26;44,0;2;6;16;17;26;29,True,baseline:0.187135;mobius:795.248273
mobius_pairwise,nq_103,0.0,0.0,0.785245185910686,0.21475481408931396,0.0,0.0,864.7798689999036,229.00203300002886,True,0;4;19;24;27,10,True,baseline:0.187390;mobius:853.130238
mobius_pairwise,nq_104,1.0,0.2,0.8686048803550268,0.1313951196449732,0.0,0.6666666666666665,853.1723799999327,257.238081999958,True,1;20;21;29;40,1,True,baseline:0.186945;mobius:841.683282
mobius_pairwise,nq_105,0.125,1.0,0.793148969370737,0.20685103062926302,0.0,0.6666666666666666,890.5519489999278,258.1009289999656,True,14;30;32;46;48,0;1;2;3;4;5;6;7;8;12;13;14;15;16;17;18;19;20;22;23;25;26;27;28;29;30;32;35;36;37;38;40;41;42;44;45;46;47;48;49,True,baseline:0.176509;mobius:879.182539
mobius_pairwise,nq_106,,0.0,0.7692847825900776,0.2307152174099224,0.0,0.0,826.5100409998922,236.0128089999307,False,9;14;19;35;46,,True,baseline:0.161942;mobius:815.007155
mobius_pairwise,nq_107,,0.0,0.8576747965199193,0.1423252034800807,0.0,0.0,861.9621130000041,299.1164759999947,False,0;1;2;5;8,,True,baseline:0.159685;mobius:850.383047
mobius_pairwise,nq_108,0.25,0.6,0.8449188994420638,0.15508110055793622,1.0,1.0,842.1526559999393,181.79764100000284,True,2;3;36;47;48,2;3;5;6;12;14;24;29;36;40;42;43,True,baseline:0.191023;mobius:830.459976
mobius_pairwise,nq_109,,0.0,0.7007157105963577,0.29928428940364227,0.0,0.0,873.2367150000755,203.24860800008082,False,8;32;39;46;47,,True,baseline:0.188635;mobius:861.663428
mobius_pairwise,nq_110,,0.0,0.735735644299725,0.26426435570027496,0.0,0.4,818.7215030000061,259.45677499998965,False,4;9;17;34;46,,True,baseline:0.172563;mobius:807.340035
mobius_pairwise,nq_111,,0.0,0.8960536862526371,0.10394631374736285,0.0,0.0,858.2086109998954,222.23901600000318,False,0;16;26;27;45,,True,baseline:0.182649;mobius:846.685766
mobius_pairwise,nq_112,0.25,1.0,0.8413066549164203,0.15869334508357968,0.0,0.5,867.964475000008,247.48425899997528,True,2;8;17;24;29,0;1;2;3;4;5;6;7;8;9;13;15;17;24;26;29;33;38;44;49,True,baseline:0.177217;mobius:856.514386
mobius_pairwise,nq_113,0.75,0.6,0.7694946018855852,0.23050539811441484,1.0,1.0,861.7924259999654,158.3956810000018,True,0;1;4;6;27,0;1;6;40,True,baseline:0.169082;mobius:850.316444
mobius_pairwise,nq_114,1.0,0.2,0.8434680062672809,0.1565319937327191,0.0,0.28571428571428575,855.666819000021,246.21390100003282,True,13;19;23;30;37,37,True,baseline:0.167685;mobius:844.266380
mobius_pairwise,nq_115,0.5,0.2,0.7076175299502786,0.2923824700497214,1.0,1.0,864.8256349999883,223.38672599994425,True,0;23;28;30;33,0;7,True,baseline:0.182902;mobius:853.430213
mobius_pairwise,nq_116,0.22727272727272727,1.0,0.9332606301016233,0.0667393698983767,0.0,0.6666666666666666,830.0759559999733,179.8526090000223,True,1;2;5;8;37,0;1;2;3;5;8;10;12;13;23;26;27;28;29;31;33;37;39;41;42;44;47,True,baseline:0.191994;mobius:818.525382
mobius_pairwise,nq_117,0.0,0.0,0.8402733634047632,0.15972663659523678,0.0,0.0,792.1172599999409,199.47101399998246,True,10;34;37;38;49,3;4,True,baseline:0.179228;mobius:780.734151
mobius_pairwise,nq_118,,0.0,0.727174844373112,0.272825155626888,0.0,0.0,929.9751220000871,354.56483600000865,False,6;17;29;43;45,,True,baseline:0.162515;mobius:918.463388
mobius_pairwise,nq_119,0.4,0.4,0.8099839293795931,0.19001607062040693,1.0,1.0,837.3755989999836,201.87286499992751,True,0;5;10;11;43,0;8;11;15;19,True,baseline:0.158246;mobius:825.797419
mobius_pairwise,nq_120,0.5,0.4,0.7455943281907123,0.25440567180928775,1.0,1.0,845.6015860000434,179.61553200007074,True,0;4;11;16;21,0;2;4;5,True,baseline:0.188168;mobius:834.073666
mobius_pairwise,nq_121,0.23076923076923078,0.6,0.7792417385228149,0.22075826147718514,0.0,0.5714285714285715,810.469573999967,291.5742840000348,True,10;18;29;34;40,0;7;10;12;17;18;26;28;29;45;46;48;49,True,baseline:0.181641;mobius:799.006817
mobius_pairwise,nq_122,,0.0,0.7573583273260194,0.24264167267398062,0.0,0.6666666666666666,825.2234430000271,243.0806269999266,False,1;12;15;18;43,,True,baseline:0.166476;mobius:813.767099
mobius_pairwise,nq_123,0.16666666666666666,0.2,0.7669353862106378,0.23306461378936216,1.0,1.0,794.8815029999423,222.31358800002,True,4;33;41;45;47,1;2;4;6;7;12,True,baseline:0.167465;mobius:783.429174
mobius_pairwise,nq_124,1.0,0.2,0.6615653612488412,0.33843463875115876,1.0,1.0,815.8669480000071,203.45547199997327,True,0;3;4;27;34,4,True,baseline:0.170679;mobius:804.345501
mobius_pairwise,nq_125,0.25,0.6,0.6875554601778899,0.31244453982211007,0.0,0.6666666666666666,846.2806469999578,181.370576000063,True,0;1;26;36;47,0;1;2;4;5;6;7;8;10;21;40;47,True,baseline:0.178597;mobius:834.683638
mobius_pairwise,nq_126,0.6666666666666666,0.4,0.6747412231246326,0.3252587768753674,1.0,1.0,857.3193760000777,157.9605019999235,True,0;4;7;13;42,0;1;4,True,baseline:0.185122;mobius:845.769162
mobius_pairwise,nq_127,0.5,0.4,0.7377998458095565,0.2622001541904435,1.0,1.0,828.1902789999549,182.3531229999844,True,0;1;4;24;39,0;1;3;7,True,baseline:0.182876;mobius:816.630476
mobius_pairwise,nq_128,0.5,0.8,0.8260395044230734,0.1739604955769266,1.0,1.0,857.572035999965,158.48755900003653,True,0;4;10;15;35,0;4;9;15;28;33;35;44,True,baseline:0.181401;mobius:846.028216
mobius_pairwise,nq_129,0.2222222222222222,0.4,0.7370344831346168,0.26296551686538316,0.0,0.0,849.391217999937,179.3849489999957,True,10;25;28;29;33,0;1;5;6;9;10;33;37;48,True,baseline:0.185029;mobius:837.800934
mobius_pairwise,nq_130,,0.0,0.7940226502470022,0.20597734975299775,1.0,1.0,938.9269829999876,229.6186349999516,False,4;12;13;14;26,,True,baseline:0.191718;mobius:927.334064
mobius_pairwise,nq_131,0.2857142857142857,0.4,0.8852496581914796,0.1147503418085204,0.0,0.0,958.9955040000859,224.93595000003097,True,0;4;5;34;41,0;4;15;20;23;43;46,True,baseline:0.217337;mobius:947.268721
mobius_pairwise,nq_132,0.0,0.0,0.8198751248551854,0.18012487514481457,0.0,0.0,910.6938730000138,203.04589600004874,True,0;5;6;20;23,9;18;19;28,True,baseline:0.193405;mobius:899.194360
mobius_pairwise,nq_133,0.2,0.2,0.8490006223518577,0.1509993776481423,0.0,0.3333333333333333,829.0304050000259,226.7549460000282,True,1;22;26;35;47,2;5;9;31;47,True,baseline:0.204941;mobius:817.528323
mobius_pairwise,nq_134,0.75,0.6,0.8154688240932888,0.1845311759067112,0.0,0.0,786.846440999966,138.1914510000115,True,0;3;6;19;32,0;3;5;6,True,baseline:0.194254;mobius:775.335826
mobius_pairwise,nq_135,0.0,0.0,0.6389181590582893,0.3610818409417107,0.0,0.0,830.6237219999275,202.79857899993203,True,4;27;32;43;47,0;20;28;38,True,baseline:0.191183;mobius:819.124542
mobius_pairwise,nq_136,1.0,0.2,0.6368482082166004,0.3631517917833996,0.0,0.6666666666666666,840.8446810000214,379.4324250000045,True,7;16;18;21;38,21,True,baseline:0.184232;mobius:829.359518
mobius_pairwise,nq_137,1.0,0.4,0.7876172381780243,0.21238276182197569,0.0,0.5,802.7365880000161,442.4827870000172,True,0;3;4;8;43,0;3,True,baseline:0.179699;mobius:791.232397
mobius_pairwise,nq_138,,0.0,0.777208464312489,0.22279153568751098,0.0,0.0,877.600689000019,311.5287449999187,False,5;18;25;26;37,,True,baseline:0.207382;mobius:866.077744
mobius_pairwise,nq_139,,0.0,0.6600232611778478,0.3399767388221522,0.0,0.0,876.1456409999937,164.04215200009276,False,0;3;6;31;45,,True,baseline:0.209399;mobius:864.547183
mobius_pairwise,nq_140,1.0,0.4,0.8715623286380101,0.1284376713619899,1.0,1.0,876.8688569999767,249.33330200008186,True,1;6;7;16;21,1;6,True,baseline:0.223491;mobius:865.134792
mobius_pairwise,nq_141,0.15625,1.0,0.8469424092156383,0.15305759078436165,0.0,0.0,853.1535620001023,203.16094299994347,True,14;24;33;35;45,2;3;5;7;11;13;14;16;18;19;20;21;22;23;24;25;26;29;30;31;32;33;34;35;36;37;39;44;45;46;47;48,True,baseline:0.215926;mobius:841.556807
mobius_pairwise,nq_142,0.125,1.0,0.8491524205466202,0.1508475794533798,0.0,0.0,837.825845999987,292.5161080000862,True,4;6;10;37;41,0;1;2;3;4;5;6;7;8;9;10;11;12;13;14;15;16;17;18;19;20;21;22;23;24;25;26;28;30;31;36;37;39;41;42;43;44;45;47;49,True,baseline:0.214377;mobius:826.145202
mobius_pairwise,nq_143,0.6666666666666666,0.4,0.7367971694392381,0.2632028305607619,1.0,1.0,835.5479499999774,273.7092389999134,True,8;26;34;45;47,6;26;47,True,baseline:0.238888;mobius:823.686108
mobius_pairwise,nq_144,0.23809523809523808,1.0,0.879885603345358,0.12011439665464196,0.0,0.8,839.9130689999765,204.97294599999805,True,11;20;28;36;39,0;1;3;4;5;6;8;11;12;20;21;22;28;29;36;39;40;41;43;45;48,True,baseline:0.265044;mobius:827.979852
mobius_pairwise,nq_145,0.0,0.0,0.7651819965285324,0.23481800347146764,0.0,0.0,806.0817619999625,249.58455799992407,True,17;18;25;30;33,8,True,baseline:0.249087;mobius:794.349904
mobius_pairwise,nq_146,0.42857142857142855,0.6,0.7660852427250855,0.2339147572749145,1.0,1.0,849.0382619999082,228.47477699997398,True,9;14;22;27;46,2;6;8;9;14;22;33,True,baseline:0.229591;mobius:837.279670
mobius_pairwise,nq_147,0.6,0.6,0.7291558225464201,0.2708441774535799,1.0,1.0,834.0086540000584,295.96876800007976,True,6;11;16;40;44,0;6;8;11;40,True,baseline:0.243127;mobius:822.218942
mobius_pairwise,nq_148,0.5,0.6,0.873910974409333,0.12608902559066704,0.0,0.5714285714285715,852.6491930000475,293.1858540000576,True,0;1;5;11;22,0;1;4;6;17;22,True,baseline:0.236210;mobius:840.795492
mobius_pairwise,nq_149,1.0,0.4,0.8490293243660301,0.15097067563396993,0.0,0.28571428571428575,822.0185619999256,316.3442510000323,True,2;4;6;12;38,2;4,True,baseline:0.225982;mobius:810.351409
mobius_pairwise,nq_150,,0.0,0.7418361935279549,0.25816380647204507,0.0,0.0,848.0867739999667,251.380632000064,False,8;9;16;31;36,,True,baseline:0.225214;mobius:836.295740
mobius_pairwise,nq_151,0.16666666666666666,0.2,0.8619585973816619,0.13804140261833808,0.0,0.5,866.7140860000018,268.2793970000148,True,0;1;4;10;23,4;6;18;22;28;38,True,baseline:0.214350;mobius:855.020844
mobius_pairwise,nq_152,1.0,0.4,0.8571879021623257,0.14281209783767435,0.0,0.8,851.3732950000303,203.78040899993266,True,0;1;2;6;20,0;1,True,baseline:0.189567;mobius:839.788490
mobius_pairwise,nq_153,0.3333333333333333,0.2,0.694277382038063,0.305722617961937,1.0,1.0,821.8003080000926,203.8732890000574,True,9;11;12;30;46,0;1;46,True,baseline:0.216789;mobius:810.166410
mobius_pairwise,nq_154,,0.0,0.8770677776844178,0.1229322223155822,0.0,0.0,820.0947010000164,244.836896000038,False,2;9;15;27;42,,True,baseline:0.181951;mobius:808.570552
mobius_pairwise,nq_155,,0.0,0.6725530340256641,0.32744696597433587,0.0,0.0,805.0810619999993,222.8392410000879,False,7;18;22;33;42,,True,baseline:0.181510;mobius:793.684114
mobius_pairwise,nq_156,0.1875,0.6,0.8825600566606789,0.11743994333932106,0.0,0.6666666666666666,846.6176329999371,203.5908399999471,True,1;3;7;9;16,0;3;4;5;6;7;8;14;16;17;24;27;39;42;43;49,True,baseline:0.192160;mobius:835.006622
mobius_pairwise,nq_157,1.0,0.6,0.7536055915285338,0.2463944084714662,0.0,0.5,848.726671999998,222.07381700002315,True,0;1;3;10;49,0;1;49,True,baseline:0.183418;mobius:837.198485
mobius_pairwise,nq_158,,0.0,0.7071060596142257,0.2928939403857743,0.0,0.0,804.3607620001012,179.32060499992986,False,7;14;22;25;26,,True,baseline:0.168382;mobius:792.791709
mobius_pairwise,nq_159,0.0,0.0,0.7145377569418242,0.2854622430581758,0.0,0.0,911.4106849999644,181.94771100002072,True,15;17;25;27;40,32;49,True,baseline:0.172135;mobius:899.985349
mobius_pairwise,nq_160,1.0,0.2,0.7405512967891585,0.25944870321084146,0.0,0.0,878.9916479998965,247.08712400001787,True,4;12;25;41;48,4,True,baseline:0.174990;mobius:867.381980
mobius_pairwise,nq_161,0.2,0.2,0.8539617712839028,0.14603822871609717,0.0,0.5714285714285715,935.8816160000742,161.08700399990994,True,1;2;6;9;27,2;12;21;25;32,True,baseline:0.171127;mobius:924.477719
mobius_pairwise,nq_162,1.0,0.8,0.7827820481251692,0.21721795187483084,1.0,1.0,879.8606379999683,249.97377399995457,True,1;4;6;17;46,1;4;17;46,True,baseline:0.171801;mobius:868.289664
mobius_pairwise,nq_163,,0.0,0.7001609607152997,0.29983903928470035,0.0,0.8,837.8113559999747,200.76127000004362,False,1;2;4;30;34,,True,baseline:0.168839;mobius:826.356886
mobius_pairwise,nq_164,1.0,0.4,0.7277034887488416,0.2722965112511584,0.0,0.0,873.5733360000495,223.2184630000802,True,4;30;32;40;49,4;32,True,baseline:0.161517;mobius:862.109587
mobius_pairwise,nq_165,0.5,0.4,0.7216014749242252,0.2783985250757748,1.0,1.0,873.88351900006,227.43084800004,True,3;6;12;17;24,0;3;5;12,True,baseline:0.195033;mobius:862.428110
mobius_pairwise,nq_166,0.3333333333333333,0.2,0.802017314591497,0.19798268540850295,1.0,1.0,852.9683880000221,291.5329439999823,True,0;4;11;12;16,0;1;2,True,baseline:0.177987;mobius:841.414948
mobius_pairwise,nq_167,0.6666666666666666,0.4,0.8311996828128304,0.1688003171871696,1.0,1.0,832.9095599999619,222.9760029999852,True,2;4;11;24;26,4;5;24,True,baseline:0.175150;mobius:821.390839
mobius_pairwise,nq_168,0.4,0.4,0.7772585819292395,0.22274141807076053,0.0,0.3333333333333333,929.3578310000612,296.9747509999934,True,4;14;19;21;31,0;4;17;19;39,True,baseline:0.185095;mobius:917.757219
mobius_pairwise,nq_169,0.058823529411764705,0.2,0.8566633548285931,0.14333664517140687,0.0,0.0,912.2987990000411,246.63291199999549,True,5;9;14;22;48,0;1;4;6;8;15;17;18;19;20;22;25;31;33;41;44;46,True,baseline:0.207224;mobius:900.693404
mobius_pairwise,nq_170,0.16666666666666666,0.2,0.8395563012593872,0.16044369874061282,0.0,0.4,856.6368470000043,267.07689799991385,True,0;2;4;7;30,0;1;5;8;21;45,True,baseline:0.198487;mobius:845.006462
mobius_pairwise,nq_171,0.375,0.6,0.8652156225826886,0.13478437741731142,0.0,0.8,813.2871450000039,224.43339300002663,True,2;16;24;27;32,2;4;6;15;24;32;42;44,True,baseline:0.191267;mobius:801.752916
mobius_pairwise,nq_172,,0.0,0.6886754828437727,0.31132451715622733,0.0,0.0,819.0679760000421,180.33728299997165,False,5;8;20;46;49,,True,baseline:0.191831;mobius:807.509018
mobius_pairwise,nq_173,1.0,0.4,0.7611273559523232,0.23887264404767683,1.0,1.0,837.4848210000891,182.4758689999726,True,0;1;2;26;29,0;1,True,baseline:0.184641;mobius:825.997812
mobius_pairwise,nq_174,0.3333333333333333,0.6,0.8105775755463419,0.1894224244536581,1.0,1.0,817.5372760000528,271.3778669999556,True,0;3;6;10;12,0;2;6;8;9;12;17;28;45,True,baseline:0.177671;mobius:805.959259
mobius_pairwise,nq_175,0.25,0.6,0.7173403260561949,0.2826596739438051,0.0,0.6,855.0977849999981,424.65848199992706,True,8;13;17;22;25,0;1;2;3;4;5;6;8;17;22;23;44,True,baseline:0.211106;mobius:843.513967
mobius_pairwise,nq_176,,0.0,0.7713437931181257,0.22865620688187427,0.0,0.0,856.64039400001,224.79786500002774,False,0;2;8;36;47,,True,baseline:0.202840;mobius:845.014434
mobius_pairwise,nq_177,0.07692307692307693,0.2,0.802719988864865,0.19728001113513505,0.0,0.0,912.0976230000224,272.99042899994674,True,8;12;15;17;36,5;7;12;13;18;20;21;31;34;37;39;43;47,True,baseline:0.179825;mobius:900.616606
mobius_pairwise,nq_178,0.4444444444444444,0.8,0.8357406142137304,0.16425938578626964,0.0,0.5,823.2416920000105,226.6190599999618,True,2;24;34;40;46,2;5;17;21;24;26;28;34;46,True,baseline:0.212819;mobius:811.689071
mobius_pairwise,nq_179,,0.0,0.6667270105069406,0.3332729894930594,0.0,0.0,838.046067999926,247.44648199998664,False,3;20;28;29;36,,True,baseline:0.221913;mobius:826.458780
mobius_pairwise,nq_180,0.25,0.2,0.8274921466995517,0.17250785330044827,0.0,0.6666666666666666,872.6926690000028,375.24272000007386,True,10;13;14;38;42,1;5;13;41,True,baseline:0.210344;mobius:860.994414
mobius_pairwise,nq_181,1.0,0.4,0.7761163344579828,0.22388366554201722,1.0,1.0,849.532341999975,245.81454300005134,True,5;17;30;39;48,17;30,True,baseline:0.196668;mobius:838.087786
mobius_pairwise,nq_182,,0.0,0.680650005088031,0.319349994911969,0.0,0.0,851.4306900000292,292.1570309999879,False,1;3;35;36;39,,True,baseline:0.191838;mobius:839.882261
mobius_pairwise,nq_183,0.0,0.0,0.6278008647688829,0.37219913523111714,0.0,0.3333333333333333,874.3512099999862,248.64672900002915,True,2;17;21;38;43,12;27;29;49,True,baseline:0.187598;mobius:862.841739
mobius_pairwise,nq_184,0.5,0.4,0.7906981240470625,0.20930187595293748,0.0,0.0,846.9267019999052,316.779409999981,True,0;2;15;20;36,0;2;4;9,True,baseline:0.223231;mobius:835.135357
mobius_pairwise,nq_185,,0.0,0.6993636784822674,0.30063632151773256,0.0,0.0,904.5216470000241,274.69192300009126,False,20;25;37;43;48,,True,baseline:0.211770;mobius:892.867058
mobius_pairwise,nq_186,0.36363636363636365,0.8,0.8177049319897998,0.18229506801020023,1.0,1.0,839.5864369999799,205.34193200001027,True,2;6;7;22;23,0;2;6;7;13;15;18;22;34;38;49,True,baseline:0.202739;mobius:827.960686
mobius_pairwise,nq_187,0.3333333333333333,0.2,0.7784468621893893,0.2215531378106107,1.0,1.0,822.1843759999956,206.37311099994804,True,0;2;9;12;30,0;5;17,True,baseline:0.202585;mobius:810.637046
mobius_pairwise,nq_188,1.0,0.2,0.669144698327224,0.330855301672776,1.0,1.0,886.1954999999853,225.02701999997043,True,8;25;33;40;46,40,True,baseline:0.209161;mobius:874.547076
mobius_pairwise,nq_189,,0.0,0.6902035062688405,0.3097964937311595,0.0,0.0,848.8169309999876,249.19286900001225,False,0;1;2;3;19,,True,baseline:0.403733;mobius:837.032090
mobius_pairwise,nq_190,0.75,0.6,0.8298663797050783,0.17013362029492174,1.0,1.0,839.7567180001033,202.4491910000279,True,0;3;15;19;41,0;3;15;17,True,baseline:0.202399;mobius:828.186158
mobius_pairwise,nq_191,0.4444444444444444,0.8,0.7913629567748725,0.20863704322512755,1.0,1.0,820.209114000022,249.44275099994684,True,0;8;29;36;47,0;2;6;8;9;30;35;36;47,True,baseline:0.199741;mobius:808.735986
mobius_pairwise,nq_192,0.3333333333333333,0.2,0.7762841816988371,0.22371581830116294,0.0,0.0,828.0599819998997,204.48903499993776,True,0;3;6;13;37,3;11;22,True,baseline:0.211248;mobius:816.476230
mobius_pairwise,nq_193,,0.0,0.7719379458010455,0.22806205419895453,0.0,0.25,860.3894589999754,228.1935970000859,False,8;29;31;41;46,,True,baseline:0.213010;mobius:848.742462
mobius_pairwise,nq_194,1.0,0.6,0.7197537680083782,0.2802462319916218,1.0,1.0,810.6655650000221,289.6854619999658,True,0;1;15;19;40,0;1;19,True,baseline:0.192592;mobius:799.154013
mobius_pairwise,nq_195,,0.0,0.9483986402362866,0.051601359763713384,0.0,0.0,838.5663809999642,269.1087130000369,False,8;10;22;32;40,,True,baseline:0.182726;mobius:826.946251
mobius_pairwise,nq_196,0.2857142857142857,0.8,0.7703895960752085,0.22961040392479148,0.0,0.4444444444444445,907.131761999949,729.2494240000451,True,0;11;12;16;46,0;1;5;6;10;12;15;16;22;26;37;38;45;46,True,baseline:0.180030;mobius:895.710646
mobius_pairwise,nq_197,1.0,0.2,0.8366675199396593,0.16333248006034073,0.0,0.7499999999999999,900.3281139999899,203.42545500000142,True,1;3;4;12;32,1,True,baseline:0.216271;mobius:888.741114
mobius_pairwise,nq_198,0.35714285714285715,1.0,0.8340737711705757,0.16592622882942432,0.0,0.0,842.8777310000442,223.928495999985,True,4;20;21;37;45,0;1;4;5;11;12;15;16;18;20;21;37;45;48,True,baseline:0.181661;mobius:831.473519
mobius_pairwise,nq_199,0.25,0.4,0.778359619071723,0.22164038092827698,1.0,1.0,868.141066000021,218.7320540000428,True,7;10;19;29;34,1;7;9;11;16;17;19;45,True,baseline:0.189992;mobius:856.433440
mobius_disabled,nq_0,0.5,0.4,0.8541128623045979,0.14588713769540207,0.0,0.8571428571428571,12.40688500001852,506.75120699997933,True,0;1;25;32;37,0;1;4;38,True,baseline:0.245620;mobius:0.107120
mobius_disabled,nq_1,0.3333333333333333,0.4,0.7231898500225278,0.2768101499774722,0.0,0.5714285714285715,11.778727999967487,246.52098199999273,True,1;12;30;43;48,0;1;7;9;14;30,True,baseline:0.219873;mobius:0.095008
mobius_disabled,nq_2,0.23076923076923078,0.6,0.6961108830999511,0.30388911690004894,1.0,1.0,11.645964000081221,178.1505679999782,True,0;1;32;37;47,0;1;6;7;16;19;22;23;32;33;35;38;45,True,baseline:0.212190;mobius:0.096600
mobius_disabled,nq_3,0.625,1.0,0.8856787463091609,0.11432125369083912,0.0,0.0,11.781659999996918,286.12193599997227,True,4;29;37;45;49,4;6;24;29;37;45;47;49,True,baseline:0.205010;mobius:0.096323
mobius_disabled,nq_4,0.4,0.8,0.8538989055969182,0.14610109440308183,0.0,0.8,11.613259999990078,202.13500800002748,True,0;16;26;29;40,0;3;7;16;24;26;27;33;40;47,True,baseline:0.183295;mobius:0.093432
mobius_disabled,nq_5,0.0,0.0,0.8888063393982742,0.11119366060172575,0.0,0.0,11.656933000040226,244.85885399997187,True,0;5;8;10;21,19;44,True,baseline:0.180039;mobius:0.107363
mobius_disabled,nq_6,0.0,0.0,0.9058967500802556,0.09410324991974439,0.0,0.0,11.980845000039153,264.98676699998214,True,0;3;5;11;12,9;33,True,baseline:0.202887;mobius:0.098162
mobius_disabled,nq_7,,0.0,0.9030805196519799,0.09691948034802012,0.0,0.6666666666666666,11.472733999994489,201.4261350000197,False,4;9;34;42;49,,True,baseline:0.161509;mobius:0.094165
mobius_disabled,nq_8,,0.0,0.625220254602515,0.37477974539748504,0.0,0.28571428571428575,11.743362000061097,242.55463600002258,False,1;7;18;39;43,,True,baseline:0.166214;mobius:0.092501
mobius_disabled,nq_9,,0.0,0.8074523201595352,0.19254767984046484,0.0,0.5,11.411035000037373,179.5589179999979,False,15;19;34;43;48,,True,baseline:0.164573;mobius:0.090631
mobius_disabled,nq_10,0.2857142857142857,0.8,0.7949576893064805,0.20504231069351952,1.0,1.0,11.535266999999294,200.83274099999926,True,5;8;11;42;46,0;1;2;3;5;8;9;11;14;17;23;36;39;42,True,baseline:0.164103;mobius:0.091737
mobius_disabled,nq_11,0.75,0.6,0.7769646693458949,0.22303533065410508,1.0,1.0,11.444116000006943,223.01104600001054,True,0;3;14;32;37,3;7;14;37,True,baseline:0.169530;mobius:0.095422
mobius_disabled,nq_12,0.3333333333333333,0.2,0.7706736545523188,0.22932634544768116,0.0,0.0,11.548171999947954,222.38373899995167,True,0;14;21;29;39,0;1;41,True,baseline:0.189193;mobius:0.093516
mobius_disabled,nq_13,0.7142857142857143,1.0,0.8473733470427754,0.15262665295722455,1.0,1.0,11.553929000001517,199.0216760000294,True,0;1;4;5;31,0;1;3;4;5;16;31,True,baseline:0.189484;mobius:0.096322
mobius_disabled,nq_14,0.2,0.2,0.7280395526872177,0.27196044731278235,0.0,0.5,11.411148999968646,397.41590299991003,True,10;11;28;31;45,0;1;2;9;11,True,baseline:0.162341;mobius:0.089393
mobius_disabled,nq_15,,0.0,0.6727730841400221,0.3272269158599779,0.0,0.0,11.652016000084586,202.96495600007347,False,15;17;18;36;49,,True,baseline:0.219464;mobius:0.105594
mobius_disabled,nq_16,0.5,0.2,0.7973541831371616,0.20264581686283845,0.0,0.7499999999999999,11.555100000009588,243.9031870000008,True,5;7;27;43;46,4;27,True,baseline:0.180787;mobius:0.090467
mobius_disabled,nq_17,0.2,0.2,0.8234791843263715,0.17652081567362854,1.0,1.0,11.687720000054469,201.2779499999624,True,1;13;20;22;29,8;12;22;27;28,True,baseline:0.189127;mobius:0.092550
mobius_disabled,nq_18,0.05263157894736842,0.2,0.8053153524811634,0.19468464751883663,0.0,0.5,11.710781000033421,199.38134799997442,True,3;10;18;34;41,0;1;2;4;5;6;7;10;16;17;20;22;25;27;33;36;37;43;49,True,baseline:0.192535;mobius:0.093361
mobius_disabled,nq_19,0.2,1.0,0.7832095675627189,0.21679043243728113,0.0,0.0,11.558757999978297,203.71030000001156,True,0;9;11;18;27,0;1;2;3;4;5;6;8;9;11;12;13;15;17;18;21;23;27;31;32;36;43;45;47;49,True,baseline:0.204196;mobius:0.109543
mobius_disabled,nq_20,0.5,0.4,0.8389580345605078,0.16104196543949223,0.0,0.0,11.580065000089235,244.58466199996565,True,0;6;9;30;42,0;21;42;48,True,baseline:0.199613;mobius:0.093543
mobius_disabled,nq_21,0.75,0.6,0.6604867223791132,0.3395132776208868,0.0,0.33333333333333337,11.576901000012185,310.486580000088,True,0;1;3;25;48,0;1;3;16,True,baseline:0.206740;mobius:0.112544
mobius_disabled,nq_22,0.3333333333333333,0.8,0.7779250985182056,0.22207490148179443,0.0,0.6666666666666666,11.624893999965025,177.00124700002107,True,0;3;5;26;30,0;3;5;12;17;22;24;26;28;31;34;48,True,baseline:0.212888;mobius:0.093626
mobius_disabled,nq_23,0.75,0.6,0.8251881144429756,0.17481188555702443,1.0,1.0,11.55648500002826,178.1068289999439,True,5;7;8;33;34,5;8;31;33,True,baseline:0.193799;mobius:0.093662
mobius_disabled,nq_24,1.0,0.8,0.9102010331457286,0.08979896685427136,1.0,1.0,11.537341999996897,224.23105399991528,True,0;1;2;4;7,0;2;4;7,True,baseline:0.206205;mobius:0.097156
mobius_disabled,nq_25,0.3333333333333333,0.8,0.7718850651428916,0.22811493485710843,0.0,0.5,11.641887999985556,222.07817200001045,True,7;15;19;24;43,0;3;5;15;19;24;34;37;41;42;43;45,True,baseline:0.212655;mobius:0.108288
mobius_disabled,nq_26,,0.0,0.6727415658000853,0.32725843419991474,0.0,0.0,11.620911000022716,247.17776200009212,False,8;23;29;45;46,,True,baseline:0.221850;mobius:0.127178
mobius_disabled,nq_27,1.0,0.2,0.6411275353263264,0.3588724646736736,0.0,0.8,11.658135999937258,287.1611269999903,True,0;13;14;20;29,0,True,baseline:0.225434;mobius:0.095549
mobius_disabled,nq_28,0.35714285714285715,1.0,0.8423135163671047,0.15768648363289528,0.0,0.6666666666666666,11.42899599994962,199.98554800008606,True,14;31;32;35;40,0;1;3;11;14;15;18;25;28;31;32;35;40;45,True,baseline:0.197499;mobius:0.091139
mobius_disabled,nq_29,0.5,0.2,0.8546793899849771,0.14532061001502294,0.0,1.0,11.572661999935008,266.2875369999256,True,2;4;9;10;22,1;2,True,baseline:0.191297;mobius:0.093804
mobius_disabled,nq_30,0.5,0.8,0.7933957345585538,0.20660426544144617,1.0,1.0,11.353479000035804,286.222242000008,True,0;1;25;27;33,0;1;3;6;10;25;27;29,True,baseline:0.193221;mobius:0.095491
mobius_disabled,nq_31,1.0,0.2,0.8118790882970668,0.1881209117029332,1.0,1.0,11.631835000002866,178.67597399992974,True,0;3;5;6;44,0,True,baseline:0.216888;mobius:0.096079
mobius_disabled,nq_32,,0.0,0.78840390451779,0.21159609548221003,0.0,0.5,11.549093000098765,178.82400199994208,False,3;5;15;19;32,,True,baseline:0.225067;mobius:0.095065
mobius_disabled,nq_33,0.0,0.0,0.6037403700293253,0.39625962997067465,0.0,0.8,11.595463000048767,222.0668370000567,True,5;28;31;39;47,0;6,True,baseline:0.203901;mobius:0.097014
mobius_disabled,nq_34,0.4,0.4,0.8244662323566813,0.17553376764331874,0.0,0.0,11.55133300005673,287.7010470000414,True,2;6;7;8;31,1;4;8;13;31,True,baseline:0.182337;mobius:0.095804
mobius_disabled,nq_35,1.0,0.6,0.900795916497173,0.09920408350282695,1.0,1.0,11.711037000054603,266.9174569999768,True,3;5;6;11;15,3;5;6,True,baseline:0.204900;mobius:0.096505
mobius_disabled,nq_36,0.0,0.0,0.7486184147000069,0.2513815852999931,0.0,0.0,11.604840000018157,198.4641599999577,True,3;17;20;27;31,5;7,True,baseline:0.197457;mobius:0.095370
mobius_disabled,nq_37,0.75,0.6,0.7393257980810525,0.2606742019189475,1.0,1.0,11.336416000062854,258.0239950000305,True,0;3;17;30;33,0;3;23;30,True,baseline:0.174220;mobius:0.092942
mobius_disabled,nq_38,0.2777777777777778,1.0,0.8587860043478145,0.1412139956521855,0.0,0.8,11.848052999994252,341.95108500000515,True,0;5;6;8;11,0;1;2;3;4;5;6;7;8;11;17;19;25;26;31;33;45;47,True,baseline:0.171625;mobius:0.092407
mobius_disabled,nq_39,0.05555555555555555,0.2,0.8500325287756467,0.14996747122435328,0.0,0.5,11.447858999986238,200.71146200007206,True,0;1;27;41;47,2;3;4;6;8;10;11;15;16;19;23;33;38;40;43;44;45;47,True,baseline:0.162976;mobius:0.094097
mobius_disabled,nq_40,,0.0,0.8863373361045189,0.11366266389548108,0.0,0.0,11.591989999942598,448.94919000000755,False,1;6;13;30;34,,True,baseline:0.153331;mobius:0.088899
mobius_disabled,nq_41,,0.0,0.8029609282684909,0.19703907173150914,0.0,0.0,11.422299999935603,393.0932190000931,False,8;12;17;31;42,,True,baseline:0.178543;mobius:0.114496
mobius_disabled,nq_42,0.75,0.6,0.8090624904723966,0.19093750952760336,1.0,1.0,11.621832999935577,195.73283199997604,True,0;13;14;17;21,0;14;21;29,True,baseline:0.161314;mobius:0.091072
mobius_disabled,nq_43,,0.0,0.6789006493212651,0.32109935067873485,0.0,0.0,11.484310000014375,239.57699699997193,False,8;26;34;35;36,,True,baseline:0.161246;mobius:0.090117
mobius_disabled,nq_44,0.0,0.0,0.8591387544363798,0.14086124556362023,0.0,0.0,11.76981900005103,198.5350909999397,True,0;5;25;41;44,47,True,baseline:0.184302;mobius:0.127166
mobius_disabled,nq_45,0.11904761904761904,1.0,0.8518551726209793,0.14814482737902068,0.0,0.5,11.662684000043555,222.45937000002414,True,6;11;35;40;49,0;1;2;3;4;5;6;7;8;10;11;13;14;15;16;17;19;20;23;24;25;26;27;28;29;30;31;32;33;35;36;37;39;40;41;43;44;45;46;47;48;49,True,baseline:0.192958;mobius:0.093566
mobius_disabled,nq_46,0.0,0.0,0.8462928316981531,0.15370716830184694,0.0,0.0,11.618800000064766,285.0584439999011,True,10;20;22;28;29,8;9;12,True,baseline:0.185214;mobius:0.095835
mobius_disabled,nq_47,0.25,0.4,0.8723644402056744,0.12763555979432561,0.0,0.5,11.523245000034876,262.9687169999215,True,2;16;19;29;36,2;6;9;22;36;38;40;43,True,baseline:0.168547;mobius:0.090822
mobius_disabled,nq_48,0.18181818181818182,0.4,0.7677023478348122,0.23229765216518783,0.0,0.0,11.6818390000617,262.6902209999571,True,1;2;3;25;34,0;1;2;4;6;7;9;16;18;41;47,True,baseline:0.168109;mobius:0.091578
mobius_disabled,nq_49,0.3333333333333333,0.2,0.7955556703109785,0.2044443296890215,0.0,0.5,11.521815999913088,220.30258799998137,True,1;6;35;41;45,10;21;45,True,baseline:0.159696;mobius:0.091556
mobius_disabled,nq_50,,0.0,0.7594973493197579,0.24050265068024212,0.0,0.28571428571428575,11.628185999938978,218.16430299998046,False,3;12;17;28;29,,True,baseline:0.154765;mobius:0.088583
mobius_disabled,nq_51,0.09523809523809523,0.4,0.8417895760075063,0.15821042399249374,1.0,1.0,11.573319000035553,175.2244100000553,True,31;34;42;43;49,2;3;4;5;6;15;17;19;20;21;22;25;26;28;29;37;38;40;42;43;45,True,baseline:0.152436;mobius:0.089295
mobius_disabled,nq_52,,0.0,0.6580139092928325,0.34198609070716746,0.0,0.0,11.586292000060894,177.5073800000655,False,11;23;26;34;39,,True,baseline:0.172603;mobius:0.091791
mobius_disabled,nq_53,0.17647058823529413,0.6,0.7091926641087198,0.29080733589128016,0.0,0.6666666666666666,11.744700000008379,244.59434799996416,True,16;17;41;43;44,0;3;4;7;9;11;13;14;22;28;34;37;41;43;44;45;46,True,baseline:0.201881;mobius:0.093564
mobius_disabled,nq_54,0.2,0.2,0.8342245564672475,0.16577544353275253,0.0,0.0,11.535666999975547,249.07410200000868,True,2;21;22;40;42,1;13;34;42;47,True,baseline:0.186549;mobius:0.096166
mobius_disabled,nq_55,0.3333333333333333,0.4,0.7929647419852625,0.20703525801473754,1.0,1.0,11.671574000047258,223.33918799995445,True,3;15;27;46;47,3;13;15;18;26;37,True,baseline:0.182188;mobius:0.109861
mobius_disabled,nq_56,,0.0,0.7388401911112723,0.2611598088887277,0.0,0.0,11.533375999988493,179.27652800005944,False,26;28;36;40;48,,True,baseline:0.195546;mobius:0.094484
mobius_disabled,nq_57,0.6666666666666666,0.8,0.8261734202623845,0.1738265797376155,1.0,1.0,11.52967100006208,178.91009599998142,True,0;1;2;4;6,0;1;2;4;5;38,True,baseline:0.192612;mobius:0.093825
mobius_disabled,nq_58,,0.0,0.6135741339489021,0.38642586605109785,0.0,0.0,11.504441000056431,279.68993899992256,False,0;1;19;34;45,,True,baseline:0.185061;mobius:0.092516
mobius_disabled,nq_59,,0.0,0.6484230710338081,0.35157692896619186,0.0,0.28571428571428575,11.543633999963276,244.47944700000335,False,4;21;32;33;35,,True,baseline:0.178461;mobius:0.112593
mobius_disabled,nq_60,0.36363636363636365,0.8,0.7980892725757036,0.2019107274242964,0.0,0.5,11.529613999982757,245.03805500000908,True,1;3;17;30;35,1;3;4;5;6;17;18;22;28;35;37,True,baseline:0.171992;mobius:0.091406
mobius_disabled,nq_61,0.5,0.8,0.7562575560518632,0.24374244394813682,0.0,0.6666666666666666,11.50667699994301,310.60091900008047,True,4;7;17;36;47,3;4;7;10;24;34;36;47,True,baseline:0.169532;mobius:0.092803
mobius_disabled,nq_62,0.75,0.6,0.8016470547823153,0.19835294521768465,0.0,0.4,11.542105999978958,199.41563800000495,True,6;11;14;19;20,2;11;19;20,True,baseline:0.184218;mobius:0.093438
mobius_disabled,nq_63,0.3333333333333333,0.2,0.8140309606655348,0.18596903933446518,0.0,0.6666666666666666,11.658875999955853,223.3742150000353,True,0;4;12;13;15,0;18;49,True,baseline:0.200788;mobius:0.096402
mobius_disabled,nq_64,0.2727272727272727,0.6,0.8371888670370181,0.16281113296298189,0.0,0.6666666666666666,11.604055000020708,200.62544999996135,True,0;12;25;36;47,0;1;3;4;7;9;10;12;29;32;36,True,baseline:0.204639;mobius:0.095034
mobius_disabled,nq_65,0.625,1.0,0.9032599662622462,0.09674003373775375,0.0,0.6666666666666666,11.68669600008343,199.39058900001783,True,0;3;6;9;37,0;3;4;5;6;7;9;37,True,baseline:0.204345;mobius:0.094562
mobius_disabled,nq_66,0.36363636363636365,0.8,0.7807348065027465,0.21926519349725349,1.0,1.0,11.509443000022657,288.11620800001947,True,9;13;16;20;26,0;3;9;11;13;16;24;26;31;34;38,True,baseline:0.176867;mobius:0.109183
mobius_disabled,nq_67,,0.0,0.7000849449073352,0.2999150550926648,1.0,1.0,11.469503000171244,200.62910900014685,False,1;6;7;9;31,,True,baseline:0.179269;mobius:0.092088
mobius_disabled,nq_68,0.0,0.0,0.8462476448964228,0.1537523551035772,0.0,0.5,11.532833000046594,202.86515100019642,True,0;2;16;33;47,4;11,True,baseline:0.186822;mobius:0.094246
mobius_disabled,nq_69,,0.0,0.6787632268143693,0.3212367731856307,0.0,0.0,11.409677000074225,266.60622700001113,False,3;8;9;23;34,,True,baseline:0.180470;mobius:0.091500
mobius_disabled,nq_70,0.0,0.0,0.7029385790640859,0.29706142093591414,0.0,0.0,11.47064900010264,199.73441599995567,True,2;40;42;43;45,7;24,True,baseline:0.161133;mobius:0.093520
mobius_disabled,nq_71,0.2222222222222222,0.4,0.8704958373298914,0.12950416267010856,0.0,0.6666666666666666,11.751600000025064,201.97684300001129,True,2;23;29;31;39,0;3;5;12;14;18;22;23;29,True,baseline:0.155626;mobius:0.106932
mobius_disabled,nq_72,0.375,0.6,0.7401268211497769,0.2598731788502231,0.0,0.5714285714285715,11.532062000014776,244.2188370000622,True,0;1;10;17;43,0;1;2;3;4;11;14;43,True,baseline:0.171036;mobius:0.096539
mobius_disabled,nq_73,1.0,0.6,0.7363225368997981,0.2636774631002019,1.0,1.0,11.5951769998901,178.83528300012586,True,0;1;4;12;43,0;1;4,True,baseline:0.209402;mobius:0.096277
mobius_disabled,nq_74,0.6666666666666666,0.4,0.8103143524869306,0.18968564751306938,0.0,0.5,11.503492999963782,266.5072649999729,True,4;9;11;40;47,9;40;41,True,baseline:0.182792;mobius:0.090824
mobius_disabled,nq_75,1.0,0.8,0.7895018737987641,0.21049812620123587,1.0,1.0,11.520211999823005,223.1761360001201,True,0;1;2;10;24,0;1;2;24,True,baseline:0.180456;mobius:0.102317
mobius_disabled,nq_76,1.0,0.8,0.8914460782209618,0.10855392177903822,0.0,0.6666666666666666,11.365413000021363,288.05397900009666,True,0;1;3;7;10,0;1;3;10,True,baseline:0.161184;mobius:0.089801
mobius_disabled,nq_77,,0.0,0.6263210278858169,0.3736789721141831,0.0,0.4,11.427250999986427,222.63169600000765,False,10;18;32;44;47,,True,baseline:0.162866;mobius:0.108382
mobius_disabled,nq_78,0.4,0.4,0.8174135103336926,0.18258648966630742,1.0,1.0,11.368743000048198,267.10587000002306,True,0;13;23;28;38,0;16;19;25;28,True,baseline:0.165787;mobius:0.107840
mobius_disabled,nq_79,0.5,0.4,0.8260598644210682,0.17394013557893184,0.0,0.6666666666666666,11.41355000004296,310.22409199999856,True,0;1;9;21;45,0;1;2;37,True,baseline:0.159350;mobius:0.092572
mobius_disabled,nq_80,0.5,0.8,0.8094359123819028,0.19056408761809718,1.0,1.0,11.449716000015542,244.58245900018483,True,3;4;8;13;31,0;2;3;4;7;8;13;14,True,baseline:0.156435;mobius:0.091238
mobius_disabled,nq_81,0.0967741935483871,0.6,0.8295594145236377,0.17044058547636232,1.0,1.0,11.408298999867839,159.61404299991955,True,5;8;14;32;47,0;1;2;3;4;5;7;8;9;10;11;12;13;15;18;23;25;26;27;28;29;31;33;35;36;37;39;41;43;45;47,True,baseline:0.173353;mobius:0.094714
mobius_disabled,nq_82,0.3333333333333333,0.2,0.7609242606668382,0.23907573933316184,0.0,0.5,11.506945000064661,179.74771300009706,True,3;12;18;27;44,3;5;35,True,baseline:0.169538;mobius:0.090712
mobius_disabled,nq_83,,0.0,0.7450482060652505,0.25495179393474954,0.0,0.0,11.565833000076964,234.42640400003256,False,6;25;40;41;46,,True,baseline:0.169079;mobius:0.108283
mobius_disabled,nq_84,0.0,0.0,0.7135132356946624,0.2864867643053376,0.0,0.28571428571428575,11.557205000144677,203.10992100007752,True,28;30;35;36;42,25,True,baseline:0.188042;mobius:0.114066
mobius_disabled,nq_85,0.2,0.2,0.8338389629969738,0.1661610370030262,0.0,0.0,11.729582000043592,222.3265459999766,True,4;7;18;35;37,1;3;8;37;39,True,baseline:0.205825;mobius:0.097740
mobius_disabled,nq_86,0.2857142857142857,0.4,0.6870064431662728,0.3129935568337272,0.0,0.6666666666666666,11.721818000069106,157.68544200000179,True,0;11;17;39;45,0;12;14;16;31;35;39,True,baseline:0.218949;mobius:0.096285
mobius_disabled,nq_87,0.6,0.6,0.7217692124377784,0.27823078756222164,1.0,1.0,11.788473000024169,269.55392200011374,True,0;1;4;37;49,0;1;4;12;30,True,baseline:0.218688;mobius:0.099230
mobius_disabled,nq_88,0.6666666666666666,0.4,0.9009832539235971,0.09901674607640287,0.0,0.3333333333333333,11.492396999983612,199.2153149999467,True,2;4;11;13;15,2;4;31,True,baseline:0.192066;mobius:0.094868
mobius_disabled,nq_89,0.0,0.0,0.8466505197747969,0.15334948022520312,0.0,0.0,11.450591000084387,157.2112220001145,True,6;20;27;30;35,14;22;23;25;40,True,baseline:0.168118;mobius:0.092096
mobius_disabled,nq_90,0.6666666666666666,0.4,0.6479646335455793,0.3520353664544207,0.0,0.6666666666666666,11.608700999886423,227.00104399996235,True,0;3;17;37;40,0;10;17,True,baseline:0.185069;mobius:0.107208
mobius_disabled,nq_91,,0.0,0.8367339007437036,0.16326609925629643,0.0,0.6666666666666666,11.440786000093794,310.139326999888,False,0;5;7;9;42,,True,baseline:0.178223;mobius:0.111632
mobius_disabled,nq_92,,0.0,0.7839237658246304,0.21607623417536959,0.0,0.0,11.755445000062537,204.19675499988443,False,0;6;14;15;20,,True,baseline:0.215627;mobius:0.114904
mobius_disabled,nq_93,,0.0,0.6628492892941423,0.33715071070585767,0.0,0.3333333333333333,11.642925000160176,223.15427400008048,False,0;3;14;31;39,,True,baseline:0.225190;mobius:0.093988
mobius_disabled,nq_94,1.0,0.4,0.7324300789918518,0.26756992100814825,0.0,0.3333333333333333,11.55077699991125,287.23746699984076,True,0;2;19;22;42,0;2,True,baseline:0.190871;mobius:0.092067
mobius_disabled,nq_95,0.45454545454545453,1.0,0.9343623713911284,0.06563762860887157,0.0,0.0,11.493878999999652,199.3272980000711,True,0;3;4;8;26,0;3;4;8;23;26;29;35;38;43;49,True,baseline:0.195507;mobius:0.093984
mobius_disabled,nq_96,0.75,0.6,0.7630188293349178,0.23698117066508217,1.0,1.0,11.499379000042609,180.85532600002807,True,1;8;10;25;36,0;1;25;36,True,baseline:0.164110;mobius:0.109282
mobius_disabled,nq_97,0.3333333333333333,0.2,0.8266711425963689,0.17332885740363113,1.0,1.0,11.523420999992595,200.70500900010302,True,25;29;35;47;49,8;13;47,True,baseline:0.158140;mobius:0.088360
mobius_disabled,nq_98,0.16666666666666666,0.4,0.8701348965660696,0.12986510343393043,0.0,0.0,11.627382999904512,364.5321590001913,True,0;2;33;47;48,0;1;7;10;11;18;24;25;26;28;36;48,True,baseline:0.204684;mobius:0.095095
mobius_disabled,nq_99,1.0,0.4,0.800688057073935,0.19931194292606502,0.0,0.4444444444444445,11.407299000211424,259.4924059999357,True,0;3;4;5;19,0;4,True,baseline:0.175407;mobius:0.093049
mobius_disabled,nq_100,0.42857142857142855,0.6,0.8360494764035818,0.16395052359641815,0.0,0.0,11.416627000016888,177.19427000020005,True,5;7;17;32;45,0;2;5;17;39;43;45,True,baseline:0.161806;mobius:0.093301
mobius_disabled,nq_101,0.2222222222222222,0.4,0.7539550120356822,0.24604498796431784,0.0,0.7499999999999999,11.32964700013872,240.25482599995485,True,1;2;10;20;32,1;2;13;23;24;26;31;40;45,True,baseline:0.151091;mobius:0.092494
mobius_disabled,nq_102,0.42857142857142855,0.6,0.7597615634251296,0.24023843657487043,1.0,1.0,11.41571599987401,174.3700810000064,True,2;6;24;26;44,0;2;6;16;17;26;29,True,baseline:0.150437;mobius:0.088733
mobius_disabled,nq_103,0.0,0.0,0.7577268664444702,0.24227313355552982,0.0,0.0,11.495620999994571,299.36273500015886,True,4;5;19;24;27,10,True,baseline:0.151941;mobius:0.093113
mobius_disabled,nq_104,1.0,0.2,0.8686048803550268,0.1313951196449732,0.0,0.6666666666666665,11.419031000059476,256.4707050000834,True,1;20;21;29;40,1,True,baseline:0.151997;mobius:0.092362
mobius_disabled,nq_105,0.125,1.0,0.793148969370737,0.20685103062926302,0.0,0.6666666666666666,11.445203999983278,258.5421399999177,True,14;30;32;46;48,0;1;2;3;4;5;6;7;8;12;13;14;15;16;17;18;19;20;22;23;25;26;27;28;29;30;32;35;36;37;38;40;41;42;44;45;46;47;48;49,True,baseline:0.149842;mobius:0.090457
mobius_disabled,nq_106,,0.0,0.7688059856294476,0.23119401437055243,0.0,0.0,11.201062000054662,195.46480499980134,False,9;14;19;34;46,,True,baseline:0.149257;mobius:0.088995
mobius_disabled,nq_107,,0.0,0.8576747965199193,0.1423252034800807,0.0,0.0,11.333527999795479,279.16245100004744,False,0;1;2;5;8,,True,baseline:0.159234;mobius:0.089142
mobius_disabled,nq_108,0.25,0.6,0.8449188994420638,0.15508110055793622,1.0,1.0,11.870888999965246,177.11494900004254,True,2;3;36;47;48,2;3;5;6;12;14;24;29;36;40;42;43,True,baseline:0.158785;mobius:0.100317
mobius_disabled,nq_109,,0.0,0.7007157105963577,0.29928428940364227,0.0,0.0,11.323468000000503,195.95025900002838,False,8;32;39;46;47,,True,baseline:0.164417;mobius:0.092052
mobius_disabled,nq_110,,0.0,0.735735644299725,0.26426435570027496,0.0,0.4,11.78312999991249,239.82354800000394,False,4;9;17;34;46,,True,baseline:0.185896;mobius:0.094497
mobius_disabled,nq_111,,0.0,0.8901095037365003,0.10989049626349967,0.0,0.0,11.396329000035621,217.05976599992027,False,0;13;26;27;45,,True,baseline:0.155460;mobius:0.093650
mobius_disabled,nq_112,0.25,1.0,0.8449998608077905,0.15500013919220945,0.0,0.5,11.364103999994768,237.52484100009497,True,8;17;24;26;33,0;1;2;3;4;5;6;7;8;9;13;15;17;24;26;29;33;38;44;49,True,baseline:0.149878;mobius:0.108416
mobius_disabled,nq_113,0.5,0.4,0.7254196632761263,0.2745803367238737,0.0,0.4,11.37094899991098,279.63332699982857,True,0;1;4;16;27,0;1;6;40,True,baseline:0.175437;mobius:0.092896
mobius_disabled,nq_114,1.0,0.2,0.8434680062672809,0.1565319937327191,0.0,0.28571428571428575,11.415398000053756,240.45766599988383,True,13;19;23;30;37,37,True,baseline:0.165395;mobius:0.108187
mobius_disabled,nq_115,0.5,0.2,0.7047744556625268,0.29522554433747317,1.0,1.0,11.570451000125104,216.4388799999415,True,0;23;25;28;33,0;7,True,baseline:0.163650;mobius:0.093460
mobius_disabled,nq_116,0.22727272727272727,1.0,0.9464443923215111,0.05355560767848888,0.0,0.6666666666666666,11.517641999944317,175.35321300010764,True,0;1;2;5;8,0;1;2;3;5;8;10;12;13;23;26;27;28;29;31;33;37;39;41;42;44;47,True,baseline:0.160657;mobius:0.096486
mobius_disabled,nq_117,0.0,0.0,0.842361266390849,0.15763873360915104,0.0,0.0,11.412222999979349,194.39730399994914,True,10;34;38;40;49,3;4,True,baseline:0.153107;mobius:0.125900
mobius_disabled,nq_118,,0.0,0.7283334528893339,0.27166654711066607,0.0,0.0,11.444859999983237,405.45697699985794,False,4;6;17;29;45,,True,baseline:0.155215;mobius:0.090208
mobius_disabled,nq_119,0.2,0.2,0.8427755450798046,0.15722445492019543,1.0,1.0,11.364551000042411,194.85776400006216,True,5;10;11;22;43,0;8;11;15;19,True,baseline:0.152757;mobius:0.090383
mobius_disabled,nq_120,0.5,0.4,0.7455943281907123,0.25440567180928775,1.0,1.0,11.449000999846248,173.9709700000276,True,0;4;11;16;21,0;2;4;5,True,baseline:0.154019;mobius:0.091053
mobius_disabled,nq_121,0.23076923076923078,0.6,0.7792417385228149,0.22075826147718514,0.0,0.5714285714285715,11.400294000168287,278.94217700008994,True,10;18;29;34;40,0;7;10;12;17;18;26;28;29;45;46;48;49,True,baseline:0.150402;mobius:0.102408
mobius_disabled,nq_122,,0.0,0.7727713726849235,0.22722862731507654,0.0,0.6666666666666666,12.365698000166958,217.4300789999961,False,4;12;15;43;48,,True,baseline:0.145667;mobius:0.091295
mobius_disabled,nq_123,0.16666666666666666,0.2,0.7669353862106378,0.23306461378936216,1.0,1.0,11.439211999913823,214.47324299992943,True,4;33;41;45;47,1;2;4;6;7;12,True,baseline:0.150454;mobius:0.091157
mobius_disabled,nq_124,1.0,0.2,0.6442077852313124,0.3557922147686876,1.0,1.0,11.48141199996644,194.56591499988463,True,3;4;34;42;47,4,True,baseline:0.151092;mobius:0.089997
mobius_disabled,nq_125,0.25,0.6,0.7352406580159325,0.2647593419840675,0.0,0.6666666666666666,11.380366999901526,174.50782499986417,True,0;1;4;26;36,0;1;2;4;5;6;7;8;10;21;40;47,True,baseline:0.147183;mobius:0.092035
mobius_disabled,nq_126,0.3333333333333333,0.2,0.6652558434274194,0.3347441565725806,1.0,1.0,11.394906000077754,154.54290399998172,True,4;7;13;34;42,0;1;4,True,baseline:0.153963;mobius:0.095508
mobius_disabled,nq_127,0.5,0.4,0.7377998458095565,0.2622001541904435,1.0,1.0,12.390305000053559,174.3587060000209,True,0;1;4;24;39,0;1;3;7,True,baseline:0.156070;mobius:0.096126
mobius_disabled,nq_128,0.375,0.6,0.8123191957317971,0.18768080426820288,1.0,1.0,11.474636000002647,154.91206000001512,True,0;4;10;24;35,0;4;9;15;28;33;35;44,True,baseline:0.151395;mobius:0.092340
mobius_disabled,nq_129,0.2222222222222222,0.4,0.7370344831346168,0.26296551686538316,0.0,0.0,11.478840999870954,174.03943499994057,True,10;25;28;29;33,0;1;5;6;9;10;33;37;48,True,baseline:0.153089;mobius:0.091192
mobius_disabled,nq_130,,0.0,0.7940226502470022,0.20597734975299775,1.0,1.0,11.452628999904846,216.04621100004806,False,4;12;13;14;26,,True,baseline:0.153063;mobius:0.092376
mobius_disabled,nq_131,0.14285714285714285,0.2,0.8652190216258504,0.1347809783741496,0.0,0.0,11.381235000044398,237.23561700012397,True,4;5;11;34;41,0;4;15;20;23;43;46,True,baseline:0.166937;mobius:0.090468
mobius_disabled,nq_132,0.0,0.0,0.8171247351908736,0.18287526480912641,0.0,0.0,11.456259999931717,196.6118870000173,True,0;5;6;20;33,9;18;19;28,True,baseline:0.171550;mobius:0.095215
mobius_disabled,nq_133,0.2,0.2,0.8272279140830274,0.17277208591697257,0.0,0.4,11.30272800014609,196.31963200004066,True,22;26;28;35;47,2;5;9;31;47,True,baseline:0.148103;mobius:0.097832
mobius_disabled,nq_134,0.5,0.4,0.773066629656953,0.22693337034304695,0.0,0.0,11.28146399992147,256.41025699997044,True,3;6;19;32;48,0;3;5;6,True,baseline:0.147416;mobius:0.088819
mobius_disabled,nq_135,0.0,0.0,0.6389181590582893,0.3610818409417107,0.0,0.0,11.349587000040628,195.72307499993258,True,4;27;32;43;47,0;20;28;38,True,baseline:0.154664;mobius:0.090911
mobius_disabled,nq_136,1.0,0.2,0.6164406131801936,0.3835593868198064,0.0,0.6666666666666666,11.779380999996647,361.19465499996295,True,7;16;18;21;35,21,True,baseline:0.149041;mobius:0.089963
mobius_disabled,nq_137,0.5,0.2,0.7618146121140696,0.23818538788593036,0.0,0.2857142857142857,11.317931000121462,695.0570050000806,True,0;4;8;43;47,0;3,True,baseline:0.147457;mobius:0.090041
mobius_disabled,nq_138,,0.0,0.777208464312489,0.22279153568751098,0.0,0.0,11.442708000004131,300.2857029998722,False,5;18;25;26;37,,True,baseline:0.156372;mobius:0.090343
mobius_disabled,nq_139,,0.0,0.656647186732284,0.34335281326771605,0.0,0.0,11.72568000015417,155.87854000000334,False,0;3;4;6;31,,True,baseline:0.186773;mobius:0.095501
mobius_disabled,nq_140,1.0,0.4,0.8715623286380101,0.1284376713619899,1.0,1.0,11.654681000209166,237.0048149998638,True,1;6;7;16;21,1;6,True,baseline:0.186605;mobius:0.100194
mobius_disabled,nq_141,0.15625,1.0,0.8469424092156383,0.15305759078436165,0.0,0.0,11.607370999854538,196.18108200006645,True,14;24;33;35;45,2;3;5;7;11;13;14;16;18;19;20;21;22;23;24;25;26;29;30;31;32;33;34;35;36;37;39;44;45;46;47;48,True,baseline:0.171470;mobius:0.092627
mobius_disabled,nq_142,0.125,1.0,0.8491524205466202,0.1508475794533798,0.0,0.0,11.314517999835516,277.60775599995213,True,4;6;10;37;41,0;1;2;3;4;5;6;7;8;9;10;11;12;13;14;15;16;17;18;19;20;21;22;23;24;25;26;28;30;31;36;37;39;41;42;43;44;45;47;49,True,baseline:0.158410;mobius:0.091911
mobius_disabled,nq_143,0.6666666666666666,0.4,0.7396299247987199,0.2603700752012801,1.0,1.0,11.475475999986884,279.1250600000694,True,15;26;34;45;47,6;26;47,True,baseline:0.167871;mobius:0.090636
mobius_disabled,nq_144,0.23809523809523808,1.0,0.8813945156728407,0.11860548432715934,0.0,0.8,11.482527999987724,195.28186799993819,True,5;28;36;39;43,0;1;3;4;5;6;8;11;12;20;21;22;28;29;36;39;40;41;43;45;48,True,baseline:0.183501;mobius:0.091738
mobius_disabled,nq_145,0.0,0.0,0.7651819965285324,0.23481800347146764,0.0,0.0,11.459589999958553,236.54788799990456,True,17;18;25;30;33,8,True,baseline:0.168756;mobius:0.091259
mobius_disabled,nq_146,0.42857142857142855,0.6,0.7660852427250855,0.2339147572749145,1.0,1.0,11.65312099988114,218.14150600016546,True,9;14;22;27;46,2;6;8;9;14;22;33,True,baseline:0.192098;mobius:0.090442
mobius_disabled,nq_147,0.6,0.6,0.7291558225464201,0.2708441774535799,1.0,1.0,11.545153000042774,279.1379949999282,True,6;11;16;40;44,0;6;8;11;40,True,baseline:0.180332;mobius:0.092286
mobius_disabled,nq_148,0.6666666666666666,0.8,0.888906527348183,0.11109347265181702,0.0,0.5714285714285715,11.52337999997144,278.0259290000231,True,0;1;6;11;22,0;1;4;6;17;22,True,baseline:0.157000;mobius:0.090426
mobius_disabled,nq_149,1.0,0.4,0.8490293243660301,0.15097067563396993,0.0,0.28571428571428575,11.598085000059655,300.32478399994034,True,2;4;6;12;38,2;4,True,baseline:0.155624;mobius:0.090939
mobius_disabled,nq_150,,0.0,0.7100675979290155,0.2899324020709845,0.0,0.0,11.63722600017536,240.9372469999198,False,9;16;29;31;36,,True,baseline:0.171542;mobius:0.106706
mobius_disabled,nq_151,0.3333333333333333,0.4,0.8791730666282416,0.12082693337175843,0.0,0.5,11.458705999984886,263.24811099993894,True,0;1;4;10;22,4;6;18;22;28;38,True,baseline:0.153331;mobius:0.089495
mobius_disabled,nq_152,1.0,0.4,0.8571879021623257,0.14281209783767435,0.0,0.8,11.517659999981333,198.81427299992538,True,0;1;2;6;20,0;1,True,baseline:0.161421;mobius:0.091168
mobius_disabled,nq_153,0.3333333333333333,0.2,0.714457457785393,0.28554254221460695,1.0,1.0,11.40195599987237,197.46986799987098,True,2;11;12;30;46,0;1;46,True,baseline:0.151214;mobius:0.090431
mobius_disabled,nq_154,,0.0,0.8810327436942466,0.11896725630575344,0.0,0.0,11.368861999926594,237.26763600006961,False,2;9;10;15;42,,True,baseline:0.149170;mobius:0.108463
mobius_disabled,nq_155,,0.0,0.6725530340256641,0.32744696597433587,0.0,0.0,11.419409999916752,215.46652100005304,False,7;18;22;33;42,,True,baseline:0.166124;mobius:0.096481
mobius_disabled,nq_156,0.1875,0.6,0.8825600566606789,0.11743994333932106,0.0,0.6666666666666666,12.469711999983701,217.49879000003602,True,1;3;7;9;16,0;3;4;5;6;7;8;14;16;17;24;27;39;42;43;49,True,baseline:0.201927;mobius:0.116156
mobius_disabled,nq_157,1.0,0.6,0.7270359531888193,0.2729640468111807,0.0,0.5,11.390678999987358,245.25099399988903,True,0;1;10;31;49,0;1;49,True,baseline:0.165276;mobius:0.090034
mobius_disabled,nq_158,,0.0,0.666841262445353,0.333158737554647,0.0,0.0,11.516276000065773,256.5436849999969,False,14;22;25;45;47,,True,baseline:0.160801;mobius:0.086996
mobius_disabled,nq_159,0.0,0.0,0.7145377569418242,0.2854622430581758,0.0,0.0,11.332969000022786,176.30809799993585,True,15;17;25;27;40,32;49,True,baseline:0.145550;mobius:0.089705
mobius_disabled,nq_160,1.0,0.2,0.7405512967891585,0.25944870321084146,0.0,0.0,11.40093899994099,238.97969999984525,True,4;12;25;41;48,4,True,baseline:0.151318;mobius:0.089555
mobius_disabled,nq_161,0.2,0.2,0.8251619575527271,0.17483804244727286,0.0,0.0,11.511360999975295,294.07095700003083,True,2;27;39;42;46,2;12;21;25;32,True,baseline:0.146035;mobius:0.087156
mobius_disabled,nq_162,1.0,0.8,0.7827820481251692,0.21721795187483084,1.0,1.0,11.428201999933663,261.79012700004023,True,1;4;6;17;46,1;4;17;46,True,baseline:0.145077;mobius:0.088001
mobius_disabled,nq_163,,0.0,0.7001609607152997,0.29983903928470035,0.0,0.8,11.24845499998628,194.54126599998744,False,1;2;4;30;34,,True,baseline:0.152471;mobius:0.088497
mobius_disabled,nq_164,1.0,0.4,0.7277034887488416,0.2722965112511584,0.0,0.0,11.363751000089906,218.02283900001385,True,4;30;32;40;49,4;32,True,baseline:0.144865;mobius:0.105895
mobius_disabled,nq_165,0.75,0.6,0.721467143240701,0.27853285675929895,1.0,1.0,13.19935199990141,219.4314889998168,True,3;5;6;12;17,0;3;5;12,True,baseline:0.182608;mobius:0.115466
mobius_disabled,nq_166,0.3333333333333333,0.2,0.802017314591497,0.19798268540850295,1.0,1.0,11.47776699986025,279.832284999884,True,0;4;11;12;16,0;1;2,True,baseline:0.158230;mobius:0.092269
mobius_disabled,nq_167,0.6666666666666666,0.4,0.8129930450157558,0.18700695498424424,1.0,1.0,11.425722000012684,215.88545000008708,True,2;4;24;26;27,4;5;24,True,baseline:0.150699;mobius:0.091359
mobius_disabled,nq_168,0.2,0.2,0.811975466054936,0.18802453394506402,0.0,0.3333333333333333,11.465926000028048,281.5316649998749,True,4;5;14;21;31,0;4;17;19;39,True,baseline:0.151700;mobius:0.102926
mobius_disabled,nq_169,0.058823529411764705,0.2,0.8388943975212303,0.1611056024787697,0.0,0.0,11.60602300001301,270.30482800000755,True,10;14;22;28;48,0;1;4;6;8;15;17;18;19;20;22;25;31;33;41;44;46,True,baseline:0.156875;mobius:0.090600
mobius_disabled,nq_170,0.16666666666666666,0.2,0.8395563012593872,0.16044369874061282,0.0,0.4,13.34012100005566,275.9344109999802,True,0;2;4;7;30,0;1;5;8;21;45,True,baseline:0.189634;mobius:0.126930
mobius_disabled,nq_171,0.375,0.6,0.8652156225826886,0.13478437741731142,0.0,0.8,11.486762000004092,216.72396300004948,True,2;16;24;27;32,2;4;6;15;24;32;42;44,True,baseline:0.161958;mobius:0.087259
mobius_disabled,nq_172,,0.0,0.6488765919871285,0.35112340801287145,0.0,0.0,13.1332860000839,183.16563500002303,False,8;34;46;47;49,,True,baseline:0.195238;mobius:0.111263
mobius_disabled,nq_173,1.0,0.4,0.8904616751255251,0.1095383248744749,1.0,1.0,13.242301999980555,198.51092999988396,True,0;1;2;3;29,0;1,True,baseline:0.199751;mobius:0.111818
mobius_disabled,nq_174,0.3333333333333333,0.6,0.8105775755463419,0.1894224244536581,1.0,1.0,11.402256999872407,269.6722379998846,True,0;3;6;10;12,0;2;6;8;9;12;17;28;45,True,baseline:0.168674;mobius:0.092073
mobius_disabled,nq_175,0.25,0.6,0.7173403260561949,0.2826596739438051,0.0,0.6,11.533936999967409,406.5029299999878,True,8;13;17;22;25,0;1;2;3;4;5;6;8;17;22;23;44,True,baseline:0.165855;mobius:0.090453
mobius_disabled,nq_176,,0.0,0.7713437931181257,0.22865620688187427,0.0,0.0,11.597070999869175,252.01459999993858,False,0;2;8;36;47,,True,baseline:0.178169;mobius:0.090656
mobius_disabled,nq_177,0.07692307692307693,0.2,0.802719988864865,0.19728001113513505,0.0,0.0,11.478410999870903,259.3947399998342,True,8;12;15;17;36,5;7;12;13;18;20;21;31;34;37;39;43;47,True,baseline:0.167619;mobius:0.092232
mobius_disabled,nq_178,0.3333333333333333,0.6,0.832698252625508,0.167301747374492,0.0,0.4,13.329200000043784,251.99652199989941,True,2;24;37;40;46,2;5;17;21;24;26;28;34;46,True,baseline:0.200196;mobius:0.114748
mobius_disabled,nq_179,,0.0,0.6667270105069406,0.3332729894930594,0.0,0.0,11.500143000148455,270.83939599992846,False,3;20;28;29;36,,True,baseline:0.188779;mobius:0.094484
mobius_disabled,nq_180,0.25,0.2,0.8274921466995517,0.17250785330044827,0.0,0.6666666666666666,11.389607999944928,344.0438189998076,True,10;13;14;38;42,1;5;13;41,True,baseline:0.165708;mobius:0.093153
mobius_disabled,nq_181,1.0,0.4,0.7808408263231523,0.21915917367684767,1.0,1.0,11.407909999888943,236.47743400010768,True,5;17;30;42;48,17;30,True,baseline:0.167521;mobius:0.090843
mobius_disabled,nq_182,,0.0,0.680650005088031,0.319349994911969,0.0,0.0,11.483449999786899,281.5876829999979,False,1;3;35;36;39,,True,baseline:0.189651;mobius:0.093200
mobius_disabled,nq_183,0.0,0.0,0.6278008647688829,0.37219913523111714,0.0,0.3333333333333333,11.521727999934228,243.77621200005706,True,2;17;21;38;43,12;27;29;49,True,baseline:0.203323;mobius:0.093098
mobius_disabled,nq_184,0.5,0.4,0.8289451448847498,0.1710548551152502,0.0,0.25,11.529269999982716,256.2801149999814,True,0;2;15;28;36,0;2;4;9,True,baseline:0.212355;mobius:0.093264
mobius_disabled,nq_185,,0.0,0.6993636784822674,0.30063632151773256,0.0,0.0,11.468439000054786,261.3391509999019,False,20;25;37;43;48,,True,baseline:0.206165;mobius:0.090805
mobius_disabled,nq_186,0.36363636363636365,0.8,0.8177049319897998,0.18229506801020023,1.0,1.0,11.453642000105901,197.70920099995237,True,2;6;7;22;23,0;2;6;7;13;15;18;22;34;38;49,True,baseline:0.180625;mobius:0.090216
mobius_disabled,nq_187,0.3333333333333333,0.2,0.7784468621893893,0.2215531378106107,1.0,1.0,12.008606000108557,198.59372099995198,True,0;2;9;12;30,0;5;17,True,baseline:0.186118;mobius:0.091921
mobius_disabled,nq_188,1.0,0.2,0.6682250384102588,0.3317749615897412,1.0,1.0,11.484154000072522,218.4712349999245,True,8;25;33;38;40,40,True,baseline:0.191609;mobius:0.110329
mobius_disabled,nq_189,,0.0,0.6510085577313012,0.3489914422686988,0.0,0.0,11.670992000063052,177.80807200006166,False,0;1;2;19;29,,True,baseline:0.212283;mobius:0.093484
mobius_disabled,nq_190,0.75,0.6,0.8298663797050783,0.17013362029492174,1.0,1.0,11.847193999983574,200.33707900006448,True,0;3;15;19;41,0;3;15;17,True,baseline:0.181737;mobius:0.095217
mobius_disabled,nq_191,0.4444444444444444,0.8,0.7913629567748725,0.20863704322512755,1.0,1.0,11.894568999878175,250.91009200014014,True,0;8;29;36;47,0;2;6;8;9;30;35;36;47,True,baseline:0.174518;mobius:0.115210
mobius_disabled,nq_192,0.3333333333333333,0.2,0.7762841816988371,0.22371581830116294,0.0,0.0,11.759769000036613,205.3612739998698,True,0;3;6;13;37,3;11;22,True,baseline:0.192258;mobius:0.108525
mobius_disabled,nq_193,,0.0,0.7972534296949242,0.2027465703050758,0.0,0.0,11.6192969999247,158.9402310000878,False,5;8;29;31;41,,True,baseline:0.178884;mobius:0.091969
mobius_disabled,nq_194,1.0,0.6,0.7197537680083782,0.2802462319916218,1.0,1.0,11.632534000000305,285.900115000004,True,0;1;15;19;40,0;1;19,True,baseline:0.191879;mobius:0.097165
mobius_disabled,nq_195,,0.0,0.9412237308935343,0.05877626910646572,0.0,0.0,11.802582999962397,309.80495100016014,False,8;10;22;30;40,,True,baseline:0.187134;mobius:0.093219
mobius_disabled,nq_196,0.2857142857142857,0.8,0.7703895960752085,0.22961040392479148,0.0,0.4444444444444445,11.771746000022176,710.6441140001607,True,0;11;12;16;46,0;1;5;6;10;12;15;16;22;26;37;38;45;46,True,baseline:0.189824;mobius:0.109502
mobius_disabled,nq_197,1.0,0.2,0.8366675199396593,0.16333248006034073,0.0,0.7499999999999999,11.783175999880768,200.02812600000652,True,1;3;4;12;32,1,True,baseline:0.187331;mobius:0.095923
mobius_disabled,nq_198,0.35714285714285715,1.0,0.8340737711705757,0.16592622882942432,0.0,0.0,11.755773999993835,220.75494900013837,True,4;20;21;37;45,0;1;4;5;11;12;15;16;18;20;21;37;45;48,True,baseline:0.209509;mobius:0.093935
mobius_disabled,nq_199,0.25,0.4,0.778359619071723,0.22164038092827698,1.0,1.0,11.561046999986502,220.7355059999827,True,7;10;19;29;34,1;7;9;11;16;17;19;45,True,baseline:0.177566;mobius:0.111564
