configuration,question_id,plugin,mode,elapsed_ms,input_norm,output_norm,delta_norm
qore_as_control,nq_0,baseline,replace,0.7525699999746394,0.0,6.135808830193063,6.135808830193063
qore_as_control,nq_1,baseline,replace,0.1825190000204202,0.0,5.8207139294233725,5.8207139294233725
qore_as_control,nq_2,baseline,replace,0.17923699999755627,0.0,4.985848299416998,4.985848299416998
qore_as_control,nq_3,baseline,replace,0.17792800002780496,0.0,6.366249080164166,6.366249080164166
qore_as_control,nq_4,baseline,replace,0.17663899996023247,0.0,6.257234247101976,6.257234247101976
qore_as_control,nq_5,baseline,replace,0.17703999998275322,0.0,6.2221211342846585,6.2221211342846585
qore_as_control,nq_6,baseline,replace,0.18646400002353403,0.0,6.429793569840613,6.429793569840613
qore_as_control,nq_7,baseline,replace,0.2090369999905306,0.0,6.5417899531358,6.5417899531358
qore_as_control,nq_8,baseline,replace,0.18725400002495007,0.0,5.248143031930132,5.248143031930132
qore_as_control,nq_9,baseline,replace,0.1851560000432073,0.0,5.830538597290635,5.830538597290635
qore_as_control,nq_10,baseline,replace,0.16169200000604178,0.0,5.61350215180187,5.61350215180187
qore_as_control,nq_11,baseline,replace,0.18232600001510946,0.0,5.445326270857907,5.445326270857907
qore_as_control,nq_12,baseline,replace,0.16478999998525978,0.0,5.7230596058062995,5.7230596058062995
qore_as_control,nq_13,baseline,replace,0.16579800001181866,0.0,5.38532500493756,5.38532500493756
qore_as_control,nq_14,baseline,replace,0.18144000000575033,0.0,5.922827625359093,5.922827625359093
qore_as_control,nq_15,baseline,replace,0.17363399996384032,0.0,5.047601970788997,5.047601970788997
qore_as_control,nq_16,baseline,replace,0.1570919999949183,0.0,5.896591290936628,5.896591290936628
qore_as_control,nq_17,baseline,replace,0.15393300003552213,0.0,5.8548127858504815,5.8548127858504815
qore_as_control,nq_18,baseline,replace,0.15858999995543854,0.0,5.912317829364883,5.912317829364883
qore_as_control,nq_19,baseline,replace,0.15767999997251536,0.0,5.840914612997901,5.840914612997901
qore_as_control,nq_20,baseline,replace,0.1556899999854977,0.0,6.226407562629137,6.226407562629137
qore_as_control,nq_21,baseline,replace,0.159445000008418,0.0,4.885628708346163,4.885628708346163
qore_as_control,nq_22,baseline,replace,0.15412499999456486,0.0,5.620821355351026,5.620821355351026
qore_as_control,nq_23,baseline,replace,0.1653929999747561,0.0,6.068042958769134,6.068042958769134
qore_as_control,nq_24,baseline,replace,0.15578599999344078,0.0,5.893169056342089,5.893169056342089
qore_as_control,nq_25,baseline,replace,0.1499120000403309,0.0,5.848764153441528,5.848764153441528
qore_as_control,nq_26,baseline,replace,0.18147700001236444,0.0,4.986708096822563,4.986708096822563
qore_as_control,nq_27,baseline,replace,0.1925720000031106,0.0,4.915882879307239,4.915882879307239
qore_as_control,nq_28,baseline,replace,0.1728490000232341,0.0,6.204271475393632,6.204271475393632
qore_as_control,nq_29,baseline,replace,0.16518600000381412,0.0,6.285324306884681,6.285324306884681
qore_as_control,nq_30,baseline,replace,0.16795599998431499,0.0,5.809781813109233,5.809781813109233
qore_as_control,nq_31,baseline,replace,0.16759699997237476,0.0,5.524472587342014,5.524472587342014
qore_as_control,nq_32,baseline,replace,0.17534199997726319,0.0,5.862571017357121,5.862571017357121
qore_as_control,nq_33,baseline,replace,0.17263000000866668,0.0,4.867174175356701,4.867174175356701
qore_as_control,nq_34,baseline,replace,0.17515699994419265,0.0,6.024542786201981,6.024542786201981
qore_as_control,nq_35,baseline,replace,0.20305399993958417,0.0,5.934870435840898,5.934870435840898
qore_as_control,nq_36,baseline,replace,0.17208500003107474,0.0,5.9710915868958025,5.9710915868958025
qore_as_control,nq_37,baseline,replace,0.1647249999905398,0.0,5.310261010857203,5.310261010857203
qore_as_control,nq_38,baseline,replace,0.19797500010554359,0.0,6.1879849319810445,6.1879849319810445
qore_as_control,nq_39,baseline,replace,0.19488400005229778,0.0,6.259572322917376,6.259572322917376
qore_as_control,nq_40,baseline,replace,0.16618100005416636,0.0,6.329407904109478,6.329407904109478
qore_as_control,nq_41,baseline,replace,0.16428999992967874,0.0,5.956386929958668,5.956386929958668
qore_as_control,nq_42,baseline,replace,0.18089599996073957,0.0,5.977592187833619,5.977592187833619
qore_as_control,nq_43,baseline,replace,0.16909900000428024,0.0,5.284580059143323,5.284580059143323
qore_as_control,nq_44,baseline,replace,0.16725800003314362,0.0,6.459046566808221,6.459046566808221
qore_as_control,nq_45,baseline,replace,0.1865729999508403,0.0,6.500309157820785,6.500309157820785
qore_as_control,nq_46,baseline,replace,0.16700300000138668,0.0,6.440333425710759,6.440333425710759
qore_as_control,nq_47,baseline,replace,0.17994099994211865,0.0,6.43050661302621,6.43050661302621
qore_as_control,nq_48,baseline,replace,0.21345799996197456,0.0,5.689040768553662,5.689040768553662
qore_as_control,nq_49,baseline,replace,0.17737599989686714,0.0,5.965389555261214,5.965389555261214
qore_as_control,nq_50,baseline,replace,0.16930000003867463,0.0,5.95899262124213,5.95899262124213
qore_as_control,nq_51,baseline,replace,0.1882830000567992,0.0,6.2589058593588005,6.2589058593588005
qore_as_control,nq_52,baseline,replace,0.16406999998253013,0.0,5.232513582918393,5.232513582918393
qore_as_control,nq_53,baseline,replace,0.18059000001358072,0.0,5.628307831702974,5.628307831702974
qore_as_control,nq_54,baseline,replace,0.16639699992992973,0.0,6.359158170915616,6.359158170915616
qore_as_control,nq_55,baseline,replace,0.17696999998406682,0.0,6.073268305575337,6.073268305575337
qore_as_control,nq_56,baseline,replace,0.1574450000134675,0.0,5.667359552098026,5.667359552098026
qore_as_control,nq_57,baseline,replace,0.15319400006319484,0.0,5.451666440727039,5.451666440727039
qore_as_control,nq_58,baseline,replace,0.17177500001253065,0.0,4.7917350813490485,4.7917350813490485
qore_as_control,nq_59,baseline,replace,0.16006900000320456,0.0,5.0192777604843375,5.0192777604843375
qore_as_control,nq_60,baseline,replace,0.16945300001225405,0.0,5.621649036526739,5.621649036526739
qore_as_control,nq_61,baseline,replace,0.16150500005096546,0.0,5.733022785103862,5.733022785103862
qore_as_control,nq_62,baseline,replace,0.15772099993682787,0.0,6.130161899853848,6.130161899853848
qore_as_control,nq_63,baseline,replace,0.1618179999240965,0.0,5.991376511662055,5.991376511662055
qore_as_control,nq_64,baseline,replace,0.18418199999814533,0.0,6.124354648432591,6.124354648432591
qore_as_control,nq_65,baseline,replace,0.16531099993244425,0.0,6.430030214288235,6.430030214288235
qore_as_control,nq_66,baseline,replace,0.17252499992537196,0.0,6.0519748753747376,6.0519748753747376
qore_as_control,nq_67,baseline,replace,0.17015800005992787,0.0,5.267053446905721,5.267053446905721
qore_as_control,nq_68,baseline,replace,0.16777700000147888,0.0,6.198715389050904,6.198715389050904
qore_as_control,nq_69,baseline,replace,0.1703929999621323,0.0,5.001311938666666,5.001311938666666
qore_as_control,nq_70,baseline,replace,0.18312999998215673,0.0,5.609079097793744,5.609079097793744
qore_as_control,nq_71,baseline,replace,0.16694700002517493,0.0,6.488059884595345,6.488059884595345
qore_as_control,nq_72,baseline,replace,0.16000400000848458,0.0,5.423475086890199,5.423475086890199
qore_as_control,nq_73,baseline,replace,0.18069800000830583,0.0,5.053347710062351,5.053347710062351
qore_as_control,nq_74,baseline,replace,0.16344699997716816,0.0,5.68440543372787,5.68440543372787
qore_as_control,nq_75,baseline,replace,0.18045499996333092,0.0,5.490448801502913,5.490448801502913
qore_as_control,nq_76,baseline,replace,0.17699099998935708,0.0,5.370778748020805,5.370778748020805
qore_as_control,nq_77,baseline,replace,0.17504100003407075,0.0,5.11649297477017,5.11649297477017
qore_as_control,nq_78,baseline,replace,0.16849600001478393,0.0,5.906344261613483,5.906344261613483
qore_as_control,nq_79,baseline,replace,0.17630000002100132,0.0,5.766559683838349,5.766559683838349
qore_as_control,nq_80,baseline,replace,0.16769999990629003,0.0,5.849487929800339,5.849487929800339
qore_as_control,nq_81,baseline,replace,0.1838880000377685,0.0,6.219252857160766,6.219252857160766
qore_as_control,nq_82,baseline,replace,0.15992499993444653,0.0,5.785210140629268,5.785210140629268
qore_as_control,nq_83,baseline,replace,0.1627659999030584,0.0,5.803692346090959,5.803692346090959
qore_as_control,nq_84,baseline,replace,0.14926699998341064,0.0,5.750007405121267,5.750007405121267
qore_as_control,nq_85,baseline,replace,0.15419700002894388,0.0,6.061192188578822,6.061192188578822
qore_as_control,nq_86,baseline,replace,0.1538609999442997,0.0,5.156379486912358,5.156379486912358
qore_as_control,nq_87,baseline,replace,0.15699400000812602,0.0,5.381827591443935,5.381827591443935
qore_as_control,nq_88,baseline,replace,0.1520319999599451,0.0,6.538143037884897,6.538143037884897
qore_as_control,nq_89,baseline,replace,0.14898100005211745,0.0,6.099889264932702,6.099889264932702
qore_as_control,nq_90,baseline,replace,0.15302000008432515,0.0,4.583366391454099,4.583366391454099
qore_as_control,nq_91,baseline,replace,0.1581139999871084,0.0,5.70674611032091,5.70674611032091
qore_as_control,nq_92,baseline,replace,0.15358900009232457,0.0,6.2857185732302305,6.2857185732302305
qore_as_control,nq_93,baseline,replace,0.1570270000001983,0.0,5.0667927610257335,5.0667927610257335
qore_as_control,nq_94,baseline,replace,0.15810399997917557,0.0,5.633233700040121,5.633233700040121
qore_as_control,nq_95,baseline,replace,0.17318300001534226,0.0,6.324875880775702,6.324875880775702
qore_as_control,nq_96,baseline,replace,0.18100400006915152,0.0,5.686347402441447,5.686347402441447
qore_as_control,nq_97,baseline,replace,0.16471399999318237,0.0,5.849134052558073,5.849134052558073
qore_as_control,nq_98,baseline,replace,0.16586699996423704,0.0,6.157436866043193,6.157436866043193
qore_as_control,nq_99,baseline,replace,0.15714500000285625,0.0,5.7678485582426795,5.7678485582426795
qore_as_control,nq_100,baseline,replace,0.15292900002350507,0.0,5.8370757251266685,5.8370757251266685
qore_as_control,nq_101,baseline,replace,0.15739299999495415,0.0,5.563670360721109,5.563670360721109
qore_as_control,nq_102,baseline,replace,0.15585599999212718,0.0,5.631518285743192,5.631518285743192
qore_as_control,nq_103,baseline,replace,0.1616039999134955,0.0,5.627528866355362,5.627528866355362
qore_as_control,nq_104,baseline,replace,0.18183399993176863,0.0,6.470924494403475,6.470924494403475
qore_as_control,nq_105,baseline,replace,0.18080999996072933,0.0,5.860353055464232,5.860353055464232
qore_as_control,nq_106,baseline,replace,0.17986000000291824,0.0,5.860220240683469,5.860220240683469
qore_as_control,nq_107,baseline,replace,0.15626100002918974,0.0,5.6452552741674475,5.6452552741674475
qore_as_control,nq_108,baseline,replace,0.16470299999582494,0.0,5.900434515241386,5.900434515241386
qore_as_control,nq_109,baseline,replace,0.17806899995775893,0.0,5.431032230756602,5.431032230756602
qore_as_control,nq_110,baseline,replace,0.17684900001313508,0.0,5.830294945692953,5.830294945692953
qore_as_control,nq_111,baseline,replace,0.17538600002353633,0.0,6.5283183313144155,6.5283183313144155
qore_as_control,nq_112,baseline,replace,0.15845999996599858,0.0,6.35230396054689,6.35230396054689
qore_as_control,nq_113,baseline,replace,0.15367399998922338,0.0,5.132083564583571,5.132083564583571
qore_as_control,nq_114,baseline,replace,0.15380600007119938,0.0,6.16133456069944,6.16133456069944
qore_as_control,nq_115,baseline,replace,0.1560459999154773,0.0,5.528210141143213,5.528210141143213
qore_as_control,nq_116,baseline,replace,0.17099399997277942,0.0,6.350153693677467,6.350153693677467
qore_as_control,nq_117,baseline,replace,0.16440900003544812,0.0,6.390835199650775,6.390835199650775
qore_as_control,nq_118,baseline,replace,0.16410599994287622,0.0,5.318257179123883,5.318257179123883
qore_as_control,nq_119,baseline,replace,0.16790099994068441,0.0,6.007831329873967,6.007831329873967
qore_as_control,nq_120,baseline,replace,0.15900400001100934,0.0,5.4089148134645715,5.4089148134645715
qore_as_control,nq_121,baseline,replace,0.14729400004398485,0.0,5.865565066742187,5.865565066742187
qore_as_control,nq_122,baseline,replace,0.14747700004136277,0.0,5.749629324697858,5.749629324697858
qore_as_control,nq_123,baseline,replace,0.15045500003907364,0.0,5.875222295083746,5.875222295083746
qore_as_control,nq_124,baseline,replace,0.15996499996617786,0.0,5.197482551899888,5.197482551899888
qore_as_control,nq_125,baseline,replace,0.16752199996972195,0.0,5.960190670773323,5.960190670773323
qore_as_control,nq_126,baseline,replace,0.17690999993646983,0.0,5.147728864754875,5.147728864754875
qore_as_control,nq_127,baseline,replace,0.15103099997304525,0.0,5.600850238536994,5.600850238536994
qore_as_control,nq_128,baseline,replace,0.1591999999845939,0.0,5.941487765171843,5.941487765171843
qore_as_control,nq_129,baseline,replace,0.14669200004391314,0.0,5.736876838454489,5.736876838454489
qore_as_control,nq_130,baseline,replace,0.14576000000943168,0.0,5.815627910400288,5.815627910400288
qore_as_control,nq_131,baseline,replace,0.14813500001764623,0.0,6.379454002022875,6.379454002022875
qore_as_control,nq_132,baseline,replace,0.14669500001218694,0.0,6.049118075908171,6.049118075908171
qore_as_control,nq_133,baseline,replace,0.1456920000464379,0.0,6.318456154960155,6.318456154960155
qore_as_control,nq_134,baseline,replace,0.14502199996968557,0.0,5.903940761890139,5.903940761890139
qore_as_control,nq_135,baseline,replace,0.16026100001909072,0.0,4.6862963818546195,4.6862963818546195
qore_as_control,nq_136,baseline,replace,0.1591689999713708,0.0,4.967838012838917,4.967838012838917
qore_as_control,nq_137,baseline,replace,0.17292899997300992,0.0,5.839228558379167,5.839228558379167
qore_as_control,nq_138,baseline,replace,0.17140900001777482,0.0,6.050431486580725,6.050431486580725
qore_as_control,nq_139,baseline,replace,0.14793499997267645,0.0,5.020119785836898,5.020119785836898
qore_as_control,nq_140,baseline,replace,0.147572999935619,0.0,6.433726735941286,6.433726735941286
qore_as_control,nq_141,baseline,replace,0.15475800000785966,0.0,6.197807934240123,6.197807934240123
qore_as_control,nq_142,baseline,replace,0.15137100001538784,0.0,6.084047552386791,6.084047552386791
qore_as_control,nq_143,baseline,replace,0.14770199993563438,0.0,5.33301899355655,5.33301899355655
qore_as_control,nq_144,baseline,replace,0.14745399994353647,0.0,6.626559172688151,6.626559172688151
qore_as_control,nq_145,baseline,replace,0.14787099996738107,0.0,6.021496666711802,6.021496666711802
qore_as_control,nq_146,baseline,replace,0.1654190000408562,0.0,5.7022555791334515,5.7022555791334515
qore_as_control,nq_147,baseline,replace,0.17344700006560743,0.0,5.393767931976342,5.393767931976342
qore_as_control,nq_148,baseline,replace,0.16369000002214307,0.0,6.477662664397873,6.477662664397873
qore_as_control,nq_149,baseline,replace,0.17719200002375146,0.0,5.956266622527608,5.956266622527608
qore_as_control,nq_150,baseline,replace,0.16937899999902584,0.0,5.718037830502433,5.718037830502433
qore_as_control,nq_151,baseline,replace,0.1859980000062933,0.0,6.111834998451561,6.111834998451561
qore_as_control,nq_152,baseline,replace,0.18693399999847315,0.0,5.30246690110213,5.30246690110213
qore_as_control,nq_153,baseline,replace,0.16287400001147034,0.0,5.2407988062402895,5.2407988062402895
qore_as_control,nq_154,baseline,replace,0.15370599999187107,0.0,6.476711322296539,6.476711322296539
qore_as_control,nq_155,baseline,replace,0.16773200002262456,0.0,5.487365035096405,5.487365035096405
qore_as_control,nq_156,baseline,replace,0.1467209999646002,0.0,6.469584973544875,6.469584973544875
qore_as_control,nq_157,baseline,replace,0.15947800000049028,0.0,5.676801570681361,5.676801570681361
qore_as_control,nq_158,baseline,replace,0.14653100004125008,0.0,5.166572129769004,5.166572129769004
qore_as_control,nq_159,baseline,replace,0.14416700003039296,0.0,5.44592691157194,5.44592691157194
qore_as_control,nq_160,baseline,replace,0.1518880000048739,0.0,5.702814282537779,5.702814282537779
qore_as_control,nq_161,baseline,replace,0.1503759999650356,0.0,6.234747414769542,6.234747414769542
qore_as_control,nq_162,baseline,replace,0.15043199994124734,0.0,5.498004101958587,5.498004101958587
qore_as_control,nq_163,baseline,replace,0.18069899999773043,0.0,5.0861507374179356,5.0861507374179356
qore_as_control,nq_164,baseline,replace,0.17149799998605886,0.0,5.461895239004014,5.461895239004014
qore_as_control,nq_165,baseline,replace,0.16582900002504175,0.0,5.47612711005867,5.47612711005867
qore_as_control,nq_166,baseline,replace,0.17950200003724603,0.0,5.891714253914154,5.891714253914154
qore_as_control,nq_167,baseline,replace,0.17964400001346803,0.0,6.0448905683993495,6.0448905683993495
qore_as_control,nq_168,baseline,replace,0.16510599994035147,0.0,5.909557492644173,5.909557492644173
qore_as_control,nq_169,baseline,replace,0.15345500003149937,0.0,6.355927592178018,6.355927592178018
qore_as_control,nq_170,baseline,replace,0.15292800003408047,0.0,6.106406632483754,6.106406632483754
qore_as_control,nq_171,baseline,replace,0.17055000000709697,0.0,6.190618722063797,6.190618722063797
qore_as_control,nq_172,baseline,replace,0.1525480000736934,0.0,5.133516988419481,5.133516988419481
qore_as_control,nq_173,baseline,replace,0.16905600000427512,0.0,5.51602278890315,5.51602278890315
qore_as_control,nq_174,baseline,replace,0.14848800003619544,0.0,5.749904591099382,5.749904591099382
qore_as_control,nq_175,baseline,replace,0.16473200003019883,0.0,5.650222393974599,5.650222393974599
qore_as_control,nq_176,baseline,replace,0.17537399992306746,0.0,5.676600183080806,5.676600183080806
qore_as_control,nq_177,baseline,replace,0.15295700006845436,0.0,5.870573318717987,5.870573318717987
qore_as_control,nq_178,baseline,replace,0.16132600001128594,0.0,6.339269107404865,6.339269107404865
qore_as_control,nq_179,baseline,replace,0.15463900001577713,0.0,5.1519013836928,5.1519013836928
qore_as_control,nq_180,baseline,replace,0.17744100000527396,0.0,6.355562829669784,6.355562829669784
qore_as_control,nq_181,baseline,replace,0.15731100006632914,0.0,5.736217570525382,5.736217570525382
qore_as_control,nq_182,baseline,replace,0.16504899997471512,0.0,5.418690481081882,5.418690481081882
qore_as_control,nq_183,baseline,replace,0.16965700001492223,0.0,4.839801105821791,4.839801105821791
qore_as_control,nq_184,baseline,replace,0.17645799994170375,0.0,5.708062268406664,5.708062268406664
qore_as_control,nq_185,baseline,replace,0.15699300001870142,0.0,5.403731520231987,5.403731520231987
qore_as_control,nq_186,baseline,replace,0.15805800001089665,0.0,6.157404007473349,6.157404007473349
qore_as_control,nq_187,baseline,replace,0.16695299996172253,0.0,5.675195995994886,5.675195995994886
qore_as_control,nq_188,baseline,replace,0.15959299992118758,0.0,5.516226643930744,5.516226643930744
qore_as_control,nq_189,baseline,replace,0.1644839999244141,0.0,5.044064883390204,5.044064883390204
qore_as_control,nq_190,baseline,replace,0.16013999993447214,0.0,5.864601993418718,5.864601993418718
qore_as_control,nq_191,baseline,replace,0.18110899998191599,0.0,6.091875157970637,6.091875157970637
qore_as_control,nq_192,baseline,replace,0.1874859999588807,0.0,5.894948448243595,5.894948448243595
qore_as_control,nq_193,baseline,replace,0.1643459999058905,0.0,6.02764258027594,6.02764258027594
qore_as_control,nq_194,baseline,replace,0.18061600007968082,0.0,5.286903007422025,5.286903007422025
qore_as_control,nq_195,baseline,replace,0.1809000000321248,0.0,6.803684456204528,6.803684456204528
qore_as_control,nq_196,baseline,replace,0.19807699993634742,0.0,5.8159631906859355,5.8159631906859355
qore_as_control,nq_197,baseline,replace,0.22763800006941892,0.0,6.041139673164787,6.041139673164787
qore_as_control,nq_198,baseline,replace,0.2261890000454514,0.0,6.087060526998056,6.087060526998056
qore_as_control,nq_199,baseline,replace,0.20883399997728702,0.0,6.0478604993523115,6.0478604993523115
mobius_pairwise,nq_0,baseline,replace,0.27196100006676716,0.0,6.135808830193063,6.135808830193063
mobius_pairwise,nq_0,mobius,add,830.3135200000042,6.135808830193063,7.3844284512168334,1.2819066848724519
mobius_pairwise,nq_1,baseline,replace,0.23092300000371324,0.0,5.8207139294233725,5.8207139294233725
mobius_pairwise,nq_1,mobius,add,865.1567750000595,5.8207139294233725,6.985680777333113,1.1942502516723075
mobius_pairwise,nq_2,baseline,replace,0.24169699997855787,0.0,4.985848299416998,4.985848299416998
mobius_pairwise,nq_2,mobius,add,868.0588880000641,4.985848299416998,5.245049380342144,0.43219232738636787
mobius_pairwise,nq_3,baseline,replace,0.24229699999978038,0.0,6.366249080164166,6.366249080164166
mobius_pairwise,nq_3,mobius,add,790.4969389999223,6.366249080164166,7.310113102238699,1.0312546055100718
mobius_pairwise,nq_4,baseline,replace,0.24899800007460726,0.0,6.257234247101976,6.257234247101976
mobius_pairwise,nq_4,mobius,add,858.1353189999845,6.257234247101976,7.594835030630329,1.3475106410602349
mobius_pairwise,nq_5,baseline,replace,0.2307779999455306,0.0,6.2221211342846585,6.2221211342846585
mobius_pairwise,nq_5,mobius,add,810.649327999954,6.2221211342846585,6.724273865248752,0.6929567168210625
mobius_pairwise,nq_6,baseline,replace,0.22991000003003137,0.0,6.429793569840613,6.429793569840613
mobius_pairwise,nq_6,mobius,add,820.76720200007,6.429793569840613,6.7799634460680505,0.5835635907938684
mobius_pairwise,nq_7,baseline,replace,0.24675499992099503,0.0,6.5417899531358,6.5417899531358
mobius_pairwise,nq_7,mobius,add,819.9198339999612,6.5417899531358,6.786145523245223,0.2760795793258554
mobius_pairwise,nq_8,baseline,replace,0.2311860000645538,0.0,5.248143031930132,5.248143031930132
mobius_pairwise,nq_8,mobius,add,822.7916639999648,5.248143031930132,5.080770659956312,0.4092938894890599
mobius_pairwise,nq_9,baseline,replace,0.22525700001096993,0.0,5.830538597290635,5.830538597290635
mobius_pairwise,nq_9,mobius,add,873.7441250000302,5.830538597290635,6.077496873985461,0.36447001971563386
mobius_pairwise,nq_10,baseline,replace,0.23198400003821007,0.0,5.61350215180187,5.61350215180187
mobius_pairwise,nq_10,mobius,add,853.4809159999668,5.61350215180187,6.282846775054913,0.7832070646371184
mobius_pairwise,nq_11,baseline,replace,0.24900200003230566,0.0,5.445326270857907,5.445326270857907
mobius_pairwise,nq_11,mobius,add,806.6973329999882,5.445326270857907,5.8369871583794986,0.6510391060567059
mobius_pairwise,nq_12,baseline,replace,0.23760699991726142,0.0,5.7230596058062995,5.7230596058062995
mobius_pairwise,nq_12,mobius,add,863.1529489999821,5.7230596058062995,6.694866983853659,1.0385376596971796
mobius_pairwise,nq_13,baseline,replace,0.24679399996330176,0.0,5.38532500493756,5.38532500493756
mobius_pairwise,nq_13,mobius,add,858.0222690000028,5.38532500493756,5.722507219304766,0.7920397750783563
mobius_pairwise,nq_14,baseline,replace,0.25268900003538874,0.0,5.922827625359093,5.922827625359093
mobius_pairwise,nq_14,mobius,add,861.3409779999301,5.922827625359093,7.332422638376745,1.4132917553337279
mobius_pairwise,nq_15,baseline,replace,0.23574399995140993,0.0,5.047601970788997,5.047601970788997
mobius_pairwise,nq_15,mobius,add,888.1716619999906,5.047601970788997,5.130629450404046,0.1431429762586926
mobius_pairwise,nq_16,baseline,replace,0.24462400006086682,0.0,5.896591290936628,5.896591290936628
mobius_pairwise,nq_16,mobius,add,822.3285190000524,5.896591290936628,6.142742373660849,0.627935636147577
mobius_pairwise,nq_17,baseline,replace,0.23539000005712296,0.0,5.8548127858504815,5.8548127858504815
mobius_pairwise,nq_17,mobius,add,844.6374549999973,5.8548127858504815,6.294800522722805,0.6324012031148267
mobius_pairwise,nq_18,baseline,replace,0.22089499998401152,0.0,5.912317829364883,5.912317829364883
mobius_pairwise,nq_18,mobius,add,823.831923000057,5.912317829364883,5.857142431041083,0.27462873067786425
mobius_pairwise,nq_19,baseline,replace,0.22484999999505817,0.0,5.840914612997901,5.840914612997901
mobius_pairwise,nq_19,mobius,add,803.5104049999973,5.840914612997901,6.954401792274458,1.1348695243979863
mobius_pairwise,nq_20,baseline,replace,0.22797000008267787,0.0,6.226407562629137,6.226407562629137
mobius_pairwise,nq_20,mobius,add,843.9377749999721,6.226407562629137,6.039264300461785,0.5843066907601641
mobius_pairwise,nq_21,baseline,replace,0.21931499998117943,0.0,4.885628708346163,4.885628708346163
mobius_pairwise,nq_21,mobius,add,814.2269390000365,4.885628708346163,4.780769225463287,0.6011917129216306
mobius_pairwise,nq_22,baseline,replace,0.2210679999734566,0.0,5.620821355351026,5.620821355351026
mobius_pairwise,nq_22,mobius,add,815.6676459999517,5.620821355351026,5.975129272774687,0.44560511693933685
mobius_pairwise,nq_23,baseline,replace,0.22827200007213833,0.0,6.068042958769134,6.068042958769134
mobius_pairwise,nq_23,mobius,add,811.3814450000518,6.068042958769134,7.022877083345428,1.0201599564834685
mobius_pairwise,nq_24,baseline,replace,0.21818300001541502,0.0,5.893169056342089,5.893169056342089
mobius_pairwise,nq_24,mobius,add,855.5917129999671,5.893169056342089,6.226910228755814,0.6339599385307126
mobius_pairwise,nq_25,baseline,replace,0.22682500002702,0.0,5.848764153441528,5.848764153441528
mobius_pairwise,nq_25,mobius,add,805.0882179999235,5.848764153441528,5.805201154254332,0.3445074111823089
mobius_pairwise,nq_26,baseline,replace,0.22221299991542764,0.0,4.986708096822563,4.986708096822563
mobius_pairwise,nq_26,mobius,add,851.1820280000393,4.986708096822563,4.952586818345958,0.2097631855590824
mobius_pairwise,nq_27,baseline,replace,0.22521700009292545,0.0,4.915882879307239,4.915882879307239
mobius_pairwise,nq_27,mobius,add,801.2193440000601,4.915882879307239,4.787615011721659,0.39559993417843786
mobius_pairwise,nq_28,baseline,replace,0.21650000007866765,0.0,6.204271475393632,6.204271475393632
mobius_pairwise,nq_28,mobius,add,869.1606909999336,6.204271475393632,7.211823980272731,1.09291505894338
mobius_pairwise,nq_29,baseline,replace,0.2212320000580803,0.0,6.285324306884681,6.285324306884681
mobius_pairwise,nq_29,mobius,add,916.8996470000366,6.285324306884681,6.205315184795103,0.5028953425283961
mobius_pairwise,nq_30,baseline,replace,0.22129899991796265,0.0,5.809781813109233,5.809781813109233
mobius_pairwise,nq_30,mobius,add,825.8727460000728,5.809781813109233,6.029641082019416,0.6872289080760026
mobius_pairwise,nq_31,baseline,replace,0.2696980000109761,0.0,5.524472587342014,5.524472587342014
mobius_pairwise,nq_31,mobius,add,826.6994639999439,5.524472587342014,5.772769735402387,0.48491895288714737
mobius_pairwise,nq_32,baseline,replace,0.23659299995415495,0.0,5.862571017357121,5.862571017357121
mobius_pairwise,nq_32,mobius,add,834.9023299999772,5.862571017357121,6.771800441215955,0.9773957239709958
mobius_pairwise,nq_33,baseline,replace,0.23659900000438938,0.0,4.867174175356701,4.867174175356701
mobius_pairwise,nq_33,mobius,add,831.2634909999588,4.867174175356701,4.939386030548818,0.29099880047025484
mobius_pairwise,nq_34,baseline,replace,0.22888300009071827,0.0,6.024542786201981,6.024542786201981
mobius_pairwise,nq_34,mobius,add,860.2098139999725,6.024542786201981,6.846376184020521,0.993575500015082
mobius_pairwise,nq_35,baseline,replace,0.21095599993259384,0.0,5.934870435840898,5.934870435840898
mobius_pairwise,nq_35,mobius,add,815.4869539999936,5.934870435840898,5.908261327508729,0.6011370453567856
mobius_pairwise,nq_36,baseline,replace,0.22739300004559482,0.0,5.9710915868958025,5.9710915868958025
mobius_pairwise,nq_36,mobius,add,808.7994469999558,5.9710915868958025,5.972487335745843,0.016118498928674927
mobius_pairwise,nq_37,baseline,replace,0.2171999999518448,0.0,5.310261010857203,5.310261010857203
mobius_pairwise,nq_37,mobius,add,831.8830279999929,5.310261010857203,5.423499573052398,0.6591130805460643
mobius_pairwise,nq_38,baseline,replace,0.23372500004370522,0.0,6.1879849319810445,6.1879849319810445
mobius_pairwise,nq_38,mobius,add,830.7297170000538,6.1879849319810445,6.67387851636808,0.7435758570751405
mobius_pairwise,nq_39,baseline,replace,0.22565699998722266,0.0,6.259572322917376,6.259572322917376
mobius_pairwise,nq_39,mobius,add,839.2128549999143,6.259572322917376,7.525511496638318,1.2936550707182
mobius_pairwise,nq_40,baseline,replace,0.23239500001182023,0.0,6.329407904109478,6.329407904109478
mobius_pairwise,nq_40,mobius,add,838.0727480000587,6.329407904109478,6.752078661457354,0.7003994498300834
mobius_pairwise,nq_41,baseline,replace,0.23388400006751908,0.0,5.956386929958668,5.956386929958668
mobius_pairwise,nq_41,mobius,add,887.4614070000462,5.956386929958668,5.9564776613392505,0.00033869307399220585
mobius_pairwise,nq_42,baseline,replace,0.23024400002213952,0.0,5.977592187833619,5.977592187833619
mobius_pairwise,nq_42,mobius,add,813.607945000058,5.977592187833619,6.735203751605853,0.9230401933243508
mobius_pairwise,nq_43,baseline,replace,0.22311000009267445,0.0,5.284580059143323,5.284580059143323
mobius_pairwise,nq_43,mobius,add,799.6223159999545,5.284580059143323,5.321886630542373,0.09852424227136683
mobius_pairwise,nq_44,baseline,replace,0.22776699995574745,0.0,6.459046566808221,6.459046566808221
mobius_pairwise,nq_44,mobius,add,816.7827489999127,6.459046566808221,6.613491686411866,0.3848391912334568
mobius_pairwise,nq_45,baseline,replace,0.2458559999922727,0.0,6.500309157820785,6.500309157820785
mobius_pairwise,nq_45,mobius,add,855.9460720000516,6.500309157820785,7.947252321627516,1.4476871192150542
mobius_pairwise,nq_46,baseline,replace,0.2531489999455516,0.0,6.440333425710759,6.440333425710759
mobius_pairwise,nq_46,mobius,add,873.379802000045,6.440333425710759,7.875987624981642,1.4363493703252528
mobius_pairwise,nq_47,baseline,replace,0.22796600001129264,0.0,6.43050661302621,6.43050661302621
mobius_pairwise,nq_47,mobius,add,840.3232649999381,6.43050661302621,6.961133521171384,0.7088780537991065
mobius_pairwise,nq_48,baseline,replace,0.23911899995709973,0.0,5.689040768553662,5.689040768553662
mobius_pairwise,nq_48,mobius,add,819.090760999984,5.689040768553662,6.532617056637424,0.9856864842690782
mobius_pairwise,nq_49,baseline,replace,0.24583999993410544,0.0,5.965389555261214,5.965389555261214
mobius_pairwise,nq_49,mobius,add,820.7501739999543,5.965389555261214,6.167113587237337,0.38123851476745235
mobius_pairwise,nq_50,baseline,replace,0.22644700004548213,0.0,5.95899262124213,5.95899262124213
mobius_pairwise,nq_50,mobius,add,819.6431060000577,5.95899262124213,6.370745477389394,0.5992373208570444
mobius_pairwise,nq_51,baseline,replace,0.22870700001931255,0.0,6.2589058593588005,6.2589058593588005
mobius_pairwise,nq_51,mobius,add,884.2587919999687,6.2589058593588005,7.217185665062619,1.0783673329091092
mobius_pairwise,nq_52,baseline,replace,0.22627900000316004,0.0,5.232513582918393,5.232513582918393
mobius_pairwise,nq_52,mobius,add,827.7418259999649,5.232513582918393,5.14009850711669,0.389082175421601
mobius_pairwise,nq_53,baseline,replace,0.22569700001895399,0.0,5.628307831702974,5.628307831702974
mobius_pairwise,nq_53,mobius,add,799.8171970000385,5.628307831702974,5.748992559448132,0.299610967412662
mobius_pairwise,nq_54,baseline,replace,0.19341400002304,0.0,6.359158170915616,6.359158170915616
mobius_pairwise,nq_54,mobius,add,815.6975010000451,6.359158170915616,6.3472220175847545,0.46993306805068163
mobius_pairwise,nq_55,baseline,replace,0.18924900007277756,0.0,6.073268305575337,6.073268305575337
mobius_pairwise,nq_55,mobius,add,876.1266459999888,6.073268305575337,6.1182790578949335,0.10264251958287503
mobius_pairwise,nq_56,baseline,replace,0.18236500000057276,0.0,5.667359552098026,5.667359552098026
mobius_pairwise,nq_56,mobius,add,887.5606929999549,5.667359552098026,6.991750236960502,1.3313466813344341
mobius_pairwise,nq_57,baseline,replace,0.1895949999379809,0.0,5.451666440727039,5.451666440727039
mobius_pairwise,nq_57,mobius,add,819.2709599999262,5.451666440727039,5.485297410878419,0.70252459874639
mobius_pairwise,nq_58,baseline,replace,0.1858570000194959,0.0,4.7917350813490485,4.7917350813490485
mobius_pairwise,nq_58,mobius,add,842.3447920000626,4.7917350813490485,5.045882705294543,0.5013564458781293
mobius_pairwise,nq_59,baseline,replace,0.18320499998480955,0.0,5.0192777604843375,5.0192777604843375
mobius_pairwise,nq_59,mobius,add,839.518109000096,5.0192777604843375,5.1247499862255985,0.31878284009653285
mobius_pairwise,nq_60,baseline,replace,0.18344500006151065,0.0,5.621649036526739,5.621649036526739
mobius_pairwise,nq_60,mobius,add,840.4304279999906,5.621649036526739,6.050362471707368,0.6210263462297206
mobius_pairwise,nq_61,baseline,replace,0.23201199996947253,0.0,5.733022785103862,5.733022785103862
mobius_pairwise,nq_61,mobius,add,918.1582660000913,5.733022785103862,6.44474879663171,0.8647627831507928
mobius_pairwise,nq_62,baseline,replace,0.21881999998640822,0.0,6.130161899853848,6.130161899853848
mobius_pairwise,nq_62,mobius,add,817.8277789999129,6.130161899853848,6.833845633381121,0.9285176746972638
mobius_pairwise,nq_63,baseline,replace,0.25094099999023456,0.0,5.991376511662055,5.991376511662055
mobius_pairwise,nq_63,mobius,add,823.7265129999969,5.991376511662055,6.256186828356192,0.6604758731962788
mobius_pairwise,nq_64,baseline,replace,0.21950899997591478,0.0,6.124354648432591,6.124354648432591
mobius_pairwise,nq_64,mobius,add,813.5654180000529,6.124354648432591,6.891031169666618,0.9055467172651488
mobius_pairwise,nq_65,baseline,replace,0.23599000007834547,0.0,6.430030214288235,6.430030214288235
mobius_pairwise,nq_65,mobius,add,784.385995999969,6.430030214288235,6.862098734102499,0.6711651356283148
mobius_pairwise,nq_66,baseline,replace,0.22220300002118165,0.0,6.0519748753747376,6.0519748753747376
mobius_pairwise,nq_66,mobius,add,860.6711099999984,6.0519748753747376,6.4790916578911615,0.7453942238620012
mobius_pairwise,nq_67,baseline,replace,0.22736599999007012,0.0,5.267053446905721,5.267053446905721
mobius_pairwise,nq_67,mobius,add,792.023669999935,5.267053446905721,5.17464183649024,0.32216175103590916
mobius_pairwise,nq_68,baseline,replace,0.2130730000544645,0.0,6.198715389050904,6.198715389050904
mobius_pairwise,nq_68,mobius,add,846.7738970000482,6.198715389050904,6.261447779677679,0.3416309487828846
mobius_pairwise,nq_69,baseline,replace,0.1813190000348186,0.0,5.001311938666666,5.001311938666666
mobius_pairwise,nq_69,mobius,add,949.1836580000381,5.001311938666666,4.979621148961677,0.1361408970480398
mobius_pairwise,nq_70,baseline,replace,0.18795500000123866,0.0,5.609079097793744,5.609079097793744
mobius_pairwise,nq_70,mobius,add,792.759814999954,5.609079097793744,5.446324880890726,0.45957327750407956
mobius_pairwise,nq_71,baseline,replace,0.20874199992704234,0.0,6.488059884595345,6.488059884595345
mobius_pairwise,nq_71,mobius,add,872.0654229999809,6.488059884595345,6.983644797465536,0.6175306084282467
mobius_pairwise,nq_72,baseline,replace,0.19005900003321585,0.0,5.423475086890199,5.423475086890199
mobius_pairwise,nq_72,mobius,add,837.3694809999961,5.423475086890199,5.6102208123268245,0.6189046064667052
mobius_pairwise,nq_73,baseline,replace,0.1825909999979558,0.0,5.053347710062351,5.053347710062351
mobius_pairwise,nq_73,mobius,add,831.6374739999901,5.053347710062351,4.932660660280117,0.5560959165070491
mobius_pairwise,nq_74,baseline,replace,0.20962899998266948,0.0,5.68440543372787,5.68440543372787
mobius_pairwise,nq_74,mobius,add,842.2265699999798,5.68440543372787,6.107832778177132,0.6348827346552663
mobius_pairwise,nq_75,baseline,replace,0.18250400000852096,0.0,5.490448801502913,5.490448801502913
mobius_pairwise,nq_75,mobius,add,900.9215159999258,5.490448801502913,5.7158432755456365,0.42589827155863114
mobius_pairwise,nq_76,baseline,replace,0.23543999998310028,0.0,5.370778748020805,5.370778748020805
mobius_pairwise,nq_76,mobius,add,827.7757490000113,5.370778748020805,5.510920749445878,0.5121812420333502
mobius_pairwise,nq_77,baseline,replace,0.22048699997867516,0.0,5.11649297477017,5.11649297477017
mobius_pairwise,nq_77,mobius,add,874.6945739999319,5.11649297477017,5.195873797658954,0.30205843684724154
mobius_pairwise,nq_78,baseline,replace,0.21571499996753118,0.0,5.906344261613483,5.906344261613483
mobius_pairwise,nq_78,mobius,add,849.570402999916,5.906344261613483,6.138097069939725,0.5552172047271194
mobius_pairwise,nq_79,baseline,replace,0.22727099997155165,0.0,5.766559683838349,5.766559683838349
mobius_pairwise,nq_79,mobius,add,796.7715949999956,5.766559683838349,6.008052158378732,0.7323167376023875
mobius_pairwise,nq_80,baseline,replace,0.23803299995961424,0.0,5.849487929800339,5.849487929800339
mobius_pairwise,nq_80,mobius,add,838.7680690000252,5.849487929800339,6.538428035490176,0.9842539239430694
mobius_pairwise,nq_81,baseline,replace,0.2312259999825983,0.0,6.219252857160766,6.219252857160766
mobius_pairwise,nq_81,mobius,add,835.6971250000242,6.219252857160766,7.609189326884981,1.3924192616403446
mobius_pairwise,nq_82,baseline,replace,0.22508500001094944,0.0,5.785210140629268,5.785210140629268
mobius_pairwise,nq_82,mobius,add,853.9761399999861,5.785210140629268,6.045983779543749,0.31899604450103286
mobius_pairwise,nq_83,baseline,replace,0.2152619999833405,0.0,5.803692346090959,5.803692346090959
mobius_pairwise,nq_83,mobius,add,858.7370459999875,5.803692346090959,6.079335198820756,0.4881021440656661
mobius_pairwise,nq_84,baseline,replace,0.20677700001670019,0.0,5.750007405121267,5.750007405121267
mobius_pairwise,nq_84,mobius,add,860.5309030000399,5.750007405121267,5.7990108396089655,0.1285717679802887
mobius_pairwise,nq_85,baseline,replace,0.2238729999817224,0.0,6.061192188578822,6.061192188578822
mobius_pairwise,nq_85,mobius,add,803.1030710000095,6.061192188578822,6.8144038530013935,0.8664471061512516
mobius_pairwise,nq_86,baseline,replace,0.21146300002783391,0.0,5.156379486912358,5.156379486912358
mobius_pairwise,nq_86,mobius,add,855.1384209999924,5.156379486912358,5.205216965092966,0.06518702676079413
mobius_pairwise,nq_87,baseline,replace,0.1968300000498857,0.0,5.381827591443935,5.381827591443935
mobius_pairwise,nq_87,mobius,add,844.3905220000261,5.381827591443935,5.327121790970588,0.43749079954646836
mobius_pairwise,nq_88,baseline,replace,0.1891749999458625,0.0,6.538143037884897,6.538143037884897
mobius_pairwise,nq_88,mobius,add,817.7296949999118,6.538143037884897,6.640164483885783,0.3395124719813826
mobius_pairwise,nq_89,baseline,replace,0.18468500002200017,0.0,6.099889264932702,6.099889264932702
mobius_pairwise,nq_89,mobius,add,846.3275770000109,6.099889264932702,6.5767470901734955,0.645003201647254
mobius_pairwise,nq_90,baseline,replace,0.1678770000808072,0.0,4.583366391454099,4.583366391454099
mobius_pairwise,nq_90,mobius,add,824.1815730000326,4.583366391454099,4.583180192045149,0.0008838293673419692
mobius_pairwise,nq_91,baseline,replace,0.16952099997524783,0.0,5.70674611032091,5.70674611032091
mobius_pairwise,nq_91,mobius,add,851.1734169999272,5.70674611032091,5.943760986442561,0.5396813488192015
mobius_pairwise,nq_92,baseline,replace,0.2168089999941003,0.0,6.2857185732302305,6.2857185732302305
mobius_pairwise,nq_92,mobius,add,927.3759129999917,6.2857185732302305,6.517883686118753,0.4122649300819092
mobius_pairwise,nq_93,baseline,replace,0.20129099993937416,0.0,5.0667927610257335,5.0667927610257335
mobius_pairwise,nq_93,mobius,add,812.3169240000152,5.0667927610257335,4.883635247791698,0.4966717914181916
mobius_pairwise,nq_94,baseline,replace,0.2020469999024499,0.0,5.633233700040121,5.633233700040121
mobius_pairwise,nq_94,mobius,add,835.4797829999825,5.633233700040121,5.668883333988297,0.2178422939160823
mobius_pairwise,nq_95,baseline,replace,0.20408300008512015,0.0,6.324875880775702,6.324875880775702
mobius_pairwise,nq_95,mobius,add,802.4664419999681,6.324875880775702,6.669097994057928,0.6864863521516924
mobius_pairwise,nq_96,baseline,replace,0.20331600001100014,0.0,5.686347402441447,5.686347402441447
mobius_pairwise,nq_96,mobius,add,833.5892600000534,5.686347402441447,6.319513586276358,0.8394178272873958
mobius_pairwise,nq_97,baseline,replace,0.19168200003605307,0.0,5.849134052558073,5.849134052558073
mobius_pairwise,nq_97,mobius,add,851.3959119999299,5.849134052558073,6.578204104042988,0.9571193303019947
mobius_pairwise,nq_98,baseline,replace,0.1989710000316336,0.0,6.157436866043193,6.157436866043193
mobius_pairwise,nq_98,mobius,add,834.2105159999846,6.157436866043193,7.185397628852625,1.1042538947752691
mobius_pairwise,nq_99,baseline,replace,0.19122200001220335,0.0,5.7678485582426795,5.7678485582426795
mobius_pairwise,nq_99,mobius,add,818.0645190000178,5.7678485582426795,6.702974616902436,1.0390547720312706
mobius_pairwise,nq_100,baseline,replace,0.1778010000634822,0.0,5.8370757251266685,5.8370757251266685
mobius_pairwise,nq_100,mobius,add,808.4068199999592,5.8370757251266685,6.932590422079729,1.1309712633403863
mobius_pairwise,nq_101,baseline,replace,0.18947699993532297,0.0,5.563670360721109,5.563670360721109
mobius_pairwise,nq_101,mobius,add,827.6777770000763,5.563670360721109,5.691305240015771,0.46517982074616787
mobius_pairwise,nq_102,baseline,replace,0.18713500003286754,0.0,5.631518285743192,5.631518285743192
mobius_pairwise,nq_102,mobius,add,795.2482730000838,5.631518285743192,6.53853516766383,1.0358781417685812
mobius_pairwise,nq_103,baseline,replace,0.18739000006462447,0.0,5.627528866355362,5.627528866355362
mobius_pairwise,nq_103,mobius,add,853.1302379999488,5.627528866355362,5.633319643872064,0.3663565333217874
mobius_pairwise,nq_104,baseline,replace,0.18694499999583059,0.0,6.470924494403475,6.470924494403475
mobius_pairwise,nq_104,mobius,add,841.6832819999627,6.470924494403475,7.680493425239595,1.2297079447759278
mobius_pairwise,nq_105,baseline,replace,0.1765089999707925,0.0,5.860353055464232,5.860353055464232
mobius_pairwise,nq_105,mobius,add,879.1825389999985,5.860353055464232,6.956165719865207,1.1057173622689531
mobius_pairwise,nq_106,baseline,replace,0.16194199997698888,0.0,5.860220240683469,5.860220240683469
mobius_pairwise,nq_106,mobius,add,815.0071549999893,5.860220240683469,5.855945175608396,0.47346052172782266
mobius_pairwise,nq_107,baseline,replace,0.15968499997143226,0.0,5.6452552741674475,5.6452552741674475
mobius_pairwise,nq_107,mobius,add,850.3830470000366,5.6452552741674475,6.120911883368101,0.6068095335628476
mobius_pairwise,nq_108,baseline,replace,0.191023000070345,0.0,5.900434515241386,5.900434515241386
mobius_pairwise,nq_108,mobius,add,830.4599760000428,5.900434515241386,5.904644763283194,0.02427098749733872
mobius_pairwise,nq_109,baseline,replace,0.18863500008592382,0.0,5.431032230756602,5.431032230756602
mobius_pairwise,nq_109,mobius,add,861.6634279999289,5.431032230756602,5.440629032462889,0.030544399059275848
mobius_pairwise,nq_110,baseline,replace,0.17256299997825408,0.0,5.830294945692953,5.830294945692953
mobius_pairwise,nq_110,mobius,add,807.3400350000384,5.830294945692953,6.104881875511664,0.6804237061003718
mobius_pairwise,nq_111,baseline,replace,0.1826490000667036,0.0,6.5283183313144155,6.5283183313144155
mobius_pairwise,nq_111,mobius,add,846.6857660000642,6.5283183313144155,6.899962234185684,0.6826707263130394
mobius_pairwise,nq_112,baseline,replace,0.17721699998674012,0.0,6.35230396054689,6.35230396054689
mobius_pairwise,nq_112,mobius,add,856.5143860000717,6.35230396054689,7.760307673772701,1.410287883721871
mobius_pairwise,nq_113,baseline,replace,0.16908199995668838,0.0,5.132083564583571,5.132083564583571
mobius_pairwise,nq_113,mobius,add,850.3164439999864,5.132083564583571,5.014356886103301,0.5605422778006292
mobius_pairwise,nq_114,baseline,replace,0.16768500006492104,0.0,6.16133456069944,6.16133456069944
mobius_pairwise,nq_114,mobius,add,844.2663799999082,6.16133456069944,6.311167164982175,0.24255940541917906
mobius_pairwise,nq_115,baseline,replace,0.1829020000059245,0.0,5.528210141143213,5.528210141143213
mobius_pairwise,nq_115,mobius,add,853.4302130000242,5.528210141143213,5.58015962544788,0.20242314460165445
mobius_pairwise,nq_116,baseline,replace,0.19199400003344635,0.0,6.350153693677467,6.350153693677467
mobius_pairwise,nq_116,mobius,add,818.5253820000753,6.350153693677467,6.831700550731327,0.7460827785962326
mobius_pairwise,nq_117,baseline,replace,0.17922799997904804,0.0,6.390835199650775,6.390835199650775
mobius_pairwise,nq_117,mobius,add,780.734151000047,6.390835199650775,7.809777594257275,1.4202320874527823
mobius_pairwise,nq_118,baseline,replace,0.16251500005637354,0.0,5.318257179123883,5.318257179123883
mobius_pairwise,nq_118,mobius,add,918.4633879999637,5.318257179123883,5.5755819324322635,0.46050768997361546
mobius_pairwise,nq_119,baseline,replace,0.15824599995539756,0.0,6.007831329873967,6.007831329873967
mobius_pairwise,nq_119,mobius,add,825.7974189999686,6.007831329873967,6.4444780042473395,0.6871038973569612
mobius_pairwise,nq_120,baseline,replace,0.18816800002241507,0.0,5.4089148134645715,5.4089148134645715
mobius_pairwise,nq_120,mobius,add,834.0736659999948,5.4089148134645715,6.074560561347481,0.8780839519391663
mobius_pairwise,nq_121,baseline,replace,0.18164100004014472,0.0,5.865565066742187,5.865565066742187
mobius_pairwise,nq_121,mobius,add,799.0068170000768,5.865565066742187,5.863573565533751,0.030410909967573185
mobius_pairwise,nq_122,baseline,replace,0.16647600000396778,0.0,5.749629324697858,5.749629324697858
mobius_pairwise,nq_122,mobius,add,813.7670990000743,5.749629324697858,6.860584495882373,1.164879368737047
mobius_pairwise,nq_123,baseline,replace,0.1674650000040856,0.0,5.875222295083746,5.875222295083746
mobius_pairwise,nq_123,mobius,add,783.4291740000481,5.875222295083746,7.279981826035011,1.4085492230857393
mobius_pairwise,nq_124,baseline,replace,0.17067900000711234,0.0,5.197482551899888,5.197482551899888
mobius_pairwise,nq_124,mobius,add,804.3455009999434,5.197482551899888,5.193712566702381,0.5523543697179137
mobius_pairwise,nq_125,baseline,replace,0.17859700005828927,0.0,5.960190670773323,5.960190670773323
mobius_pairwise,nq_125,mobius,add,834.6836380000013,5.960190670773323,6.207438640062269,0.42547662616471543
mobius_pairwise,nq_126,baseline,replace,0.18512200006171042,0.0,5.147728864754875,5.147728864754875
mobius_pairwise,nq_126,mobius,add,845.7691620000105,5.147728864754875,5.307206184624885,0.42790258984639923
mobius_pairwise,nq_127,baseline,replace,0.1828759999398244,0.0,5.600850238536994,5.600850238536994
mobius_pairwise,nq_127,mobius,add,816.6304760000003,5.600850238536994,5.5057220767533765,0.6782074460728369
mobius_pairwise,nq_128,baseline,replace,0.1814009999634436,0.0,5.941487765171843,5.941487765171843
mobius_pairwise,nq_128,mobius,add,846.0282160000361,5.941487765171843,6.286076764261809,0.4660135099376219
mobius_pairwise,nq_129,baseline,replace,0.18502900002204115,0.0,5.736876838454489,5.736876838454489
mobius_pairwise,nq_129,mobius,add,837.8009339999153,5.736876838454489,6.80305724483507,1.1313761629797527
mobius_pairwise,nq_130,baseline,replace,0.19171799999639916,0.0,5.815627910400288,5.815627910400288
mobius_pairwise,nq_130,mobius,add,927.3340639999788,5.815627910400288,5.74455739190762,0.254901081502967
mobius_pairwise,nq_131,baseline,replace,0.2173369999809438,0.0,6.379454002022875,6.379454002022875
mobius_pairwise,nq_131,mobius,add,947.2687210000004,6.379454002022875,6.959325945872947,0.7711744318597181
mobius_pairwise,nq_132,baseline,replace,0.19340500000453176,0.0,6.049118075908171,6.049118075908171
mobius_pairwise,nq_132,mobius,add,899.1943599999104,6.049118075908171,6.377591902720648,0.5413595417691571
mobius_pairwise,nq_133,baseline,replace,0.2049410001063734,0.0,6.318456154960155,6.318456154960155
mobius_pairwise,nq_133,mobius,add,817.5283229999195,6.318456154960155,6.947725387293717,0.7597693175125971
mobius_pairwise,nq_134,baseline,replace,0.19425400000727677,0.0,5.903940761890139,5.903940761890139
mobius_pairwise,nq_134,mobius,add,775.3358260000596,5.903940761890139,6.0094705264601505,0.31517775790946206
mobius_pairwise,nq_135,baseline,replace,0.19118299996989663,0.0,4.6862963818546195,4.6862963818546195
mobius_pairwise,nq_135,mobius,add,819.1245419999404,4.6862963818546195,4.68660844868396,0.007194227351650315
mobius_pairwise,nq_136,baseline,replace,0.18423199992412265,0.0,4.967838012838917,4.967838012838917
mobius_pairwise,nq_136,mobius,add,829.3595180000466,4.967838012838917,4.957493718023215,0.2995862552842204
mobius_pairwise,nq_137,baseline,replace,0.17969900000025518,0.0,5.839228558379167,5.839228558379167
mobius_pairwise,nq_137,mobius,add,791.2323970000443,5.839228558379167,5.5482597432524,0.7396959978346602
mobius_pairwise,nq_138,baseline,replace,0.2073819999850457,0.0,6.050431486580725,6.050431486580725
mobius_pairwise,nq_138,mobius,add,866.0777439999947,6.050431486580725,6.050987431852842,0.0011808715625841511
mobius_pairwise,nq_139,baseline,replace,0.20939900002758804,0.0,5.020119785836898,5.020119785836898
mobius_pairwise,nq_139,mobius,add,864.5471830000133,5.020119785836898,4.9836072150463915,0.23867535661395756
mobius_pairwise,nq_140,baseline,replace,0.22349100004248612,0.0,6.433726735941286,6.433726735941286
mobius_pairwise,nq_140,mobius,add,865.134792000049,6.433726735941286,6.4521365293252,0.6155950311912535
mobius_pairwise,nq_141,baseline,replace,0.2159260000098584,0.0,6.197807934240123,6.197807934240123
mobius_pairwise,nq_141,mobius,add,841.5568069999608,6.197807934240123,7.409792322554128,1.2180742696539963
mobius_pairwise,nq_142,baseline,replace,0.21437699990656256,0.0,6.084047552386791,6.084047552386791
mobius_pairwise,nq_142,mobius,add,826.1452020000206,6.084047552386791,6.563536893015081,0.6725179517096701
mobius_pairwise,nq_143,baseline,replace,0.2388880000125937,0.0,5.33301899355655,5.33301899355655
mobius_pairwise,nq_143,mobius,add,823.6861079999471,5.33301899355655,6.6460651609830474,1.3248190180259833
mobius_pairwise,nq_144,baseline,replace,0.26504400000249007,0.0,6.626559172688151,6.626559172688151
mobius_pairwise,nq_144,mobius,add,827.9798519999986,6.626559172688151,8.07270134774966,1.4467722302655581
mobius_pairwise,nq_145,baseline,replace,0.2490870000428913,0.0,6.021496666711802,6.021496666711802
mobius_pairwise,nq_145,mobius,add,794.3499040000006,6.021496666711802,6.028423211991844,0.14368979120775066
mobius_pairwise,nq_146,baseline,replace,0.22959099999297905,0.0,5.7022555791334515,5.7022555791334515
mobius_pairwise,nq_146,mobius,add,837.2796699999299,5.7022555791334515,6.721712477723428,1.0593445148001044
mobius_pairwise,nq_147,baseline,replace,0.24312699997608433,0.0,5.393767931976342,5.393767931976342
mobius_pairwise,nq_147,mobius,add,822.2189419999495,5.393767931976342,5.9787291247680425,0.8363430681406413
mobius_pairwise,nq_148,baseline,replace,0.23621000002549408,0.0,6.477662664397873,6.477662664397873
mobius_pairwise,nq_148,mobius,add,840.7954919999838,6.477662664397873,7.178935956932632,0.883422731738865
mobius_pairwise,nq_149,baseline,replace,0.22598200007450941,0.0,5.956266622527608,5.956266622527608
mobius_pairwise,nq_149,mobius,add,810.3514090000772,5.956266622527608,6.435708784979367,0.7024030470564216
mobius_pairwise,nq_150,baseline,replace,0.2252140000109648,0.0,5.718037830502433,5.718037830502433
mobius_pairwise,nq_150,mobius,add,836.2957399999686,5.718037830502433,5.705699037632262,0.0802403538607771
mobius_pairwise,nq_151,baseline,replace,0.2143499999647247,0.0,6.111834998451561,6.111834998451561
mobius_pairwise,nq_151,mobius,add,855.0208439999096,6.111834998451561,6.43710165699236,0.4510796209874869
mobius_pairwise,nq_152,baseline,replace,0.18956700000671844,0.0,5.30246690110213,5.30246690110213
mobius_pairwise,nq_152,mobius,add,839.7884899999326,5.30246690110213,5.4655171696386455,0.7012247125023017
mobius_pairwise,nq_153,baseline,replace,0.21678899997823464,0.0,5.2407988062402895,5.2407988062402895
mobius_pairwise,nq_153,mobius,add,810.1664099999653,5.2407988062402895,5.0620486067879344,0.4789681311418344
mobius_pairwise,nq_154,baseline,replace,0.18195099994500197,0.0,6.476711322296539,6.476711322296539
mobius_pairwise,nq_154,mobius,add,808.570551999992,6.476711322296539,6.704376390562369,0.49900513688222703
mobius_pairwise,nq_155,baseline,replace,0.18150999994759331,0.0,5.487365035096405,5.487365035096405
mobius_pairwise,nq_155,mobius,add,793.6841140000297,5.487365035096405,5.481539739072799,0.09562171899137578
mobius_pairwise,nq_156,baseline,replace,0.1921599999832324,0.0,6.469584973544875,6.469584973544875
mobius_pairwise,nq_156,mobius,add,835.0066219999235,6.469584973544875,7.029734536251141,0.7010283159213868
mobius_pairwise,nq_157,baseline,replace,0.18341800000598596,0.0,5.676801570681361,5.676801570681361
mobius_pairwise,nq_157,mobius,add,837.1984849999308,5.676801570681361,5.6285654170322665,0.4050322189649611
mobius_pairwise,nq_158,baseline,replace,0.1683819999698244,0.0,5.166572129769004,5.166572129769004
mobius_pairwise,nq_158,mobius,add,792.791708999971,5.166572129769004,5.071082340773131,0.2726327610071382
mobius_pairwise,nq_159,baseline,replace,0.17213499995705206,0.0,5.44592691157194,5.44592691157194
mobius_pairwise,nq_159,mobius,add,899.985349000076,5.44592691157194,5.466060021346312,0.46266728862191836
mobius_pairwise,nq_160,baseline,replace,0.174990000004982,0.0,5.702814282537779,5.702814282537779
mobius_pairwise,nq_160,mobius,add,867.3819800000047,5.702814282537779,6.559813316769972,1.0014731637013043
mobius_pairwise,nq_161,baseline,replace,0.17112700004418002,0.0,6.234747414769542,6.234747414769542
mobius_pairwise,nq_161,mobius,add,924.4777190000377,6.234747414769542,6.251751333075756,0.25464610701653184
mobius_pairwise,nq_162,baseline,replace,0.1718009999649439,0.0,5.498004101958587,5.498004101958587
mobius_pairwise,nq_162,mobius,add,868.2896639999171,5.498004101958587,5.977592571794113,0.7527645951550788
mobius_pairwise,nq_163,baseline,replace,0.1688390000254003,0.0,5.0861507374179356,5.0861507374179356
mobius_pairwise,nq_163,mobius,add,826.356885999985,5.0861507374179356,5.33652744426029,0.4864212713260813
mobius_pairwise,nq_164,baseline,replace,0.16151699992406066,0.0,5.461895239004014,5.461895239004014
mobius_pairwise,nq_164,mobius,add,862.1095869999635,5.461895239004014,5.456632909972924,0.021219246629980874
mobius_pairwise,nq_165,baseline,replace,0.19503299995449197,0.0,5.47612711005867,5.47612711005867
mobius_pairwise,nq_165,mobius,add,862.4281099999962,5.47612711005867,5.538181114725044,0.45610241767516796
mobius_pairwise,nq_166,baseline,replace,0.17798700002913392,0.0,5.891714253914154,5.891714253914154
mobius_pairwise,nq_166,mobius,add,841.4149479999651,5.891714253914154,6.764372226456507,0.9599027056930813
mobius_pairwise,nq_167,baseline,replace,0.17515000001822045,0.0,6.0448905683993495,6.0448905683993495
mobius_pairwise,nq_167,mobius,add,821.390838999946,6.0448905683993495,5.969500923587891,0.5752435425725775
mobius_pairwise,nq_168,baseline,replace,0.18509500000618573,0.0,5.909557492644173,5.909557492644173
mobius_pairwise,nq_168,mobius,add,917.7572190000092,5.909557492644173,6.303201291302952,0.5868100566417273
mobius_pairwise,nq_169,baseline,replace,0.20722399995065643,0.0,6.355927592178018,6.355927592178018
mobius_pairwise,nq_169,mobius,add,900.6934039999805,6.355927592178018,6.228401121910307,0.40587822833918147
mobius_pairwise,nq_170,baseline,replace,0.19848700003421982,0.0,6.106406632483754,6.106406632483754
mobius_pairwise,nq_170,mobius,add,845.0064620000148,6.106406632483754,6.032936801630817,0.5231000190403632
mobius_pairwise,nq_171,baseline,replace,0.19126699999105767,0.0,6.190618722063797,6.190618722063797
mobius_pairwise,nq_171,mobius,add,801.7529159999413,6.190618722063797,7.262792353964013,1.1403959472988923
mobius_pairwise,nq_172,baseline,replace,0.1918310000519341,0.0,5.133516988419481,5.133516988419481
mobius_pairwise,nq_172,mobius,add,807.5090180000188,5.133516988419481,4.843631804776386,0.6778047383153004
mobius_pairwise,nq_173,baseline,replace,0.1846409999188836,0.0,5.51602278890315,5.51602278890315
mobius_pairwise,nq_173,mobius,add,825.9978120000824,5.51602278890315,5.672566397981179,0.5870625774793528
mobius_pairwise,nq_174,baseline,replace,0.1776709999603554,0.0,5.749904591099382,5.749904591099382
mobius_pairwise,nq_174,mobius,add,805.9592590000193,5.749904591099382,6.365528529257874,0.9212603649289346
mobius_pairwise,nq_175,baseline,replace,0.2111060000515863,0.0,5.650222393974599,5.650222393974599
mobius_pairwise,nq_175,mobius,add,843.5139670000353,5.650222393974599,7.051170799551812,1.4081827053514917
mobius_pairwise,nq_176,baseline,replace,0.20284000004267,0.0,5.676600183080806,5.676600183080806
mobius_pairwise,nq_176,mobius,add,845.0144340000634,5.676600183080806,6.016608435927245,0.6497845092554764
mobius_pairwise,nq_177,baseline,replace,0.17982500003199675,0.0,5.870573318717987,5.870573318717987
mobius_pairwise,nq_177,mobius,add,900.6166060000851,5.870573318717987,5.813258622895398,0.2115676273903646
mobius_pairwise,nq_178,baseline,replace,0.21281900001213216,0.0,6.339269107404865,6.339269107404865
mobius_pairwise,nq_178,mobius,add,811.6890710000462,6.339269107404865,6.982017226052136,0.7242208753072347
mobius_pairwise,nq_179,baseline,replace,0.22191300001850323,0.0,5.1519013836928,5.1519013836928
mobius_pairwise,nq_179,mobius,add,826.4587800000527,5.1519013836928,5.166142904345626,0.05749856776506775
mobius_pairwise,nq_180,baseline,replace,0.21034400003827614,0.0,6.355562829669784,6.355562829669784
mobius_pairwise,nq_180,mobius,add,860.994413999947,6.355562829669784,7.797080895940804,1.4431384905413467
mobius_pairwise,nq_181,baseline,replace,0.19666800005779805,0.0,5.736217570525382,5.736217570525382
mobius_pairwise,nq_181,mobius,add,838.08778599996,5.736217570525382,6.118523540186777,0.5980221041440911
mobius_pairwise,nq_182,baseline,replace,0.1918379999779063,0.0,5.418690481081882,5.418690481081882
mobius_pairwise,nq_182,mobius,add,839.882260999957,5.418690481081882,6.860896043184507,1.447788830234609
mobius_pairwise,nq_183,baseline,replace,0.18759799991130421,0.0,4.839801105821791,4.839801105821791
mobius_pairwise,nq_183,mobius,add,862.8417389999186,4.839801105821791,4.950163805872746,0.23107617493475474
mobius_pairwise,nq_184,baseline,replace,0.22323099994991935,0.0,5.708062268406664,5.708062268406664
mobius_pairwise,nq_184,mobius,add,835.1353570000128,5.708062268406664,5.762893755056393,0.6308384383109612
mobius_pairwise,nq_185,baseline,replace,0.2117700000781042,0.0,5.403731520231987,5.403731520231987
mobius_pairwise,nq_185,mobius,add,892.8670579999789,5.403731520231987,5.404072302774368,0.001396916739286344
mobius_pairwise,nq_186,baseline,replace,0.2027389999739171,0.0,6.157404007473349,6.157404007473349
mobius_pairwise,nq_186,mobius,add,827.9606859999831,6.157404007473349,7.321458121467266,1.1839820721676975
mobius_pairwise,nq_187,baseline,replace,0.20258500001091306,0.0,5.675195995994886,5.675195995994886
mobius_pairwise,nq_187,mobius,add,810.6370460000107,5.675195995994886,5.887260694152692,0.570684131606814
mobius_pairwise,nq_188,baseline,replace,0.20916099992973614,0.0,5.516226643930744,5.516226643930744
mobius_pairwise,nq_188,mobius,add,874.5470759999989,5.516226643930744,5.550299976033518,0.17722116353182735
mobius_pairwise,nq_189,baseline,replace,0.40373299998464063,0.0,5.044064883390204,5.044064883390204
mobius_pairwise,nq_189,mobius,add,837.0320899999797,5.044064883390204,5.3451576234757745,0.6229955097806402
mobius_pairwise,nq_190,baseline,replace,0.20239900004526135,0.0,5.864601993418718,5.864601993418718
mobius_pairwise,nq_190,mobius,add,828.1861579999941,5.864601993418718,6.02320941058792,0.8349350751381693
mobius_pairwise,nq_191,baseline,replace,0.19974099996034056,0.0,6.091875157970637,6.091875157970637
mobius_pairwise,nq_191,mobius,add,808.7359859999879,6.091875157970637,7.261077412707402,1.1917326276906217
mobius_pairwise,nq_192,baseline,replace,0.21124799991412146,0.0,5.894948448243595,5.894948448243595
mobius_pairwise,nq_192,mobius,add,816.4762300000348,5.894948448243595,6.091251073153941,0.44492499947729464
mobius_pairwise,nq_193,baseline,replace,0.21301000003859372,0.0,6.02764258027594,6.02764258027594
mobius_pairwise,nq_193,mobius,add,848.7424620000183,6.02764258027594,6.069576118879815,0.1528615276593919
mobius_pairwise,nq_194,baseline,replace,0.19259199996213283,0.0,5.286903007422025,5.286903007422025
mobius_pairwise,nq_194,mobius,add,799.1540129999066,5.286903007422025,5.319735490919197,0.2734146712188568
mobius_pairwise,nq_195,baseline,replace,0.1827260000482056,0.0,6.803684456204528,6.803684456204528
mobius_pairwise,nq_195,mobius,add,826.9462509999812,6.803684456204528,6.930839701528765,0.5316246473636796
mobius_pairwise,nq_196,baseline,replace,0.18003000002408953,0.0,5.8159631906859355,5.8159631906859355
mobius_pairwise,nq_196,mobius,add,895.7106460001114,5.8159631906859355,6.425678710844768,0.8078950586823058
mobius_pairwise,nq_197,baseline,replace,0.21627099999932398,0.0,6.041139673164787,6.041139673164787
mobius_pairwise,nq_197,mobius,add,888.7411140000268,6.041139673164787,6.0259343248529555,0.7274680066196278
mobius_pairwise,nq_198,baseline,replace,0.18166100005601038,0.0,6.087060526998056,6.087060526998056
mobius_pairwise,nq_198,mobius,add,831.4735189999283,6.087060526998056,7.16070104708805,1.1195569316334253
mobius_pairwise,nq_199,baseline,replace,0.18999199994595983,0.0,6.0478604993523115,6.0478604993523115
mobius_pairwise,nq_199,mobius,add,856.4334399999325,6.0478604993523115,7.169295163878053,1.189957398011777
mobius_disabled,nq_0,baseline,replace,0.24561999998695683,0.0,6.135808830193063,6.135808830193063
mobius_disabled,nq_0,mobius,add,0.10712000005241862,6.135808830193063,6.135808830193063,0.0
mobius_disabled,nq_1,baseline,replace,0.21987299999182142,0.0,5.8207139294233725,5.8207139294233725
mobius_disabled,nq_1,mobius,add,0.09500800001660537,5.8207139294233725,5.8207139294233725,0.0
mobius_disabled,nq_2,baseline,replace,0.2121900000702226,0.0,4.985848299416998,4.985848299416998
mobius_disabled,nq_2,mobius,add,0.09660000000621949,4.985848299416998,4.985848299416998,0.0
mobius_disabled,nq_3,baseline,replace,0.20501000005879177,0.0,6.366249080164166,6.366249080164166
mobius_disabled,nq_3,mobius,add,0.09632299997974769,6.366249080164166,6.366249080164166,0.0
mobius_disabled,nq_4,baseline,replace,0.18329500005620503,0.0,6.257234247101976,6.257234247101976
mobius_disabled,nq_4,mobius,add,0.09343199997147167,6.257234247101976,6.257234247101976,0.0
mobius_disabled,nq_5,baseline,replace,0.18003900004259776,0.0,6.2221211342846585,6.2221211342846585
mobius_disabled,nq_5,mobius,add,0.10736300009739352,6.2221211342846585,6.2221211342846585,0.0
mobius_disabled,nq_6,baseline,replace,0.20288700000037352,0.0,6.429793569840613,6.429793569840613
mobius_disabled,nq_6,mobius,add,0.09816199997203512,6.429793569840613,6.429793569840613,0.0
mobius_disabled,nq_7,baseline,replace,0.16150900000866386,0.0,6.5417899531358,6.5417899531358
mobius_disabled,nq_7,mobius,add,0.09416500006409478,6.5417899531358,6.5417899531358,0.0
mobius_disabled,nq_8,baseline,replace,0.16621400004623865,0.0,5.248143031930132,5.248143031930132
mobius_disabled,nq_8,mobius,add,0.0925009999264148,5.248143031930132,5.248143031930132,0.0
mobius_disabled,nq_9,baseline,replace,0.16457300000638497,0.0,5.830538597290635,5.830538597290635
mobius_disabled,nq_9,mobius,add,0.09063099992090429,5.830538597290635,5.830538597290635,0.0
mobius_disabled,nq_10,baseline,replace,0.16410299997460243,0.0,5.61350215180187,5.61350215180187
mobius_disabled,nq_10,mobius,add,0.09173699993425544,5.61350215180187,5.61350215180187,0.0
mobius_disabled,nq_11,baseline,replace,0.16952999999375606,0.0,5.445326270857907,5.445326270857907
mobius_disabled,nq_11,mobius,add,0.09542200007217616,5.445326270857907,5.445326270857907,0.0
mobius_disabled,nq_12,baseline,replace,0.18919299998287897,0.0,5.7230596058062995,5.7230596058062995
mobius_disabled,nq_12,mobius,add,0.09351599999263271,5.7230596058062995,5.7230596058062995,0.0
mobius_disabled,nq_13,baseline,replace,0.189483999974982,0.0,5.38532500493756,5.38532500493756
mobius_disabled,nq_13,mobius,add,0.09632199999032309,5.38532500493756,5.38532500493756,0.0
mobius_disabled,nq_14,baseline,replace,0.16234100007750385,0.0,5.922827625359093,5.922827625359093
mobius_disabled,nq_14,mobius,add,0.08939300005295081,5.922827625359093,5.922827625359093,0.0
mobius_disabled,nq_15,baseline,replace,0.21946399999706045,0.0,5.047601970788997,5.047601970788997
mobius_disabled,nq_15,mobius,add,0.10559400004694908,5.047601970788997,5.047601970788997,0.0
mobius_disabled,nq_16,baseline,replace,0.1807870000902767,0.0,5.896591290936628,5.896591290936628
mobius_disabled,nq_16,mobius,add,0.09046700006365427,5.896591290936628,5.896591290936628,0.0
mobius_disabled,nq_17,baseline,replace,0.1891269999987344,0.0,5.8548127858504815,5.8548127858504815
mobius_disabled,nq_17,mobius,add,0.09254999997665436,5.8548127858504815,5.8548127858504815,0.0
mobius_disabled,nq_18,baseline,replace,0.19253499999649648,0.0,5.912317829364883,5.912317829364883
mobius_disabled,nq_18,mobius,add,0.09336100004020409,5.912317829364883,5.912317829364883,0.0
mobius_disabled,nq_19,baseline,replace,0.2041959999132814,0.0,5.840914612997901,5.840914612997901
mobius_disabled,nq_19,mobius,add,0.1095430000077613,5.840914612997901,5.840914612997901,0.0
mobius_disabled,nq_20,baseline,replace,0.1996129999497498,0.0,6.226407562629137,6.226407562629137
mobius_disabled,nq_20,mobius,add,0.09354299993447057,6.226407562629137,6.226407562629137,0.0
mobius_disabled,nq_21,baseline,replace,0.20673999995324266,0.0,4.885628708346163,4.885628708346163
mobius_disabled,nq_21,mobius,add,0.11254399998961162,4.885628708346163,4.885628708346163,0.0
mobius_disabled,nq_22,baseline,replace,0.21288800007823738,0.0,5.620821355351026,5.620821355351026
mobius_disabled,nq_22,mobius,add,0.09362599996620702,5.620821355351026,5.620821355351026,0.0
mobius_disabled,nq_23,baseline,replace,0.19379899993055005,0.0,6.068042958769134,6.068042958769134
mobius_disabled,nq_23,mobius,add,0.09366199992655311,6.068042958769134,6.068042958769134,0.0
mobius_disabled,nq_24,baseline,replace,0.20620500004042697,0.0,5.893169056342089,5.893169056342089
mobius_disabled,nq_24,mobius,add,0.09715600003801228,5.893169056342089,5.893169056342089,0.0
mobius_disabled,nq_25,baseline,replace,0.21265499992750847,0.0,5.848764153441528,5.848764153441528
mobius_disabled,nq_25,mobius,add,0.10828799997852911,5.848764153441528,5.848764153441528,0.0
mobius_disabled,nq_26,baseline,replace,0.22185000000263244,0.0,4.986708096822563,4.986708096822563
mobius_disabled,nq_26,mobius,add,0.12717799995698442,4.986708096822563,4.986708096822563,0.0
mobius_disabled,nq_27,baseline,replace,0.22543400007180026,0.0,4.915882879307239,4.915882879307239
mobius_disabled,nq_27,mobius,add,0.09554899997965549,4.915882879307239,4.915882879307239,0.0
mobius_disabled,nq_28,baseline,replace,0.1974990000235266,0.0,6.204271475393632,6.204271475393632
mobius_disabled,nq_28,mobius,add,0.09113900000556896,6.204271475393632,6.204271475393632,0.0
mobius_disabled,nq_29,baseline,replace,0.19129700001485617,0.0,6.285324306884681,6.285324306884681
mobius_disabled,nq_29,mobius,add,0.0938039999027751,6.285324306884681,6.285324306884681,0.0
mobius_disabled,nq_30,baseline,replace,0.19322100001772924,0.0,5.809781813109233,5.809781813109233
mobius_disabled,nq_30,mobius,add,0.09549100002459454,5.809781813109233,5.809781813109233,0.0
mobius_disabled,nq_31,baseline,replace,0.21688800006813835,0.0,5.524472587342014,5.524472587342014
mobius_disabled,nq_31,mobius,add,0.09607899994534819,5.524472587342014,5.524472587342014,0.0
mobius_disabled,nq_32,baseline,replace,0.22506699997393298,0.0,5.862571017357121,5.862571017357121
mobius_disabled,nq_32,mobius,add,0.09506499998224172,5.862571017357121,5.862571017357121,0.0
mobius_disabled,nq_33,baseline,replace,0.20390100007716683,0.0,4.867174175356701,4.867174175356701
mobius_disabled,nq_33,mobius,add,0.09701400006179028,4.867174175356701,4.867174175356701,0.0
mobius_disabled,nq_34,baseline,replace,0.18233699995562347,0.0,6.024542786201981,6.024542786201981
mobius_disabled,nq_34,mobius,add,0.09580400001141243,6.024542786201981,6.024542786201981,0.0
mobius_disabled,nq_35,baseline,replace,0.20489999997153063,0.0,5.934870435840898,5.934870435840898
mobius_disabled,nq_35,mobius,add,0.09650500010138785,5.934870435840898,5.934870435840898,0.0
mobius_disabled,nq_36,baseline,replace,0.19745699989925924,0.0,5.9710915868958025,5.9710915868958025
mobius_disabled,nq_36,mobius,add,0.0953700000536628,5.9710915868958025,5.9710915868958025,0.0
mobius_disabled,nq_37,baseline,replace,0.17422000007627503,0.0,5.310261010857203,5.310261010857203
mobius_disabled,nq_37,mobius,add,0.09294199992382346,5.310261010857203,5.310261010857203,0.0
mobius_disabled,nq_38,baseline,replace,0.17162500000722503,0.0,6.1879849319810445,6.1879849319810445
mobius_disabled,nq_38,mobius,add,0.09240700001100777,6.1879849319810445,6.1879849319810445,0.0
mobius_disabled,nq_39,baseline,replace,0.16297599995596102,0.0,6.259572322917376,6.259572322917376
mobius_disabled,nq_39,mobius,add,0.094097000101101,6.259572322917376,6.259572322917376,0.0
mobius_disabled,nq_40,baseline,replace,0.153330999978607,0.0,6.329407904109478,6.329407904109478
mobius_disabled,nq_40,mobius,add,0.0888990000476042,6.329407904109478,6.329407904109478,0.0
mobius_disabled,nq_41,baseline,replace,0.17854300006092672,0.0,5.956386929958668,5.956386929958668
mobius_disabled,nq_41,mobius,add,0.11449600003743399,5.956386929958668,5.956386929958668,0.0
mobius_disabled,nq_42,baseline,replace,0.1613140000245039,0.0,5.977592187833619,5.977592187833619
mobius_disabled,nq_42,mobius,add,0.09107200003199978,5.977592187833619,5.977592187833619,0.0
mobius_disabled,nq_43,baseline,replace,0.16124600006151013,0.0,5.284580059143323,5.284580059143323
mobius_disabled,nq_43,mobius,add,0.09011700001337886,5.284580059143323,5.284580059143323,0.0
mobius_disabled,nq_44,baseline,replace,0.18430199997965246,0.0,6.459046566808221,6.459046566808221
mobius_disabled,nq_44,mobius,add,0.1271659999702024,6.459046566808221,6.459046566808221,0.0
mobius_disabled,nq_45,baseline,replace,0.19295799995688867,0.0,6.500309157820785,6.500309157820785
mobius_disabled,nq_45,mobius,add,0.09356600003229687,6.500309157820785,6.500309157820785,0.0
mobius_disabled,nq_46,baseline,replace,0.18521399999826826,0.0,6.440333425710759,6.440333425710759
mobius_disabled,nq_46,mobius,add,0.09583500002463552,6.440333425710759,6.440333425710759,0.0
mobius_disabled,nq_47,baseline,replace,0.16854700004387269,0.0,6.43050661302621,6.43050661302621
mobius_disabled,nq_47,mobius,add,0.09082200006105268,6.43050661302621,6.43050661302621,0.0
mobius_disabled,nq_48,baseline,replace,0.16810900001473783,0.0,5.689040768553662,5.689040768553662
mobius_disabled,nq_48,mobius,add,0.09157800002412841,5.689040768553662,5.689040768553662,0.0
mobius_disabled,nq_49,baseline,replace,0.1596959999687897,0.0,5.965389555261214,5.965389555261214
mobius_disabled,nq_49,mobius,add,0.09155600002941355,5.965389555261214,5.965389555261214,0.0
mobius_disabled,nq_50,baseline,replace,0.15476499993383186,0.0,5.95899262124213,5.95899262124213
mobius_disabled,nq_50,mobius,add,0.08858299997882568,5.95899262124213,5.95899262124213,0.0
mobius_disabled,nq_51,baseline,replace,0.15243599989389622,0.0,6.2589058593588005,6.2589058593588005
mobius_disabled,nq_51,mobius,add,0.08929500006615854,6.2589058593588005,6.2589058593588005,0.0
mobius_disabled,nq_52,baseline,replace,0.1726030000099854,0.0,5.232513582918393,5.232513582918393
mobius_disabled,nq_52,mobius,add,0.09179100004530483,5.232513582918393,5.232513582918393,0.0
mobius_disabled,nq_53,baseline,replace,0.20188100006635068,0.0,5.628307831702974,5.628307831702974
mobius_disabled,nq_53,mobius,add,0.09356400005344767,5.628307831702974,5.628307831702974,0.0
mobius_disabled,nq_54,baseline,replace,0.18654899997727625,0.0,6.359158170915616,6.359158170915616
mobius_disabled,nq_54,mobius,add,0.09616599993478303,6.359158170915616,6.359158170915616,0.0
mobius_disabled,nq_55,baseline,replace,0.18218799993974244,0.0,6.073268305575337,6.073268305575337
mobius_disabled,nq_55,mobius,add,0.10986099994170218,6.073268305575337,6.073268305575337,0.0
mobius_disabled,nq_56,baseline,replace,0.19554599998627964,0.0,5.667359552098026,5.667359552098026
mobius_disabled,nq_56,mobius,add,0.09448399998746027,5.667359552098026,5.667359552098026,0.0
mobius_disabled,nq_57,baseline,replace,0.1926119999779985,0.0,5.451666440727039,5.451666440727039
mobius_disabled,nq_57,mobius,add,0.09382499990806537,5.451666440727039,5.451666440727039,0.0
mobius_disabled,nq_58,baseline,replace,0.18506100002468884,0.0,4.7917350813490485,4.7917350813490485
mobius_disabled,nq_58,mobius,add,0.09251599999515747,4.7917350813490485,4.7917350813490485,0.0
mobius_disabled,nq_59,baseline,replace,0.17846100001861487,0.0,5.0192777604843375,5.0192777604843375
mobius_disabled,nq_59,mobius,add,0.11259300003985118,5.0192777604843375,5.0192777604843375,0.0
mobius_disabled,nq_60,baseline,replace,0.17199199999140546,0.0,5.621649036526739,5.621649036526739
mobius_disabled,nq_60,mobius,add,0.09140599991042109,5.621649036526739,5.621649036526739,0.0
mobius_disabled,nq_61,baseline,replace,0.16953199997260526,0.0,5.733022785103862,5.733022785103862
mobius_disabled,nq_61,mobius,add,0.0928030000295621,5.733022785103862,5.733022785103862,0.0
mobius_disabled,nq_62,baseline,replace,0.18421800007217826,0.0,6.130161899853848,6.130161899853848
mobius_disabled,nq_62,mobius,add,0.09343799990801926,6.130161899853848,6.130161899853848,0.0
mobius_disabled,nq_63,baseline,replace,0.20078799991551932,0.0,5.991376511662055,5.991376511662055
mobius_disabled,nq_63,mobius,add,0.09640200005378574,5.991376511662055,5.991376511662055,0.0
mobius_disabled,nq_64,baseline,replace,0.2046390000032261,0.0,6.124354648432591,6.124354648432591
mobius_disabled,nq_64,mobius,add,0.09503399996901862,6.124354648432591,6.124354648432591,0.0
mobius_disabled,nq_65,baseline,replace,0.20434500004284928,0.0,6.430030214288235,6.430030214288235
mobius_disabled,nq_65,mobius,add,0.09456199995838688,6.430030214288235,6.430030214288235,0.0
mobius_disabled,nq_66,baseline,replace,0.1768669999364647,0.0,6.0519748753747376,6.0519748753747376
mobius_disabled,nq_66,mobius,add,0.10918300017692673,6.0519748753747376,6.0519748753747376,0.0
mobius_disabled,nq_67,baseline,replace,0.17926900000020396,0.0,5.267053446905721,5.267053446905721
mobius_disabled,nq_67,mobius,add,0.09208799997395545,5.267053446905721,5.267053446905721,0.0
mobius_disabled,nq_68,baseline,replace,0.1868220001597365,0.0,6.198715389050904,6.198715389050904
mobius_disabled,nq_68,mobius,add,0.09424599988960836,6.198715389050904,6.198715389050904,0.0
mobius_disabled,nq_69,baseline,replace,0.1804699998046999,0.0,5.001311938666666,5.001311938666666
mobius_disabled,nq_69,mobius,add,0.0915000000532018,5.001311938666666,5.001311938666666,0.0
mobius_disabled,nq_70,baseline,replace,0.16113300011966203,0.0,5.609079097793744,5.609079097793744
mobius_disabled,nq_70,mobius,add,0.09352000006401795,5.609079097793744,5.609079097793744,0.0
mobius_disabled,nq_71,baseline,replace,0.1556259999233589,0.0,6.488059884595345,6.488059884595345
mobius_disabled,nq_71,mobius,add,0.1069320001079177,6.488059884595345,6.488059884595345,0.0
mobius_disabled,nq_72,baseline,replace,0.17103599998335994,0.0,5.423475086890199,5.423475086890199
mobius_disabled,nq_72,mobius,add,0.0965389999691979,5.423475086890199,5.423475086890199,0.0
mobius_disabled,nq_73,baseline,replace,0.20940200010954868,0.0,5.053347710062351,5.053347710062351
mobius_disabled,nq_73,mobius,add,0.09627700001146877,5.053347710062351,5.053347710062351,0.0
mobius_disabled,nq_74,baseline,replace,0.1827919998049765,0.0,5.68440543372787,5.68440543372787
mobius_disabled,nq_74,mobius,add,0.09082400015358871,5.68440543372787,5.68440543372787,0.0
mobius_disabled,nq_75,baseline,replace,0.18045599995275552,0.0,5.490448801502913,5.490448801502913
mobius_disabled,nq_75,mobius,add,0.10231700002805155,5.490448801502913,5.490448801502913,0.0
mobius_disabled,nq_76,baseline,replace,0.16118400003506395,0.0,5.370778748020805,5.370778748020805
mobius_disabled,nq_76,mobius,add,0.08980100005828717,5.370778748020805,5.370778748020805,0.0
mobius_disabled,nq_77,baseline,replace,0.1628659999823867,0.0,5.11649297477017,5.11649297477017
mobius_disabled,nq_77,mobius,add,0.10838200000762299,5.11649297477017,5.11649297477017,0.0
mobius_disabled,nq_78,baseline,replace,0.16578700001446123,0.0,5.906344261613483,5.906344261613483
mobius_disabled,nq_78,mobius,add,0.10784000005514827,5.906344261613483,5.906344261613483,0.0
mobius_disabled,nq_79,baseline,replace,0.15935000010358635,0.0,5.766559683838349,5.766559683838349
mobius_disabled,nq_79,mobius,add,0.09257200008505606,5.766559683838349,5.766559683838349,0.0
mobius_disabled,nq_80,baseline,replace,0.15643500000805943,0.0,5.849487929800339,5.849487929800339
mobius_disabled,nq_80,mobius,add,0.091237999868099,5.849487929800339,5.849487929800339,0.0
mobius_disabled,nq_81,baseline,replace,0.17335300003651355,0.0,6.219252857160766,6.219252857160766
mobius_disabled,nq_81,mobius,add,0.0947139999425417,6.219252857160766,6.219252857160766,0.0
mobius_disabled,nq_82,baseline,replace,0.16953800013652653,0.0,5.785210140629268,5.785210140629268
mobius_disabled,nq_82,mobius,add,0.09071200020116521,5.785210140629268,5.785210140629268,0.0
mobius_disabled,nq_83,baseline,replace,0.16907899998841458,0.0,5.803692346090959,5.803692346090959
mobius_disabled,nq_83,mobius,add,0.10828300014509296,5.803692346090959,5.803692346090959,0.0
mobius_disabled,nq_84,baseline,replace,0.18804200021804718,0.0,5.750007405121267,5.750007405121267
mobius_disabled,nq_84,mobius,add,0.11406599992369593,5.750007405121267,5.750007405121267,0.0
mobius_disabled,nq_85,baseline,replace,0.20582499996635306,0.0,6.061192188578822,6.061192188578822
mobius_disabled,nq_85,mobius,add,0.09774000000106753,6.061192188578822,6.061192188578822,0.0
mobius_disabled,nq_86,baseline,replace,0.21894900010011042,0.0,5.156379486912358,5.156379486912358
mobius_disabled,nq_86,mobius,add,0.09628500015423924,5.156379486912358,5.156379486912358,0.0
mobius_disabled,nq_87,baseline,replace,0.21868799990443222,0.0,5.381827591443935,5.381827591443935
mobius_disabled,nq_87,mobius,add,0.09922999993250414,5.381827591443935,5.381827591443935,0.0
mobius_disabled,nq_88,baseline,replace,0.19206599995413853,0.0,6.538143037884897,6.538143037884897
mobius_disabled,nq_88,mobius,add,0.09486799990554573,6.538143037884897,6.538143037884897,0.0
mobius_disabled,nq_89,baseline,replace,0.16811799991955922,0.0,6.099889264932702,6.099889264932702
mobius_disabled,nq_89,mobius,add,0.09209599988935224,6.099889264932702,6.099889264932702,0.0
mobius_disabled,nq_90,baseline,replace,0.18506900005377247,0.0,4.583366391454099,4.583366391454099
mobius_disabled,nq_90,mobius,add,0.10720799991759122,4.583366391454099,4.583366391454099,0.0
mobius_disabled,nq_91,baseline,replace,0.17822299992076296,0.0,5.70674611032091,5.70674611032091
mobius_disabled,nq_91,mobius,add,0.11163199997099582,5.70674611032091,5.70674611032091,0.0
mobius_disabled,nq_92,baseline,replace,0.21562699998867174,0.0,6.2857185732302305,6.2857185732302305
mobius_disabled,nq_92,mobius,add,0.11490399992908351,6.2857185732302305,6.2857185732302305,0.0
mobius_disabled,nq_93,baseline,replace,0.22519000003740075,0.0,5.0667927610257335,5.0667927610257335
mobius_disabled,nq_93,mobius,add,0.09398799988957762,5.0667927610257335,5.0667927610257335,0.0
mobius_disabled,nq_94,baseline,replace,0.1908709998588165,0.0,5.633233700040121,5.633233700040121
mobius_disabled,nq_94,mobius,add,0.09206700019603886,5.633233700040121,5.633233700040121,0.0
mobius_disabled,nq_95,baseline,replace,0.19550699994397291,0.0,6.324875880775702,6.324875880775702
mobius_disabled,nq_95,mobius,add,0.09398399993187923,6.324875880775702,6.324875880775702,0.0
mobius_disabled,nq_96,baseline,replace,0.16411000001426146,0.0,5.686347402441447,5.686347402441447
mobius_disabled,nq_96,mobius,add,0.10928200003945676,5.686347402441447,5.686347402441447,0.0
mobius_disabled,nq_97,baseline,replace,0.15813999993952166,0.0,5.849134052558073,5.849134052558073
mobius_disabled,nq_97,mobius,add,0.08836000006340328,5.849134052558073,5.849134052558073,0.0
mobius_disabled,nq_98,baseline,replace,0.20468399998208042,0.0,6.157436866043193,6.157436866043193
mobius_disabled,nq_98,mobius,add,0.09509500000604021,6.157436866043193,6.157436866043193,0.0
mobius_disabled,nq_99,baseline,replace,0.17540699991513975,0.0,5.7678485582426795,5.7678485582426795
mobius_disabled,nq_99,mobius,add,0.0930490000428108,5.7678485582426795,5.7678485582426795,0.0
mobius_disabled,nq_100,baseline,replace,0.16180599982362764,0.0,5.8370757251266685,5.8370757251266685
mobius_disabled,nq_100,mobius,add,0.09330100010629394,5.8370757251266685,5.8370757251266685,0.0
mobius_disabled,nq_101,baseline,replace,0.15109100013432908,0.0,5.563670360721109,5.563670360721109
mobius_disabled,nq_101,mobius,add,0.09249400000044261,5.563670360721109,5.563670360721109,0.0
mobius_disabled,nq_102,baseline,replace,0.15043700000205718,0.0,5.631518285743192,5.631518285743192
mobius_disabled,nq_102,mobius,add,0.08873299998413131,5.631518285743192,5.631518285743192,0.0
mobius_disabled,nq_103,baseline,replace,0.15194100001281186,0.0,5.627528866355362,5.627528866355362
mobius_disabled,nq_103,mobius,add,0.09311299982073251,5.627528866355362,5.627528866355362,0.0
mobius_disabled,nq_104,baseline,replace,0.15199699987533677,0.0,6.470924494403475,6.470924494403475
mobius_disabled,nq_104,mobius,add,0.09236200003215345,6.470924494403475,6.470924494403475,0.0
mobius_disabled,nq_105,baseline,replace,0.14984199992795766,0.0,5.860353055464232,5.860353055464232
mobius_disabled,nq_105,mobius,add,0.0904569999420346,5.860353055464232,5.860353055464232,0.0
mobius_disabled,nq_106,baseline,replace,0.1492569999754778,0.0,5.860220240683469,5.860220240683469
mobius_disabled,nq_106,mobius,add,0.08899499994186044,5.860220240683469,5.860220240683469,0.0
mobius_disabled,nq_107,baseline,replace,0.15923399996609078,0.0,5.6452552741674475,5.6452552741674475
mobius_disabled,nq_107,mobius,add,0.08914199997889227,5.6452552741674475,5.6452552741674475,0.0
mobius_disabled,nq_108,baseline,replace,0.15878500016697217,0.0,5.900434515241386,5.900434515241386
mobius_disabled,nq_108,mobius,add,0.10031700003310107,5.900434515241386,5.900434515241386,0.0
mobius_disabled,nq_109,baseline,replace,0.1644169999508449,0.0,5.431032230756602,5.431032230756602
mobius_disabled,nq_109,mobius,add,0.09205199989992252,5.431032230756602,5.431032230756602,0.0
mobius_disabled,nq_110,baseline,replace,0.18589600017548946,0.0,5.830294945692953,5.830294945692953
mobius_disabled,nq_110,mobius,add,0.0944969999636669,5.830294945692953,5.830294945692953,0.0
mobius_disabled,nq_111,baseline,replace,0.1554600000872597,0.0,6.5283183313144155,6.5283183313144155
mobius_disabled,nq_111,mobius,add,0.09365000005345792,6.5283183313144155,6.5283183313144155,0.0
mobius_disabled,nq_112,baseline,replace,0.14987800000199059,0.0,6.35230396054689,6.35230396054689
mobius_disabled,nq_112,mobius,add,0.10841599987543304,6.35230396054689,6.35230396054689,0.0
mobius_disabled,nq_113,baseline,replace,0.17543700005262508,0.0,5.132083564583571,5.132083564583571
mobius_disabled,nq_113,mobius,add,0.09289600006923138,5.132083564583571,5.132083564583571,0.0
mobius_disabled,nq_114,baseline,replace,0.16539499983991846,0.0,6.16133456069944,6.16133456069944
mobius_disabled,nq_114,mobius,add,0.10818700002346304,6.16133456069944,6.16133456069944,0.0
mobius_disabled,nq_115,baseline,replace,0.16365000010409858,0.0,5.528210141143213,5.528210141143213
mobius_disabled,nq_115,mobius,add,0.09346000001642096,5.528210141143213,5.528210141143213,0.0
mobius_disabled,nq_116,baseline,replace,0.1606569999239582,0.0,6.350153693677467,6.350153693677467
mobius_disabled,nq_116,mobius,add,0.09648600007494679,6.350153693677467,6.350153693677467,0.0
mobius_disabled,nq_117,baseline,replace,0.15310699996007315,0.0,6.390835199650775,6.390835199650775
mobius_disabled,nq_117,mobius,add,0.12590000005729962,6.390835199650775,6.390835199650775,0.0
mobius_disabled,nq_118,baseline,replace,0.15521499994974874,0.0,5.318257179123883,5.318257179123883
mobius_disabled,nq_118,mobius,add,0.09020800007419894,5.318257179123883,5.318257179123883,0.0
mobius_disabled,nq_119,baseline,replace,0.15275700002348458,0.0,6.007831329873967,6.007831329873967
mobius_disabled,nq_119,mobius,add,0.09038299981511955,6.007831329873967,6.007831329873967,0.0
mobius_disabled,nq_120,baseline,replace,0.1540190000923758,0.0,5.4089148134645715,5.4089148134645715
mobius_disabled,nq_120,mobius,add,0.09105300000555872,5.4089148134645715,5.4089148134645715,0.0
mobius_disabled,nq_121,baseline,replace,0.15040199991744885,0.0,5.865565066742187,5.865565066742187
mobius_disabled,nq_121,mobius,add,0.1024079999751848,5.865565066742187,5.865565066742187,0.0
mobius_disabled,nq_122,baseline,replace,0.1456669999697624,0.0,5.749629324697858,5.749629324697858
mobius_disabled,nq_122,mobius,add,0.09129500017479586,5.749629324697858,5.749629324697858,0.0
mobius_disabled,nq_123,baseline,replace,0.15045400004964904,0.0,5.875222295083746,5.875222295083746
mobius_disabled,nq_123,mobius,add,0.09115700004258542,5.875222295083746,5.875222295083746,0.0
mobius_disabled,nq_124,baseline,replace,0.15109200012375368,0.0,5.197482551899888,5.197482551899888
mobius_disabled,nq_124,mobius,add,0.08999700003187172,5.197482551899888,5.197482551899888,0.0
mobius_disabled,nq_125,baseline,replace,0.14718299985361227,0.0,5.960190670773323,5.960190670773323
mobius_disabled,nq_125,mobius,add,0.09203499985233066,5.960190670773323,5.960190670773323,0.0
mobius_disabled,nq_126,baseline,replace,0.1539630000024772,0.0,5.147728864754875,5.147728864754875
mobius_disabled,nq_126,mobius,add,0.09550800018587324,5.147728864754875,5.147728864754875,0.0
mobius_disabled,nq_127,baseline,replace,0.1560700000027282,0.0,5.600850238536994,5.600850238536994
mobius_disabled,nq_127,mobius,add,0.09612600001673854,5.600850238536994,5.600850238536994,0.0
mobius_disabled,nq_128,baseline,replace,0.15139500010263873,0.0,5.941487765171843,5.941487765171843
mobius_disabled,nq_128,mobius,add,0.09234000003743859,5.941487765171843,5.941487765171843,0.0
mobius_disabled,nq_129,baseline,replace,0.1530889999230567,0.0,5.736876838454489,5.736876838454489
mobius_disabled,nq_129,mobius,add,0.09119200012719375,5.736876838454489,5.736876838454489,0.0
mobius_disabled,nq_130,baseline,replace,0.15306299997064343,0.0,5.815627910400288,5.815627910400288
mobius_disabled,nq_130,mobius,add,0.09237600011147151,5.815627910400288,5.815627910400288,0.0
mobius_disabled,nq_131,baseline,replace,0.16693699990355526,0.0,6.379454002022875,6.379454002022875
mobius_disabled,nq_131,mobius,add,0.09046799982570519,6.379454002022875,6.379454002022875,0.0
mobius_disabled,nq_132,baseline,replace,0.1715500000045722,0.0,6.049118075908171,6.049118075908171
mobius_disabled,nq_132,mobius,add,0.0952149998738605,6.049118075908171,6.049118075908171,0.0
mobius_disabled,nq_133,baseline,replace,0.1481029999013117,0.0,6.318456154960155,6.318456154960155
mobius_disabled,nq_133,mobius,add,0.09783200016499904,6.318456154960155,6.318456154960155,0.0
mobius_disabled,nq_134,baseline,replace,0.14741600011802802,0.0,5.903940761890139,5.903940761890139
mobius_disabled,nq_134,mobius,add,0.08881899998414156,5.903940761890139,5.903940761890139,0.0
mobius_disabled,nq_135,baseline,replace,0.15466399986507895,0.0,4.6862963818546195,4.6862963818546195
mobius_disabled,nq_135,mobius,add,0.09091100014302356,4.6862963818546195,4.6862963818546195,0.0
mobius_disabled,nq_136,baseline,replace,0.1490409999860276,0.0,4.967838012838917,4.967838012838917
mobius_disabled,nq_136,mobius,add,0.08996299993668799,4.967838012838917,4.967838012838917,0.0
mobius_disabled,nq_137,baseline,replace,0.14745700013918395,0.0,5.839228558379167,5.839228558379167
mobius_disabled,nq_137,mobius,add,0.09004100002130144,5.839228558379167,5.839228558379167,0.0
mobius_disabled,nq_138,baseline,replace,0.15637199999218865,0.0,6.050431486580725,6.050431486580725
mobius_disabled,nq_138,mobius,add,0.0903430000107619,6.050431486580725,6.050431486580725,0.0
mobius_disabled,nq_139,baseline,replace,0.18677300022318377,0.0,5.020119785836898,5.020119785836898
mobius_disabled,nq_139,mobius,add,0.0955009998051537,5.020119785836898,5.020119785836898,0.0
mobius_disabled,nq_140,baseline,replace,0.186604999953488,0.0,6.433726735941286,6.433726735941286
mobius_disabled,nq_140,mobius,add,0.10019400019700697,6.433726735941286,6.433726735941286,0.0
mobius_disabled,nq_141,baseline,replace,0.17146999994110956,0.0,6.197807934240123,6.197807934240123
mobius_disabled,nq_141,mobius,add,0.09262699995815638,6.197807934240123,6.197807934240123,0.0
mobius_disabled,nq_142,baseline,replace,0.15841000004002126,0.0,6.084047552386791,6.084047552386791
mobius_disabled,nq_142,mobius,add,0.09191100002681196,6.084047552386791,6.084047552386791,0.0
mobius_disabled,nq_143,baseline,replace,0.16787100003057276,0.0,5.33301899355655,5.33301899355655
mobius_disabled,nq_143,mobius,add,0.09063600009540096,5.33301899355655,5.33301899355655,0.0
mobius_disabled,nq_144,baseline,replace,0.18350099981034873,0.0,6.626559172688151,6.626559172688151
mobius_disabled,nq_144,mobius,add,0.09173800003736687,6.626559172688151,6.626559172688151,0.0
mobius_disabled,nq_145,baseline,replace,0.16875599999366386,0.0,6.021496666711802,6.021496666711802
mobius_disabled,nq_145,mobius,add,0.09125900010076293,6.021496666711802,6.021496666711802,0.0
mobius_disabled,nq_146,baseline,replace,0.1920979998430994,0.0,5.7022555791334515,5.7022555791334515
mobius_disabled,nq_146,mobius,add,0.09044199987329193,5.7022555791334515,5.7022555791334515,0.0
mobius_disabled,nq_147,baseline,replace,0.18033199989986315,0.0,5.393767931976342,5.393767931976342
mobius_disabled,nq_147,mobius,add,0.0922859999263892,5.393767931976342,5.393767931976342,0.0
mobius_disabled,nq_148,baseline,replace,0.15699999994467362,0.0,6.477662664397873,6.477662664397873
mobius_disabled,nq_148,mobius,add,0.09042600004249834,6.477662664397873,6.477662664397873,0.0
mobius_disabled,nq_149,baseline,replace,0.1556239999445097,0.0,5.956266622527608,5.956266622527608
mobius_disabled,nq_149,mobius,add,0.09093899984691234,5.956266622527608,5.956266622527608,0.0
mobius_disabled,nq_150,baseline,replace,0.17154200008917542,0.0,5.718037830502433,5.718037830502433
mobius_disabled,nq_150,mobius,add,0.10670599999684782,5.718037830502433,5.718037830502433,0.0
mobius_disabled,nq_151,baseline,replace,0.15333099986492016,0.0,6.111834998451561,6.111834998451561
mobius_disabled,nq_151,mobius,add,0.08949499988375464,6.111834998451561,6.111834998451561,0.0
mobius_disabled,nq_152,baseline,replace,0.16142099980243074,0.0,5.30246690110213,5.30246690110213
mobius_disabled,nq_152,mobius,add,0.09116800015362969,5.30246690110213,5.30246690110213,0.0
mobius_disabled,nq_153,baseline,replace,0.15121399997042317,0.0,5.2407988062402895,5.2407988062402895
mobius_disabled,nq_153,mobius,add,0.09043099998962134,5.2407988062402895,5.2407988062402895,0.0
mobius_disabled,nq_154,baseline,replace,0.14916999998604297,0.0,6.476711322296539,6.476711322296539
mobius_disabled,nq_154,mobius,add,0.10846299983313656,6.476711322296539,6.476711322296539,0.0
mobius_disabled,nq_155,baseline,replace,0.16612399986115634,0.0,5.487365035096405,5.487365035096405
mobius_disabled,nq_155,mobius,add,0.09648100012782379,5.487365035096405,5.487365035096405,0.0
mobius_disabled,nq_156,baseline,replace,0.2019270000346296,0.0,6.469584973544875,6.469584973544875
mobius_disabled,nq_156,mobius,add,0.11615599987635505,6.469584973544875,6.469584973544875,0.0
mobius_disabled,nq_157,baseline,replace,0.16527599996152276,0.0,5.676801570681361,5.676801570681361
mobius_disabled,nq_157,mobius,add,0.09003400009532925,5.676801570681361,5.676801570681361,0.0
mobius_disabled,nq_158,baseline,replace,0.16080099999271624,0.0,5.166572129769004,5.166572129769004
mobius_disabled,nq_158,mobius,add,0.08699599993633456,5.166572129769004,5.166572129769004,0.0
mobius_disabled,nq_159,baseline,replace,0.1455500000702159,0.0,5.44592691157194,5.44592691157194
mobius_disabled,nq_159,mobius,add,0.08970500016403093,5.44592691157194,5.44592691157194,0.0
mobius_disabled,nq_160,baseline,replace,0.15131800000744988,0.0,5.702814282537779,5.702814282537779
mobius_disabled,nq_160,mobius,add,0.08955499993135163,5.702814282537779,5.702814282537779,0.0
mobius_disabled,nq_161,baseline,replace,0.1460350001707411,0.0,6.234747414769542,6.234747414769542
mobius_disabled,nq_161,mobius,add,0.08715599983588618,6.234747414769542,6.234747414769542,0.0
mobius_disabled,nq_162,baseline,replace,0.14507700007015956,0.0,5.498004101958587,5.498004101958587
mobius_disabled,nq_162,mobius,add,0.08800099999461963,5.498004101958587,5.498004101958587,0.0
mobius_disabled,nq_163,baseline,replace,0.1524710000921914,0.0,5.0861507374179356,5.0861507374179356
mobius_disabled,nq_163,mobius,add,0.08849699997881544,5.0861507374179356,5.0861507374179356,0.0
mobius_disabled,nq_164,baseline,replace,0.14486500003840774,0.0,5.461895239004014,5.461895239004014
mobius_disabled,nq_164,mobius,add,0.10589500016067177,5.461895239004014,5.461895239004014,0.0
mobius_disabled,nq_165,baseline,replace,0.1826080001592345,0.0,5.47612711005867,5.47612711005867
mobius_disabled,nq_165,mobius,add,0.1154659998974239,5.47612711005867,5.47612711005867,0.0
mobius_disabled,nq_166,baseline,replace,0.1582299998972303,0.0,5.891714253914154,5.891714253914154
mobius_disabled,nq_166,mobius,add,0.09226899987879733,5.891714253914154,5.891714253914154,0.0
mobius_disabled,nq_167,baseline,replace,0.1506989999597863,0.0,6.0448905683993495,6.0448905683993495
mobius_disabled,nq_167,mobius,add,0.09135899995271757,6.0448905683993495,6.0448905683993495,0.0
mobius_disabled,nq_168,baseline,replace,0.15170000006037299,0.0,5.909557492644173,5.909557492644173
mobius_disabled,nq_168,mobius,add,0.10292599995409546,5.909557492644173,5.909557492644173,0.0
mobius_disabled,nq_169,baseline,replace,0.15687500012973032,0.0,6.355927592178018,6.355927592178018
mobius_disabled,nq_169,mobius,add,0.09060000002136803,6.355927592178018,6.355927592178018,0.0
mobius_disabled,nq_170,baseline,replace,0.1896340002076613,0.0,6.106406632483754,6.106406632483754
mobius_disabled,nq_170,mobius,add,0.12693000007857336,6.106406632483754,6.106406632483754,0.0
mobius_disabled,nq_171,baseline,replace,0.16195800003515615,0.0,6.190618722063797,6.190618722063797
mobius_disabled,nq_171,mobius,add,0.08725899988348829,6.190618722063797,6.190618722063797,0.0
mobius_disabled,nq_172,baseline,replace,0.1952379998328979,0.0,5.133516988419481,5.133516988419481
mobius_disabled,nq_172,mobius,add,0.11126300000796618,5.133516988419481,5.133516988419481,0.0
mobius_disabled,nq_173,baseline,replace,0.19975100008196023,0.0,5.51602278890315,5.51602278890315
mobius_disabled,nq_173,mobius,add,0.11181800005033438,5.51602278890315,5.51602278890315,0.0
mobius_disabled,nq_174,baseline,replace,0.16867399995135202,0.0,5.749904591099382,5.749904591099382
mobius_disabled,nq_174,mobius,add,0.09207300013258646,5.749904591099382,5.749904591099382,0.0
mobius_disabled,nq_175,baseline,replace,0.165854999977455,0.0,5.650222393974599,5.650222393974599
mobius_disabled,nq_175,mobius,add,0.0904529999843362,5.650222393974599,5.650222393974599,0.0
mobius_disabled,nq_176,baseline,replace,0.17816900003708724,0.0,5.676600183080806,5.676600183080806
mobius_disabled,nq_176,mobius,add,0.09065600011126662,5.676600183080806,5.676600183080806,0.0
mobius_disabled,nq_177,baseline,replace,0.1676190001944633,0.0,5.870573318717987,5.870573318717987
mobius_disabled,nq_177,mobius,add,0.09223200004271348,5.870573318717987,5.870573318717987,0.0
mobius_disabled,nq_178,baseline,replace,0.20019599992338044,0.0,6.339269107404865,6.339269107404865
mobius_disabled,nq_178,mobius,add,0.11474799998723029,6.339269107404865,6.339269107404865,0.0
mobius_disabled,nq_179,baseline,replace,0.18877899992730818,0.0,5.1519013836928,5.1519013836928
mobius_disabled,nq_179,mobius,add,0.09448399987377343,5.1519013836928,5.1519013836928,0.0
mobius_disabled,nq_180,baseline,replace,0.16570799994042318,0.0,6.355562829669784,6.355562829669784
mobius_disabled,nq_180,mobius,add,0.09315300007983751,6.355562829669784,6.355562829669784,0.0
mobius_disabled,nq_181,baseline,replace,0.1675209998666105,0.0,5.736217570525382,5.736217570525382
mobius_disabled,nq_181,mobius,add,0.0908429999526561,5.736217570525382,5.736217570525382,0.0
mobius_disabled,nq_182,baseline,replace,0.1896510000278795,0.0,5.418690481081882,5.418690481081882
mobius_disabled,nq_182,mobius,add,0.09320000003754103,5.418690481081882,5.418690481081882,0.0
mobius_disabled,nq_183,baseline,replace,0.20332300005065918,0.0,4.839801105821791,4.839801105821791
mobius_disabled,nq_183,mobius,add,0.0930980002067372,4.839801105821791,4.839801105821791,0.0
mobius_disabled,nq_184,baseline,replace,0.21235500003058405,0.0,5.708062268406664,5.708062268406664
mobius_disabled,nq_184,mobius,add,0.09326400004283641,5.708062268406664,5.708062268406664,0.0
mobius_disabled,nq_185,baseline,replace,0.20616500000869564,0.0,5.403731520231987,5.403731520231987
mobius_disabled,nq_185,mobius,add,0.09080500012714765,5.403731520231987,5.403731520231987,0.0
mobius_disabled,nq_186,baseline,replace,0.1806249999845022,0.0,6.157404007473349,6.157404007473349
mobius_disabled,nq_186,mobius,add,0.09021599998959573,6.157404007473349,6.157404007473349,0.0
mobius_disabled,nq_187,baseline,replace,0.18611800010148727,0.0,5.675195995994886,5.675195995994886
mobius_disabled,nq_187,mobius,add,0.09192099992105796,5.675195995994886,5.675195995994886,0.0
mobius_disabled,nq_188,baseline,replace,0.19160899978487578,0.0,5.516226643930744,5.516226643930744
mobius_disabled,nq_188,mobius,add,0.11032900010832236,5.516226643930744,5.516226643930744,0.0
mobius_disabled,nq_189,baseline,replace,0.2122829998825182,0.0,5.044064883390204,5.044064883390204
mobius_disabled,nq_189,mobius,add,0.0934840002173587,5.044064883390204,5.044064883390204,0.0
mobius_disabled,nq_190,baseline,replace,0.1817370000480878,0.0,5.864601993418718,5.864601993418718
mobius_disabled,nq_190,mobius,add,0.09521700008008338,5.864601993418718,5.864601993418718,0.0
mobius_disabled,nq_191,baseline,replace,0.17451799999435025,0.0,6.091875157970637,6.091875157970637
mobius_disabled,nq_191,mobius,add,0.11521000010361604,6.091875157970637,6.091875157970637,0.0
mobius_disabled,nq_192,baseline,replace,0.19225799997002468,0.0,5.894948448243595,5.894948448243595
mobius_disabled,nq_192,mobius,add,0.10852500008695642,5.894948448243595,5.894948448243595,0.0
mobius_disabled,nq_193,baseline,replace,0.17888399997900706,0.0,6.02764258027594,6.02764258027594
mobius_disabled,nq_193,mobius,add,0.09196900009555975,6.02764258027594,6.02764258027594,0.0
mobius_disabled,nq_194,baseline,replace,0.19187899988537538,0.0,5.286903007422025,5.286903007422025
mobius_disabled,nq_194,mobius,add,0.09716499994283367,5.286903007422025,5.286903007422025,0.0
mobius_disabled,nq_195,baseline,replace,0.18713399981606926,0.0,6.803684456204528,6.803684456204528
mobius_disabled,nq_195,mobius,add,0.0932190000639821,6.803684456204528,6.803684456204528,0.0
mobius_disabled,nq_196,baseline,replace,0.18982400001732458,0.0,5.8159631906859355,5.8159631906859355
mobius_disabled,nq_196,mobius,add,0.10950199998660537,5.8159631906859355,5.8159631906859355,0.0
mobius_disabled,nq_197,baseline,replace,0.1873310000064521,0.0,6.041139673164787,6.041139673164787
mobius_disabled,nq_197,mobius,add,0.0959230001171818,6.041139673164787,6.041139673164787,0.0
mobius_disabled,nq_198,baseline,replace,0.2095089998874755,0.0,6.087060526998056,6.087060526998056
mobius_disabled,nq_198,mobius,add,0.0939349999953265,6.087060526998056,6.087060526998056,0.0
mobius_disabled,nq_199,baseline,replace,0.17756600004759093,0.0,6.0478604993523115,6.0478604993523115
mobius_disabled,nq_199,mobius,add,0.11156400000800204,6.0478604993523115,6.0478604993523115,0.0
