configuration,question_id,n_candidates,prefiltered,pool_size,K,lam,gamma_effective,selected_count,selected_ranks,gold_ranks,gold_in_pool,gold_selected,gold_pool_count,gold_selected_count,quality_sum_selected,quality_mean_selected,pair_count_selected,b_pair_sum_selected,w_pair_sum_selected,residual_pair_sum_selected,objective_without_constant,qubo_energy_recomputed,recorded_energy,recorded_terms_total,exact_optimal_under_w,best_objective_under_w,objective_regret,combination_count,a_pool_mean,a_pool_std,a_pool_min,a_pool_q10,a_pool_q50,a_pool_q90,a_pool_max,a_selected_mean,a_selected_std,a_selected_min,a_selected_q10,a_selected_q50,a_selected_q90,a_selected_max,b_pool_mean,b_pool_std,b_pool_min,b_pool_q10,b_pool_q50,b_pool_q90,b_pool_max,b_selected_mean,b_selected_std,b_selected_min,b_selected_q10,b_selected_q50,b_selected_q90,b_selected_max,w_pool_mean,w_pool_std,w_pool_min,w_pool_q10,w_pool_q50,w_pool_q90,w_pool_max,w_selected_mean,w_selected_std,w_selected_min,w_selected_q10,w_selected_q50,w_selected_q90,w_selected_max,residual_pool_mean,residual_pool_std,residual_pool_min,residual_pool_q10,residual_pool_q50,residual_pool_q90,residual_pool_max,residual_selected_mean,residual_selected_std,residual_selected_min,residual_selected_q10,residual_selected_q50,residual_selected_q90,residual_selected_max
qore_as_control,nq_0,50,True,15,5,2.0,0.5,5,0;1;25;32;37,0;1;4;38,1,1,3,2,4.651345229987886,0.9302690459975771,10,8.54112862304598,4.27056431152299,0.0,-0.3807809184648958,-50.38078091846489,-50.3807809184649,-50.38078091846489,True,-0.3807809184648958,0.0,3003,0.6954076668625202,0.22858955068262507,0.2905352114913259,0.3477799280138798,0.7782883320883904,0.9707335292412549,1.0,0.9302690459975771,0.06258803143681826,0.8392681420813102,0.8565923480079869,0.9348276468194453,0.9978683136756512,1.0,0.84504695520103,0.05480203067357499,0.7315275149424315,0.7803308574414901,0.8371791211299134,0.9182245904344735,0.9546248272224303,0.8541128623045979,0.05306950606707552,0.7935596433002927,0.7957951283410465,0.849582073861139,0.932401675562219,0.9339137450017412,0.422523477600515,0.027401015336787495,0.36576375747121576,0.39016542872074506,0.4185895605649567,0.45911229521723673,0.4773124136112151,0.42705643115229897,0.02653475303353776,0.39677982165014636,0.39789756417052324,0.4247910369305695,0.4662008377811095,0.4669568725008706,0.0,0.0,0.0,0.0,0.0,0.0,0.0,0.0,0.0,0.0,0.0,0.0,0.0,0.0
qore_as_control,nq_1,50,True,15,5,2.0,0.5,5,1;12;30;43;48,0;1;7;9;14;30,1,1,5,2,4.953911101777492,0.9907822203554983,10,7.231898500225278,3.615949250112639,0.0,-1.3379618516648528,-51.33796185166485,-51.33796185166486,-51.33796185166485,True,-1.3379618516648528,0.0,3003,0.8639052672390833,0.16388658889443072,0.5558162086154392,0.6006478350684598,0.975722234362328,0.9990451281563338,1.0,0.9907822203554983,0.008221658782613026,0.975722234362328,0.981531145366935,0.9923038044660316,0.9982562204301149,1.0,0.8002189231544901,0.07068623992456836,0.5748703822428153,0.6940824859924525,0.8198892321751923,0.8661154586975607,0.9804006111199353,0.7231898500225278,0.0720891293767687,0.5748703822428153,0.6449385270722676,0.727373102895465,0.8035481954222434,0.8305628905463935,0.40010946157724503,0.03534311996228418,0.28743519112140764,0.34704124299622624,0.40994461608759614,0.43305772934878034,0.49020030555996763,0.3615949250112639,0.03604456468838435,0.28743519112140764,0.3224692635361338,0.3636865514477325,0.4017740977111217,0.41528144527319677,0.0,0.0,0.0,0.0,0.0,0.0,0.0,0.0,0.0,0.0,0.0,0.0,0.0,0.0
qore_as_control,nq_2,50,True,15,5,2.0,0.5,5,0;1;32;37;47,0;1;6;7;16;19;22;23;32;33;35;38;45,1,1,5,3,2.577519988485161,0.5155039976970321,10,6.9611088309995095,3.4805544154997548,0.0,0.9030344270145938,-49.096965572985404,-49.096965572985404,-49.096965572985404,True,0.9030344270145938,0.0,3003,0.22484116569570436,0.28837841613678655,0.03044310099209357,0.03299282421648798,0.12450390732661144,0.6398982811870063,1.0,0.5155039976970321,0.34003029074323676,0.1675297902923603,0.19365374683071473,0.33196014372863014,0.9380761491303696,1.0,0.6836549450417442,0.07819619538884955,0.5294433976582195,0.5848300682742998,0.6826258850143849,0.7601253642533016,0.9914678296876349,0.696110883099951,0.1290005241152224,0.5294433976582195,0.5450017873505875,0.6982608293433419,0.7979585093999697,0.9914678296876349,0.3418274725208721,0.03909809769442477,0.26472169882910973,0.2924150341371499,0.34131294250719246,0.3800626821266508,0.49573391484381746,0.3480554415499755,0.0645002620576112,0.26472169882910973,0.27250089367529373,0.34913041467167094,0.39897925469998485,0.49573391484381746,0.0,0.0,0.0,0.0,0.0,0.0,0.0,0.0,0.0,0.0,0.0,0.0,0.0,0.0
qore_as_control,nq_3,50,True,15,5,2.0,0.5,5,4;29;37;45;49,4;6;24;29;37;45;47;49,1,1,8,5,4.886831560180945,0.9773663120361891,10,8.856787463091608,4.428393731545804,0.0,-0.45843782863514093,-50.45843782863514,-50.45843782863514,-50.45843782863514,True,-0.45843782863514093,0.0,3003,0.6488217968144936,0.373874638717219,0.11628361549214983,0.1269956989650969,0.8773408311169042,0.9959425045269324,1.0,0.9773663120361891,0.031190666060200142,0.9166791270391447,0.9417499170367502,0.9926764706912634,0.9992479441669514,1.0,0.8770839478405789,0.05203005428390668,0.7335027086765308,0.7959126644359245,0.885940961482407,0.9362356605323047,0.9648015792053208,0.8856787463091609,0.03960406417755598,0.8235275241142893,0.8388334778521304,0.8875584679418291,0.9213332469499077,0.9587757464696431,0.43854197392028943,0.02601502714195334,0.3667513543382654,0.3979563322179622,0.4429704807412035,0.46811783026615233,0.4824007896026604,0.44283937315458044,0.01980203208877799,0.41176376205714466,0.4194167389260652,0.44377923397091457,0.46066662347495385,0.47938787323482157,0.0,0.0,0.0,0.0,0.0,0.0,0.0,0.0,0.0,0.0,0.0,0.0,0.0,0.0
qore_as_control,nq_4,50,True,15,5,2.0,0.5,5,0;16;26;29;40,0;3;7;16;24;26;27;33;40;47,1,1,10,4,4.92330446547078,0.984660893094156,10,8.538989055969182,4.269494527984591,0.0,-0.653809937486189,-50.65380993748619,-50.65380993748619,-50.65380993748619,True,-0.653809937486189,0.0,3003,0.9113224950959051,0.11993890459505818,0.565046861290938,0.7578513971947919,0.9536035261757196,0.9934595014659637,1.0,0.984660893094156,0.015235231736811027,0.9573064170726214,0.9666835562601132,0.9884488427406037,0.9987199762464815,1.0,0.8621608599217513,0.049494517849883235,0.7828573157131418,0.801528309997786,0.8540748480942886,0.9390994381775845,0.9961978873983273,0.8538989055969182,0.037165515244139136,0.7936334192159885,0.8048739331658882,0.8576456948968794,0.8991801478727514,0.9274032216896974,0.43108042996087564,0.024747258924941617,0.3914286578565709,0.400764154998893,0.4270374240471443,0.46954971908879223,0.49809894369916363,0.4269494527984591,0.018582757622069568,0.39681670960799426,0.4024369665829441,0.4288228474484397,0.4495900739363757,0.4637016108448487,0.0,0.0,0.0,0.0,0.0,0.0,0.0,0.0,0.0,0.0,0.0,0.0,0.0,0.0
qore_as_control,nq_5,50,True,15,5,2.0,0.5,5,0;5;8;10;21,19;44,1,0,2,0,3.6462572718587354,0.7292514543717471,10,8.888063393982742,4.444031696991371,0.0,0.7977744251326357,-49.20222557486736,-49.20222557486737,-49.20222557486736,True,0.7977744251326357,0.0,3003,0.34472967078393685,0.2965196778300248,0.041979128378639076,0.05062070202353751,0.24670706198671444,0.727691902733077,1.0,0.7292514543717471,0.14812555477582529,0.5748247679972405,0.5971748237321418,0.6837382759156182,0.9027977282445532,1.0,0.8577232414320025,0.041658605204728735,0.7706363317502762,0.8021359459682343,0.8579986361669506,0.9151032761107717,0.9498130575018967,0.8888063393982742,0.03318003622246618,0.8253358999437135,0.8515022859569994,0.8908637194271076,0.9205579341626748,0.9401880407050404,0.42886162071600126,0.020829302602364368,0.3853181658751381,0.40106797298411717,0.4289993180834753,0.45755163805538585,0.47490652875094835,0.4444031696991371,0.01659001811123309,0.41266794997185674,0.4257511429784997,0.4454318597135538,0.4602789670813374,0.4700940203525202,0.0,0.0,0.0,0.0,0.0,0.0,0.0,0.0,0.0,0.0,0.0,0.0,0.0,0.0
qore_as_control,nq_6,50,True,15,5,2.0,0.5,5,0;3;5;11;12,9;33,0,0,0,0,2.7910423166953375,0.5582084633390675,10,9.058967500802558,4.529483750401279,0.0,1.7384414337059413,-48.261558566294056,-48.261558566294056,-48.261558566294056,True,1.7384414337059413,0.0,3003,0.21775347078789625,0.31845045485524226,0.005132950259452377,0.006384980184301503,0.09252569900760393,0.7228593233951532,1.0,0.5582084633390675,0.35597235486470297,0.21179516982965602,0.23256200892837317,0.33230802089193057,0.9932907433589209,1.0,0.8869005734734968,0.02964309003678438,0.8264856550994403,0.8536430423449258,0.8836788156540736,0.9312960414607308,0.9912544258246628,0.9058967500802557,0.04134476421715397,0.8531181538474404,0.8598464136018997,0.911144196796386,0.9409752679965673,0.9912544258246628,0.4434502867367484,0.01482154501839219,0.41324282754972014,0.4268215211724629,0.4418394078270368,0.4656480207303654,0.4956272129123314,0.45294837504012786,0.020672382108576984,0.4265590769237202,0.42992320680094986,0.455572098398193,0.47048763399828364,0.4956272129123314,0.0,0.0,0.0,0.0,0.0,0.0,0.0,0.0,0.0,0.0,0.0,0.0,0.0,0.0
qore_as_control,nq_7,50,True,15,5,2.0,0.5,5,4;9;34;42;49,,0,0,0,0,3.3993854674387642,0.6798770934877528,10,9.030805196519799,4.515402598259899,0.0,1.116017130821135,-48.883982869178865,-48.883982869178865,-48.883982869178865,True,1.116017130821135,0.0,3003,0.37533909442970875,0.25002774033927777,0.06976390871041713,0.13510334288819043,0.2966788368158298,0.6985045602699089,1.0,0.6798770934877528,0.1826660828696685,0.48682121177011095,0.49903119798057294,0.6931314337676172,0.8808346578419081,1.0,0.9020283108241354,0.03857569694231769,0.7943326014718397,0.8287368790182269,0.9121759359718671,0.9400704756533181,0.959833036820289,0.9030805196519799,0.01592805632759846,0.8821516395633218,0.8840157506795449,0.9023486741241026,0.9118164221402961,0.9442512721648904,0.4510141554120677,0.019287848471158844,0.39716630073591985,0.41436843950911345,0.45608796798593354,0.47003523782665907,0.4799165184101445,0.45154025982598994,0.00796402816379923,0.4410758197816609,0.4420078753397724,0.4511743370620513,0.45590821107014806,0.4721256360824452,0.0,0.0,0.0,0.0,0.0,0.0,0.0,0.0,0.0,0.0,0.0,0.0,0.0,0.0
qore_as_control,nq_8,50,True,15,5,2.0,0.5,5,1;7;18;39;43,,0,0,0,0,1.2787881284364273,0.25575762568728544,10,6.252202546025151,3.1261012730125755,0.0,1.8473131445761481,-48.15268685542385,-48.15268685542385,-48.15268685542385,True,1.8473131445761481,0.0,3003,0.09689845531934176,0.25037917961685063,0.00034149855185878434,0.0008316570927742562,0.006410640469217219,0.19640369503060384,1.0,0.25575762568728544,0.385773928015619,0.0004610734896623171,0.0017763511059218015,0.007950803993801277,0.7066507933690611,1.0,0.715233094885228,0.11432537797623439,0.5358401563699648,0.583190048811033,0.6845679582897632,0.8778782067085884,0.9284828564623164,0.625220254602515,0.06038739575687314,0.5651599426267471,0.5654177413784884,0.6057908877249436,0.6930863682380601,0.7697520577727326,0.357616547442614,0.057162688988117195,0.2679200781849824,0.2915950244055165,0.3422839791448816,0.4389391033542942,0.4642414282311582,0.3126101273012575,0.03019369787843657,0.28257997131337353,0.2827088706892442,0.3028954438624718,0.34654318411903007,0.3848760288863663,0.0,0.0,0.0,0.0,0.0,0.0,0.0,0.0,0.0,0.0,0.0,0.0,0.0,0.0
qore_as_control,nq_9,50,True,15,5,2.0,0.5,5,15;19;34;43;48,,0,0,0,0,3.542308456279136,0.7084616912558273,10,8.074523201595353,4.0372616007976765,0.0,0.49495314451854044,-49.50504685548146,-49.50504685548147,-49.50504685548146,True,0.49495314451854044,0.0,3003,0.2952912138872416,0.3257321819617548,0.02290870881484414,0.024692597946344895,0.10531192533353927,0.8165687886656544,1.0,0.7084616912558273,0.215318398674323,0.42146111880574033,0.45649252618733793,0.7525791573127115,0.9436914171603799,1.0,0.8028197967143825,0.0548417584516134,0.6917062878500331,0.7443901373438356,0.7936123731953348,0.8789932896632668,0.9715507705767298,0.8074523201595352,0.041995619384851,0.7442550252681914,0.7524255337177295,0.8068066099764211,0.8657810959879659,0.8703895572696649,0.40140989835719126,0.0274208792258067,0.34585314392501654,0.3721950686719178,0.3968061865976674,0.4394966448316334,0.4857753852883649,0.4037261600797676,0.0209978096924255,0.3721275126340957,0.37621276685886473,0.40340330498821053,0.43289054799398297,0.43519477863483247,0.0,0.0,0.0,0.0,0.0,0.0,0.0,0.0,0.0,0.0,0.0,0.0,0.0,0.0
qore_as_control,nq_10,50,True,15,5,2.0,0.5,5,5;8;11;42;46,0;1;2;3;5;8;9;11;14;17;23;36;39;42,1,1,7,4,3.7488202508841377,0.7497640501768276,10,7.949576893064805,3.9747884465324024,0.0,0.22596819564826465,-49.774031804351736,-49.774031804351736,-49.774031804351736,True,0.22596819564826465,0.0,3003,0.5007304155489777,0.22753863215925263,0.22669412770077685,0.22913772111102734,0.47402294454254706,0.8328641038501784,1.0,0.7497640501768276,0.18558002486166233,0.5542444064698542,0.56601265367924,0.6684119405120023,0.976999551763585,1.0,0.7733554057865185,0.04624587830789768,0.6624707970179882,0.710804866605954,0.7752164084396791,0.8321245995095089,0.929307138028552,0.7949576893064805,0.03294891641692985,0.7355661916940868,0.747746970154733,0.7936063140963306,0.8374507417164526,0.8437152271896872,0.38667770289325926,0.02312293915394884,0.3312353985089941,0.355402433302977,0.38760820421983955,0.41606229975475445,0.464653569014276,0.39747884465324024,0.016474458208464927,0.3677830958470434,0.3738734850773665,0.3968031570481653,0.4187253708582263,0.4218576135948436,0.0,0.0,0.0,0.0,0.0,0.0,0.0,0.0,0.0,0.0,0.0,0.0,0.0,0.0
qore_as_control,nq_11,50,True,15,5,2.0,0.5,5,0;3;14;32;37,3;7;14;37,1,1,4,3,4.822405174546096,0.9644810349092191,10,7.769646693458948,3.884823346729474,0.0,-0.9375818278166217,-50.93758182781662,-50.93758182781662,-50.93758182781662,True,-0.9375818278166217,0.0,3003,0.39271962100199687,0.4733303640894587,0.0014370916220352444,0.0015871961488474104,0.021003593819066392,0.99995463334752,1.0,0.9644810349092191,0.06615918057722359,0.8323120353114397,0.8959882871993787,0.9986944419325737,0.99995463334752,0.9999811021960103,0.7481102920107146,0.07157483236133819,0.6209964035212671,0.6747943135156134,0.7296513281865755,0.8367549542706905,0.9891966633331664,0.7769646693458948,0.08161068936957558,0.6958722358301179,0.7129019536533021,0.7473040418546626,0.8526193485243491,0.9779077523569578,0.3740551460053573,0.03578741618066909,0.31049820176063353,0.3373971567578067,0.36482566409328776,0.41837747713534523,0.4945983316665832,0.3884823346729474,0.04080534468478779,0.34793611791505896,0.35645097682665106,0.3736520209273313,0.42630967426217453,0.4889538761784789,0.0,0.0,0.0,0.0,0.0,0.0,0.0,0.0,0.0,0.0,0.0,0.0,0.0,0.0
qore_as_control,nq_12,50,True,15,5,2.0,0.5,5,0;14;21;29;39,0;1;41,1,1,2,1,4.683645611999037,0.9367291223998073,10,7.706736545523187,3.8533682727615934,0.0,-0.8302773392374432,-50.83027733923744,-50.83027733923745,-50.83027733923744,True,-0.8302773392374432,0.0,3003,0.7419618985161068,0.2805072304808907,0.15002156486425344,0.29439326449693604,0.9089206893428288,0.9891259270920633,1.0,0.9367291223998073,0.048217733800498624,0.8665476935513193,0.8848701684538687,0.923976952899466,0.9923068338962233,1.0,0.7848749721162018,0.08857639739959748,0.6073458529529993,0.6578385707314264,0.7907486260170352,0.8875094012240874,0.9810396952354722,0.7706736545523187,0.06138215579449056,0.6769357352463435,0.6889358511295827,0.7652684445733582,0.8478426665865423,0.8603001554486251,0.3924374860581009,0.04428819869979874,0.3036729264764996,0.3289192853657132,0.3953743130085176,0.4437547006120437,0.4905198476177361,0.38533682727615937,0.03069107789724528,0.33846786762317177,0.34446792556479133,0.3826342222866791,0.42392133329327114,0.4301500777243126,0.0,0.0,0.0,0.0,0.0,0.0,0.0,0.0,0.0,0.0,0.0,0.0,0.0,0.0
qore_as_control,nq_13,50,True,15,5,2.0,0.5,5,0;1;4;5;31,0;1;3;4;5;16;31,1,1,7,5,4.862721176295766,0.9725442352591532,10,8.473733470427755,4.236866735213877,0.0,-0.6258544410818887,-50.62585444108189,-50.625854441081884,-50.625854441081884,True,-0.6258544410818887,0.0,3003,0.4646575058671093,0.45421832341159346,0.0038132332008759414,0.0074836396788998515,0.17690415858432743,0.9998283122110779,1.0,0.9725442352591532,0.05325191975534689,0.8660559272771651,0.9186076497047901,0.9994721929694124,0.9999031290811845,1.0,0.7383134855530242,0.08548107604101357,0.5998283077104525,0.6461500072089761,0.7143019527358323,0.8697828434526137,0.9730758912675583,0.8473733470427754,0.045143429981589864,0.7973343155604457,0.8044192151568237,0.8344213787572481,0.91610573781935,0.9415715370489981,0.3691567427765121,0.042740538020506785,0.29991415385522624,0.32307500360448804,0.35715097636791615,0.43489142172630685,0.48653794563377917,0.4236866735213877,0.022571714990794932,0.3986671577802228,0.40220960757841184,0.41721068937862404,0.458052868909675,0.47078576852449905,0.0,0.0,0.0,0.0,0.0,0.0,0.0,0.0,0.0,0.0,0.0,0.0,0.0,0.0
qore_as_control,nq_14,50,True,15,5,2.0,0.5,5,10;11;28;31;45,0;1;2;9;11,1,1,5,1,4.900310647844276,0.9800621295688552,10,7.280395526872177,3.6401977634360887,0.0,-1.2601128844081875,-51.26011288440819,-51.26011288440819,-51.26011288440819,True,-1.2601128844081875,0.0,3003,0.9820936058471043,0.02007557867297912,0.9447687022372733,0.9502498758326263,0.9916343344960253,0.999998235682689,1.0,0.9800621295688552,0.01931521564426678,0.9447687022372733,0.958823635410797,0.9806734535960574,0.9979815017855748,0.9999825952481481,0.8149801875715768,0.06321091040111151,0.6565833858737296,0.7510948247516791,0.8064011885017052,0.8942575195434357,0.988420034123388,0.7280395526872178,0.04348410834571663,0.6565833858737296,0.6745421975213093,0.7327140112838975,0.7816837536888195,0.7952058646932404,0.4074900937857884,0.03160545520055576,0.3282916929368648,0.37554741237583955,0.4032005942508526,0.44712875977171784,0.494210017061694,0.3640197763436089,0.021742054172858315,0.3282916929368648,0.33727109876065464,0.36635700564194873,0.39084187684440974,0.3976029323466202,0.0,0.0,0.0,0.0,0.0,0.0,0.0,0.0,0.0,0.0,0.0,0.0,0.0,0.0
qore_as_control,nq_15,50,True,15,5,2.0,0.5,5,15;17;18;36;49,,0,0,0,0,1.5684782229875203,0.31369564459750404,10,6.7277308414002235,3.3638654207001117,0.0,1.7953871977125915,-48.20461280228741,-48.204612802287414,-48.20461280228741,True,1.7953871977125915,0.0,3003,0.11323870017186702,0.2529008943551967,0.0014233246782830713,0.0018663934410029814,0.017702439279364563,0.2744838570374892,1.0,0.31369564459750404,0.36173913556378,0.02253121931865023,0.022861840671895978,0.19534840771386994,0.7308963293012942,1.0,0.695363297925048,0.0420780590263974,0.5951163999469785,0.6392294045116999,0.6939632209543349,0.7521830824932422,0.7810639028989055,0.6727730841400222,0.038927795961306966,0.6007419461771868,0.6330553165802418,0.6791131690941097,0.719477820716063,0.7379943881876815,0.347681648962524,0.0210390295131987,0.29755819997348926,0.3196147022558499,0.34698161047716747,0.3760915412466211,0.39053195144945274,0.3363865420700111,0.019463897980653483,0.3003709730885934,0.3165276582901209,0.33955658454705484,0.3597389103580315,0.36899719409384074,0.0,0.0,0.0,0.0,0.0,0.0,0.0,0.0,0.0,0.0,0.0,0.0,0.0,0.0
qore_as_control,nq_16,50,True,15,5,2.0,0.5,5,5;7;27;43;46,4;27,1,1,1,1,3.3698220628839843,0.6739644125767968,10,7.973541831371615,3.9867709156858075,0.0,0.6169488528018232,-49.383051147198174,-49.383051147198174,-49.383051147198174,True,0.6169488528018232,0.0,3003,0.2767836658072834,0.34651042148037947,0.020970955058019457,0.025237623113477093,0.09368226445974033,0.8815569507128245,1.0,0.6739644125767968,0.32954726637079457,0.10080121749222096,0.280199795419928,0.7513847956767018,0.9873353549614292,1.0,0.8115223619544392,0.060935609241202816,0.6661138707140283,0.7306440613206006,0.8146832059381333,0.88770600047637,0.9465931949063494,0.7973541831371614,0.06994821224951733,0.6661138707140283,0.7048871958328106,0.8158369662203857,0.8727029702203903,0.8754010807403813,0.4057611809772196,0.030467804620601408,0.33305693535701414,0.3653220306603003,0.40734160296906663,0.443853000238185,0.4732965974531747,0.3986770915685807,0.03497410612475867,0.33305693535701414,0.3524435979164053,0.40791848311019285,0.43635148511019517,0.4377005403701906,0.0,0.0,0.0,0.0,0.0,0.0,0.0,0.0,0.0,0.0,0.0,0.0,0.0,0.0
qore_as_control,nq_17,50,True,15,5,2.0,0.5,5,1;13;20;22;29,8;12;22;27;28,1,1,3,1,3.4541732124427247,0.690834642488545,10,8.234791843263714,4.117395921631857,0.0,0.6632227091891325,-49.336777290810865,-49.33677729081086,-49.336777290810865,True,0.6632227091891325,0.0,3003,0.3296365212883904,0.29033752894846027,0.06148911629295474,0.06997189077987512,0.13091426645490062,0.6717974689067406,1.0,0.690834642488545,0.16423552734491184,0.5587252810903992,0.5650776879495852,0.6035375548081793,0.8869216313223127,1.0,0.8060854358688682,0.05618200636593765,0.6657980917813399,0.7276866396906454,0.8112841725445199,0.8787527553471383,0.9311324514888029,0.8234791843263715,0.03817658881959394,0.7619133640651818,0.7888264088284315,0.8121712809874541,0.8782508768837685,0.8896908322021307,0.4030427179344341,0.028091003182968824,0.33289904589066993,0.3638433198453227,0.40564208627225995,0.43937637767356913,0.46556622574440143,0.41173959216318573,0.01908829440979697,0.3809566820325909,0.39441320441421573,0.40608564049372703,0.43912543844188423,0.44484541610106537,0.0,0.0,0.0,0.0,0.0,0.0,0.0,0.0,0.0,0.0,0.0,0.0,0.0,0.0
qore_as_control,nq_18,50,True,15,5,2.0,0.5,5,3;10;18;34;41,0;1;2;4;5;6;7;10;16;17;20;22;25;27;33;36;37;43;49,1,1,8,1,1.8937122567109992,0.37874245134219986,10,8.053153524811632,4.026576762405816,0.0,2.1328645056948172,-47.86713549430518,-47.86713549430518,-47.86713549430518,True,2.1328645056948172,0.0,3003,0.15361939443605802,0.257929527470913,0.009505688093200194,0.01049057644694883,0.04643039122318151,0.3749743838772662,1.0,0.37874245134219986,0.344799685877518,0.09767301071179196,0.11305885509106003,0.14849173524848225,0.8045639556363051,1.0,0.8152295475896106,0.03492667533151032,0.7513784686799734,0.7697264764504322,0.8149434179816809,0.8560331049575993,0.9187583623871677,0.8053153524811633,0.017954185845475323,0.780024649579194,0.7830068588836426,0.8076644256154368,0.8211198490723608,0.8398851800241024,0.4076147737948053,0.01746333766575516,0.3756892343399867,0.3848632382252161,0.40747170899084045,0.42801655247879966,0.45937918119358384,0.40265767624058163,0.008977092922737661,0.390012324789597,0.3915034294418213,0.4038322128077184,0.4105599245361804,0.4199425900120512,0.0,0.0,0.0,0.0,0.0,0.0,0.0,0.0,0.0,0.0,0.0,0.0,0.0,0.0
qore_as_control,nq_19,50,True,15,5,2.0,0.5,5,0;9;11;18;27,0;1;2;3;4;5;6;8;9;11;12;13;15;17;18;21;23;27;31;32;36;43;45;47;49,1,1,14,5,4.934066199304034,0.9868132398608068,10,7.83209567562719,3.916047837813595,0.0,-1.0180183614904394,-51.01801836149044,-51.018018361490434,-51.01801836149044,True,-1.0180183614904394,0.0,3003,0.834889412523544,0.15337692187017973,0.5857389427525248,0.61462042134446,0.9120099556145781,0.9942853231964713,1.0,0.9868132398608068,0.012327564831334098,0.9672293455038817,0.9727435475887043,0.9860393932702867,0.9999130439255711,1.0,0.8042214599012174,0.05533367125014969,0.6852700868056046,0.7422133379634208,0.7961197326348654,0.8726681313635367,0.9607198672584023,0.783209567562719,0.036250093886057246,0.7052118429451573,0.7364224596726064,0.7926605039990331,0.8169935005380164,0.8364373648259474,0.4021107299506087,0.027666835625074843,0.3426350434028023,0.3711066689817104,0.3980598663174327,0.43633406568176836,0.48035993362920115,0.3916047837813595,0.018125046943028623,0.35260592147257863,0.3682112298363032,0.39633025199951655,0.4084967502690082,0.4182186824129737,0.0,0.0,0.0,0.0,0.0,0.0,0.0,0.0,0.0,0.0,0.0,0.0,0.0,0.0
qore_as_control,nq_20,50,True,15,5,2.0,0.5,5,0;6;9;30;42,0;21;42;48,1,1,4,2,1.835181676421668,0.3670363352843336,10,8.389580345605077,4.194790172802539,0.0,2.359608496380871,-47.64039150361913,-47.64039150361913,-47.64039150361913,True,2.359608496380871,0.0,3003,0.12836435043567926,0.26289758511116973,3.089860688252585e-05,0.0001852546936059319,0.0029887390139422894,0.3533134101339004,1.0,0.3670363352843336,0.34835435087947564,0.0029887390139422894,0.07310679241298063,0.19516014401906065,0.7834995683508509,1.0,0.8584620281536771,0.03852168527806289,0.7567086688072092,0.8128852222132589,0.8608854598803558,0.9069636486781257,0.9833612363511843,0.8389580345605078,0.04368054969029562,0.7567086688072092,0.7750986961532339,0.8474875505183059,0.875069017554743,0.9130452554345058,0.42923101407683856,0.019260842639031446,0.3783543344036046,0.40644261110662944,0.4304427299401779,0.45348182433906287,0.49168061817559217,0.4194790172802539,0.02184027484514781,0.3783543344036046,0.38754934807661695,0.42374377525915297,0.4375345087773715,0.4565226277172529,0.0,0.0,0.0,0.0,0.0,0.0,0.0,0.0,0.0,0.0,0.0,0.0,0.0,0.0
qore_as_control,nq_21,50,True,15,5,2.0,0.5,5,0;1;3;25;48,0;1;3;16,1,1,4,3,2.023293489889535,0.404658697977907,10,6.604867223791133,3.3024336118955664,0.0,1.2791401220060314,-48.720859877993966,-48.72085987799397,-48.720859877993966,True,1.2791401220060314,0.0,3003,0.14107293565172008,0.3159501698046642,0.0009190956788062148,0.0014504074310666471,0.0077470374689247576,0.5818261858282185,1.0,0.404658697977907,0.441661608891698,0.0015317577658026783,0.00401786964705151,0.13291315482332916,0.9524406159325914,1.0,0.6682120749456636,0.0902621133301983,0.48737675803338143,0.5314564219883379,0.6763840830102625,0.7587789175851242,0.9300924316791355,0.6604867223791133,0.1304374023652668,0.48737675803338143,0.5293295010112413,0.628105346763106,0.8180793571265226,0.9300924316791355,0.3341060374728318,0.04513105666509915,0.24368837901669071,0.26572821099416893,0.33819204150513127,0.3793894587925621,0.46504621583956773,0.33024336118955666,0.0652187011826334,0.24368837901669071,0.26466475050562066,0.314052673381553,0.4090396785632613,0.46504621583956773,0.0,0.0,0.0,0.0,0.0,0.0,0.0,0.0,0.0,0.0,0.0,0.0,0.0,0.0
qore_as_control,nq_22,50,True,15,5,2.0,0.5,5,0;3;5;26;30,0;3;5;12;17;22;24;26;28;31;34;48,1,1,9,4,3.9168099562395193,0.7833619912479038,10,7.779250985182057,3.8896254925910285,0.0,-0.02718446364849081,-50.02718446364849,-50.027184463648496,-50.02718446364849,True,-0.02718446364849081,0.0,3003,0.4663939921617695,0.29074850658762286,0.18000368944503914,0.19219023330626983,0.35053350442203085,0.970556242091465,1.0,0.7833619912479038,0.2500338102335794,0.3691553898481414,0.469494523287999,0.9301728183734529,0.9989914098280559,1.0,0.7717241875242173,0.07890030771256175,0.624808113535255,0.6823605008221161,0.7516551904641169,0.912568745066179,0.9763227270039844,0.7779250985182056,0.1050571459027654,0.6627960183337469,0.6704093264649122,0.7665825813818857,0.9030742004271732,0.9763227270039844,0.38586209376210867,0.039450153856280874,0.3124040567676275,0.34118025041105804,0.37582759523205844,0.4562843725330895,0.4881613635019922,0.3889625492591028,0.0525285729513827,0.33139800916687345,0.3352046632324561,0.38329129069094287,0.4515371002135866,0.4881613635019922,0.0,0.0,0.0,0.0,0.0,0.0,0.0,0.0,0.0,0.0,0.0,0.0,0.0,0.0
qore_as_control,nq_23,50,True,15,5,2.0,0.5,5,5;7;8;33;34,5;8;31;33,1,1,4,3,4.975225691185964,0.9950451382371928,10,8.251881144429756,4.125940572214878,0.0,-0.8492851189710855,-50.84928511897108,-50.84928511897108,-50.84928511897108,True,-0.8492851189710855,0.0,3003,0.7507447675220594,0.24828956432739166,0.33691533701965687,0.3706689950389776,0.747557583242082,0.9981547893163213,1.0,0.9950451382371928,0.00517652377621711,0.985627269342099,0.9888355804256012,0.9970771777974237,0.9995492787982345,1.0,0.836330826979516,0.04365658435366459,0.7527573902845481,0.7847001749816079,0.8286640385253552,0.9056339522141035,0.9326124124819022,0.8251881144429758,0.046539723800880325,0.7710822631795677,0.7742269275097748,0.8143493195749083,0.8838417374166585,0.9265952218029283,0.418165413489758,0.021828292176832294,0.37637869514227407,0.39235008749080397,0.4143320192626776,0.45281697610705174,0.4663062062409511,0.4125940572214879,0.023269861900440163,0.38554113158978387,0.3871134637548874,0.40717465978745415,0.44192086870832925,0.46329761090146415,0.0,0.0,0.0,0.0,0.0,0.0,0.0,0.0,0.0,0.0,0.0,0.0,0.0,0.0
qore_as_control,nq_24,50,True,15,5,2.0,0.5,5,0;1;2;4;7,0;2;4;7,1,1,4,4,4.799399813523605,0.9598799627047212,10,9.102010331457288,4.551005165728644,0.0,-0.248394647794961,-50.24839464779496,-50.24839464779496,-50.24839464779496,True,-0.248394647794961,0.0,3003,0.36910450325593136,0.4463964184866513,0.0021646328049644307,0.0033922230263529586,0.014892892961310479,0.9976131067705598,1.0,0.9598799627047212,0.07559291261409196,0.808725166878413,0.8836153293341622,0.9961066870294212,0.9994469546391942,1.0,0.8103232650275454,0.06992408805889677,0.6545802474284361,0.7063350359124521,0.8148282687560893,0.9006586420856272,0.9928394773274056,0.9102010331457286,0.03274099815975174,0.8764364835091011,0.880561811392627,0.9026524724683546,0.9432574437778863,0.9928394773274056,0.4051616325137727,0.034962044029448386,0.32729012371421806,0.35316751795622603,0.40741413437804463,0.4503293210428136,0.4964197386637028,0.4551005165728643,0.01637049907987587,0.43821824175455054,0.4402809056963135,0.4513262362341773,0.47162872188894317,0.4964197386637028,0.0,0.0,0.0,0.0,0.0,0.0,0.0,0.0,0.0,0.0,0.0,0.0,0.0,0.0
qore_as_control,nq_25,50,True,15,5,2.0,0.5,5,7;15;19;24;43,0;3;5;15;19;24;34;37;41;42;43;45,1,1,8,4,2.775772143902786,0.5551544287805572,10,7.718850651428917,3.8594253257144584,0.0,1.0836531818116724,-48.91634681818833,-48.91634681818833,-48.91634681818833,True,1.0836531818116724,0.0,3003,0.28673695700351237,0.2641449169472779,0.08223251580252831,0.08957053461402542,0.15750701680110116,0.6555375255222347,1.0,0.5551544287805572,0.3043602096923626,0.24014238116827652,0.2700953962916766,0.384126903662024,0.9345911760382835,1.0,0.8054760571231461,0.05282117110789357,0.7061812074376752,0.7432686369016485,0.7976930166604819,0.8631720022685551,0.9644144907837168,0.7718850651428917,0.04377499046359293,0.7061812074376752,0.7186566963542707,0.7662608350743592,0.8428789783677398,0.849015955979171,0.40273802856157304,0.026410585553946785,0.3530906037188376,0.37163431845082423,0.39884650833024093,0.43158600113427753,0.4822072453918584,0.38594253257144584,0.021887495231796464,0.3530906037188376,0.3593283481771353,0.3831304175371796,0.4214394891838699,0.4245079779895855,0.0,0.0,0.0,0.0,0.0,0.0,0.0,0.0,0.0,0.0,0.0,0.0,0.0,0.0
qore_as_control,nq_26,50,True,15,5,2.0,0.5,5,8;23;29;45;46,,0,0,0,0,2.121553989416201,0.4243107978832402,10,6.7274156580008535,3.3637078290004268,0.0,1.2421538395842258,-48.757846160415774,-48.75784616041578,-48.757846160415774,True,1.2421538395842258,0.0,3003,0.16533667246641356,0.25767760385077765,0.011494954684073872,0.014085325677308535,0.037702903035325336,0.40548408609663555,1.0,0.4243107978832402,0.3113310878713211,0.1398823528696895,0.17024733563936306,0.2702100497747364,0.7982667107911607,1.0,0.6854720812645261,0.06156359434057325,0.5120357580545339,0.6056491496444653,0.6913996795406004,0.763682866344862,0.8071053609353325,0.6727415658000854,0.0486356660378534,0.5933203550883271,0.6064977436695099,0.6830811854709264,0.723065006272703,0.7361726600395357,0.34273604063226304,0.030781797170286625,0.25601787902726697,0.30282457482223263,0.3456998397703002,0.381841433172431,0.40355268046766624,0.3363707829000427,0.0243178330189267,0.2966601775441636,0.30324887183475496,0.3415405927354632,0.3615325031363515,0.36808633001976787,0.0,0.0,0.0,0.0,0.0,0.0,0.0,0.0,0.0,0.0,0.0,0.0,0.0,0.0
qore_as_control,nq_27,50,True,15,5,2.0,0.5,5,0;13;14;20;29,0,1,1,1,1,1.3869545106647316,0.27739090213294637,10,6.411275353263262,3.205637676631631,0.0,1.8186831659668994,-48.1813168340331,-48.1813168340331,-48.1813168340331,True,1.8186831659668994,0.0,3003,0.09480811112232826,0.26002735071785216,0.00019080281988457896,0.0002471728893008277,0.0007222663957482359,0.23892887171579122,1.0,0.27739090213294637,0.39086585833325777,0.00019080281988457896,0.0003621882328473622,0.0006469440291963784,0.7541989989853437,1.0,0.6749185367627637,0.0691947343993817,0.49418419433855076,0.6064982918958368,0.6682690087720599,0.7493175420217332,0.926695339507379,0.6411275353263263,0.07817961483418762,0.49418419433855076,0.5775291994955882,0.6374378180539524,0.7075093737166877,0.8045433906870663,0.33745926838138185,0.03459736719969085,0.24709209716927538,0.3032491459479184,0.33413450438602993,0.3746587710108666,0.4633476697536895,0.32056376766316313,0.03908980741709381,0.24709209716927538,0.2887645997477941,0.3187189090269762,0.3537546868583438,0.40227169534353313,0.0,0.0,0.0,0.0,0.0,0.0,0.0,0.0,0.0,0.0,0.0,0.0,0.0,0.0
qore_as_control,nq_28,50,True,15,5,2.0,0.5,5,14;31;32;35;40,0;1;3;11;14;15;18;25;28;31;32;35;40;45,1,1,10,5,4.9930864887400315,0.9986172977480061,10,8.423135163671047,4.211567581835523,0.0,-0.7815189069045081,-50.78151890690451,-50.78151890690451,-50.78151890690451,True,-0.7815189069045081,0.0,3003,0.7949709843727217,0.284894693066483,0.26740832045743973,0.3030743015777061,0.9972936063693785,0.9999977349361738,1.0,0.9986172977480061,0.001061733088697729,0.9972936063693785,0.9973645624740806,0.9989723763062304,0.9997392077038874,0.9999970196528603,0.8549964811619327,0.04669820908577827,0.7573698638998101,0.7995302025851869,0.8503699329954374,0.9136746412383325,0.993528228238419,0.8423135163671047,0.05544683712935106,0.7985202554687765,0.7996780450996331,0.8190234167633348,0.8814155204734545,0.9934554844056915,0.42749824058096636,0.023349104542889135,0.37868493194990505,0.39976510129259346,0.4251849664977187,0.45683732061916626,0.4967641141192095,0.42115675818355236,0.02772341856467553,0.39926012773438824,0.39983902254981657,0.4095117083816674,0.44070776023672725,0.49672774220284577,0.0,0.0,0.0,0.0,0.0,0.0,0.0,0.0,0.0,0.0,0.0,0.0,0.0,0.0
qore_as_control,nq_29,50,True,15,5,2.0,0.5,5,2;4;9;10;22,1;2,1,1,2,1,2.7579169733478777,0.5515833946695754,10,8.54679389984977,4.273396949924885,0.0,1.5154799765770077,-48.484520023422995,-48.48452002342299,-48.484520023422995,True,1.5154799765770077,0.0,3003,0.259646865280563,0.2674362145844589,0.02388676940415537,0.03623385278064051,0.1328601750427932,0.5913549525403377,1.0,0.5515833946695754,0.26607826950588737,0.2799219707929895,0.308266693101534,0.4248589152699229,0.8809409242882458,1.0,0.8660041491906013,0.050187146127116576,0.716088608679798,0.7845717249775574,0.8747340253442412,0.9240740800761139,0.9428035632273248,0.8546793899849771,0.049223668108567736,0.7607982256085692,0.7761817259190584,0.868919594343032,0.9005301268696916,0.9203128769218178,0.43300207459530066,0.025093573063558288,0.358044304339899,0.3922858624887787,0.4373670126721206,0.46203704003805696,0.4714017816136624,0.42733969499248853,0.024611834054283868,0.3803991128042846,0.3880908629595292,0.434459797171516,0.4502650634348458,0.4601564384609089,0.0,0.0,0.0,0.0,0.0,0.0,0.0,0.0,0.0,0.0,0.0,0.0,0.0,0.0
qore_as_control,nq_30,50,True,15,5,2.0,0.5,5,0;1;25;27;33,0;1;3;6;10;25;27;29,1,1,6,4,3.3758250044626807,0.6751650008925362,10,7.933957345585538,3.966978672792769,0.0,0.5911536683300884,-49.40884633166991,-49.40884633166992,-49.40884633166991,True,0.5911536683300884,0.0,3003,0.2633682597518741,0.35814773369276554,0.013371341942503528,0.01500144697719938,0.04326505757603461,0.87138614975744,1.0,0.6751650008925362,0.35017884009539435,0.020050081078188887,0.26977581347753843,0.7773007851365876,0.9736438904685366,1.0,0.7982289269353908,0.07586581846824546,0.6125713516560192,0.6866829786379565,0.8152504426852613,0.8895463079121726,0.9477852254155247,0.7933957345585538,0.09011605905196321,0.6768597748541418,0.6813232141873294,0.8137842492781611,0.8778151077616124,0.9477852254155247,0.3991144634676954,0.03793290923412273,0.3062856758280096,0.34334148931897823,0.40762522134263063,0.4447731539560863,0.47389261270776234,0.3966978672792769,0.045058029525981605,0.3384298874270709,0.3406616070936647,0.40689212463908053,0.4389075538808062,0.47389261270776234,0.0,0.0,0.0,0.0,0.0,0.0,0.0,0.0,0.0,0.0,0.0,0.0,0.0,0.0
qore_as_control,nq_31,50,True,15,5,2.0,0.5,5,0;3;5;6;44,0,1,1,1,1,2.774005721982603,0.5548011443965206,10,8.118790882970668,4.059395441485334,0.0,1.285389719502731,-48.71461028049727,-48.71461028049727,-48.71461028049727,True,1.285389719502731,0.0,3003,0.1910439178241231,0.35004776188379105,0.001521647276085501,0.003083618961044088,0.01616084892095139,0.841500217678973,1.0,0.5548011443965206,0.41110574025927,0.030075959915959426,0.07348276146742583,0.6085093064211884,0.9987309967403318,1.0,0.7597123413486297,0.06454945456285147,0.6405324400920127,0.6850975031230356,0.7513120070009254,0.8348138598418589,1.0,0.8118790882970668,0.1148319652782668,0.6755333986115426,0.6776554000798461,0.8189363573849594,0.9618248900629738,0.9851905059022481,0.3798561706743149,0.03227472728142573,0.32026622004600636,0.3425487515615178,0.3756560035004627,0.4174069299209294,0.5,0.4059395441485334,0.0574159826391334,0.3377666993057713,0.3388277000399231,0.4094681786924797,0.4809124450314869,0.49259525295112405,0.0,0.0,0.0,0.0,0.0,0.0,0.0,0.0,0.0,0.0,0.0,0.0,0.0,0.0
qore_as_control,nq_32,50,True,15,5,2.0,0.5,5,3;5;15;19;32,,0,0,0,0,4.754475675595298,0.9508951351190597,10,7.884039045177902,3.942019522588951,0.0,-0.8124561530063472,-50.812456153006345,-50.812456153006345,-50.812456153006345,True,-0.8124561530063472,0.0,3003,0.6995815005463472,0.23989088212721255,0.20115025015396373,0.43791857216837904,0.6736564441988904,0.9940117675851071,1.0,0.9508951351190597,0.08261332541792876,0.7862747818672942,0.8650004477172667,0.985277003781801,0.9999339773815912,1.0,0.8072129452692665,0.05539814944748499,0.6819043800791291,0.7406240011556884,0.8003005389905975,0.8749534327896858,0.9951525436247781,0.7884039045177901,0.049133309267554756,0.6819043800791291,0.7264670999662873,0.7915512910350033,0.8385656875201886,0.855806162441956,0.40360647263463323,0.027699074723742494,0.34095219003956456,0.3703120005778442,0.40015026949529875,0.4374767163948429,0.49757627181238906,0.39420195225889504,0.024566654633777378,0.34095219003956456,0.36323354998314367,0.39577564551750166,0.4192828437600943,0.427903081220978,0.0,0.0,0.0,0.0,0.0,0.0,0.0,0.0,0.0,0.0,0.0,0.0,0.0,0.0
qore_as_control,nq_33,50,True,15,5,2.0,0.5,5,5;28;31;39;47,0;6,1,0,2,0,1.2300992047129007,0.24601984094258014,10,6.037403700293252,3.018701850146626,0.0,1.7886026454337254,-48.21139735456627,-48.21139735456627,-48.21139735456627,True,1.7886026454337254,0.0,3003,0.08347363853224035,0.2514528237394525,1.8270208570063746e-05,1.977890556867553e-05,0.00042724440620863467,0.1401384887455082,1.0,0.24601984094258014,0.3873553144784852,2.0164799976933592e-05,2.8303237720035453e-05,0.00014837068404571917,0.6919560633338173,1.0,0.6622540021369535,0.11245446719387417,0.5057952209542509,0.5516594523844564,0.6376555444490543,0.8794803135247378,0.9314832836022618,0.6037403700293253,0.117113246031696,0.5057952209542509,0.5103784896975443,0.5588921975154315,0.707626508184416,0.9211445596747128,0.33112700106847676,0.056227233596937085,0.25289761047712545,0.2758297261922282,0.31882777222452713,0.4397401567623689,0.4657416418011309,0.3018701850146627,0.058556623015848,0.25289761047712545,0.25518924484877215,0.27944609875771576,0.353813254092208,0.4605722798373564,0.0,0.0,0.0,0.0,0.0,0.0,0.0,0.0,0.0,0.0,0.0,0.0,0.0,0.0
qore_as_control,nq_34,50,True,15,5,2.0,0.5,5,2;6;7;8;31,1;4;8;13;31,1,1,5,2,4.9860102208989,0.9972020441797801,10,8.244662323566812,4.122331161783406,0.0,-0.8636790591154941,-50.8636790591155,-50.8636790591155,-50.8636790591155,True,-0.8636790591154941,0.0,3003,0.7420913479480303,0.344221717550784,0.1434909917012017,0.18636777993479192,0.9630323597990139,0.9997065763222435,1.0,0.9972020441797801,0.0031568957263782044,0.9918928208478788,0.9932691965278341,0.9987865010450462,0.9999988555832833,1.0,0.830179913941522,0.0462260663223047,0.7525212681558764,0.7853419742671847,0.8177787435105062,0.901615159976112,0.9838110073825619,0.8244662323566813,0.059634649461069646,0.7594405071375887,0.7627662629732915,0.8088667624750217,0.8608429072547712,0.9838110073825619,0.415089956970761,0.02311303316115235,0.3762606340779382,0.39267098713359233,0.4088893717552531,0.450807579988056,0.49190550369128094,0.41223311617834063,0.029817324730534823,0.37972025356879435,0.38138313148664577,0.4044333812375108,0.4304214536273856,0.49190550369128094,0.0,0.0,0.0,0.0,0.0,0.0,0.0,0.0,0.0,0.0,0.0,0.0,0.0,0.0
qore_as_control,nq_35,50,True,15,5,2.0,0.5,5,3;5;6;11;15,3;5;6,1,1,3,3,3.8917988597479978,0.7783597719495996,10,9.007959164971728,4.503979582485864,0.0,0.6121807227378664,-49.38781927726213,-49.38781927726214,-49.38781927726213,True,0.6121807227378664,0.0,3003,0.2898679268804874,0.38000600417092056,0.014722419727773276,0.023612264083877187,0.04690624083204889,0.997442254911628,1.0,0.7783597719495996,0.27165455804597854,0.3892864251968178,0.4369583796647335,0.9949270949955803,0.9996476112755972,1.0,0.8162749092827407,0.06784981947965385,0.669618924414143,0.7322697311721307,0.8168417954414511,0.8972743587877341,1.0,0.900795916497173,0.05227868571973919,0.8262996203661307,0.85032781136599,0.8909587513399411,0.9680920471987644,0.994325666766258,0.40813745464137036,0.033924909739826925,0.3348094622070715,0.36613486558606534,0.40842089772072554,0.44863717939386705,0.5,0.4503979582485865,0.026139342859869595,0.41314981018306535,0.425163905682995,0.44547937566997053,0.4840460235993822,0.497162833383129,0.0,0.0,0.0,0.0,0.0,0.0,0.0,0.0,0.0,0.0,0.0,0.0,0.0,0.0
qore_as_control,nq_36,50,True,15,5,2.0,0.5,5,3;17;20;27;31,5;7,1,0,2,0,1.7750659077830901,0.355013181556618,10,7.486184147000069,3.7430920735000344,0.0,1.9680261657169442,-48.03197383428306,-48.03197383428305,-48.03197383428306,True,1.9680261657169442,0.0,3003,0.15548492325141597,0.26342596692357073,0.01804831410913509,0.02671003592876883,0.03540578707676514,0.42188585860156236,1.0,0.355013181556618,0.37828918941377576,0.01804831410913509,0.04267083964743985,0.10463539532920806,0.82911102815594,1.0,0.82061206065399,0.07562018492584212,0.6315943312965909,0.713257980186055,0.8356448150203857,0.9111157418922184,0.9618676427390258,0.7486184147000068,0.06257247960557843,0.6933482477639039,0.6994861330783522,0.7151516836034495,0.8205859940441882,0.9003538185054402,0.410306030326995,0.03781009246292106,0.31579716564829546,0.3566289900930275,0.41782240751019284,0.4555578709461092,0.4809338213695129,0.3743092073500034,0.03128623980278922,0.34667412388195196,0.3497430665391761,0.35757584180172475,0.4102929970220941,0.4501769092527201,0.0,0.0,0.0,0.0,0.0,0.0,0.0,0.0,0.0,0.0,0.0,0.0,0.0,0.0
qore_as_control,nq_37,50,True,15,5,2.0,0.5,5,0;3;17;30;33,0;3;23;30,1,1,3,3,3.3002181450110157,0.6600436290022031,10,7.393257980810526,3.696628990405263,0.0,0.3964108453942474,-49.60358915460575,-49.60358915460574,-49.60358915460575,True,0.3964108453942474,0.0,3003,0.2807282174562324,0.3422841615176813,0.03103827881771497,0.03157297571771724,0.15394718138594857,0.9394572245933027,1.0,0.6600436290022031,0.3594992484251549,0.19301527612957856,0.2191064302608522,0.8495929993045096,0.9997466832476659,1.0,0.7298329141301496,0.06682281755659202,0.5747405347673046,0.6668266282749001,0.7204142392770725,0.8261738131200157,0.9216692486229623,0.7393257980810526,0.09375077224334087,0.5924404992720992,0.6589938477904123,0.7140237469101149,0.8609062028528548,0.9216692486229623,0.3649164570650748,0.03341140877829601,0.2873702673836523,0.33341331413745007,0.36020711963853624,0.41308690656000785,0.46083462431148114,0.3696628990405263,0.046875386121670436,0.2962202496360496,0.32949692389520613,0.35701187345505747,0.4304531014264274,0.46083462431148114,0.0,0.0,0.0,0.0,0.0,0.0,0.0,0.0,0.0,0.0,0.0,0.0,0.0,0.0
qore_as_control,nq_38,50,True,15,5,2.0,0.5,5,0;5;6;8;11,0;1;2;3;4;5;6;7;8;11;17;19;25;26;31;33;45;47,1,1,15,5,4.56826899721508,0.9136537994430161,10,8.587860043478145,4.293930021739072,0.0,-0.2743389754760077,-50.274338975476006,-50.274338975476006,-50.274338975476006,True,-0.2743389754760077,0.0,3003,0.49006622372708536,0.3517442024774396,0.03882999010163419,0.07014248922133512,0.43417249523661416,0.9634123531198893,1.0,0.9136537994430161,0.0841939097758362,0.7719825489588368,0.817990968054228,0.9107867890773398,0.9993984249926355,1.0,0.852644236098058,0.04850966864535422,0.7511672601531357,0.7949144993283592,0.8564502455827572,0.9121764704462508,0.9878484784859262,0.8587860043478145,0.05793940266294754,0.7769626385069662,0.7848017348506778,0.8650180666667349,0.9044535972635569,0.9878484784859262,0.426322118049029,0.02425483432267711,0.37558363007656786,0.3974572496641796,0.4282251227913786,0.4560882352231254,0.4939242392429631,0.42939300217390725,0.02896970133147377,0.3884813192534831,0.3924008674253389,0.43250903333336743,0.45222679863177845,0.4939242392429631,0.0,0.0,0.0,0.0,0.0,0.0,0.0,0.0,0.0,0.0,0.0,0.0,0.0,0.0
qore_as_control,nq_39,50,True,15,5,2.0,0.5,5,0;1;27;41;47,2;3;4;6;8;10;11;15;16;19;23;33;38;40;43;44;45;47,1,1,8,1,4.692962626592501,0.9385925253185002,10,8.500325287756468,4.250162643878234,0.0,-0.44279998271426724,-50.44279998271427,-50.44279998271426,-50.44279998271427,True,-0.44279998271426724,0.0,3003,0.7616325292989787,0.1818635584550805,0.44179100323897424,0.4837756398004381,0.8138167495567322,0.955409254035782,1.0,0.9385925253185002,0.04269656789140742,0.8936890051200281,0.8960576416638442,0.9219428047998028,0.9910880880772406,1.0,0.8622900926824496,0.05276632386955162,0.7296388336053895,0.7964272860231201,0.8591258784919027,0.9406635466016948,0.9701003071413852,0.8500325287756467,0.03820141846036514,0.791255382796923,0.8148265511120764,0.8422519278062155,0.9095692523487761,0.9207753488865875,0.4311450463412248,0.02638316193477581,0.36481941680269475,0.39821364301156004,0.42956293924595135,0.4703317733008474,0.4850501535706926,0.42501626438782336,0.01910070923018257,0.3956276913984615,0.4074132755560382,0.42112596390310775,0.45478462617438803,0.46038767444329376,0.0,0.0,0.0,0.0,0.0,0.0,0.0,0.0,0.0,0.0,0.0,0.0,0.0,0.0
qore_as_control,nq_40,50,True,15,5,2.0,0.5,5,1;6;13;30;34,,0,0,0,0,4.128041013555297,0.8256082027110596,10,8.86337336104519,4.431686680522595,0.0,0.3036456669672978,-49.6963543330327,-49.69635433303271,-49.6963543330327,True,0.3036456669672978,0.0,3003,0.40098101852178536,0.33592408915820343,0.0733510016476158,0.07556141603491237,0.2502682183605743,0.9733070154966512,1.0,0.8256082027110596,0.20716831804087843,0.4615600657448096,0.5680856940121193,0.9492853567089555,0.9957285818753794,1.0,0.8728578134204888,0.03454862357418073,0.7654346630284025,0.826699613545478,0.8762298319604421,0.9157206672412831,0.9435299184595061,0.8863373361045189,0.019571600874911693,0.8414803837477999,0.8687112542533697,0.8911691074313665,0.9050062365538187,0.9132556977593554,0.4364289067102444,0.017274311787090366,0.38271733151420123,0.413349806772739,0.43811491598022106,0.45786033362064155,0.47176495922975303,0.44316866805225946,0.009785800437455847,0.42074019187389994,0.43435562712668485,0.44558455371568323,0.45250311827690937,0.4566278488796777,0.0,0.0,0.0,0.0,0.0,0.0,0.0,0.0,0.0,0.0,0.0,0.0,0.0,0.0
qore_as_control,nq_41,50,True,15,5,2.0,0.5,5,8;12;17;31;42,,0,0,0,0,1.4354384896634054,0.2870876979326811,10,8.029609282684909,4.0148046413424545,0.0,2.579366151679049,-47.42063384832095,-47.420633848320946,-47.42063384832095,True,2.579366151679049,0.0,3003,0.11155777367428805,0.24544349308052352,0.004066000132087808,0.005019798031304377,0.02079348088499579,0.2013027567766853,1.0,0.2870876979326811,0.3652417518062726,0.02079348088499579,0.023376484294343206,0.1556682742267091,0.6926902980573345,1.0,0.8207491464689466,0.04639669206875713,0.7017447830175803,0.7610041658145558,0.8245424582715183,0.8659370421957732,0.9979269220183202,0.8029609282684909,0.04943359304413242,0.7017447830175803,0.7340278885538198,0.8084318700275067,0.8608664454805075,0.862236782956441,0.4103745732344733,0.023198346034378564,0.3508723915087901,0.3805020829072779,0.41227122913575914,0.4329685210978866,0.4989634610091601,0.40148046413424543,0.02471679652206621,0.3508723915087901,0.3670139442769099,0.40421593501375336,0.43043322274025375,0.4311183914782205,0.0,0.0,0.0,0.0,0.0,0.0,0.0,0.0,0.0,0.0,0.0,0.0,0.0,0.0
qore_as_control,nq_42,50,True,15,5,2.0,0.5,5,0;13;14;17;21,0;14;21;29,1,1,4,3,4.752438773689272,0.9504877547378545,10,8.090624904723967,4.0453124523619834,0.0,-0.7071263213272889,-50.70712632132729,-50.70712632132729,-50.70712632132729,True,-0.7071263213272889,0.0,3003,0.6226762567343006,0.33821109612196043,0.013348642360912762,0.14338689534167315,0.7645628947985844,0.9589793451310777,1.0,0.9504877547378545,0.034452927962938217,0.8935789444804229,0.9136307189299204,0.9505576201586586,0.9858375313784096,1.0,0.8230620763780979,0.056310589637365405,0.7006544533727264,0.7534161255319717,0.8221172831498527,0.8895689403091531,0.9960040639598509,0.8090624904723966,0.05266751241373544,0.7235527145358642,0.7554095520752075,0.8016660325369938,0.8736415995401111,0.9062698630899018,0.41153103818904896,0.028155294818682702,0.3503272266863632,0.37670806276598584,0.41105864157492633,0.44478447015457656,0.49800203197992543,0.4045312452361983,0.02633375620686772,0.3617763572679321,0.3777047760376038,0.4008330162684969,0.43682079977005556,0.4531349315449509,0.0,0.0,0.0,0.0,0.0,0.0,0.0,0.0,0.0,0.0,0.0,0.0,0.0,0.0
qore_as_control,nq_43,50,True,15,5,2.0,0.5,5,8;26;34;35;36,,0,0,0,0,1.050378585090471,0.2100757170180942,10,6.789006493212653,3.3945032466063263,0.0,2.3441246615158553,-47.655875338484144,-47.655875338484144,-47.655875338484144,True,2.3441246615158553,0.0,3003,0.07581274248220522,0.24710400561972432,0.003892341097987937,0.004291075276528871,0.007457085021110518,0.025799168094368406,1.0,0.2100757170180942,0.3949837331865177,0.007457085021110518,0.00789240406738094,0.0168063475474908,0.6070279079540333,1.0,0.7275027627665309,0.05175440818881016,0.6286555406887996,0.6647967800858011,0.7241880967381179,0.787131280776798,0.9930370706456553,0.6789006493212653,0.03242798087113077,0.6443526407852209,0.6455175212481891,0.6657480344830562,0.7163617220892445,0.7494765327280788,0.36375138138326546,0.02587720409440508,0.3143277703443998,0.33239839004290056,0.36209404836905895,0.393565640388399,0.49651853532282764,0.33945032466063263,0.016213990435565383,0.32217632039261046,0.32275876062409453,0.3328740172415281,0.35818086104462227,0.3747382663640394,0.0,0.0,0.0,0.0,0.0,0.0,0.0,0.0,0.0,0.0,0.0,0.0,0.0,0.0
qore_as_control,nq_44,50,True,15,5,2.0,0.5,5,0;5;25;41;44,47,0,0,0,0,2.167692392974435,0.4335384785948871,10,8.5913875443638,4.2956937721819,0.0,2.128001379207465,-47.87199862079254,-47.87199862079254,-47.87199862079254,True,2.128001379207465,0.0,3003,0.2345903323885867,0.2390186954226553,0.056706299187680574,0.07576670358535306,0.17400889678673861,0.4590055577812289,1.0,0.4335384785948871,0.32326929693076173,0.08869175361083383,0.13853805142884035,0.30205163471710866,0.8254566025962571,1.0,0.8905559376230471,0.03953634983866424,0.7671220927202687,0.8164073397072447,0.8985936465515634,0.9304133452201436,0.9604907647764178,0.85913875443638,0.050373377800001666,0.7671220927202687,0.7987466755426728,0.863865042910339,0.9227531346259106,0.9300586520784595,0.44527796881152354,0.01976817491933212,0.38356104636013433,0.40820366985362233,0.4492968232757817,0.4652066726100718,0.4802453823882089,0.42956937721819,0.025186688900000833,0.38356104636013433,0.3993733377713364,0.4319325214551695,0.4613765673129553,0.46502932603922975,0.0,0.0,0.0,0.0,0.0,0.0,0.0,0.0,0.0,0.0,0.0,0.0,0.0,0.0
qore_as_control,nq_45,50,True,15,5,2.0,0.5,5,6;11;35;40;49,0;1;2;3;4;5;6;7;8;10;11;13;14;15;16;17;19;20;23;24;25;26;27;28;29;30;31;32;33;35;36;37;39;40;41;43;44;45;46;47;48;49,1,1,15,5,4.99606033146742,0.9992120662934839,10,8.518551726209793,4.259275863104897,0.0,-0.7367844683625231,-50.73678446836252,-50.73678446836252,-50.73678446836252,True,-0.7367844683625231,0.0,3003,0.9992720857135269,0.0012462911617858612,0.9951952674018574,0.9981079219573388,0.9997852390389154,0.9999898669543758,1.0,0.9992120662934839,0.0008740141991700565,0.9978691397175095,0.9981079219573388,0.9998675551330752,0.9999359591516543,0.9999647131587671,0.8965673873950656,0.03170772472414702,0.8219356055003086,0.8547069803793711,0.902762339083756,0.935069839366316,0.9533146059223175,0.8518551726209793,0.026453335462866823,0.8219356055003086,0.8225386329949347,0.8433211654861383,0.8825827222308867,0.9105372616088514,0.4482836936975328,0.01585386236207351,0.4109678027501543,0.42735349018968555,0.451381169541878,0.467534919683158,0.47665730296115877,0.42592758631048966,0.013226667731433411,0.4109678027501543,0.41126931649746734,0.42166058274306917,0.44129136111544337,0.4552686308044257,0.0,0.0,0.0,0.0,0.0,0.0,0.0,0.0,0.0,0.0,0.0,0.0,0.0,0.0
qore_as_control,nq_46,50,True,15,5,2.0,0.5,5,10;20;22;28;29,8;9;12,1,0,3,0,4.946537712654796,0.9893075425309592,10,8.46292831698153,4.231464158490765,0.0,-0.7150735541640305,-50.71507355416403,-50.71507355416403,-50.71507355416403,True,-0.7150735541640305,0.0,3003,0.992019548872579,0.013292169049330995,0.9505861102637396,0.9774702267835319,0.9982695028626256,0.9999580817916982,1.0,0.9893075425309592,0.01936760323413537,0.9505861102637396,0.969659467303294,0.9985713711886216,0.9995557456780574,0.999557271710669,0.8883264192005226,0.030517353134334253,0.8105155264124326,0.852226628968179,0.8910942422804693,0.9248559603600404,0.9788476870467662,0.8462928316981531,0.01916220943976381,0.8105155264124326,0.8114949328578668,0.8520368684979677,0.8641977923707129,0.866134138307158,0.4441632096002613,0.015258676567167126,0.4052577632062163,0.4261133144840895,0.44554712114023465,0.4624279801800202,0.4894238435233831,0.42314641584907653,0.009581104719881906,0.4052577632062163,0.4057474664289334,0.42601843424898383,0.43209889618535646,0.433067069153579,0.0,0.0,0.0,0.0,0.0,0.0,0.0,0.0,0.0,0.0,0.0,0.0,0.0,0.0
qore_as_control,nq_47,50,True,15,5,2.0,0.5,5,2;16;19;29;36,2;6;9;22;36;38;40;43,1,1,3,2,4.099135489793822,0.8198270979587644,10,8.723644402056744,4.361822201028372,0.0,0.2626867112345499,-49.73731328876545,-49.73731328876545,-49.73731328876545,True,0.2626867112345499,0.0,3003,0.4596264396558828,0.2970570386104761,0.11040292289787214,0.12556905441314833,0.33715496616445384,0.8722210954253253,1.0,0.8198270979587644,0.12385385553361843,0.6824672117566136,0.6873791503939432,0.804658181935186,0.9669052151008339,1.0,0.8867764846553409,0.0356857391672401,0.7963446111201722,0.8386936303420846,0.892193678132366,0.9314880588485855,0.9731882327161061,0.8723644402056745,0.04323543229226439,0.7971885689135815,0.8184721369335404,0.8765647243374859,0.9182425599548255,0.9524649647784204,0.44338824232767043,0.01784286958362005,0.3981723055600861,0.4193468151710423,0.446096839066183,0.46574402942429277,0.48659411635805305,0.43618222010283725,0.021617716146132195,0.39859428445679074,0.4092360684667702,0.43828236216874294,0.45912127997741276,0.4762324823892102,0.0,0.0,0.0,0.0,0.0,0.0,0.0,0.0,0.0,0.0,0.0,0.0,0.0,0.0
qore_as_control,nq_48,50,True,15,5,2.0,0.5,5,1;2;3;25;34,0;1;2;4;6;7;9;16;18;41;47,1,1,5,2,4.693445346019639,0.9386890692039278,10,7.677023478348123,3.8385117391740615,0.0,-0.8549336068455777,-50.85493360684558,-50.85493360684558,-50.85493360684558,True,-0.8549336068455777,0.0,3003,0.612725422888045,0.3155680860964632,0.1915452425138488,0.23740946501758528,0.5084659531721255,0.9863449565299348,1.0,0.9386890692039278,0.09200355054363607,0.7559986128670868,0.840136517223272,0.9815852955353337,0.9958072255438676,1.0,0.7819894069464378,0.07051438975096905,0.6490571293701062,0.6916282871391205,0.7831699098710627,0.8714807734677534,0.9808060948898776,0.7677023478348123,0.08303096662575861,0.6490571293701062,0.6617405537187151,0.769876015244507,0.8783479181651637,0.90927162593952,0.3909947034732189,0.035257194875484524,0.3245285646850531,0.34581414356956025,0.39158495493553136,0.4357403867338767,0.4904030474449388,0.38385117391740614,0.041515483312879305,0.3245285646850531,0.33087027685935755,0.3849380076222535,0.43917395908258183,0.45463581296976,0.0,0.0,0.0,0.0,0.0,0.0,0.0,0.0,0.0,0.0,0.0,0.0,0.0,0.0
qore_as_control,nq_49,50,True,15,5,2.0,0.5,5,1;6;35;41;45,10;21;45,1,1,1,1,1.492200364806064,0.2984400729612128,10,7.955556703109785,3.9777783515548926,0.0,2.4855779867488286,-47.51442201325117,-47.51442201325117,-47.51442201325117,True,2.4855779867488286,0.0,3003,0.11698380047380484,0.2468064378349838,0.0034416468792690487,0.005008742668745945,0.012683794243680931,0.20294404321154036,1.0,0.2984400729612128,0.3579551790492989,0.004878433995599947,0.04388399133391776,0.16602100136011755,0.6875634408435809,1.0,0.8208419753260272,0.06359713261281733,0.7065565725144864,0.754900085664502,0.7988707592903137,0.9175893592084834,0.9665222867031614,0.7955556703109785,0.050679367335298146,0.7354802107870636,0.7411858032607266,0.7844386225236117,0.8675735598892056,0.8890551987382156,0.4104209876630136,0.03179856630640866,0.3532782862572432,0.377450042832251,0.39943537964515685,0.4587946796042417,0.4832611433515807,0.39777783515548926,0.025339683667649073,0.3677401053935318,0.3705929016303633,0.39221931126180587,0.4337867799446028,0.4445275993691078,0.0,0.0,0.0,0.0,0.0,0.0,0.0,0.0,0.0,0.0,0.0,0.0,0.0,0.0
qore_as_control,nq_50,50,True,15,5,2.0,0.5,5,3;12;17;28;29,,0,0,0,0,2.5551099194747704,0.5110219838949541,10,7.594973493197577,3.7974867465987887,0.0,1.2423768271240183,-48.75762317287598,-48.75762317287598,-48.75762317287598,True,1.2423768271240183,0.0,3003,0.1941964277486892,0.32181536800114163,0.0007412936282503081,0.0014668975746271295,0.00914917272576137,0.7180994228409607,1.0,0.5110219838949541,0.3892892378460222,0.0007412936282503081,0.08724178220636768,0.4216312181141248,0.9662979570635407,1.0,0.8188306649843569,0.07674335948131802,0.6020596657462578,0.6928291798979012,0.8379275774860966,0.9047311890280384,0.9362915590605765,0.7594973493197578,0.09785140792595586,0.6020596657462578,0.6711791624615217,0.7397378202625664,0.8686703351327852,0.9362915590605765,0.40941533249217843,0.03837167974065901,0.3010298328731289,0.3464145899489506,0.4189637887430483,0.4523655945140192,0.46814577953028824,0.3797486746598789,0.04892570396297793,0.3010298328731289,0.3355895812307608,0.3698689101312832,0.4343351675663926,0.46814577953028824,0.0,0.0,0.0,0.0,0.0,0.0,0.0,0.0,0.0,0.0,0.0,0.0,0.0,0.0
qore_as_control,nq_51,50,True,15,5,2.0,0.5,5,31;34;42;43;49,2;3;4;5;6;15;17;19;20;21;22;25;26;28;29;37;38;40;42;43;45,1,1,8,2,4.891629251218168,0.9783258502436338,10,8.41789576007506,4.20894788003753,0.0,-0.6826813711806379,-50.682681371180635,-50.682681371180635,-50.682681371180635,True,-0.6826813711806379,0.0,3003,0.5870355282833698,0.3356586883279225,0.1064972079227494,0.17660850589012458,0.5566874793785468,0.9847315457964532,1.0,0.9783258502436338,0.01685329087955977,0.9498374749954576,0.9597908622383037,0.9775547703781495,0.9958064250967956,1.0,0.862697379280991,0.0438497922796168,0.7650829750332,0.8214472439865762,0.8500463076252761,0.9378917937355004,0.9747096197402245,0.841789576007506,0.040955819907576206,0.7721583280138364,0.8218296319307087,0.8381807479935695,0.8549039675882321,0.9486004185024541,0.4313486896404955,0.0219248961398084,0.3825414875166,0.4107236219932881,0.42502315381263805,0.4689458968677502,0.48735480987011226,0.420894788003753,0.020477909953788103,0.3860791640069182,0.41091481596535434,0.4190903739967847,0.42745198379411603,0.47430020925122707,0.0,0.0,0.0,0.0,0.0,0.0,0.0,0.0,0.0,0.0,0.0,0.0,0.0,0.0
qore_as_control,nq_52,50,True,15,5,2.0,0.5,5,11;23;26;34;39,,0,0,0,0,1.3968321913391848,0.27936643826783697,10,6.580139092928325,3.2900695464641627,0.0,1.893237355124978,-48.10676264487502,-48.10676264487502,-48.10676264487502,True,1.893237355124978,0.0,3003,0.10186716210505416,0.24550411937708616,0.004663460369438572,0.006298719419950407,0.009735224935458791,0.15637614912164616,1.0,0.27936643826783697,0.36500832258989485,0.005742532691427073,0.04147165755962812,0.10619219574925294,0.6759328472146301,1.0,0.7191150369243071,0.06619746622492065,0.5880771985929996,0.640336851187307,0.7197019095791692,0.7970327075731451,0.9640358779516777,0.6580139092928325,0.06865532237745296,0.5901092547151223,0.5935581370846827,0.6539406778135024,0.7116648810691838,0.8279800863571871,0.35955751846215356,0.033098733112460324,0.2940385992964998,0.3201684255936535,0.3598509547895846,0.3985163537865726,0.48201793897583883,0.32900695464641627,0.03432766118872648,0.29505462735756116,0.2967790685423414,0.3269703389067512,0.3558324405345919,0.41399004317859356,0.0,0.0,0.0,0.0,0.0,0.0,0.0,0.0,0.0,0.0,0.0,0.0,0.0,0.0
qore_as_control,nq_53,50,True,15,5,2.0,0.5,5,16;17;41;43;44,0;3;4;7;9;11;13;14;22;28;34;37;41;43;44;45;46,1,1,11,3,1.1746234275758927,0.23492468551517853,10,7.091926641087197,3.5459633205435983,0.0,2.371339892967706,-47.628660107032296,-47.6286601070323,-47.628660107032296,True,2.371339892967706,0.0,3003,0.09003233322710384,0.24458242497168464,0.004959694137032807,0.006922627547463185,0.01732804302380945,0.08539796583857778,1.0,0.23492468551517853,0.38431839677386154,0.006780734441526732,0.007463451193743026,0.05107567124400649,0.6433117982273169,1.0,0.7741979642051647,0.06328596323558185,0.5722299638779541,0.6792103188293375,0.7890810531915614,0.8463618740778938,0.9030358508903149,0.7091926641087197,0.05161108125308554,0.6369714160021454,0.644451272710258,0.7097410174282655,0.7619523547155256,0.7981891108223838,0.38709898210258237,0.03164298161779092,0.28611498193897705,0.33960515941466873,0.3945405265957807,0.4231809370389469,0.45151792544515745,0.35459633205435986,0.02580554062654277,0.3184857080010727,0.322225636355129,0.3548705087141327,0.3809761773577628,0.3990945554111919,0.0,0.0,0.0,0.0,0.0,0.0,0.0,0.0,0.0,0.0,0.0,0.0,0.0,0.0
qore_as_control,nq_54,50,True,15,5,2.0,0.5,5,2;21;22;40;42,1;13;34;42;47,1,1,3,1,1.5065204010756492,0.3013040802151298,10,8.342245564672472,4.171122782336236,0.0,2.664602381260587,-47.335397618739414,-47.33539761873941,-47.335397618739414,True,2.664602381260587,0.0,3003,0.11609229776835119,0.24796306781101485,0.002048460275956406,0.003226307884120652,0.025885281777527774,0.24040714685034723,1.0,0.3013040802151298,0.36304425543080204,0.005125358549433111,0.01955095128039878,0.17858137219636985,0.7126497319811996,1.0,0.8756690806250961,0.05889213023272524,0.7558263161476708,0.803605243320556,0.8708893356791242,0.9491220907472673,0.9785048694943257,0.8342245564672472,0.05062073881695944,0.7558263161476708,0.7627305199777489,0.8391027047449607,0.8847673115611531,0.9347370945143906,0.43783454031254804,0.02944606511636262,0.3779131580738354,0.401802621660278,0.4354446678395621,0.47456104537363364,0.48925243474716285,0.4171122782336236,0.02531036940847972,0.3779131580738354,0.38136525998887444,0.41955135237248037,0.44238365578057653,0.4673685472571953,0.0,0.0,0.0,0.0,0.0,0.0,0.0,0.0,0.0,0.0,0.0,0.0,0.0,0.0
qore_as_control,nq_55,50,True,15,5,2.0,0.5,5,3;15;27;46;47,3;13;15;18;26;37,1,1,4,2,1.3461112479014088,0.26922224958028174,10,7.9296474198526266,3.9648237099263133,0.0,2.6187124620249045,-47.3812875379751,-47.3812875379751,-47.3812875379751,True,2.6187124620249045,0.0,3003,0.09635928357615238,0.2527506258880702,0.0015187987150046636,0.0022786182368154887,0.008747038585822167,0.19652206574424624,1.0,0.26922224958028174,0.38294922837295214,0.002095530558919436,0.0048946753560147535,0.026961886517450358,0.7231841753093526,1.0,0.83622963147877,0.057302554076237196,0.699544048015416,0.763304368431574,0.8293001031841913,0.9117903768303625,0.9664707232113178,0.7929647419852627,0.054480573498344204,0.699544048015416,0.7395804985017179,0.7919346350861942,0.8464083405201812,0.9108070179411039,0.418114815739385,0.028651277038118598,0.349772024007708,0.381652184215787,0.41465005159209567,0.45589518841518123,0.4832353616056589,0.39648237099263134,0.027240286749172102,0.349772024007708,0.36979024925085896,0.3959673175430971,0.4232041702600906,0.45540350897055193,0.0,0.0,0.0,0.0,0.0,0.0,0.0,0.0,0.0,0.0,0.0,0.0,0.0,0.0
qore_as_control,nq_56,50,True,15,5,2.0,0.5,5,26;28;36;40;48,,0,0,0,0,4.878788657160266,0.9757577314320534,10,7.388401911112721,3.6942009555563606,0.0,-1.1845877016039053,-51.1845877016039,-51.1845877016039,-51.1845877016039,True,-1.1845877016039053,0.0,3003,0.9330376583913169,0.08424694526351437,0.7328951097589123,0.7909748507143421,0.9802181988883992,0.9998922333247666,1.0,0.9757577314320534,0.022165126385171745,0.9319392052275471,0.951250802691888,0.9886235227129061,0.9890374588040707,0.9891718333575253,0.7801170865830731,0.05663150425026204,0.686772415119918,0.7143807978709626,0.7731920331391495,0.8438760540419769,0.9983127565088373,0.7388401911112722,0.0339754100949111,0.6939255541777549,0.7011002353695107,0.740592137416953,0.7814091707343835,0.8004325698201402,0.39005854329153655,0.02831575212513102,0.343386207559959,0.3571903989354813,0.38659601656957476,0.4219380270209884,0.49915637825441866,0.3694200955556361,0.01698770504745555,0.34696277708887746,0.35055011768475536,0.3702960687084765,0.39070458536719177,0.4002162849100701,0.0,0.0,0.0,0.0,0.0,0.0,0.0,0.0,0.0,0.0,0.0,0.0,0.0,0.0
qore_as_control,nq_57,50,True,15,5,2.0,0.5,5,0;1;2;4;6,0;1;2;4;5;38,1,1,6,4,4.295273099019019,0.8590546198038039,10,8.261734202623845,4.130867101311923,0.0,-0.16440599770709596,-50.16440599770709,-50.16440599770711,-50.1644059977071,True,-0.16440599770709596,0.0,3003,0.33664318130954857,0.41646741062494014,0.0005886777008341649,0.0017217040523661146,0.062494200583217765,0.9997169710320923,1.0,0.8590546198038039,0.27972805696359354,0.29960490136142665,0.578313201163702,0.9992927852109713,0.9999999046318025,1.0,0.7457573293022316,0.09976947572417909,0.548500771000665,0.6352987568766357,0.7196518679806604,0.8827119302455589,0.9698371188148246,0.8261734202623845,0.11055296487891056,0.6625845642301942,0.6716219013623713,0.8783079535144473,0.9564020056334983,0.9698371188148246,0.3728786646511158,0.049884737862089544,0.2742503855003325,0.31764937843831786,0.3598259339903302,0.44135596512277947,0.4849185594074123,0.41308671013119225,0.05527648243945528,0.3312922821150971,0.33581095068118566,0.4391539767572237,0.47820100281674915,0.4849185594074123,0.0,0.0,0.0,0.0,0.0,0.0,0.0,0.0,0.0,0.0,0.0,0.0,0.0,0.0
qore_as_control,nq_58,50,True,15,5,2.0,0.5,5,0;1;19;34;45,,0,0,0,0,1.6298472887449684,0.32596945774899366,10,6.135741339489021,3.0678706697445106,0.0,1.4380233809995422,-48.56197661900046,-48.561976619000454,-48.56197661900046,True,1.4380233809995422,0.0,3003,0.11378637139801435,0.2836573169000572,3.736677388009636e-05,4.033527485326801e-05,0.0003521159600495683,0.4049778179298474,1.0,0.32596945774899366,0.4159826316546985,3.736677388009636e-05,3.880868640843784e-05,9.588139552528754e-05,0.8518692276081449,1.0,0.6559633152437442,0.08401948358951677,0.5017713540105238,0.5776558610054511,0.6352909750649791,0.7719168287596966,0.9976584480528609,0.6135741339489021,0.07220989133755834,0.5304742709161109,0.544293208793268,0.6016499203045167,0.6734799915882045,0.7938241560409302,0.3279816576218721,0.04200974179475839,0.2508856770052619,0.28882793050272554,0.31764548753248956,0.3859584143798483,0.49882922402643043,0.3067870669744511,0.03610494566877917,0.26523713545805544,0.272146604396634,0.30082496015225835,0.33673999579410224,0.3969120780204651,0.0,0.0,0.0,0.0,0.0,0.0,0.0,0.0,0.0,0.0,0.0,0.0,0.0,0.0
qore_as_control,nq_59,50,True,15,5,2.0,0.5,5,4;21;32;33;35,,0,0,0,0,1.5602162330421083,0.31204324660842164,10,6.484230710338081,3.2421153551690405,0.0,1.6818991221269322,-48.318100877873064,-48.318100877873064,-48.31810087787307,True,1.6818991221269322,0.0,3003,0.13691854479062776,0.2394743803242535,0.014666967948930375,0.014944113649669858,0.0626387534623279,0.21458654531291338,1.0,0.31204324660842164,0.34983612332621783,0.07382275757699291,0.07741034198065928,0.15165086643253378,0.7007803561785693,1.0,0.6889816111741396,0.07192947058078938,0.5663927547171717,0.6149624112615621,0.6812028232655992,0.7427394750625719,0.992185945396101,0.6484230710338081,0.03473109715882176,0.5965575903801702,0.6064848298318793,0.6442379745256284,0.689897680014901,0.6992520287091352,0.3444908055870698,0.03596473529039469,0.2831963773585858,0.3074812056307811,0.3406014116327996,0.37136973753128594,0.4960929726980505,0.32421153551690407,0.01736554857941088,0.2982787951900851,0.3032424149159397,0.3221189872628142,0.3449488400074505,0.3496260143545676,0.0,0.0,0.0,0.0,0.0,0.0,0.0,0.0,0.0,0.0,0.0,0.0,0.0,0.0
qore_as_control,nq_60,50,True,15,5,2.0,0.5,5,1;3;17;30;35,1;3;4;5;6;17;18;22;28;35;37,1,1,10,4,4.083064488620652,0.8166128977241301,10,7.980892725757036,3.990446362878518,0.0,-0.0926181257421339,-50.092618125742135,-50.092618125742135,-50.092618125742135,True,-0.0926181257421339,0.0,3003,0.3630352501971397,0.34208048709798694,0.06580839063279133,0.0864670901481911,0.18767570962843036,0.9314323152315512,1.0,0.8166128977241301,0.17244046327215623,0.5630064128684596,0.6014886332650696,0.925376759518865,0.9741877409493368,1.0,0.774001375739864,0.05368977616675289,0.6721219432363235,0.7117178973506056,0.7612566654890717,0.8562043833981864,0.8880517670525634,0.7980892725757035,0.05426566977677834,0.7260190973878825,0.7419053158136333,0.7848609533427751,0.8793780336569614,0.8880517670525634,0.387000687869932,0.026844888083376445,0.33606097161816173,0.3558589486753028,0.38062833274453584,0.4281021916990932,0.4440258835262817,0.39904463628785175,0.02713283488838917,0.36300954869394125,0.37095265790681664,0.39243047667138753,0.4396890168284807,0.4440258835262817,0.0,0.0,0.0,0.0,0.0,0.0,0.0,0.0,0.0,0.0,0.0,0.0,0.0,0.0
qore_as_control,nq_61,50,True,15,5,2.0,0.5,5,4;7;17;36;47,3;4;7;10;24;34;36;47,1,1,8,4,4.823144249449946,0.9646288498899891,10,7.56257556051863,3.781287780259315,0.0,-1.0418564691906314,-51.041856469190634,-51.04185646919063,-51.04185646919063,True,-1.0418564691906314,0.0,3003,0.5593220164383835,0.3545072140739862,0.011181847429252934,0.16138616349779006,0.43729660856426794,0.9886801612931131,1.0,0.9646288498899891,0.03522271040100186,0.9072362217516751,0.9211156273232602,0.9785190695873325,0.99818168897212,1.0,0.7840019399605376,0.10672176167345412,0.599373129050258,0.6364079235544853,0.7738143929272955,0.9265802852145447,0.9707162506225401,0.7562575560518631,0.10886137921613452,0.6450744965303035,0.6454575553407762,0.7241350997489913,0.9061669270105176,0.9567208131694749,0.3920009699802688,0.05336088083672706,0.299686564525129,0.31820396177724264,0.38690719646364774,0.46329014260727236,0.48535812531127004,0.37812877802593153,0.05443068960806726,0.32253724826515173,0.3227287776703881,0.36206754987449563,0.4530834635052588,0.47836040658473744,0.0,0.0,0.0,0.0,0.0,0.0,0.0,0.0,0.0,0.0,0.0,0.0,0.0,0.0
qore_as_control,nq_62,50,True,15,5,2.0,0.5,5,6;11;14;19;20,2;11;19;20,1,1,4,3,4.476601534765985,0.8953203069531972,10,8.016470547823154,4.008235273911577,0.0,-0.4683662608544079,-50.46836626085441,-50.4683662608544,-50.46836626085441,True,-0.4683662608544079,0.0,3003,0.5458061794779917,0.35330991595074146,0.024998272678825838,0.06317659404118108,0.5195237198227572,0.9764125102876366,1.0,0.8953203069531972,0.10951785698322646,0.7266290453472534,0.7591175016598027,0.9443043584321323,0.9991271779431892,1.0,0.8438524276840391,0.06083883999658039,0.7091776699071598,0.7665908188555381,0.8490689052601512,0.9212088893455812,0.95087316079755,0.8016470547823156,0.05560248137040467,0.7091776699071598,0.7443850448958191,0.7916229238368484,0.8693943468167202,0.8888128751680502,0.42192621384201956,0.030419419998290197,0.3545888349535799,0.3832954094277691,0.4245344526300756,0.4606044446727906,0.475436580398775,0.4008235273911578,0.027801240685202334,0.3545888349535799,0.37219252244790957,0.3958114619184242,0.4346971734083601,0.4444064375840251,0.0,0.0,0.0,0.0,0.0,0.0,0.0,0.0,0.0,0.0,0.0,0.0,0.0,0.0
qore_as_control,nq_63,50,True,15,5,2.0,0.5,5,0;4;12;13;15,0;18;49,1,1,2,1,3.374293117780343,0.6748586235560686,10,8.14030960665535,4.070154803327675,0.0,0.6958616855473321,-49.304138314452665,-49.30413831445267,-49.304138314452665,True,0.6958616855473321,0.0,3003,0.25368501580406944,0.3777941260465684,0.0076128599539524765,0.00861700339644005,0.022626165372483784,0.9652296775182783,1.0,0.6748586235560686,0.39073572848259097,0.008764055797618821,0.18491976221434717,0.922978832838462,0.9973587629219289,1.0,0.8244890228105759,0.06294815643142061,0.6600717970565935,0.740458318446794,0.8283640177686649,0.9078740005205611,0.9422032580631636,0.814030960665535,0.06272978251316406,0.7113582502398696,0.7335336210159706,0.8297554024630844,0.8769219412559844,0.9097591609884985,0.41224451140528795,0.031474078215710306,0.33003589852829673,0.370229159223397,0.41418200888433243,0.45393700026028055,0.4711016290315818,0.4070154803327675,0.03136489125658203,0.3556791251199348,0.3667668105079853,0.4148777012315422,0.4384609706279922,0.45487958049424926,0.0,0.0,0.0,0.0,0.0,0.0,0.0,0.0,0.0,0.0,0.0,0.0,0.0,0.0
qore_as_control,nq_64,50,True,15,5,2.0,0.5,5,0;12;25;36;47,0;1;3;4;7;9;10;12;29;32;36,1,1,11,3,4.82950624630286,0.9659012492605721,10,8.371888670370181,4.1859443351850905,0.0,-0.6435619111177697,-50.64356191111777,-50.643561911117764,-50.64356191111777,True,-0.6435619111177697,0.0,3003,0.6750381581548139,0.3229697235151125,0.02597320994464736,0.23695415628287708,0.8479928818190589,0.9907023462807926,1.0,0.9659012492605721,0.03394437326998962,0.9170803882050143,0.9238546770268099,0.9817175121110647,0.9986768942909111,1.0,0.843917273969167,0.04729052685596076,0.7180343528058756,0.7870964364060743,0.8470879491759854,0.900445935034592,0.9365598334087873,0.8371888670370181,0.05272533782212858,0.7400844120733862,0.7852313569972023,0.8527218093982487,0.8871800637424565,0.9128865616539765,0.4219586369845835,0.02364526342798038,0.3590171764029378,0.39354821820303715,0.4235439745879927,0.450222967517296,0.4682799167043937,0.41859443351850906,0.02636266891106429,0.3700422060366931,0.39261567849860113,0.42636090469912435,0.44359003187122825,0.45644328082698826,0.0,0.0,0.0,0.0,0.0,0.0,0.0,0.0,0.0,0.0,0.0,0.0,0.0,0.0
qore_as_control,nq_65,50,True,15,5,2.0,0.5,5,0;3;6;9;37,0;3;4;5;6;7;9;37,1,1,8,5,4.809435886596704,0.9618871773193408,10,9.032599662622463,4.5162998313112315,0.0,-0.2931360552854727,-50.29313605528547,-50.29313605528547,-50.29313605528547,True,-0.2931360552854727,0.0,3003,0.4910185692486752,0.41737840413291766,0.03169958165499073,0.03656765300107745,0.6605418276417427,0.9740260123240815,1.0,0.9618871773193408,0.028495356957551808,0.9183781891501285,0.9303429104419753,0.9581730535800844,0.9938378605946985,1.0,0.8867563658459126,0.03453191962352143,0.8290595965422194,0.844728319952915,0.8803100068655021,0.9388345893968091,0.9621318896970212,0.9032599662622465,0.03106407752781642,0.8489819271730679,0.8638565863417491,0.9064467494467239,0.9442445100323379,0.9599934102825345,0.4433781829229563,0.017265959811760715,0.4145297982711097,0.4223641599764575,0.44015500343275105,0.46941729469840454,0.4810659448485106,0.45162998313112324,0.01553203876390821,0.42449096358653393,0.43192829317087456,0.45322337472336194,0.47212225501616895,0.47999670514126724,0.0,0.0,0.0,0.0,0.0,0.0,0.0,0.0,0.0,0.0,0.0,0.0,0.0,0.0
qore_as_control,nq_66,50,True,15,5,2.0,0.5,5,9;13;16;20;26,0;3;9;11;13;16;24;26;31;34;38,1,1,7,4,4.594721764992725,0.9189443529985448,10,7.807348065027465,3.9036740325137327,0.0,-0.6910477324789923,-50.69104773247899,-50.69104773247899,-50.69104773247899,True,-0.6910477324789923,0.0,3003,0.4786638020578787,0.40648388535320057,0.015248912208777672,0.031864343427443084,0.293382890871856,0.99342168364769,1.0,0.9189443529985448,0.09469021702619149,0.7778602602358975,0.7995943045269907,0.9868899831411394,0.9991104602608228,1.0,0.831379165148673,0.08033925558809381,0.6531270598420962,0.7107937633874678,0.8360222307347205,0.9325259386211805,0.96290219040953,0.7807348065027465,0.04251233520875122,0.6960115143792851,0.7310546333411015,0.785744452713673,0.820401296067739,0.8408623100021911,0.4156895825743365,0.040169627794046904,0.3265635299210481,0.3553968816937339,0.41801111536736024,0.46626296931059025,0.481451095204765,0.39036740325137326,0.02125616760437561,0.34800575718964255,0.3655273166705508,0.3928722263568365,0.4102006480338695,0.42043115500109557,0.0,0.0,0.0,0.0,0.0,0.0,0.0,0.0,0.0,0.0,0.0,0.0,0.0,0.0
qore_as_control,nq_67,50,True,15,5,2.0,0.5,5,1;6;7;9;31,,0,0,0,0,1.722841432987692,0.3445682865975384,10,7.000849449073352,3.500424724536676,0.0,1.7775832915489842,-48.222416708451014,-48.22241670845101,-48.222416708451014,True,1.7775832915489842,0.0,3003,0.12283722306211063,0.2574230219954393,0.0008435461869508295,0.00177362497386915,0.011612525261100293,0.3288723676853604,1.0,0.3445682865975384,0.3531345629981438,0.003470657231903175,0.03930713822529867,0.23456490969438865,0.7566976025384033,1.0,0.720652836230283,0.09526656519442252,0.5416212232810725,0.6168641128666634,0.6982580968995594,0.8607046426519508,0.9821879902845941,0.7000849449073352,0.10569184414003611,0.5829328169584659,0.590441270042626,0.6657452676163498,0.8443161535162401,0.9057067898428386,0.3603264181151415,0.04763328259721126,0.27081061164053627,0.3084320564333317,0.3491290484497797,0.4303523213259754,0.49109399514229707,0.3500424724536676,0.05284592207001806,0.29146640847923294,0.295220635021313,0.3328726338081749,0.42215807675812006,0.4528533949214193,0.0,0.0,0.0,0.0,0.0,0.0,0.0,0.0,0.0,0.0,0.0,0.0,0.0,0.0
qore_as_control,nq_68,50,True,15,5,2.0,0.5,5,0;2;16;33;47,4;11,0,0,0,0,1.4776379488234224,0.29552758976468446,10,8.462476448964228,4.231238224482114,0.0,2.753600275658692,-47.24639972434131,-47.24639972434131,-47.24639972434131,True,2.753600275658692,0.0,3003,0.11106838076487202,0.2473668177074037,0.004085790780574578,0.005189102472718863,0.021976417758114944,0.20843025818446198,1.0,0.29552758976468446,0.3633667716811458,0.004085790780574578,0.03925416833323245,0.10248497921957518,0.7116241776644214,1.0,0.8544596726620374,0.042258283754034086,0.7405657847932803,0.8027119402069898,0.8501613614929202,0.9072406118781472,0.9716964205091411,0.8462476448964228,0.04616259780921161,0.7726178858974553,0.793587017510354,0.847706915414201,0.9041107452295682,0.9358053741959718,0.4272298363310187,0.021129141877017043,0.37028289239664014,0.4013559701034949,0.4250806807464601,0.4536203059390736,0.48584821025457053,0.4231238224482114,0.023081298904605804,0.38630894294872764,0.396793508755177,0.4238534577071005,0.4520553726147841,0.4679026870979859,0.0,0.0,0.0,0.0,0.0,0.0,0.0,0.0,0.0,0.0,0.0,0.0,0.0,0.0
qore_as_control,nq_69,50,True,15,5,2.0,0.5,5,3;8;9;23;34,,0,0,0,0,2.9309044403171507,0.5861808880634303,10,6.787632268143693,3.3938161340718467,0.0,0.462911693754696,-49.5370883062453,-49.53708830624531,-49.5370883062453,True,0.462911693754696,0.0,3003,0.209751533223185,0.32717413276627905,0.007914686794378538,0.009232325411485574,0.02608366840111751,0.7759667066568146,1.0,0.5861808880634303,0.3289680973394484,0.18812962295642427,0.21521103883936815,0.5809914308067547,0.9623800895560752,1.0,0.6845476034281823,0.08851542631096772,0.5330621242241766,0.6041144646829295,0.6668117782067542,0.8080387195538904,0.931255446751043,0.6787632268143693,0.06146337047087696,0.5677572957056466,0.6264487093711874,0.6675742180844184,0.7507828709219658,0.8054517472724566,0.34227380171409116,0.04425771315548386,0.2665310621120883,0.30205723234146475,0.3334058891033771,0.4040193597769452,0.4656277233755215,0.33938161340718465,0.03073168523543848,0.2838786478528233,0.3132243546855937,0.3337871090422092,0.3753914354609829,0.4027258736362283,0.0,0.0,0.0,0.0,0.0,0.0,0.0,0.0,0.0,0.0,0.0,0.0,0.0,0.0
qore_as_control,nq_70,50,True,15,5,2.0,0.5,5,2;40;42;43;45,7;24,1,0,1,0,1.7823949426095185,0.3564789885219037,10,7.029385790640857,3.5146928953204286,0.0,1.7322979527109101,-48.26770204728909,-48.26770204728909,-48.26770204728909,True,1.7322979527109101,0.0,3003,0.15631408623070273,0.24641854643598735,0.014453827727273855,0.016011208658681907,0.06414581532100096,0.32727521118586755,1.0,0.3564789885219037,0.3429297043357278,0.03034493608921114,0.05840914026146637,0.3182576240720369,0.7333147743713686,1.0,0.7693154302058377,0.0861716105924454,0.6088122521373979,0.6630451239875471,0.7600555316121794,0.894015822772316,0.9230323585886782,0.7029385790640859,0.06822080181281823,0.6124014363238487,0.6322535146518009,0.6929388379427683,0.7701717912663937,0.8612181281543223,0.38465771510291885,0.0430858052962227,0.30440612606869893,0.33152256199377356,0.3800277658060897,0.447007911386158,0.4615161792943391,0.35146928953204293,0.034110400906409113,0.30620071816192435,0.31612675732590045,0.34646941897138417,0.38508589563319684,0.43060906407716115,0.0,0.0,0.0,0.0,0.0,0.0,0.0,0.0,0.0,0.0,0.0,0.0,0.0,0.0
qore_as_control,nq_71,50,True,15,5,2.0,0.5,5,2;23;29;31;39,0;3;5;12;14;18;22;23;29,1,1,3,2,2.980859568168547,0.5961719136337094,10,8.704958373298915,4.352479186649457,0.0,1.3716196184809104,-48.62838038151909,-48.628380381519094,-48.62838038151909,True,1.3716196184809104,0.0,3003,0.2551146833633208,0.2899830705922579,0.06291111309801382,0.07069584515295878,0.09579688290310395,0.7022227361883007,1.0,0.5961719136337094,0.2777715890852565,0.23611922848094125,0.3009855885435559,0.5282519522088798,0.9272813035364993,1.0,0.8934424353513876,0.05973805336600915,0.7578737244721891,0.798304287032579,0.9122821096180855,0.9593858761603562,0.9725259696156057,0.8704958373298914,0.054556933114687615,0.8058049952223254,0.8063145433528932,0.8831756420312048,0.9239369956309198,0.9597263805368883,0.4467212176756938,0.029869026683004576,0.3789368622360946,0.3991521435162895,0.45614105480904277,0.4796929380801781,0.48626298480780283,0.4352479186649457,0.027278466557343808,0.4029024976111627,0.4031572716764466,0.4415878210156024,0.4619684978154599,0.47986319026844415,0.0,0.0,0.0,0.0,0.0,0.0,0.0,0.0,0.0,0.0,0.0,0.0,0.0,0.0
qore_as_control,nq_72,50,True,15,5,2.0,0.5,5,0;1;10;17;43,0;1;2;3;4;11;14;43,1,1,8,3,2.369470297454111,0.47389405949082225,10,7.4012682114977695,3.7006341057488847,0.0,1.3311638082947739,-48.668836191705225,-48.66883619170522,-48.668836191705225,True,1.3311638082947739,0.0,3003,0.16464073490661837,0.3196980740869202,9.217856822192136e-05,9.498426440900413e-05,0.002144740580673852,0.6963970504296462,1.0,0.47389405949082225,0.40264748745663487,9.217856822192136e-05,0.011802373405308679,0.53804610752662,0.9207857382793322,1.0,0.7442388257562879,0.07985486305446554,0.5589411379130895,0.6600123398396006,0.7367257881617606,0.8597996288431209,0.9603900642861072,0.7401268211497769,0.08896156988723136,0.633054450170849,0.6597323602320312,0.7012634749167248,0.874443834685534,0.8888547734845879,0.37211941287814393,0.03992743152723277,0.27947056895654476,0.3300061699198003,0.3683628940808803,0.42989981442156044,0.4801950321430536,0.37006341057488845,0.04448078494361568,0.3165272250854245,0.3298661801160156,0.3506317374583624,0.437221917342767,0.44442738674229393,0.0,0.0,0.0,0.0,0.0,0.0,0.0,0.0,0.0,0.0,0.0,0.0,0.0,0.0
qore_as_control,nq_73,50,True,15,5,2.0,0.5,5,0;1;4;12;43,0;1;4,1,1,3,3,3.3132643397754595,0.6626528679550919,10,7.36322536899798,3.68161268449899,0.0,0.3683483447235303,-49.63165165527647,-49.63165165527647,-49.63165165527647,True,0.3683483447235303,0.0,3003,0.24305043615356456,0.3406328104596875,0.00456475841378493,0.0056511348018422865,0.03493845461507784,0.7801529783928233,1.0,0.6626528679550919,0.28250144167472724,0.15718118869637587,0.3388063681492841,0.7337521492871945,0.924434745785297,1.0,0.6950555412447774,0.05747998318275233,0.5796001897910623,0.640520974959473,0.6856068237864458,0.7487674027438153,0.9835149911374702,0.7363225368997981,0.07682314771868522,0.6541108222754324,0.6609095396439177,0.7082766852705185,0.8557951488587232,0.8917617871142135,0.3475277706223887,0.028739991591376166,0.28980009489553116,0.3202604874797365,0.3428034118932229,0.37438370137190763,0.4917574955687351,0.36816126844989905,0.03841157385934261,0.3270554111377162,0.33045476982195887,0.35413834263525923,0.4278975744293616,0.44588089355710675,0.0,0.0,0.0,0.0,0.0,0.0,0.0,0.0,0.0,0.0,0.0,0.0,0.0,0.0
qore_as_control,nq_74,50,True,15,5,2.0,0.5,5,4;9;11;40;47,9;40;41,1,1,2,2,4.653888198221401,0.9307776396442803,10,8.103143524869306,4.051571762434653,0.0,-0.6023164357867481,-50.60231643578675,-50.60231643578675,-50.60231643578675,True,-0.6023164357867481,0.0,3003,0.46108938105963476,0.41522887139784936,0.02788645354438728,0.033993430033089016,0.2777035937021963,0.9797436468667902,1.0,0.9307776396442803,0.0668502253339549,0.8454324370985218,0.8507597868237197,0.9503966148001375,0.9997233339644901,1.0,0.7805476346822244,0.07887278600912076,0.6454990734990449,0.6964594385515571,0.7619494970354507,0.9196206795718935,0.9976602803740957,0.8103143524869306,0.06716699309486737,0.7291048907783162,0.7426227975000114,0.8080689616488317,0.8877526910026092,0.9540841899477889,0.3902738173411122,0.03943639300456038,0.32274953674952245,0.34822971927577856,0.38097474851772534,0.45981033978594676,0.49883014018704785,0.4051571762434653,0.033583496547433686,0.3645524453891581,0.3713113987500057,0.40403448082441584,0.4438763455013046,0.47704209497389444,0.0,0.0,0.0,0.0,0.0,0.0,0.0,0.0,0.0,0.0,0.0,0.0,0.0,0.0
qore_as_control,nq_75,50,True,15,5,2.0,0.5,5,0;1;2;10;24,0;1;2;24,1,1,4,4,4.13181676559427,0.8263633531188541,10,7.895018737987642,3.947509368993821,0.0,-0.18430739660044937,-50.18430739660045,-50.184307396600445,-50.18430739660045,True,-0.18430739660044937,0.0,3003,0.2952482910643329,0.41696999633897397,0.006526262838898013,0.010609858654771683,0.028829837959037742,0.9997134828649941,1.0,0.8263633531188541,0.31044596277253367,0.20822888510196683,0.4946589050225043,0.9992844224420099,0.9999998092587934,1.0,0.7538870370376015,0.07645486059788857,0.622897768477879,0.6623498760393935,0.7568314016383781,0.8342295576269709,0.9952675829556491,0.7895018737987641,0.09356467242507026,0.6706016930016894,0.6800464586050822,0.8054831966672336,0.8716912320136571,0.9952675829556491,0.37694351851880076,0.038227430298944286,0.3114488842389395,0.3311749380196968,0.37841570081918907,0.41711477881348547,0.49763379147782455,0.39475093689938207,0.04678233621253513,0.3353008465008447,0.3400232293025411,0.4027415983336168,0.43584561600682853,0.49763379147782455,0.0,0.0,0.0,0.0,0.0,0.0,0.0,0.0,0.0,0.0,0.0,0.0,0.0,0.0
qore_as_control,nq_76,50,True,15,5,2.0,0.5,5,0;1;3;7;10,0;1;3;10,1,1,4,4,4.160480623281103,0.8320961246562206,10,8.91446078220962,4.45723039110481,0.0,0.296749767823707,-49.703250232176295,-49.7032502321763,-49.703250232176295,True,0.296749767823707,0.0,3003,0.2787915679172483,0.41327625727267353,7.16842108585149e-05,0.00011870955435390316,0.004923800144849366,0.9661552129297224,1.0,0.8320961246562206,0.23055847068383653,0.38256997621779,0.5734501191317641,0.9236448760331497,0.997798175010975,1.0,0.7369783551136985,0.07935055736859108,0.560506957535375,0.6579008767997147,0.7222891284183051,0.8727764110957537,0.9828476913985371,0.8914460782209618,0.037628398104763656,0.8232521576975089,0.86467818965682,0.8859341089055727,0.9350431079002058,0.971748252683081,0.36848917755684923,0.03967527868429554,0.2802534787676875,0.3289504383998573,0.36114456420915253,0.43638820554787683,0.49142384569926856,0.4457230391104809,0.018814199052381828,0.41162607884875446,0.43233909482841,0.44296705445278634,0.4675215539501029,0.4858741263415405,0.0,0.0,0.0,0.0,0.0,0.0,0.0,0.0,0.0,0.0,0.0,0.0,0.0,0.0
qore_as_control,nq_77,50,True,15,5,2.0,0.5,5,10;18;32;44;47,,0,0,0,0,1.0035866122076043,0.20071732244152085,10,6.263210278858168,3.131605139429084,0.0,2.1280185272214798,-47.87198147277852,-47.87198147277853,-47.87198147277852,True,2.1280185272214798,0.0,3003,0.0679879307536166,0.24909894429742696,0.0004458226625796475,0.00046557294499074547,0.0007903207351970449,0.006105840721554064,1.0,0.20071732244152085,0.39964153997238466,0.0004894314381070378,0.0005557256479378969,0.0007911840532882158,0.60066033190141,1.0,0.7031597433977556,0.06484194149360267,0.5717955066355039,0.6252438856099898,0.702289825174537,0.7795443688911834,0.9617283123206698,0.6263210278858169,0.03586861978131205,0.5751645971971603,0.5903689459189468,0.6211041790089488,0.6465397342497282,0.7186413444849697,0.3515798716988778,0.032420970746801336,0.28589775331775197,0.3126219428049949,0.3511449125872685,0.3897721844455917,0.4808641561603349,0.31316051394290845,0.017934309890656024,0.28758229859858014,0.2951844729594734,0.3105520895044744,0.3232698671248641,0.3593206722424849,0.0,0.0,0.0,0.0,0.0,0.0,0.0,0.0,0.0,0.0,0.0,0.0,0.0,0.0
qore_as_control,nq_78,50,True,15,5,2.0,0.5,5,0;13;23;28;38,0;16;19;25;28,1,1,5,2,4.0424335851818185,0.8084867170363637,10,8.174135103336928,4.087067551668464,0.0,0.04463396648664553,-49.95536603351336,-49.95536603351336,-49.95536603351336,True,0.04463396648664553,0.0,3003,0.3939536831841171,0.3183217571186517,0.07567986344147014,0.0869572283041766,0.25120853015749417,0.907807400288652,1.0,0.8084867170363637,0.17489413788971994,0.5240953428895345,0.6106477593565777,0.794548573262164,0.993325313989191,1.0,0.8128695239824947,0.060971067013371225,0.712778694575816,0.7443822495082242,0.7986264156001938,0.8985896873065106,0.9915280976422803,0.8174135103336928,0.03707821371142914,0.7453321036601522,0.7746448104221051,0.8204976979287877,0.8604096191663348,0.8632239165768341,0.40643476199124734,0.030485533506685612,0.356389347287908,0.3721911247541121,0.3993132078000969,0.4492948436532553,0.49576404882114017,0.4087067551668464,0.01853910685571457,0.3726660518300761,0.38732240521105255,0.41024884896439384,0.4302048095831674,0.43161195828841703,0.0,0.0,0.0,0.0,0.0,0.0,0.0,0.0,0.0,0.0,0.0,0.0,0.0,0.0
qore_as_control,nq_79,50,True,15,5,2.0,0.5,5,0;1;9;21;45,0;1;2;37,1,1,3,2,3.3633408671290583,0.6726681734258118,10,8.260598644210681,4.130299322105341,0.0,0.7669584549762822,-49.23304154502372,-49.23304154502372,-49.23304154502372,True,0.7669584549762822,0.0,3003,0.32106894564243726,0.30980382161081166,0.004240662928717743,0.015733119702036683,0.2613122566915081,0.8007193250629694,1.0,0.6726681734258118,0.2680318904260894,0.37735295674433295,0.41861470662165423,0.5128451115264205,0.9970541869682676,1.0,0.7919932949480412,0.07836522273249409,0.5907939037175113,0.6935017475736357,0.7984566304394476,0.9010016760146387,0.9445360015674811,0.8260598644210679,0.07295922506230179,0.7593157400778993,0.759598148259013,0.7872743499617031,0.9422829816278312,0.9445360015674811,0.3959966474740206,0.039182611366247046,0.29539695185875564,0.34675087378681785,0.3992283152197238,0.4505008380073193,0.47226800078374054,0.41302993221053397,0.036479612531150896,0.37965787003894963,0.3797990741295065,0.39363717498085155,0.4711414908139156,0.47226800078374054,0.0,0.0,0.0,0.0,0.0,0.0,0.0,0.0,0.0,0.0,0.0,0.0,0.0,0.0
qore_as_control,nq_80,50,True,15,5,2.0,0.5,5,3;4;8;13;31,0;2;3;4;7;8;13;14,1,1,8,4,4.815651579859343,0.9631303159718685,10,8.094359123819027,4.0471795619095134,0.0,-0.7684720179498292,-50.76847201794983,-50.76847201794983,-50.76847201794983,True,-0.7684720179498292,0.0,3003,0.605366098075679,0.4612928052543007,0.0018861885145819673,0.002634943101520106,0.9851962266539164,0.9996807194074975,1.0,0.9631303159718685,0.06962091784208266,0.8239310351462142,0.8922807579650783,0.9979150555289834,0.9995485103950692,0.9997422579938053,0.8039183760078268,0.073880133101064,0.5757846434577208,0.7088759217133251,0.8171810900701715,0.8963301134728731,0.9734202165681397,0.8094359123819027,0.0643987513852555,0.7028151678774731,0.711504649478598,0.8340802309473812,0.8701002269964723,0.9051889582242167,0.4019591880039134,0.036940066550532,0.2878923217288604,0.35443796085666257,0.40859054503508574,0.44816505673643653,0.48671010828406985,0.40471795619095136,0.03219937569262775,0.35140758393873656,0.355752324739299,0.4170401154736906,0.43505011349823614,0.45259447911210837,0.0,0.0,0.0,0.0,0.0,0.0,0.0,0.0,0.0,0.0,0.0,0.0,0.0,0.0
qore_as_control,nq_81,50,True,15,5,2.0,0.5,5,5;8;14;32;47,0;1;2;3;4;5;7;8;9;10;11;12;13;15;18;23;25;26;27;28;29;31;33;35;36;37;39;41;43;45;47,1,1,12,3,4.911815300115798,0.9823630600231595,10,8.295594145236377,4.1477970726181885,0.0,-0.7640182274976093,-50.76401822749761,-50.76401822749761,-50.76401822749761,True,-0.7640182274976093,0.0,3003,0.9556360351259511,0.043820349129728896,0.8378110580897445,0.9147917900107647,0.9653097996784124,0.9962009105768258,1.0,0.9823630600231595,0.026246415042360714,0.9303171827315633,0.9545898418110819,0.9922636828833858,0.9992942416281956,1.0,0.8572666963609441,0.042879942052637746,0.7488755089810861,0.8122464366343091,0.850743662243188,0.9146220074462911,0.9576486150335077,0.8295594145236377,0.04264972628941637,0.7488755089810861,0.7804642830542943,0.8273603016781196,0.8723996971392604,0.9056556011653755,0.42863334818047205,0.021439971026318873,0.37443775449054306,0.40612321831715453,0.425371831121594,0.45731100372314554,0.47882430751675387,0.41477970726181884,0.021324863144708186,0.37443775449054306,0.39023214152714714,0.4136801508390598,0.4361998485696302,0.45282780058268773,0.0,0.0,0.0,0.0,0.0,0.0,0.0,0.0,0.0,0.0,0.0,0.0,0.0,0.0
qore_as_control,nq_82,50,True,15,5,2.0,0.5,5,3;12;18;27;44,3;5;35,1,1,2,1,2.229149693877236,0.44582993877544724,10,7.609242606668382,3.804621303334191,0.0,1.575471609456955,-48.424528390543045,-48.424528390543045,-48.424528390543045,True,1.575471609456955,0.0,3003,0.22197186688458775,0.24780546734839207,0.04542897127785119,0.05181697865119579,0.144107765186718,0.4788738009026159,1.0,0.44582993877544724,0.3207190292184745,0.04542897127785119,0.12812506539519314,0.40028554357145696,0.8125063889826888,1.0,0.7964309358553798,0.0565330081241583,0.6497148408830132,0.709129756767814,0.8086739878230855,0.8600678425568058,0.8987229663099201,0.7609242606668382,0.05537303509769637,0.681514053209018,0.699797538864177,0.7646716094550619,0.8411115389432673,0.8532685246854209,0.3982154679276899,0.02826650406207915,0.3248574204415066,0.354564878383907,0.40433699391154276,0.4300339212784029,0.44936148315496005,0.3804621303334191,0.027686517548848186,0.340757026604509,0.3498987694320885,0.3823358047275309,0.42055576947163364,0.42663426234271046,0.0,0.0,0.0,0.0,0.0,0.0,0.0,0.0,0.0,0.0,0.0,0.0,0.0,0.0
qore_as_control,nq_83,50,True,15,5,2.0,0.5,5,6;25;40;41;46,,0,0,0,0,2.330211822603827,0.4660423645207653,10,7.450482060652504,3.725241030326252,0.0,1.3950292077224251,-48.60497079227758,-48.60497079227757,-48.60497079227758,True,1.3950292077224251,0.0,3003,0.2093567843581715,0.30115717760505367,0.01147543194462421,0.01372970208680191,0.08697339557571879,0.6537380090718189,1.0,0.4660423645207653,0.4077821572363804,0.05921964846128936,0.07305871262933966,0.2628345504242715,0.9657361259347403,1.0,0.7986306786778249,0.061376185779037674,0.7024610736520251,0.7330102696221371,0.7855581899670803,0.8971004383398523,0.9804067090823206,0.7450482060652505,0.0262738030538209,0.7161534578648674,0.7226121006972733,0.7345261472272264,0.7741362796261654,0.8055835193333333,0.39931533933891245,0.030688092889518837,0.3512305368260126,0.36650513481106856,0.39277909498354013,0.44855021916992616,0.4902033545411603,0.37252410303262523,0.01313690152691045,0.3580767289324337,0.36130605034863666,0.3672630736136132,0.3870681398130827,0.40279175966666664,0.0,0.0,0.0,0.0,0.0,0.0,0.0,0.0,0.0,0.0,0.0,0.0,0.0,0.0
qore_as_control,nq_84,50,True,15,5,2.0,0.5,5,28;30;35;36;42,25,1,0,1,0,1.001997143021794,0.2003994286043588,10,7.135132356946623,3.5675661784733115,0.0,2.5655690354515173,-47.43443096454848,-47.43443096454848,-47.43443096454848,True,2.5655690354515173,0.0,3003,0.06901067468827236,0.24883166251332517,0.0001717044602358762,0.00023939384855203052,0.0012548051709961713,0.00777649151789833,1.0,0.2003994286043588,0.3998004790794696,0.0001717044602358762,0.00020052175688318972,0.00032688568870769185,0.6005019220683986,1.0,0.7894621795582725,0.08070312189893128,0.653025674704045,0.7015565217091704,0.7605507169506329,0.9210535135547608,0.9549124593024526,0.7135132356946622,0.04258531730955798,0.653025674704045,0.6817440865552259,0.6953121613168507,0.7651056165960171,0.8040923347323066,0.39473108977913623,0.04035156094946564,0.3265128373520225,0.3507782608545852,0.38027535847531646,0.4605267567773804,0.4774562296512263,0.3567566178473311,0.02129265865477899,0.3265128373520225,0.34087204327761295,0.34765608065842535,0.38255280829800853,0.4020461673661533,0.0,0.0,0.0,0.0,0.0,0.0,0.0,0.0,0.0,0.0,0.0,0.0,0.0,0.0
qore_as_control,nq_85,50,True,15,5,2.0,0.5,5,4;7;18;35;37,1;3;8;37;39,1,1,4,1,4.757869935122138,0.9515739870244276,10,8.338389629969738,4.169194814984869,0.0,-0.5886751201372693,-50.58867512013727,-50.58867512013727,-50.58867512013727,True,-0.5886751201372693,0.0,3003,0.608798044890444,0.2741006917221734,0.24529432948201832,0.294930384024283,0.5424175285606994,0.9801817113211501,1.0,0.9515739870244276,0.0544375712956486,0.8472748570456359,0.8897832443672757,0.9702392015745502,0.9947240204608867,1.0,0.8353978242713452,0.04339205435951928,0.7464401163217447,0.783131816375846,0.829265150852083,0.8945067868123951,0.9695955161727549,0.8338389629969738,0.03676219216295404,0.776077022880982,0.7877281557228666,0.8382134385505781,0.8708011101849854,0.8968046070724546,0.4176989121356726,0.02169602717975964,0.37322005816087234,0.391565908187923,0.4146325754260415,0.4472533934061976,0.48479775808637743,0.4169194814984869,0.01838109608147702,0.388038511440491,0.3938640778614333,0.41910671927528903,0.4354005550924927,0.4484023035362273,0.0,0.0,0.0,0.0,0.0,0.0,0.0,0.0,0.0,0.0,0.0,0.0,0.0,0.0
qore_as_control,nq_86,50,True,15,5,2.0,0.5,5,0;11;17;39;45,0;12;14;16;31;35;39,1,1,6,2,1.2126098760756636,0.24252197521513272,10,6.870064431662727,3.4350322158313635,0.0,2.2224223397557,-47.7775776602443,-47.777577660244305,-47.7775776602443,True,2.2224223397557,0.0,3003,0.09212889957298769,0.2437943857643593,0.004409155906447194,0.004733800067022125,0.023644470746828284,0.07820265467155704,1.0,0.24252197521513272,0.3793990483054995,0.023644470746828284,0.02958918907099901,0.06036414295695542,0.63603799832585,1.0,0.7096300453051817,0.05355412928088199,0.6059545947349008,0.6326268575863112,0.71660229274466,0.7622797165868472,0.9661662618098993,0.6870064431662728,0.05028066848579377,0.6059545947349008,0.6269221914986111,0.7078615173245408,0.7422119174843317,0.7513175047689582,0.35481502265259085,0.026777064640440995,0.3029772973674504,0.3163134287931556,0.35830114637233,0.3811398582934236,0.48308313090494964,0.3435032215831364,0.025140334242896883,0.3029772973674504,0.31346109574930553,0.3539307586622704,0.37110595874216584,0.3756587523844791,0.0,0.0,0.0,0.0,0.0,0.0,0.0,0.0,0.0,0.0,0.0,0.0,0.0,0.0
qore_as_control,nq_87,50,True,15,5,2.0,0.5,5,0;1;4;37;49,0;1;4;12;30,1,1,3,3,3.0200441773185416,0.6040088354637083,10,7.217692124377784,3.608846062188892,0.0,0.5888018848703505,-49.41119811512965,-49.41119811512966,-49.41119811512965,True,0.5888018848703505,0.0,3003,0.20552516730999779,0.3917575142731872,0.00020712656356826705,0.0002456149907434459,0.0015365596948333788,0.9856468647777336,1.0,0.6040088354637083,0.47112492479384305,0.0007025523255278143,0.022189821881120043,0.9665283724468482,0.9993570105326629,1.0,0.7380659413004786,0.08339786503716505,0.5652469298057227,0.6389652145961875,0.7314328754375733,0.8531205985164613,0.922670357022529,0.7217692124377784,0.08861899131467033,0.5891786739766923,0.6294120394589826,0.7123433893203917,0.8142197487734457,0.9017270695001425,0.3690329706502393,0.041698932518582525,0.28262346490286133,0.31948260729809375,0.36571643771878665,0.42656029925823064,0.4613351785112645,0.3608846062188892,0.04430949565733516,0.29458933698834616,0.3147060197294913,0.3561716946601958,0.40710987438672286,0.45086353475007124,0.0,0.0,0.0,0.0,0.0,0.0,0.0,0.0,0.0,0.0,0.0,0.0,0.0,0.0
qore_as_control,nq_88,50,True,15,5,2.0,0.5,5,2;4;11;13;15,2;4;31,1,1,2,2,2.0398713165246916,0.4079742633049383,10,9.009832539235969,4.5049162696179845,0.0,2.465044953093293,-47.53495504690671,-47.5349550469067,-47.53495504690671,True,2.465044953093293,0.0,3003,0.15352783926381985,0.25353059511850806,0.0031350495632384468,0.00940792917439104,0.0412701753316534,0.3447592709651559,1.0,0.4079742633049383,0.3082070417748457,0.10970681124941407,0.16685612956433854,0.3089568398898773,0.74745102333947,1.0,0.9020234126641986,0.024255364311340646,0.8463907534449229,0.870909369042614,0.9003820025191577,0.934998667637622,0.9876473621272401,0.9009832539235971,0.013505435404447857,0.8877832751012422,0.8901396059667157,0.895444590409537,0.920700477349085,0.9304580826783527,0.4510117063320993,0.012127682155670323,0.42319537672246144,0.435454684521307,0.45019100125957884,0.467499333818811,0.49382368106362007,0.45049162696179856,0.006752717702223928,0.4438916375506211,0.44506980298335785,0.4477222952047685,0.4603502386745425,0.46522904133917636,0.0,0.0,0.0,0.0,0.0,0.0,0.0,0.0,0.0,0.0,0.0,0.0,0.0,0.0
qore_as_control,nq_89,50,True,15,5,2.0,0.5,5,6;20;27;30;35,14;22;23;25;40,1,0,1,0,3.663532636287755,0.732706527257551,10,8.466505197747969,4.233252598873984,0.0,0.5697199625862295,-49.43028003741377,-49.430280037413766,-49.43028003741377,True,0.5697199625862295,0.0,3003,0.3065805495403599,0.33376927874238554,0.03183053847653056,0.03600546398628747,0.12865250444405416,0.8760738722713859,1.0,0.732706527257551,0.22978488048889323,0.44347400219722954,0.45444763240011443,0.8670823078013209,0.9528272994339051,1.0,0.8409754050248991,0.03868514467179248,0.7503727839549656,0.7932080632346411,0.8370337629623088,0.8904913810089008,0.9834188980011093,0.8466505197747969,0.03987942658443191,0.7983203753827163,0.8057207611198545,0.840517558224066,0.903278604095362,0.9219697855224427,0.42048770251244955,0.01934257233589624,0.3751863919774828,0.39660403161732055,0.4185168814811544,0.4452456905044504,0.49170944900055463,0.42332525988739844,0.019939713292215954,0.39916018769135814,0.40286038055992723,0.420258779112033,0.451639302047681,0.46098489276122134,0.0,0.0,0.0,0.0,0.0,0.0,0.0,0.0,0.0,0.0,0.0,0.0,0.0,0.0
qore_as_control,nq_90,50,True,15,5,2.0,0.5,5,0;3;17;37;40,0;10;17,1,1,2,2,2.1801531117161046,0.43603062234322093,10,6.4796463354557945,3.2398231677278972,0.0,1.0596700560117926,-48.94032994398821,-48.9403299439882,-48.94032994398821,True,1.0596700560117926,0.0,3003,0.1678514457326642,0.28960198380410385,0.015735436272346182,0.016436261831939823,0.03214352472174815,0.5856276612930239,1.0,0.43603062234322093,0.37783312106931805,0.015735436272346182,0.0297390430766135,0.4128813600171117,0.8803167448574529,1.0,0.629304068449633,0.06414387452175682,0.5306693767927331,0.5505911974319244,0.6206368430613721,0.7026826563890033,0.8820244351589457,0.6479646335455794,0.1392477407663347,0.5306693767927331,0.5369511150019084,0.5685603902827381,0.8598292747430062,0.8820244351589457,0.3146520342248165,0.03207193726087841,0.26533468839636654,0.2752955987159622,0.31031842153068606,0.35134132819450165,0.44101221757947284,0.3239823167727897,0.06962387038316735,0.26533468839636654,0.2684755575009542,0.28428019514136904,0.4299146373715031,0.44101221757947284,0.0,0.0,0.0,0.0,0.0,0.0,0.0,0.0,0.0,0.0,0.0,0.0,0.0,0.0
qore_as_control,nq_91,50,True,15,5,2.0,0.5,5,0;5;7;9;42,,0,0,0,0,4.012780179290184,0.8025560358580368,10,8.367339007437034,4.183669503718517,0.0,0.17088932442833293,-49.82911067557167,-49.82911067557167,-49.82911067557167,True,0.17088932442833293,0.0,3003,0.2739381659973322,0.4354490602993926,0.0039030096866564884,0.004205304035051234,0.015173702973075473,0.999446708813492,1.0,0.8025560358580368,0.38679853101302186,0.029043561605460892,0.4113721817119829,0.9993809733714113,0.9997962129766182,1.0,0.7841991045297706,0.0731754319342203,0.6213983510756239,0.6913342196001321,0.7864933517526329,0.8956837170186083,0.9439160576211183,0.8367339007437036,0.0746070981527284,0.7349168748060746,0.7431096071438079,0.8379942589190978,0.9205119579457034,0.928465223666087,0.3920995522648853,0.03658771596711015,0.31069917553781196,0.34566710980006604,0.39324667587631645,0.44784185850930414,0.47195802881055915,0.4183669503718518,0.0373035490763642,0.3674584374030373,0.37155480357190396,0.4189971294595489,0.4602559789728517,0.4642326118330435,0.0,0.0,0.0,0.0,0.0,0.0,0.0,0.0,0.0,0.0,0.0,0.0,0.0,0.0
qore_as_control,nq_92,50,True,15,5,2.0,0.5,5,0;6;14;15;20,,0,0,0,0,1.5304056742120913,0.3060811348424183,10,7.839237658246305,3.9196188291231526,0.0,2.3892131549110616,-47.61078684508894,-47.61078684508895,-47.61078684508894,True,2.3892131549110616,0.0,3003,0.1220623751401824,0.2537216947783233,0.0006290177622452876,0.0006786177840847291,0.007114913086397264,0.28227302637213053,1.0,0.3060811348424183,0.3707431741091673,0.0006290177622452876,0.0006494899405625832,0.17592424286476943,0.7412688861508152,1.0,0.8631957414701328,0.08642600545717981,0.6623872755399656,0.7260945712639066,0.8936372209055877,0.9495557173203011,0.9682958237601474,0.7839237658246304,0.10135865626639042,0.6623872755399656,0.7031939547807864,0.7395183867896014,0.9405229866818448,0.9497060186334092,0.4315978707350664,0.043213002728589904,0.3311936377699828,0.3630472856319533,0.44681861045279386,0.47477785866015054,0.4841479118800737,0.3919618829123152,0.05067932813319521,0.3311936377699828,0.3515969773903932,0.3697591933948007,0.4702614933409224,0.4748530093167046,0.0,0.0,0.0,0.0,0.0,0.0,0.0,0.0,0.0,0.0,0.0,0.0,0.0,0.0
qore_as_control,nq_93,50,True,15,5,2.0,0.5,5,0;3;14;31;39,,0,0,0,0,1.0055996326969479,0.20111992653938957,10,6.628492892941423,3.3142464464707113,0.0,2.3086468137737635,-47.69135318622624,-47.691353186226245,-47.69135318622624,True,2.3086468137737635,0.0,3003,0.06728167586146676,0.24928141754668623,0.0001275768515013083,0.00014312704715769455,0.0004057404089092263,0.0029181452744308388,1.0,0.20111992653938957,0.39944281591988423,0.00013630837133079554,0.00024440201810511036,0.0008005558516453542,0.6017024903942821,1.0,0.695599331023633,0.07168998652998865,0.5651726995929294,0.6289931089925979,0.6854908017453895,0.7840249064598763,0.9206090355894723,0.6628492892941422,0.06982899631471665,0.5749087096153641,0.583915537069239,0.6573471481393978,0.7206091217785335,0.8274763502352551,0.3477996655118165,0.035844993264994324,0.2825863497964647,0.31449655449629893,0.3427454008726947,0.39201245322993816,0.46030451779473613,0.3314246446470711,0.03491449815735832,0.28745435480768206,0.2919577685346195,0.3286735740696989,0.36030456088926677,0.41373817511762756,0.0,0.0,0.0,0.0,0.0,0.0,0.0,0.0,0.0,0.0,0.0,0.0,0.0,0.0
qore_as_control,nq_94,50,True,15,5,2.0,0.5,5,0;2;19;22;42,0;2,1,1,2,2,1.2727098263332963,0.25454196526665923,10,7.324300789918518,3.662150394959259,0.0,2.3894405686259628,-47.610559431374035,-47.61055943137404,-47.610559431374035,True,2.3894405686259628,0.0,3003,0.0962623294881197,0.24479423044928142,0.00196237750899428,0.0030760157110679047,0.012043880682518134,0.12889464686657243,1.0,0.25454196526665923,0.37641203003879903,0.008699034034177973,0.010036972693514038,0.11142750051693806,0.6562157644398648,1.0,0.7748833417374595,0.0632458198733966,0.5965856313761436,0.6799470695272062,0.787375597955326,0.8467087394289218,0.8928032000283351,0.7324300789918519,0.064658998217579,0.619976507833113,0.6260143184262951,0.7557775757045289,0.7915491489349777,0.8194067906135885,0.38744167086872977,0.0316229099366983,0.2982928156880718,0.3399735347636031,0.393687798977663,0.4233543697144609,0.44640160001416757,0.36621503949592593,0.0323294991087895,0.3099882539165565,0.31300715921314753,0.37788878785226443,0.39577457446748887,0.4097033953067942,0.0,0.0,0.0,0.0,0.0,0.0,0.0,0.0,0.0,0.0,0.0,0.0,0.0,0.0
qore_as_control,nq_95,50,True,15,5,2.0,0.5,5,0;3;4;8;26,0;3;4;8;23;26;29;35;38;43;49,1,1,7,5,4.800861419032948,0.9601722838065896,10,9.343623713911285,4.671811856955642,0.0,-0.12904956207730578,-50.129049562077306,-50.129049562077306,-50.129049562077306,True,-0.12904956207730578,0.0,3003,0.4499389182657781,0.4208036198770902,0.019456776949728347,0.021023315094440026,0.22991967813942857,0.9999148835994937,1.0,0.9601722838065896,0.04900645344246132,0.891956531411018,0.8988069234397831,0.9998927104195298,0.9999718662877878,1.0,0.8718118059685195,0.04388818983093583,0.7777511278870038,0.8135503232203728,0.8706309746305245,0.9279790552012843,0.9831956873074224,0.9343623713911284,0.027174118051365045,0.9023803745024108,0.9035197621248928,0.9233151938853921,0.9647447142514948,0.9831956873074224,0.43590590298425974,0.021944094915467914,0.3888755639435019,0.4067751616101864,0.43531548731526226,0.46398952760064216,0.4915978436537112,0.4671811856955642,0.013587059025682522,0.4511901872512054,0.4517598810624464,0.46165759694269604,0.4823723571257474,0.4915978436537112,0.0,0.0,0.0,0.0,0.0,0.0,0.0,0.0,0.0,0.0,0.0,0.0,0.0,0.0
qore_as_control,nq_96,50,True,15,5,2.0,0.5,5,1;8;10;25;36,0;1;25;36,1,1,4,3,4.83700344674578,0.967400689349156,10,7.6301882933491765,3.8150941466745882,0.0,-1.0219093000711919,-51.021909300071194,-51.0219093000712,-51.021909300071194,True,-1.0219093000711919,0.0,3003,0.5922237128014785,0.3922507862279482,0.005015525610173189,0.03720062056597274,0.547771826825136,0.9999867676315284,1.0,0.967400689349156,0.04995135869126137,0.8709848246387456,0.9090597132052429,0.9998571857889281,0.9999957561052469,1.0,0.7804162595005537,0.08274413014758472,0.617840137230315,0.6821626911554209,0.7694551060320218,0.8845839543388604,0.997466443872652,0.7630188293349177,0.08942810161907229,0.6812127971396399,0.6899414475972876,0.7244782894973638,0.8888877542259571,0.9748595644992462,0.39020812975027686,0.04137206507379236,0.3089200686151575,0.34108134557771047,0.3847275530160109,0.4422919771694302,0.498733221936326,0.38150941466745886,0.044714050809536145,0.34060639856981995,0.3449707237986438,0.3622391447486819,0.44444387711297856,0.4874297822496231,0.0,0.0,0.0,0.0,0.0,0.0,0.0,0.0,0.0,0.0,0.0,0.0,0.0,0.0
qore_as_control,nq_97,50,True,15,5,2.0,0.5,5,25;29;35;47;49,8;13;47,1,1,2,1,4.791482239793574,0.9582964479587147,10,8.26671142596369,4.133355712981845,0.0,-0.6581265268117287,-50.65812652681173,-50.658126526811735,-50.65812652681173,True,-0.6581265268117287,0.0,3003,0.5072949758534023,0.4006914013368117,0.025381839255273556,0.032202740645079636,0.6336003784076718,0.985255045840248,1.0,0.9582964479587147,0.04258213153674458,0.88355174977808,0.9060612045523901,0.9780400807036751,0.9960260090391853,1.0,0.8052104378904669,0.05744845759248502,0.6789276389128291,0.7358026792670478,0.80750328701561,0.8632444786703638,0.9881148490765469,0.826671142596369,0.03248062979803875,0.7668763564899084,0.79061733588753,0.833417998840688,0.8600722512402396,0.8883167699892744,0.40260521894523343,0.02872422879624251,0.3394638194564146,0.3679013396335239,0.403751643507805,0.4316222393351819,0.49405742453827345,0.4133355712981845,0.016240314899019375,0.3834381782449542,0.395308667943765,0.416708999420344,0.4300361256201198,0.4441583849946372,0.0,0.0,0.0,0.0,0.0,0.0,0.0,0.0,0.0,0.0,0.0,0.0,0.0,0.0
qore_as_control,nq_98,50,True,15,5,2.0,0.5,5,0;2;33;47;48,0;1;7;10;11;18;24;25;26;28;36;48,1,1,6,2,4.764337059377114,0.9528674118754228,10,8.701348965660696,4.350674482830348,0.0,-0.4136625765467663,-50.41366257654677,-50.41366257654677,-50.41366257654677,True,-0.4136625765467663,0.0,3003,0.7596453987798134,0.21623918573337425,0.2978016024292032,0.4189708469160525,0.8093224481033867,0.9816230249239002,1.0,0.9528674118754228,0.05929229543130177,0.836351273116668,0.8884515048103092,0.9760366771095231,0.9941389027200607,1.0,0.8473783222547717,0.06420245587558346,0.691823105801683,0.7459739636439225,0.8577743970889474,0.9126450939236039,0.9872169784526059,0.8701348965660698,0.043503807823230656,0.8111826289719761,0.8162131450843422,0.8733366417765577,0.9011729877517287,0.9740740363352033,0.42368916112738586,0.03210122793779173,0.3459115529008415,0.37298698182196127,0.4288871985444737,0.45632254696180197,0.49360848922630296,0.4350674482830349,0.021751903911615328,0.40559131448598806,0.4081065725421711,0.43666832088827884,0.45058649387586436,0.48703701816760164,0.0,0.0,0.0,0.0,0.0,0.0,0.0,0.0,0.0,0.0,0.0,0.0,0.0,0.0
qore_as_control,nq_99,50,True,15,5,2.0,0.5,5,0;3;4;5;19,0;4,1,1,2,2,4.9396428992032,0.98792857984064,10,8.00688057073935,4.003440285369675,0.0,-0.9362026138335251,-50.93620261383352,-50.93620261383353,-50.93620261383352,True,-0.9362026138335251,0.0,3003,0.67855468247091,0.36315597750752193,0.03741863061879674,0.11260353512644623,0.9369945290794064,0.999428148515819,1.0,0.98792857984064,0.017586366404105113,0.9541898310460976,0.9672190180984633,0.9989300658611759,0.9999040814475657,1.0,0.7930932110649732,0.06841648581073818,0.6551480587521715,0.7050828430153541,0.793287501338147,0.879714727346467,0.9709415144267747,0.800688057073935,0.058315539606348984,0.7264019138185014,0.7462913075079787,0.8045543170037428,0.8527734468615313,0.9391750900171506,0.3965466055324866,0.03420824290536909,0.32757402937608576,0.35254142150767703,0.3966437506690735,0.4398573636732335,0.48547075721338734,0.4003440285369675,0.029157769803174492,0.3632009569092507,0.37314565375398934,0.4022771585018714,0.42638672343076567,0.4695875450085753,0.0,0.0,0.0,0.0,0.0,0.0,0.0,0.0,0.0,0.0,0.0,0.0,0.0,0.0
qore_as_control,nq_100,50,True,15,5,2.0,0.5,5,5;7;17;32;45,0;2;5;17;39;43;45,1,1,5,3,4.780645436526982,0.9561290873053965,10,8.360494764035819,4.180247382017909,0.0,-0.600398054509073,-50.60039805450907,-50.60039805450907,-50.60039805450907,True,-0.600398054509073,0.0,3003,0.7191453900235066,0.2367701298918463,0.31255580486386814,0.3484939146272226,0.8051359309499638,0.9946989183301934,1.0,0.9561290873053965,0.04866329393524173,0.8954466281165624,0.8965093003211646,0.9877919076960882,0.9997214368345054,1.0,0.8041491194365281,0.048210489000885114,0.6933827796383994,0.7505463317147919,0.7987934387069648,0.8677958997987149,0.9578761861889349,0.8360494764035818,0.04302781318101012,0.768488612925863,0.786276074397419,0.8322202977330599,0.8940836538513821,0.8941857977769782,0.40207455971826406,0.024105244500442557,0.3466913898191997,0.37527316585739595,0.3993967193534824,0.4338979498993574,0.47893809309446744,0.4180247382017909,0.02151390659050506,0.3842443064629315,0.3931380371987095,0.41611014886652997,0.44704182692569105,0.4470928988884891,0.0,0.0,0.0,0.0,0.0,0.0,0.0,0.0,0.0,0.0,0.0,0.0,0.0,0.0
qore_as_control,nq_101,50,True,15,5,2.0,0.5,5,1;2;10;20;32,1;2;13;23;24;26;31;40;45,1,1,6,2,2.0648433857175825,0.4129686771435165,10,7.53955012035682,3.76977506017841,0.0,1.7049316744608274,-48.29506832553917,-48.29506832553918,-48.29506832553917,True,1.7049316744608274,0.0,3003,0.19327397163466128,0.252228580277619,0.03943428533971966,0.04252275159071339,0.10697658523473387,0.4497147656187402,1.0,0.4129686771435165,0.3355372511923225,0.10697658523473387,0.10783137844659611,0.29768586856167606,0.8204269454627133,1.0,0.7647534491606705,0.06899501536192512,0.6399230433936187,0.677891324154167,0.7671998068778154,0.8663302760602708,0.9451302941011872,0.7539550120356822,0.07448222708980437,0.6399230433936187,0.6668123010467606,0.7588292091095012,0.8447612355756368,0.8980061862856934,0.3823767245803352,0.03449750768096256,0.31996152169680936,0.3389456620770835,0.3835999034389077,0.4331651380301354,0.4725651470505936,0.3769775060178411,0.037241113544902185,0.31996152169680936,0.3334061505233803,0.3794146045547506,0.4223806177878184,0.4490030931428467,0.0,0.0,0.0,0.0,0.0,0.0,0.0,0.0,0.0,0.0,0.0,0.0,0.0,0.0
qore_as_control,nq_102,50,True,15,5,2.0,0.5,5,2;6;24;26;44,0;2;6;16;17;26;29,1,1,7,3,4.946713485582468,0.9893426971164935,10,7.597615634251295,3.7988078171256476,0.0,-1.1479056684568207,-51.14790566845682,-51.14790566845682,-51.14790566845682,True,-1.1479056684568207,0.0,3003,0.7644370560721933,0.3284605360491508,0.11752600750912115,0.1720558795117691,0.9750080298920527,0.9976115008267608,1.0,0.9893426971164935,0.009061547089709446,0.9750080298920527,0.9782494807537033,0.9929583759262516,0.9982541690871938,1.0,0.7756658798060669,0.04917925523858299,0.6795386244844723,0.7131206511634169,0.781077650351873,0.8154682036494004,0.9974146080589823,0.7597615634251296,0.029469678833682882,0.7132294133021223,0.72616799045711,0.7625434862239764,0.7928727487555854,0.8116996261916256,0.38783293990303347,0.024589627619291496,0.33976931224223617,0.35656032558170847,0.3905388251759365,0.4077341018247002,0.49870730402949115,0.3798807817125648,0.014734839416841441,0.35661470665106115,0.363083995228555,0.3812717431119882,0.3964363743777927,0.4058498130958128,0.0,0.0,0.0,0.0,0.0,0.0,0.0,0.0,0.0,0.0,0.0,0.0,0.0,0.0
qore_as_control,nq_103,50,True,15,5,2.0,0.5,5,4;5;19;24;27,10,1,0,1,0,2.135743163379528,0.4271486326759056,10,7.577268664444704,3.788634332222352,0.0,1.652891168842824,-48.34710883115718,-48.34710883115718,-48.34710883115718,True,1.652891168842824,0.0,3003,0.1667672666741565,0.2855112183250532,0.010168098435829082,0.0113648178376814,0.02139078934233463,0.5617192042567969,1.0,0.4271486326759056,0.3731514581464579,0.016471987686117746,0.0248329025330044,0.43709468138624236,0.8579208878015334,1.0,0.7748647611044713,0.052964093242887804,0.6804518754158876,0.7238705806381217,0.7674113375217785,0.8243022887555809,0.9417273216323256,0.7577268664444704,0.05458125464500414,0.7154592596070913,0.7223712334517529,0.7444462848772573,0.7748973681289171,0.9173206446533536,0.38743238055223567,0.026482046621443902,0.3402259377079438,0.36193529031906085,0.38370566876088924,0.41215114437779043,0.4708636608161628,0.3788634332222352,0.02729062732250207,0.35772962980354567,0.36118561672587646,0.37222314243862864,0.38744868406445854,0.4586603223266768,0.0,0.0,0.0,0.0,0.0,0.0,0.0,0.0,0.0,0.0,0.0,0.0,0.0,0.0
qore_as_control,nq_104,50,True,15,5,2.0,0.5,5,1;20;21;29;40,1,1,1,1,1,4.931376225968595,0.986275245193719,10,8.686048803550268,4.343024401775134,0.0,-0.5883518241934613,-50.58835182419346,-50.58835182419347,-50.58835182419346,True,-0.5883518241934613,0.0,3003,0.8653798943988658,0.13692039700813682,0.6110393799456951,0.636312433588452,0.9014556188982148,0.9988271561677953,1.0,0.986275245193719,0.021856539911054927,0.9428203464605273,0.9632865333221315,0.9950533465993113,0.9998066877176875,1.0,0.8920041939103138,0.04366779563225168,0.7655183473304308,0.8181306667607797,0.9019082785157315,0.9383825465483211,0.9923842903981945,0.8686048803550269,0.05516594409059463,0.7655183473304308,0.8016848491060639,0.9027789638631155,0.9188531800507096,0.9232070264831331,0.4460020969551569,0.02183389781612584,0.3827591736652154,0.40906533338038986,0.45095413925786576,0.46919127327416055,0.49619214519909727,0.43430244017751346,0.027582972045297315,0.3827591736652154,0.40084242455303193,0.45138948193155776,0.4594265900253548,0.46160351324156657,0.0,0.0,0.0,0.0,0.0,0.0,0.0,0.0,0.0,0.0,0.0,0.0,0.0,0.0
qore_as_control,nq_105,50,True,15,5,2.0,0.5,5,14;30;32;46;48,0;1;2;3;4;5;6;7;8;12;13;14;15;16;17;18;19;20;22;23;25;26;27;28;29;30;32;35;36;37;38;40;41;42;44;45;46;47;48;49,1,1,15,5,4.85779502041054,0.971559004082108,10,7.93148969370737,3.965744846853685,0.0,-0.8920501735568553,-50.892050173556854,-50.892050173556854,-50.892050173556854,True,-0.8920501735568553,0.0,3003,0.9087006519200245,0.05748405502639286,0.8395116343471074,0.8406068408866954,0.8847299237781446,0.9822721888834586,1.0,0.971559004082108,0.028739709929089672,0.9162177486264043,0.9407868470343309,0.9804493869964528,0.993394956056585,1.0,0.8080291972474652,0.035429553297146144,0.7371430657742133,0.7666638988716886,0.8028937904891409,0.854083482449498,0.9250268674566254,0.793148969370737,0.02352837253161006,0.7643305311163766,0.7706110891789676,0.7893108466656381,0.8290131246286037,0.8429141197675376,0.4040145986237326,0.017714776648573072,0.36857153288710665,0.3833319494358443,0.40144689524457045,0.427041741224749,0.4625134337283127,0.3965744846853685,0.01176418626580503,0.3821652655581883,0.3853055445894838,0.39465542333281906,0.41450656231430183,0.4214570598837688,0.0,0.0,0.0,0.0,0.0,0.0,0.0,0.0,0.0,0.0,0.0,0.0,0.0,0.0
qore_as_control,nq_106,50,True,15,5,2.0,0.5,5,9;14;19;34;46,,0,0,0,0,3.4589606680551968,0.6917921336110393,10,7.688059856294476,3.844029928147238,0.0,0.38506926009204134,-49.61493073990796,-49.614930739907955,-49.61493073990796,True,0.38506926009204134,0.0,3003,0.3683421901262161,0.276906640089737,0.07546925919913577,0.11099507674557993,0.31859840302704484,0.7834682432762873,1.0,0.6917921336110393,0.22781880441839225,0.442244165191045,0.47473961212325916,0.5623599446462775,0.9723495102785176,1.0,0.8045476632154026,0.08270334755527611,0.6337514878766473,0.6862956221500037,0.8225834289288917,0.9066108779327603,0.936762204474901,0.7688059856294476,0.08074453007266909,0.6493836380771572,0.6858332304080715,0.7681366605707267,0.8562119772549842,0.9237400527475278,0.4022738316077013,0.04135167377763806,0.31687574393832363,0.34314781107500186,0.41129171446444585,0.45330543896638015,0.4683811022374505,0.3844029928147238,0.040372265036334544,0.3246918190385786,0.34291661520403577,0.38406833028536336,0.4281059886274921,0.4618700263737639,0.0,0.0,0.0,0.0,0.0,0.0,0.0,0.0,0.0,0.0,0.0,0.0,0.0,0.0
qore_as_control,nq_107,50,True,15,5,2.0,0.5,5,0;1;2;5;8,,0,0,0,0,4.136882267619166,0.8273764535238332,10,8.576747965199193,4.288373982599596,0.0,0.15149171498043046,-49.84850828501957,-49.84850828501956,-49.84850828501957,True,0.15149171498043046,0.0,3003,0.3477731260632542,0.3779855966987202,0.00998938027533149,0.012694666256391289,0.08677870782993737,0.9802914292034962,1.0,0.8273764535238332,0.20952802094372938,0.4610909816837443,0.5665814355016647,0.9514653631031466,0.9998035226414917,1.0,0.7760727199438856,0.06883266276960569,0.6000539502766651,0.6910300842722445,0.7722387899984385,0.8645964688653693,0.9916280881735122,0.8576747965199193,0.0768901492146683,0.7608231176052893,0.7632856889524305,0.8749205503857103,0.9244096025295424,0.9916280881735122,0.3880363599719428,0.034416331384802844,0.30002697513833254,0.3455150421361223,0.38611939499921927,0.43229823443268467,0.4958140440867561,0.42883739825995965,0.03844507460733415,0.38041155880264466,0.38164284447621527,0.43746027519285513,0.4622048012647712,0.4958140440867561,0.0,0.0,0.0,0.0,0.0,0.0,0.0,0.0,0.0,0.0,0.0,0.0,0.0,0.0
qore_as_control,nq_108,50,True,15,5,2.0,0.5,5,2;3;36;47;48,2;3;5;6;12;14;24;29;36;40;42;43,1,1,7,3,3.495253857071667,0.6990507714143334,10,8.449188994420638,4.224594497210319,0.0,0.729340640138652,-49.27065935986135,-49.27065935986135,-49.27065935986135,True,0.729340640138652,0.0,3003,0.29204983706285315,0.3293755408175072,0.029534239605656466,0.03974136801312949,0.12207667087877781,0.8397560923388458,1.0,0.6990507714143334,0.2683038781299621,0.25887602105321933,0.40183492271950916,0.6615332207042816,0.9834285360380889,1.0,0.8124164576755695,0.055899771153894336,0.7120382855234066,0.7437596477582041,0.8052299790089545,0.8951140834287982,0.9895689487482697,0.8449188994420638,0.07160685710157402,0.7846267877111118,0.7872396139129111,0.8033679627352374,0.9375516610616293,0.9895689487482697,0.40620822883778473,0.027949885576947168,0.3560191427617033,0.37187982387910207,0.40261498950447727,0.4475570417143991,0.49478447437413486,0.4224594497210319,0.03580342855078701,0.3923133938555559,0.39361980695645554,0.4016839813676187,0.4687758305308147,0.49478447437413486,0.0,0.0,0.0,0.0,0.0,0.0,0.0,0.0,0.0,0.0,0.0,0.0,0.0,0.0
qore_as_control,nq_109,50,True,15,5,2.0,0.5,5,8;32;39;46;47,,0,0,0,0,1.6689398489604734,0.3337879697920947,10,7.007157105963578,3.503578552981789,0.0,1.8346387040213155,-48.165361295978684,-48.165361295978684,-48.165361295978684,True,1.8346387040213155,0.0,3003,0.13073658291892917,0.2552121582063475,0.01589050427573627,0.016994536322784505,0.02414699060188423,0.32956524947861665,1.0,0.3337879697920947,0.363983314344369,0.02414699060188423,0.029228660352364794,0.1759988327484265,0.7727771442528308,1.0,0.7461271119998036,0.07158924637331894,0.6295778069802476,0.6620105696605304,0.7367928119396441,0.8379395115984253,0.980411690386959,0.7007157105963577,0.03630050119948158,0.6431475512250093,0.6629592433595356,0.6923496792566705,0.7389911547699842,0.7630799630406812,0.3730635559999018,0.03579462318665947,0.3147889034901238,0.3310052848302652,0.36839640596982204,0.41896975579921264,0.4902058451934795,0.35035785529817887,0.01815025059974079,0.32157377561250466,0.3314796216797678,0.34617483962833523,0.3694955773849921,0.3815399815203406,0.0,0.0,0.0,0.0,0.0,0.0,0.0,0.0,0.0,0.0,0.0,0.0,0.0,0.0
qore_as_control,nq_110,50,True,15,5,2.0,0.5,5,4;9;17;34;46,,0,0,0,0,3.7627068739874585,0.7525413747974917,10,7.3573564429972516,3.6786782214986258,0.0,-0.08402865248883273,-50.08402865248883,-50.084028652488826,-50.08402865248883,True,-0.08402865248883273,0.0,3003,0.2927005428167433,0.3762604979875084,0.00038472964953570685,0.0004671177866642267,0.07817256448272596,0.8947497128885208,1.0,0.7525413747974917,0.2918341990168787,0.1837801022284581,0.42799974233101423,0.8800441433798525,0.9618213703577199,1.0,0.7991547973589471,0.093940069175562,0.5305377409605346,0.6657293466534465,0.8219981295302569,0.9039825791582151,0.9447310591156499,0.7357356442997252,0.10091007251482473,0.6157371021186072,0.6246311144692803,0.7019997141055168,0.8761068136313264,0.8904083515762987,0.39957739867947356,0.046970034587781,0.2652688704802673,0.33286467332672326,0.41099906476512843,0.45199128957910756,0.47236552955782496,0.3678678221498626,0.050455036257412364,0.3078685510593036,0.31231555723464016,0.3509998570527584,0.4380534068156632,0.44520417578814936,0.0,0.0,0.0,0.0,0.0,0.0,0.0,0.0,0.0,0.0,0.0,0.0,0.0,0.0
qore_as_control,nq_111,50,True,15,5,2.0,0.5,5,0;13;26;27;45,,0,0,0,0,2.317104668378101,0.4634209336756202,10,8.901095037365003,4.450547518682502,0.0,2.1334428503044007,-47.8665571496956,-47.8665571496956,-47.8665571496956,True,2.1334428503044007,0.0,3003,0.15927517867515945,0.3218706911988397,0.0013701418964348331,0.002833703468242872,0.007193479650827104,0.6768809815889612,1.0,0.4634209336756202,0.41469738658002436,0.00579245493795838,0.03153179279190716,0.3391093336571296,0.9608248320840731,1.0,0.8999716449509693,0.04289960481531452,0.8106944367052193,0.8370277753114974,0.9074777854538358,0.9521023030715898,0.9919708031434092,0.8901095037365003,0.05598746841656163,0.8106944367052193,0.8209539036064215,0.8897296613408,0.9620747098696171,0.9919708031434092,0.44998582247548463,0.02144980240765726,0.4053472183526097,0.4185138876557487,0.4537388927269179,0.4760511515357949,0.4959854015717046,0.44505475186825016,0.027993734208280815,0.4053472183526097,0.41047695180321075,0.4448648306704,0.48103735493480854,0.4959854015717046,0.0,0.0,0.0,0.0,0.0,0.0,0.0,0.0,0.0,0.0,0.0,0.0,0.0,0.0
qore_as_control,nq_112,50,True,15,5,2.0,0.5,5,8;17;24;26;33,0;1;2;3;4;5;6;7;8;9;13;15;17;24;26;29;33;38;44;49,1,1,15,5,4.987616034093021,0.9975232068186042,10,8.449998608077905,4.224999304038953,0.0,-0.7626167300540683,-50.76261673005407,-50.76261673005408,-50.76261673005407,True,-0.7626167300540683,0.0,3003,0.9755034761812209,0.044380130707845675,0.8363278049190872,0.9246085219657167,0.9947178269578703,0.9998373221131466,1.0,0.9975232068186042,0.0023718804249200894,0.993137663738848,0.9948265809105179,0.9978987787344457,0.9996300672663118,0.99971106642815,0.8757041636186611,0.0418004426449842,0.7605402333542253,0.8221032269497137,0.8744233558004565,0.9364839644047368,0.9921991892787042,0.8449998608077905,0.04528236727866227,0.7605402333542253,0.804864041535215,0.8475125797898868,0.9143926783116284,0.9212278434967642,0.43785208180933055,0.0209002213224921,0.38027011667711264,0.41105161347485686,0.43721167790022825,0.4682419822023684,0.4960995946393521,0.4224999304038953,0.022641183639331135,0.38027011667711264,0.4024320207676075,0.4237562898949434,0.4571963391558142,0.4606139217483821,0.0,0.0,0.0,0.0,0.0,0.0,0.0,0.0,0.0,0.0,0.0,0.0,0.0,0.0
qore_as_control,nq_113,50,True,15,5,2.0,0.5,5,0;1;4;16;27,0;1;6;40,1,1,3,2,2.2964345022727475,0.4592869004545495,10,7.2541966327612615,3.6270983163806307,0.0,1.3306638141078833,-48.669336185892114,-48.66933618589212,-48.669336185892114,True,1.3306638141078833,0.0,3003,0.16155726184758065,0.3369641461078284,0.00036997554755118997,0.0004593204116377362,0.0020799331877933342,0.7166265835856456,1.0,0.4592869004545495,0.45353310255931106,0.0019686530489291506,0.002013165104474824,0.2940248301798458,0.9993444343424717,1.0,0.7039644474531381,0.0782023860035094,0.5563043183901047,0.6251933402851321,0.6894354116656198,0.8354310198522475,0.9613235985851588,0.7254196632761262,0.11336539869599885,0.6210976855482664,0.6259812787964135,0.6709443108800803,0.8660049520747178,0.9613235985851588,0.35198222372656907,0.0391011930017547,0.2781521591950524,0.31259667014256604,0.3447177058328099,0.4177155099261238,0.4806617992925794,0.3627098316380631,0.056682699347999424,0.3105488427741332,0.31299063939820676,0.33547215544004017,0.4330024760373589,0.4806617992925794,0.0,0.0,0.0,0.0,0.0,0.0,0.0,0.0,0.0,0.0,0.0,0.0,0.0,0.0
qore_as_control,nq_114,50,True,15,5,2.0,0.5,5,13;19;23;30;37,37,1,1,1,1,3.13502046753814,0.627004093507628,10,8.434680062672811,4.217340031336406,0.0,1.0823195637982654,-48.917680436201735,-48.917680436201735,-48.917680436201735,True,1.0823195637982654,0.0,3003,0.23579544611054654,0.31634390201210505,0.02346534665774529,0.025694484958988496,0.05538977153387756,0.7171919039665786,1.0,0.627004093507628,0.264905100363975,0.2222096099365955,0.3439939083944075,0.5724619847283633,0.9254714067168223,1.0,0.8477875516269321,0.06590001119386896,0.6998965935956868,0.7586415310126919,0.8468687328173922,0.9334219772080153,0.9762127102218305,0.8434680062672809,0.073270435115607,0.7500344714575196,0.7557286459254849,0.8099352578751808,0.948570074462314,0.9762127102218305,0.42389377581346604,0.03295000559693448,0.3499482967978434,0.37932076550634597,0.4234343664086961,0.46671098860400767,0.48810635511091527,0.42173400313364046,0.0366352175578035,0.3750172357287598,0.37786432296274247,0.4049676289375904,0.474285037231157,0.48810635511091527,0.0,0.0,0.0,0.0,0.0,0.0,0.0,0.0,0.0,0.0,0.0,0.0,0.0,0.0
qore_as_control,nq_115,50,True,15,5,2.0,0.5,5,0;23;25;28;33,0;7,1,1,2,1,1.0005093418750723,0.20010186837501448,10,7.047744556625268,3.523872278312634,0.0,2.523362936437562,-47.476637063562436,-47.476637063562436,-47.476637063562436,True,2.523362936437562,0.0,3003,0.06872367772530093,0.24893932920948925,6.607648223160142e-05,0.0001224261482308093,0.00021813130057015166,0.013402202489609324,1.0,0.20010186837501448,0.3999490676643994,6.607648223160142e-05,8.651694896180959e-05,0.00014067582943386408,0.6000741647657399,1.0,0.7614370356914245,0.04826977763029799,0.6217261339034641,0.7080742392299657,0.7554819020811322,0.8240171846348157,0.8896313868731425,0.7047744556625268,0.039771727239375346,0.6217261339034641,0.6696160859108328,0.7051143961694417,0.7528863072303703,0.7763911769878044,0.38071851784571226,0.024134888815148994,0.31086306695173205,0.35403711961498285,0.3777409510405661,0.41200859231740783,0.44481569343657124,0.3523872278312634,0.019885863619687673,0.31086306695173205,0.3348080429554164,0.35255719808472086,0.37644315361518516,0.3881955884939022,0.0,0.0,0.0,0.0,0.0,0.0,0.0,0.0,0.0,0.0,0.0,0.0,0.0,0.0
qore_as_control,nq_116,50,True,15,5,2.0,0.5,5,0;1;2;5;8,0;1;2;3;5;8;10;12;13;23;26;27;28;29;31;33;37;39;41;42;44;47,1,1,11,5,4.933234504518438,0.9866469009036875,10,9.464443923215109,4.7322219616075545,0.0,-0.20101254291088377,-50.20101254291088,-50.20101254291088,-50.20101254291088,True,-0.20101254291088377,0.0,3003,0.46966752832304476,0.4679010783214761,0.014484186015849736,0.015439668894822291,0.08866860451454658,0.999398150098765,1.0,0.9866469009036875,0.025422853666508243,0.9358085984960068,0.9609382699357355,0.9993886362874821,0.9997617970558481,1.0,0.8752387585708713,0.04518754502438817,0.7767446607240387,0.8195104555689804,0.8690485496376907,0.942026374960045,0.9854059366356722,0.9464443923215111,0.01617538586177685,0.918569528269146,0.9333698919197064,0.9455577352539566,0.95819620921664,0.9854059366356722,0.43761937928543565,0.022593772512194084,0.38837233036201935,0.4097552277844902,0.43452427481884537,0.4710131874800225,0.4927029683178361,0.47322219616075556,0.008087692930888426,0.459284764134573,0.4666849459598532,0.4727788676269783,0.47909810460832,0.4927029683178361,0.0,0.0,0.0,0.0,0.0,0.0,0.0,0.0,0.0,0.0,0.0,0.0,0.0,0.0
qore_as_control,nq_117,50,True,15,5,2.0,0.5,5,10;34;38;40;49,3;4,1,0,2,0,4.8861450686586565,0.9772290137317313,10,8.42361266390849,4.211806331954245,0.0,-0.6743387367044118,-50.674338736704414,-50.67433873670441,-50.674338736704414,True,-0.6743387367044118,0.0,3003,0.9601557856039219,0.02734800753562284,0.905909027348778,0.933202483702518,0.9612993353516877,0.998893260800834,1.0,0.9772290137317313,0.01760968362597956,0.9612993353516877,0.9613341607642503,0.9661116989502314,0.998893260800834,0.9997710330568838,0.881368955636517,0.03385815262465777,0.7896821334724532,0.8335671489345221,0.8877952500183515,0.9212090139013892,0.946339736052041,0.842361266390849,0.030367424490060725,0.7896821334724532,0.810626069789744,0.8355665199400774,0.8785362532257144,0.893467021349073,0.4406844778182585,0.016929076312328886,0.3948410667362266,0.41678357446726105,0.44389762500917573,0.4606045069506946,0.4731698680260205,0.4211806331954245,0.015183712245030363,0.3948410667362266,0.405313034894872,0.4177832599700387,0.4392681266128572,0.4467335106745365,0.0,0.0,0.0,0.0,0.0,0.0,0.0,0.0,0.0,0.0,0.0,0.0,0.0,0.0
qore_as_control,nq_118,50,True,15,5,2.0,0.5,5,4;6;17;29;45,,0,0,0,0,2.622333317206454,0.5244666634412908,10,7.283334528893339,3.6416672644466694,0.0,1.0193339472402156,-48.98066605275979,-48.98066605275979,-48.98066605275979,True,1.0193339472402156,0.0,3003,0.18762264178957874,0.3002576713811761,0.0049782934094875905,0.007168837583583765,0.021088625477957892,0.6359552032212971,1.0,0.5244666634412908,0.3156294914575896,0.1254670056635393,0.16616797561039467,0.629164626930225,0.8561929016328047,1.0,0.7300195287246094,0.07623429131420834,0.5673611207691618,0.645224062632635,0.7171867831605332,0.8340139038578644,0.9790687313971302,0.7283334528893339,0.11851289246819116,0.6043397373560765,0.6121767534733916,0.6599458010659627,0.8534680765115065,0.9790687313971302,0.3650097643623047,0.03811714565710417,0.2836805603845809,0.3226120313163175,0.3585933915802666,0.4170069519289322,0.4895343656985651,0.36416672644466697,0.05925644623409558,0.30216986867803824,0.3060883767366958,0.32997290053298134,0.42673403825575323,0.4895343656985651,0.0,0.0,0.0,0.0,0.0,0.0,0.0,0.0,0.0,0.0,0.0,0.0,0.0,0.0
qore_as_control,nq_119,50,True,15,5,2.0,0.5,5,5;10;11;22;43,0;8;11;15;19,1,1,4,1,4.345748461455251,0.8691496922910502,10,8.427755450798045,4.213877725399023,0.0,-0.13187073605622857,-50.13187073605623,-50.13187073605623,-50.13187073605623,True,-0.13187073605622857,0.0,3003,0.48443151150653996,0.3390654816976816,0.07379772945245222,0.11806227252409901,0.33693809556027743,0.9846438520179793,1.0,0.8691496922910502,0.18703344084010973,0.5070587044482158,0.6519995376558617,0.9846176485292192,0.9938645284041945,1.0,0.8260689453352488,0.07152321098209778,0.6982513932030232,0.7275913775404095,0.8280311900804084,0.9183759494482234,0.9409461363804982,0.8427755450798046,0.07687768094073962,0.7278356752704729,0.7388144779717648,0.877631200071112,0.9178890979292909,0.918938153842997,0.4130344726676244,0.03576160549104889,0.3491256966015116,0.36379568877020474,0.4140155950402042,0.4591879747241117,0.4704730681902491,0.4213877725399023,0.03843884047036981,0.36391783763523644,0.3694072389858824,0.438815600035556,0.4589445489646454,0.4594690769214985,0.0,0.0,0.0,0.0,0.0,0.0,0.0,0.0,0.0,0.0,0.0,0.0,0.0,0.0
qore_as_control,nq_120,50,True,15,5,2.0,0.5,5,0;4;11;16;21,0;2;4;5,1,1,4,2,4.263382531644117,0.8526765063288233,10,7.455943281907123,3.7279716409535615,0.0,-0.5354108906905557,-50.53541089069056,-50.53541089069056,-50.53541089069056,True,-0.5354108906905557,0.0,3003,0.4174640385537879,0.397939150562125,0.004100142127524311,0.004879627169572238,0.4066504191850819,0.9186363890780604,1.0,0.8526765063288233,0.1534572797216814,0.5573465032446157,0.6840068945704673,0.9029336951304664,0.971641940683916,1.0,0.740459260774018,0.0947843491050138,0.5681469049377071,0.6267505922209018,0.7238811877955016,0.8620582110331659,0.9617271293580792,0.7455943281907123,0.1305386128932305,0.6191951638333887,0.6244475416108186,0.6671273377328213,0.9246601243506418,0.9301273523070446,0.370229630387009,0.0473921745525069,0.28407345246885357,0.3133752961104509,0.3619405938977508,0.43102910551658297,0.4808635646790396,0.3727971640953561,0.06526930644661524,0.30959758191669434,0.3122237708054093,0.33356366886641065,0.4623300621753209,0.4650636761535223,0.0,0.0,0.0,0.0,0.0,0.0,0.0,0.0,0.0,0.0,0.0,0.0,0.0,0.0
qore_as_control,nq_121,50,True,15,5,2.0,0.5,5,10;18;29;34;40,0;7;10;12;17;18;26;28;29;45;46;48;49,1,1,9,3,1.2330984219722798,0.24661968439445597,10,7.792417385228147,3.8962086926140733,0.0,2.6631102706417935,-47.336889729358205,-47.33688972935821,-47.336889729358205,True,2.6631102706417935,0.0,3003,0.0929346724282897,0.24474343356014505,0.0024183291090330967,0.002984477050873584,0.0164121501883648,0.10458013117699028,1.0,0.24661968439445597,0.37899022066020394,0.007058395563512069,0.020598721848158745,0.051248422177340824,0.6535529571825194,1.0,0.8076222327966283,0.05546956772642018,0.6860393820640479,0.7446484933476776,0.8001995137886051,0.8796166232953888,0.9415863228291443,0.7792417385228148,0.05096698709936161,0.6913160987044946,0.7064870269832425,0.7735644552633496,0.8269380186651695,0.8755734582126181,0.40381111639831413,0.02773478386321009,0.34301969103202395,0.3723242466738388,0.40009975689430255,0.4398083116476944,0.47079316141457217,0.3896208692614074,0.025483493549680804,0.3456580493522473,0.35324351349162125,0.3867822276316748,0.41346900933258474,0.43778672910630906,0.0,0.0,0.0,0.0,0.0,0.0,0.0,0.0,0.0,0.0,0.0,0.0,0.0,0.0
qore_as_control,nq_122,50,True,15,5,2.0,0.5,5,4;12;15;43;48,,0,0,0,0,4.671031293381947,0.9342062586763895,10,7.727713726849235,3.8638568634246173,0.0,-0.80717442995733,-50.80717442995733,-50.80717442995733,-50.80717442995733,True,-0.80717442995733,0.0,3003,0.7727469257968945,0.25671615032205103,0.19439358710709084,0.3247913413221294,0.860436622482318,0.9890300330299586,1.0,0.9342062586763895,0.07043706473039502,0.8459046171817557,0.8479974920339136,0.9768194505143311,0.9988681685494841,1.0,0.7901648906054447,0.072939409725899,0.6310334286756183,0.6989586624762082,0.7902543457708887,0.8868326985446339,0.9631666827204768,0.7727713726849235,0.060397785902695914,0.6782833618042647,0.7089785634358622,0.7647348909736098,0.8419438268037984,0.8757234358067554,0.39508244530272235,0.0364697048629495,0.31551671433780915,0.3494793312381041,0.39512717288544436,0.44341634927231693,0.4815833413602384,0.38638568634246173,0.030198892951347957,0.33914168090213237,0.3544892817179311,0.3823674454868049,0.4209719134018992,0.4378617179033777,0.0,0.0,0.0,0.0,0.0,0.0,0.0,0.0,0.0,0.0,0.0,0.0,0.0,0.0
qore_as_control,nq_123,50,True,15,5,2.0,0.5,5,4;33;41;45;47,1;2;4;6;7;12,1,1,5,1,4.927561498954739,0.9855122997909478,10,7.669353862106378,3.834676931053189,0.0,-1.0928845679015495,-51.09288456790155,-51.09288456790155,-51.09288456790155,True,-1.0928845679015495,0.0,3003,0.9771057331281041,0.031594463482709834,0.9045785511701675,0.9218361261931741,0.9940399369402989,0.9999752279961636,1.0,0.9855122997909478,0.01182362154588529,0.9702755623744584,0.9716920012348224,0.9871131935191466,0.998542433414306,1.0,0.8082072502602758,0.06550778209707887,0.6680728568563539,0.739234332273636,0.797728162754541,0.8923828830500101,0.9970386230013386,0.7669353862106378,0.047049443350602356,0.6737058358244998,0.7248450249039731,0.771754800932596,0.80255944216388,0.8568094784073486,0.4041036251301379,0.03275389104853944,0.33403642842817693,0.369617166136818,0.3988640813772705,0.44619144152500506,0.4985193115006693,0.3834676931053189,0.023524721675301178,0.3368529179122499,0.36242251245198653,0.385877400466298,0.40127972108194,0.4284047392036743,0.0,0.0,0.0,0.0,0.0,0.0,0.0,0.0,0.0,0.0,0.0,0.0,0.0,0.0
qore_as_control,nq_124,50,True,15,5,2.0,0.5,5,3;4;34;42;47,4,1,1,1,1,1.3758818347740913,0.2751763669548183,10,6.442077852313124,3.221038926156562,0.0,1.8451570913824709,-48.15484290861753,-48.154842908617525,-48.15484290861753,True,1.8451570913824709,0.0,3003,0.11060923840507528,0.24731897331651193,0.0011137453322666749,0.0016829365843683132,0.007960845625639708,0.19933925528664576,1.0,0.2751763669548183,0.37301309025422635,0.0037318223056712805,0.0038988638739836093,0.1267262493299429,0.6965097347648102,1.0,0.7117931997710003,0.08887905288501573,0.5478489574712018,0.6123681113213606,0.7101846867712447,0.8427363194055688,0.9563186992848302,0.6442077852313124,0.0561268715750012,0.5478489574712018,0.5840798644788081,0.6345401740461822,0.7207571221615181,0.7509974144486006,0.35589659988550015,0.044439526442507864,0.2739244787356009,0.3061840556606803,0.35509234338562234,0.4213681597027844,0.4781593496424151,0.3221038926156562,0.0280634357875006,0.2739244787356009,0.29203993223940405,0.3172700870230911,0.36037856108075905,0.3754987072243003,0.0,0.0,0.0,0.0,0.0,0.0,0.0,0.0,0.0,0.0,0.0,0.0,0.0,0.0
qore_as_control,nq_125,50,True,15,5,2.0,0.5,5,0;1;4;26;36,0;1;2;4;5;6;7;8;10;21;40;47,1,1,9,3,2.3090523787832957,0.4618104757566591,10,7.352406580159326,3.676203290079663,0.0,1.3671509112963673,-48.63284908870363,-48.63284908870363,-48.63284908870363,True,1.3671509112963673,0.0,3003,0.23237735518589883,0.3040358556543738,0.02687253448795135,0.03152286797754232,0.14884255276762895,0.6951829211795486,1.0,0.4618104757566591,0.4372942908897267,0.02687253448795135,0.02780095599205612,0.2830441622436495,0.9879768375213926,1.0,0.8144058526503714,0.11570783883693377,0.5681859951661942,0.6367730970252812,0.8689981981867635,0.9291530731528864,0.9753991722743465,0.7352406580159326,0.13079022754128983,0.5694085805138914,0.6127448544077831,0.7014074989243837,0.9239927527350968,0.933642833013851,0.4072029263251857,0.05785391941846688,0.2840929975830971,0.3183865485126406,0.43449909909338175,0.4645765365764432,0.48769958613717324,0.3676203290079663,0.06539511377064491,0.2847042902569457,0.3063724272038916,0.35070374946219185,0.4619963763675484,0.4668214165069255,0.0,0.0,0.0,0.0,0.0,0.0,0.0,0.0,0.0,0.0,0.0,0.0,0.0,0.0
qore_as_control,nq_126,50,True,15,5,2.0,0.5,5,4;7;13;34;42,0;1;4,1,1,3,1,1.789596322985679,0.3579192645971358,10,6.6525584342741935,3.3262792171370967,0.0,1.5366828941514177,-48.46331710584858,-48.46331710584858,-48.46331710584858,True,1.5366828941514177,0.0,3003,0.12053017629718858,0.3027432722362889,5.296293592087626e-05,7.139157173981116e-05,0.0008049523559682318,0.4694929638553512,1.0,0.3579192645971358,0.43636503582194586,8.594885844726967e-05,0.00027532809666677086,0.01938811224294999,0.9078251459721143,1.0,0.7076031631199906,0.06358272467029427,0.5940867277311878,0.642817236863241,0.6920216893409713,0.7866984380244163,0.9004376667474548,0.6652558434274194,0.04135170758879058,0.6021937114559259,0.6112782127985487,0.6666841088832078,0.7109310722744762,0.7421919828444444,0.3538015815599953,0.031791362335147136,0.2970433638655939,0.3214086184316205,0.34601084467048565,0.39334921901220815,0.4502188333737274,0.3326279217137097,0.02067585379439529,0.30109685572796296,0.30563910639927433,0.3333420544416039,0.3554655361372381,0.3710959914222222,0.0,0.0,0.0,0.0,0.0,0.0,0.0,0.0,0.0,0.0,0.0,0.0,0.0,0.0
qore_as_control,nq_127,50,True,15,5,2.0,0.5,5,0;1;4;24;39,0;1;3;7,1,1,4,2,2.0002469785483528,0.4000493957096706,10,7.377998458095565,3.6889992290477824,0.0,1.6887522504994297,-48.31124774950057,-48.31124774950058,-48.311247749500566,True,1.6887522504994297,0.0,3003,0.1352944745049896,0.3386005209944403,0.0001668661548915773,0.0003393866814440576,0.002188893494332321,0.6016011826706299,1.0,0.4000493957096706,0.48866551673510983,0.0006190178848562344,0.0007648753419238296,0.0015667064049841057,0.998831037092395,1.0,0.7678977288231311,0.08858786255726878,0.5942441821797008,0.6395309897930165,0.7906898690153369,0.8721024675171481,0.9973478084735965,0.7377998458095565,0.10097366274054129,0.6183156845883825,0.6560713937903326,0.6949222364960044,0.8545332084228219,0.9696300462263545,0.38394886441156556,0.04429393127863439,0.2971220910898504,0.31976549489650824,0.39534493450766844,0.4360512337585741,0.49867390423679825,0.36889992290477824,0.05048683137027064,0.30915784229419124,0.3280356968951663,0.3474611182480022,0.42726660421141094,0.48481502311317726,0.0,0.0,0.0,0.0,0.0,0.0,0.0,0.0,0.0,0.0,0.0,0.0,0.0,0.0
qore_as_control,nq_128,50,True,15,5,2.0,0.5,5,0;4;10;24;35,0;4;9;15;28;33;35;44,1,1,7,3,3.1741635930948178,0.6348327186189635,10,8.123191957317973,4.061595978658986,0.0,0.8874323855641686,-49.11256761443583,-49.11256761443583,-49.11256761443583,True,0.8874323855641686,0.0,3003,0.3585107855657618,0.29186429503029754,0.06440848321950378,0.07407365690163452,0.2991029748807695,0.792706851197003,1.0,0.6348327186189635,0.30222512762426135,0.2991029748807695,0.34942876807226736,0.45094750822681806,0.9996782608510864,1.0,0.8175521856605814,0.06335374744747609,0.6803080491874545,0.7364698039918876,0.813938265584049,0.9043760803992378,0.9935501234669615,0.8123191957317971,0.06288210304318852,0.7351199813541166,0.7590941033522292,0.7991030011109362,0.874586384168429,0.9651565195156253,0.4087760928302907,0.03167687372373804,0.34015402459372723,0.3682349019959438,0.4069691327920245,0.4521880401996189,0.49677506173348074,0.40615959786589856,0.03144105152159426,0.3675599906770583,0.3795470516761146,0.3995515005554681,0.4372931920842145,0.48257825975781266,0.0,0.0,0.0,0.0,0.0,0.0,0.0,0.0,0.0,0.0,0.0,0.0,0.0,0.0
qore_as_control,nq_129,50,True,15,5,2.0,0.5,5,10;25;28;29;33,0;1;5;6;9;10;33;37;48,1,1,7,2,4.660760703205697,0.9321521406411394,10,7.370344831346166,3.685172415673083,0.0,-0.9755882875326138,-50.97558828753262,-50.97558828753262,-50.97558828753261,True,-0.9755882875326138,0.0,3003,0.726032767970375,0.2713316911452108,0.25740385873359417,0.2969990745466597,0.8536670514062378,0.992433365462912,1.0,0.9321521406411394,0.10482686094811014,0.723242193440845,0.8231873758842863,0.9801338750880231,0.9937117940509523,1.0,0.7878975019638708,0.07815442534439648,0.6335852280971288,0.6935525529076754,0.7785111758778658,0.9029946421861214,0.9936801288767942,0.7370344831346167,0.06316282753022091,0.6435581877508074,0.6570448527464217,0.744867176917925,0.8108102904289591,0.8152285028721084,0.3939487509819354,0.03907721267219824,0.3167926140485644,0.3467762764538377,0.3892555879389329,0.4514973210930607,0.4968400644383971,0.36851724156730836,0.03158141376511046,0.3217790938754037,0.32852242637321083,0.3724335884589625,0.40540514521447957,0.4076142514360542,0.0,0.0,0.0,0.0,0.0,0.0,0.0,0.0,0.0,0.0,0.0,0.0,0.0,0.0
qore_as_control,nq_130,50,True,15,5,2.0,0.5,5,4;12;13;14;26,,0,0,0,0,2.3042008360647075,0.4608401672129415,10,7.940226502470022,3.970113251235011,0.0,1.6659124151703035,-48.334087584829696,-48.3340875848297,-48.334087584829696,True,1.6659124151703035,0.0,3003,0.19982011419261797,0.25710945567721405,0.008943757996292451,0.0145878728772056,0.0948235931831936,0.46443357994998025,1.0,0.4608401672129415,0.29539746377415166,0.16569464833755093,0.19035427021567633,0.4113195543329755,0.7999371721445268,1.0,0.7998135878640841,0.06721462245896619,0.6437680555119764,0.7282461840427294,0.7856693259841177,0.9111098276302199,0.951664219373414,0.7940226502470022,0.07349473236361224,0.68818155973456,0.7273462953917228,0.7835052032537793,0.9196308962523887,0.9265993983859669,0.39990679393204204,0.03360731122948309,0.3218840277559882,0.3641230920213647,0.3928346629920588,0.45555491381510993,0.475832109686707,0.3970113251235011,0.03674736618180612,0.34409077986728,0.3636731476958614,0.39175260162688963,0.45981544812619435,0.46329969919298347,0.0,0.0,0.0,0.0,0.0,0.0,0.0,0.0,0.0,0.0,0.0,0.0,0.0,0.0
qore_as_control,nq_131,50,True,15,5,2.0,0.5,5,4;5;11;34;41,0;4;15;20;23;43;46,1,1,3,1,4.270800105465886,0.8541600210931772,10,8.652190216258505,4.326095108129253,0.0,0.05529500266336651,-49.944704997336636,-49.94470499733663,-49.944704997336636,True,0.05529500266336651,0.0,3003,0.5655233494143883,0.2862476367603305,0.11519035263283274,0.2081753966035763,0.6855450040487494,0.9172690021685993,1.0,0.8541600210931772,0.11566314432259099,0.6855450040487494,0.7139701792930747,0.8995964669297246,0.9716202769311396,1.0,0.8797235136409316,0.03571759341237051,0.7959539646117659,0.8366266268153536,0.8775960375807187,0.929273799960664,0.9688480227836634,0.8652190216258505,0.03798492864772149,0.8256779144906113,0.8366147426138559,0.8564617240684256,0.8860506997521015,0.9688480227836634,0.4398617568204658,0.017858796706185256,0.39797698230588296,0.4183133134076768,0.43879801879035935,0.464636899980332,0.4844240113918317,0.43260951081292526,0.018992464323860744,0.41283895724530567,0.41830737130692797,0.4282308620342128,0.44302534987605074,0.4844240113918317,0.0,0.0,0.0,0.0,0.0,0.0,0.0,0.0,0.0,0.0,0.0,0.0,0.0,0.0
qore_as_control,nq_132,50,True,15,5,2.0,0.5,5,0;5;6;20;33,9;18;19;28,1,0,1,0,3.054481261421145,0.6108962522842291,10,8.171247351908738,4.085623675954369,0.0,1.0311424145332238,-48.96885758546678,-48.96885758546678,-48.96885758546678,True,1.0311424145332238,0.0,3003,0.27543508282938145,0.30541859671714455,0.06372406659065702,0.065596907875041,0.11919355576440786,0.8099805367924442,1.0,0.6108962522842291,0.3238366216622609,0.21009869412399823,0.2228952303645565,0.7569749137530375,0.9381270475274862,1.0,0.8332696261756515,0.05146803467825422,0.7042543745351972,0.7677217778726595,0.8349763219719649,0.8976061766372104,0.9482988845491951,0.8171247351908736,0.03791048203151259,0.7621899341034348,0.7659527808552173,0.8235964236621107,0.8584115720050185,0.8857139526430862,0.41663481308782574,0.02573401733912711,0.3521271872675986,0.38386088893632975,0.41748816098598246,0.4488030883186052,0.47414944227459754,0.4085623675954368,0.018955241015756297,0.3810949670517174,0.38297639042760867,0.41179821183105536,0.42920578600250925,0.4428569763215431,0.0,0.0,0.0,0.0,0.0,0.0,0.0,0.0,0.0,0.0,0.0,0.0,0.0,0.0
qore_as_control,nq_133,50,True,15,5,2.0,0.5,5,22;26;28;35;47,2;5;9;31;47,1,1,3,1,4.175987314453165,0.8351974628906328,10,8.272279140830273,4.1361395704151365,0.0,-0.03984774403802849,-50.03984774403803,-50.03984774403803,-50.03984774403803,True,-0.03984774403802849,0.0,3003,0.5309028816785147,0.2793006721682103,0.054915312468933775,0.1890774081159971,0.4811045945881705,0.9465786222260879,1.0,0.8351974628906328,0.15526085408153734,0.6477087320044437,0.6497062916211526,0.8938347430770746,0.992696483330172,1.0,0.8701130309315704,0.05778649303630749,0.7177292109942682,0.7845853394149496,0.8838733498857817,0.93510185070449,0.9583413188962053,0.8272279140830273,0.05037158222267714,0.7606368486078732,0.7718417182328212,0.8171484665416247,0.8799270580218275,0.9128807349680146,0.4350565154657852,0.028893246518153747,0.3588646054971341,0.3922926697074748,0.44193667494289085,0.467550925352245,0.47917065944810266,0.41361395704151366,0.02518579111133857,0.3803184243039366,0.3859208591164106,0.4085742332708123,0.43996352901091373,0.4564403674840073,0.0,0.0,0.0,0.0,0.0,0.0,0.0,0.0,0.0,0.0,0.0,0.0,0.0,0.0
qore_as_control,nq_134,50,True,15,5,2.0,0.5,5,3;6;19;32;48,0;3;5;6,1,1,3,2,2.5185288026116526,0.5037057605223305,10,7.73066629656953,3.865333148284765,0.0,1.3468043456731125,-48.653195654326886,-48.65319565432688,-48.653195654326886,True,1.3468043456731125,0.0,3003,0.2407901986926572,0.2724214392548438,0.011033945330607305,0.015895527913525307,0.13239973163544613,0.49907073724831513,1.0,0.5037057605223305,0.28171958886493503,0.13239973163544613,0.23673311157418986,0.48333398224012697,0.8038247629015096,1.0,0.8119917372743105,0.067845903314004,0.6477268647415214,0.7243453923005162,0.8100269676038301,0.8958378132231322,0.922921734005161,0.773066629656953,0.0579287123037906,0.7029305147759813,0.7071530794103968,0.7601305346155425,0.8529342504487919,0.8725795026987864,0.40599586863715525,0.033922951657002,0.3238634323707607,0.3621726961502581,0.40501348380191504,0.4479189066115661,0.4614608670025805,0.3865333148284765,0.0289643561518953,0.35146525738799067,0.3535765397051984,0.38006526730777124,0.42646712522439595,0.4362897513493932,0.0,0.0,0.0,0.0,0.0,0.0,0.0,0.0,0.0,0.0,0.0,0.0,0.0,0.0
qore_as_control,nq_135,50,True,15,5,2.0,0.5,5,4;27;32;43;47,0;20;28;38,0,0,0,0,1.9617325521932325,0.3923465104386465,10,6.3891815905828935,3.1945907952914467,0.0,1.2328582430982142,-48.767141756901786,-48.76714175690178,-48.767141756901786,True,1.2328582430982142,0.0,3003,0.17258812874935964,0.2388626456356883,0.024216917858984353,0.03266340222106446,0.09094326165037972,0.3047903949473327,1.0,0.3923465104386465,0.31099414905077827,0.12862403854393262,0.17295594458579974,0.25701215526543525,0.7346570218941058,1.0,0.6432533186407868,0.0673576243230616,0.4860013059499879,0.5739475407163418,0.6470033547628936,0.7173933045560167,0.9025128000210297,0.6389181590582893,0.035341054681181455,0.5810990722449316,0.5990623213198146,0.6411066677079744,0.6820925891990438,0.6937603520520339,0.3216266593203934,0.0336788121615308,0.24300065297499396,0.2869737703581709,0.3235016773814468,0.35869665227800834,0.45125640001051487,0.31945907952914465,0.017670527340590728,0.2905495361224658,0.2995311606599073,0.3205533338539872,0.3410462945995219,0.34688017602601695,0.0,0.0,0.0,0.0,0.0,0.0,0.0,0.0,0.0,0.0,0.0,0.0,0.0,0.0
qore_as_control,nq_136,50,True,15,5,2.0,0.5,5,7;16;18;21;35,21,1,1,1,1,1.129135495198706,0.2258270990397412,10,6.164406131801935,3.0822030659009676,0.0,1.9530675707022616,-48.04693242929774,-48.04693242929774,-48.04693242929774,True,1.9530675707022616,0.0,3003,0.08540866127738382,0.24611778946435736,0.0006354967978523583,0.0009351419719595577,0.007048332586016178,0.08551701988472522,1.0,0.2258270990397412,0.3894396746787061,0.0010452628561348194,0.003056002210280146,0.007048332586016178,0.6459879154060229,1.0,0.6805768374948642,0.08306175049415065,0.5543002208730707,0.5867111359562063,0.6658138843578943,0.8038568527244521,0.9915545879633123,0.6164406131801936,0.07994964462269062,0.5598699570362982,0.5726936542171482,0.5915773502335883,0.6513856381623828,0.8501100502079367,0.3402884187474321,0.04153087524707533,0.27715011043653537,0.29335556797810314,0.3329069421789472,0.40192842636222603,0.49577729398165615,0.3082203065900968,0.03997482231134531,0.2799349785181491,0.2863468271085741,0.29578867511679413,0.3256928190811914,0.42505502510396836,0.0,0.0,0.0,0.0,0.0,0.0,0.0,0.0,0.0,0.0,0.0,0.0,0.0,0.0
qore_as_control,nq_137,50,True,15,5,2.0,0.5,5,0;4;8;43;47,0;3,1,1,2,1,1.214374103623487,0.2428748207246974,10,7.618146121140697,3.8090730605703484,0.0,2.5946989569468615,-47.405301043053136,-47.40530104305314,-47.405301043053136,True,2.5946989569468615,0.0,3003,0.08666313573362014,0.24695373737909587,0.0005164160302504147,0.0006114744314680433,0.0022890660566776424,0.11103402727413883,1.0,0.2428748207246974,0.38181734059368794,0.0007108694228925859,0.0018038594652805733,0.07548953264450141,0.6538921428108923,1.0,0.8040239524299553,0.054811896993919786,0.6383006950492887,0.7366889488526548,0.8056469626878479,0.8749470017679504,0.9308384657944926,0.7618146121140696,0.06507462477685506,0.6543773359227791,0.6718427754182928,0.7829089473826523,0.8325410683690525,0.8383824005760893,0.40201197621497764,0.027405948496959893,0.31915034752464433,0.3683444744263274,0.40282348134392393,0.4374735008839752,0.4654192328972463,0.3809073060570348,0.03253731238842753,0.32718866796138957,0.3359213877091464,0.39145447369132613,0.41627053418452625,0.41919120028804463,0.0,0.0,0.0,0.0,0.0,0.0,0.0,0.0,0.0,0.0,0.0,0.0,0.0,0.0
qore_as_control,nq_138,50,True,15,5,2.0,0.5,5,5;18;25;26;37,,0,0,0,0,2.8768083580303343,0.5753616716060669,10,7.77208464312489,3.886042321562445,0.0,1.0092339635321106,-48.99076603646789,-48.99076603646789,-48.99076603646789,True,1.0092339635321106,0.0,3003,0.23585689047769295,0.3221910945913865,0.012668666255575764,0.014007458766647319,0.045000086958027784,0.7542609452502255,1.0,0.5753616716060669,0.35073999374559395,0.10636802485250031,0.21091468782178152,0.43681222645526435,0.9863573697787466,1.0,0.8312089686110741,0.07988477715219627,0.7026277825147341,0.7419128323100712,0.8027610258595522,0.9350960043124703,0.9561082603917681,0.777208464312489,0.05110295555609911,0.7242685227743171,0.733837028444415,0.7605295422088625,0.815563157633117,0.9108714875999945,0.41560448430553704,0.03994238857609814,0.35131389125736706,0.3709564161550356,0.4013805129297761,0.46754800215623515,0.47805413019588405,0.3886042321562445,0.025551477778049555,0.36213426138715854,0.3669185142222075,0.38026477110443124,0.4077815788165585,0.45543574379999724,0.0,0.0,0.0,0.0,0.0,0.0,0.0,0.0,0.0,0.0,0.0,0.0,0.0,0.0
qore_as_control,nq_139,50,True,15,5,2.0,0.5,5,0;3;4;6;31,,0,0,0,0,1.311672081223988,0.2623344162447976,10,6.56647186732284,3.28323593366142,0.0,1.9715638524374322,-48.028436147562566,-48.02843614756256,-48.028436147562566,True,1.9715638524374322,0.0,3003,0.09076044819769034,0.24959267377100589,0.0009597846590648668,0.0011966625226568137,0.0029762231513292396,0.168332383474565,1.0,0.2623344162447976,0.37771513956957425,0.0011082608307377455,0.0014231191509786465,0.08434332391290553,0.6897300359396019,1.0,0.6901124323535359,0.06144393906072254,0.5405516070036795,0.6134447686045037,0.6866315535534394,0.7657090321660616,0.8512689814726672,0.6566471867322841,0.08062913273638295,0.5405516070036795,0.5649717344460168,0.6549074939479216,0.7286963834225453,0.8421008814723643,0.34505621617676796,0.03072196953036127,0.2702758035018398,0.30672238430225185,0.3433157767767197,0.3828545160830308,0.4256344907363336,0.32832359336614203,0.04031456636819147,0.2702758035018398,0.2824858672230084,0.3274537469739608,0.36434819171127264,0.42105044073618214,0.0,0.0,0.0,0.0,0.0,0.0,0.0,0.0,0.0,0.0,0.0,0.0,0.0,0.0
qore_as_control,nq_140,50,True,15,5,2.0,0.5,5,1;6;7;16;21,1;6,1,1,2,2,4.005944235030746,0.8011888470061492,10,8.7156232863801,4.35781164319005,0.0,0.35186740815930406,-49.64813259184069,-49.64813259184069,-49.64813259184069,True,0.35186740815930406,0.0,3003,0.2798776896699914,0.4198785753364698,0.0005436762886783795,0.0009188127992721324,0.013960745363620007,0.9962575067774901,1.0,0.8011888470061492,0.3454555102729359,0.11436781583482536,0.42877796526564294,0.9922621554647041,0.999568429727739,1.0,0.8873674869868267,0.031843134057478545,0.7918473029070647,0.8479018469840616,0.8907552225698214,0.9219308020913017,0.9901216169141247,0.8715623286380101,0.0527821284026391,0.798785067897302,0.8191749895502322,0.8815301519119549,0.9079607764855495,0.9901216169141247,0.44368374349341333,0.015921567028739272,0.39592365145353237,0.4239509234920308,0.4453776112849107,0.46096540104565087,0.49506080845706235,0.43578116431900504,0.02639106420131955,0.399392533948651,0.4095874947751161,0.44076507595597747,0.45398038824277476,0.49506080845706235,0.0,0.0,0.0,0.0,0.0,0.0,0.0,0.0,0.0,0.0,0.0,0.0,0.0,0.0
qore_as_control,nq_141,50,True,15,5,2.0,0.5,5,14;24;33;35;45,2;3;5;7;11;13;14;16;18;19;20;21;22;23;24;25;26;29;30;31;32;33;34;35;36;37;39;44;45;46;47;48,1,1,13,5,4.892661091017662,0.9785322182035324,10,8.469424092156384,4.234712046078192,0.0,-0.6579490449394703,-50.65794904493947,-50.65794904493947,-50.65794904493947,True,-0.6579490449394703,0.0,3003,0.8986335915693316,0.09109592852364096,0.729434763613293,0.7437550354074739,0.9299554254892274,0.9833190089556618,1.0,0.9785322182035324,0.013997035940831962,0.9604639553522273,0.9630962153409915,0.9788625462455814,0.9945159936382861,1.0,0.853432237026981,0.057673559493438685,0.7453586960337384,0.786766943100909,0.8402391885499224,0.9417302554270003,0.9819927486907674,0.8469424092156383,0.07036799536014299,0.7648924158360101,0.7688669384090633,0.8119167656579116,0.9261486814160124,0.9616721794023995,0.4267161185134905,0.028836779746719342,0.3726793480168692,0.3933834715504545,0.4201195942749612,0.47086512771350014,0.4909963743453837,0.4234712046078192,0.035183997680071494,0.38244620791800504,0.38443346920453164,0.4059583828289558,0.4630743407080062,0.48083608970119973,0.0,0.0,0.0,0.0,0.0,0.0,0.0,0.0,0.0,0.0,0.0,0.0,0.0,0.0
qore_as_control,nq_142,50,True,15,5,2.0,0.5,5,4;6;10;37;41,0;1;2;3;4;5;6;7;8;9;10;11;12;13;14;15;16;17;18;19;20;21;22;23;24;25;26;28;30;31;36;37;39;41;42;43;44;45;47;49,1,1,13,5,3.4879800850106215,0.6975960170021243,10,8.491524205466202,4.245762102733101,0.0,0.7577820177224797,-49.24221798227752,-49.242217982277516,-49.24221798227752,True,0.7577820177224797,0.0,3003,0.2950009456804049,0.3308609929235955,0.042675789112409296,0.05492281510746219,0.12477146250430379,0.8425482977149593,1.0,0.6975960170021243,0.28644610663007314,0.18269257245086912,0.3742993911465763,0.7179921915340489,0.9702342807342266,1.0,0.8381604740436127,0.050465104705745174,0.7196737027434524,0.7704903165771361,0.8389024987640085,0.906221089509476,0.9481865535637356,0.8491524205466201,0.04087704281747948,0.777889465571484,0.8057178064887889,0.8470796401108545,0.9029918531363081,0.906587297164126,0.41908023702180636,0.025232552352872587,0.3598368513717262,0.38524515828856803,0.41945124938200423,0.453110544754738,0.4740932767818678,0.42457621027331005,0.02043852140873974,0.388944732785742,0.40285890324439444,0.42353982005542723,0.45149592656815407,0.453293648582063,0.0,0.0,0.0,0.0,0.0,0.0,0.0,0.0,0.0,0.0,0.0,0.0,0.0,0.0
qore_as_control,nq_143,50,True,15,5,2.0,0.5,5,15;26;34;45;47,6;26;47,1,1,2,2,4.701032771670996,0.9402065543341992,10,7.396299247987199,3.6981496239935994,0.0,-1.0028831476773967,-51.002883147677395,-51.0028831476774,-51.002883147677395,True,-1.0028831476773967,0.0,3003,0.8280565472035492,0.10695579091955242,0.6809631886241392,0.7115815204720187,0.8022322444478693,0.9809581168750492,1.0,0.9402065543341992,0.0726234707323341,0.8022322444478693,0.8598934277070971,0.9524553895063185,0.9999839740483478,1.0,0.7343523830445872,0.049615071685461525,0.6519557616170634,0.6806199975597381,0.7343392016497531,0.7668899579810106,0.9936306718343298,0.7396299247987199,0.0918879743661358,0.6526590343255073,0.6591642336250509,0.7278711032606885,0.7826669824577033,0.9936306718343298,0.3671761915222936,0.024807535842730762,0.3259778808085317,0.34030999877986906,0.36716960082487654,0.3834449789905053,0.4968153359171649,0.36981496239935996,0.0459439871830679,0.32632951716275366,0.32958211681252547,0.36393555163034425,0.39133349122885164,0.4968153359171649,0.0,0.0,0.0,0.0,0.0,0.0,0.0,0.0,0.0,0.0,0.0,0.0,0.0,0.0
qore_as_control,nq_144,50,True,15,5,2.0,0.5,5,5;28;36;39;43,0;1;3;4;5;6;8;11;12;20;21;22;28;29;36;39;40;41;43;45;48,1,1,15,5,4.9941629473728995,0.9988325894745799,10,8.813945156728405,4.406972578364202,0.0,-0.587190369008697,-50.587190369008695,-50.58719036900871,-50.587190369008695,True,-0.587190369008697,0.0,3003,0.9988744512554981,0.002487140004167293,0.9907039532235059,0.9967816325677443,0.999817687153195,0.9999924617782676,1.0,0.9988325894745799,0.0018802087852692608,0.9950798790116391,0.9968821103840011,0.9997253677921042,0.999899808445328,0.9999545559734166,0.9140589317475382,0.030028750349439824,0.8453573296123663,0.8743813998176043,0.9143970714565857,0.9547281681607365,0.9746394192898058,0.8813945156728407,0.03271329036051,0.8453573296123663,0.8457954280183184,0.8804139665030717,0.9260025808439545,0.9466881876758046,0.4570294658737691,0.015014375174719912,0.42267866480618316,0.43719069990880216,0.45719853572829283,0.47736408408036823,0.4873197096449029,0.44069725783642033,0.016356645180255,0.42267866480618316,0.4228977140091592,0.44020698325153584,0.46300129042197724,0.4733440938379023,0.0,0.0,0.0,0.0,0.0,0.0,0.0,0.0,0.0,0.0,0.0,0.0,0.0,0.0
qore_as_control,nq_145,50,True,15,5,2.0,0.5,5,17;18;25;30;33,8,1,0,1,0,1.5550493902140923,0.31100987804281843,10,7.6518199652853225,3.8259099826426612,0.0,2.270860592428569,-47.72913940757143,-47.729139407571424,-47.72913940757143,True,2.270860592428569,0.0,3003,0.12411260270206996,0.24982377146084375,0.0003056729738844785,0.0012171470548439191,0.02227293981182955,0.27083600782015677,1.0,0.31100987804281843,0.36403978079305604,0.0003056729738844785,0.005905579770122712,0.2671347927263995,0.7093213938197314,1.0,0.8274344366742253,0.07738775466266151,0.646427216998416,0.7064233772503008,0.8388649040062617,0.9395730587042666,0.9591967432411008,0.7651819965285322,0.07229288847556918,0.646427216998416,0.6876857400683967,0.7578929769149916,0.8608304963136111,0.8692411511876752,0.41371721833711267,0.038693877331330756,0.323213608499208,0.3532116886251504,0.41943245200313084,0.4697865293521333,0.4795983716205504,0.3825909982642661,0.03614644423778459,0.323213608499208,0.34384287003419833,0.3789464884574958,0.43041524815680554,0.4346205755938376,0.0,0.0,0.0,0.0,0.0,0.0,0.0,0.0,0.0,0.0,0.0,0.0,0.0,0.0
qore_as_control,nq_146,50,True,15,5,2.0,0.5,5,9;14;22;27;46,2;6;8;9;14;22;33,1,1,5,3,4.695037659365871,0.9390075318731743,10,7.660852427250855,3.8304262136254277,0.0,-0.8646114457404437,-50.864611445740444,-50.86461144574044,-50.864611445740444,True,-0.8646114457404437,0.0,3003,0.7653311039414603,0.21408395373434777,0.37296853192572677,0.45708885741325833,0.7921845573528911,0.999802547391509,1.0,0.9390075318731743,0.08723462142539276,0.7760333488899122,0.8333992393775532,0.9996559691432879,0.9999601064894625,1.0,0.7828119641483741,0.08094721396214288,0.6697226214192107,0.6901274728618221,0.7580477833279421,0.8983281637829361,0.9864698751753629,0.7660852427250855,0.1125318208149339,0.6698701254399899,0.6787075695633875,0.6932477842696874,0.9186430782968752,0.9747838317777738,0.39140598207418703,0.04047360698107144,0.33486131070960534,0.34506373643091104,0.37902389166397105,0.44916408189146806,0.49323493758768144,0.38304262136254275,0.05626591040746695,0.33493506271999496,0.33935378478169376,0.3466238921348437,0.4593215391484376,0.4873919158888869,0.0,0.0,0.0,0.0,0.0,0.0,0.0,0.0,0.0,0.0,0.0,0.0,0.0,0.0
qore_as_control,nq_147,50,True,15,5,2.0,0.5,5,6;11;16;40;44,0;6;8;11;40,1,1,5,3,4.8840226329480885,0.9768045265896177,10,7.2915582254642,3.6457791127321,0.0,-1.2382435202159883,-51.23824352021599,-51.23824352021599,-51.23824352021599,True,-1.2382435202159883,0.0,3003,0.557314833019451,0.3883338321643146,0.08131696746192221,0.13104269657301237,0.39456500475421397,0.9999613731263202,1.0,0.9768045265896177,0.03948089940771547,0.8985244608118397,0.9336598466110314,0.9992290719794727,0.9999613731263202,0.9999945159376874,0.7406681097588647,0.0745522432728761,0.5648604131062104,0.6639248428368125,0.7292899557012426,0.846696415313414,0.9763227270039843,0.7291558225464201,0.10007870351165979,0.6310492070577737,0.6426060714419998,0.6817889761299353,0.8181811106410777,0.9763227270039843,0.37033405487943233,0.03727612163643805,0.2824302065531052,0.33196242141840626,0.3646449778506213,0.423348207656707,0.48816136350199213,0.36457791127321004,0.050039351755829894,0.31552460352888684,0.3213030357209999,0.34089448806496764,0.40909055532053884,0.48816136350199213,0.0,0.0,0.0,0.0,0.0,0.0,0.0,0.0,0.0,0.0,0.0,0.0,0.0,0.0
qore_as_control,nq_148,50,True,15,5,2.0,0.5,5,0;1;6;11;22,0;1;4;6;17;22,1,1,6,4,4.685166562272632,0.9370333124545264,10,8.889065273481828,4.444532636740914,0.0,-0.2406339255317178,-50.24063392553172,-50.240633925531725,-50.24063392553172,True,-0.2406339255317178,0.0,3003,0.6179799857533544,0.3340728944869582,0.11693466741634224,0.12814635277625017,0.7777732224502046,0.9759469094205561,1.0,0.9370333124545264,0.05914736209347606,0.8432219580351044,0.8648586266381708,0.9541583769814903,0.9961890390853066,1.0,0.8931260169388795,0.03957495161288062,0.7913731910849913,0.8392608985252691,0.894222745046936,0.94377867520436,0.9688167917829944,0.8889065273481828,0.03278921944226926,0.8468112749900769,0.849962819685914,0.8806210200228415,0.9263391821823442,0.959158651808792,0.44656300846943975,0.01978747580644031,0.39568659554249563,0.41963044926263454,0.447111372523468,0.47188933760218,0.4844083958914972,0.4444532636740914,0.01639460972113463,0.42340563749503846,0.424981409842957,0.44031051001142074,0.4631695910911721,0.479579325904396,0.0,0.0,0.0,0.0,0.0,0.0,0.0,0.0,0.0,0.0,0.0,0.0,0.0,0.0
qore_as_control,nq_149,50,True,15,5,2.0,0.5,5,2;4;6;12;38,2;4,1,1,2,2,4.7923297644112495,0.9584659528822499,10,8.4902932436603,4.24514662183015,0.0,-0.5471831425810993,-50.5471831425811,-50.54718314258109,-50.5471831425811,True,-0.5471831425810993,0.0,3003,0.4229209643240577,0.4251651489985974,0.008843538522558075,0.01672354748795166,0.20062836815849822,0.9820693302929886,1.0,0.9584659528822499,0.04297337120871941,0.8823954469571863,0.9112783722194705,0.9556480205585559,0.9998734147130441,1.0,0.8198200419205747,0.060412040595386275,0.6793260575255271,0.7414953744088351,0.8120571310518756,0.8962956907815413,0.9711121483546042,0.8490293243660301,0.05258137910929171,0.7584221970537947,0.8066936376520675,0.8540431216769752,0.8798468704466016,0.9711121483546042,0.40991002096028734,0.030206020297693138,0.33966302876276355,0.37074768720441753,0.4060285655259378,0.4481478453907706,0.4855560741773021,0.42451466218301503,0.026290689554645856,0.37921109852689733,0.40334681882603374,0.4270215608384876,0.4399234352233008,0.4855560741773021,0.0,0.0,0.0,0.0,0.0,0.0,0.0,0.0,0.0,0.0,0.0,0.0,0.0,0.0
qore_as_control,nq_150,50,True,15,5,2.0,0.5,5,9;16;29;31;36,,0,0,0,0,1.1349676894856704,0.22699353789713408,10,7.1006759792901555,3.5503379896450777,0.0,2.4153703001594073,-47.58462969984059,-47.58462969984059,-47.58462969984059,True,2.4153703001594073,0.0,3003,0.10987726860390075,0.24388636210932857,0.005039609422128048,0.005303840974626208,0.015326905065562422,0.16209952052692136,1.0,0.22699353789713408,0.38845474150042775,0.005516648474309958,0.006981500264907829,0.011308013605275427,0.6435856997821122,1.0,0.7845588176621918,0.08513276651413773,0.5945453816627453,0.6668724607016971,0.7848996603128018,0.907648840657293,0.9589421295367417,0.7100675979290155,0.09760994831523823,0.5946569219166553,0.5962382403882154,0.7315292747963784,0.8265963675111162,0.8685109446962673,0.3922794088310959,0.042566383257068865,0.29727269083137264,0.3334362303508486,0.3924498301564009,0.4538244203286465,0.47947106476837087,0.35503379896450776,0.04880497415761911,0.29732846095832766,0.2981191201941077,0.3657646373981892,0.4132981837555581,0.43425547234813366,0.0,0.0,0.0,0.0,0.0,0.0,0.0,0.0,0.0,0.0,0.0,0.0,0.0,0.0
qore_as_control,nq_151,50,True,15,5,2.0,0.5,5,0;1;4;10;22,4;6;18;22;28;38,1,1,4,2,2.962665702484882,0.5925331404969765,10,8.791730666282414,4.395865333141207,0.0,1.4331996306563246,-48.566800369343675,-48.566800369343675,-48.566800369343675,True,1.4331996306563246,0.0,3003,0.2515590226483344,0.3187507709693027,0.023584364173138552,0.03422704634552414,0.12146612704156688,0.8192370761133249,1.0,0.5925331404969765,0.35501258959908955,0.20338945230735767,0.20624960731718625,0.5500238504701617,0.9994850239501736,1.0,0.8416715816213117,0.05571130595336936,0.7270431795077594,0.7781201700292247,0.8360133475351307,0.9194946371696046,0.9977367541642936,0.8791730666282416,0.04837077192382133,0.8081633607473654,0.8302636952535187,0.8653131544692685,0.9402074879396389,0.9829597755185561,0.42083579081065586,0.02785565297668468,0.3635215897538797,0.38906008501461237,0.41800667376756534,0.4597473185848023,0.4988683770821468,0.4395865333141208,0.024185385961910666,0.4040816803736827,0.41513184762675936,0.43265657723463424,0.47010374396981947,0.49147988775927803,0.0,0.0,0.0,0.0,0.0,0.0,0.0,0.0,0.0,0.0,0.0,0.0,0.0,0.0
qore_as_control,nq_152,50,True,15,5,2.0,0.5,5,0;1;2;6;20,0;1,1,1,2,2,4.9625924163572215,0.9925184832714443,10,8.571879021623257,4.2859395108116285,0.0,-0.676652905545593,-50.676652905545595,-50.676652905545595,-50.676652905545595,True,-0.676652905545593,0.0,3003,0.3727967064825186,0.4633873044413939,2.960393085685946e-05,4.07468426194983e-05,0.0035953893481641694,0.9997373325309047,1.0,0.9925184832714443,0.008961574274231601,0.9799420711865438,0.9812879528812365,0.999344046587684,0.9999998092638873,1.0,0.7271946935861653,0.08205907423082925,0.5592894755286377,0.6361699980458527,0.7110742173751649,0.8394019367038691,0.9910344755994722,0.8571879021623257,0.05867035772361707,0.7950721740221726,0.8061325744944504,0.8434589716606381,0.9266855785962235,0.9910344755994722,0.36359734679308264,0.04102953711541463,0.27964473776431886,0.31808499902292636,0.3555371086875824,0.41970096835193454,0.4955172377997361,0.4285939510811628,0.029335178861808534,0.3975360870110863,0.4030662872472252,0.42172948583031905,0.46334278929811173,0.4955172377997361,0.0,0.0,0.0,0.0,0.0,0.0,0.0,0.0,0.0,0.0,0.0,0.0,0.0,0.0
qore_as_control,nq_153,50,True,15,5,2.0,0.5,5,2;11;12;30;46,0;1;46,1,1,2,1,2.4698590581825766,0.4939718116365153,10,7.1445745778539305,3.5722872889269652,0.0,1.1024282307443887,-48.89757176925561,-48.89757176925561,-48.89757176925561,True,1.1024282307443887,0.0,3003,0.24553715540292434,0.2383434650909662,0.026377081041142572,0.048823562033222107,0.16634545871143275,0.44784732411460304,1.0,0.4939718116365153,0.2639830925852277,0.25829984545813234,0.2899917756057043,0.38285200511913087,0.7964710147113006,1.0,0.7187036626200285,0.08140282055003803,0.5048148424709088,0.6316537442851087,0.7076391266879016,0.8360032750192222,0.8810390869623616,0.7144574577853932,0.0576141697114432,0.6368984042278476,0.65686278445668,0.7036665874951893,0.7945279473809401,0.835380112409646,0.35935183131001425,0.040701410275019015,0.2524074212354544,0.31582687214255434,0.3538195633439508,0.4180016375096111,0.4405195434811808,0.3572287288926966,0.0288070848557216,0.3184492021139238,0.32843139222834,0.35183329374759464,0.39726397369047006,0.417690056204823,0.0,0.0,0.0,0.0,0.0,0.0,0.0,0.0,0.0,0.0,0.0,0.0,0.0,0.0
qore_as_control,nq_154,50,True,15,5,2.0,0.5,5,2;9;10;15;42,,0,0,0,0,2.5871914719865066,0.5174382943973013,10,8.810327436942465,4.405163718471233,0.0,1.817972246484726,-48.18202775351527,-48.18202775351528,-48.18202775351527,True,1.817972246484726,0.0,3003,0.1814584896477531,0.33710132373899143,0.0034474924396700715,0.0037473804985694373,0.015155668986172184,0.7783739461972039,1.0,0.5174382943973013,0.41393628851324205,0.0053147511246182996,0.018351393084908952,0.7400413635236109,0.9215716005251731,1.0,0.8932389919437144,0.03360979848948984,0.8027547226253933,0.8447681988824791,0.8981064181163769,0.9320623652942489,0.9553666742846327,0.8810327436942463,0.04154876484681521,0.8188178041590437,0.8220578409560322,0.8771259336364466,0.9272207819489936,0.9452758521739885,0.4466194959718572,0.01680489924474492,0.40137736131269663,0.42238409944123956,0.44905320905818846,0.46603118264712445,0.47768333714231637,0.44051637184712317,0.020774382423407605,0.40940890207952185,0.4110289204780161,0.4385629668182233,0.4636103909744968,0.47263792608699423,0.0,0.0,0.0,0.0,0.0,0.0,0.0,0.0,0.0,0.0,0.0,0.0,0.0,0.0
qore_as_control,nq_155,50,True,15,5,2.0,0.5,5,7;18;22;33;42,,0,0,0,0,2.290929946890881,0.45818598937817623,10,6.725530340256641,3.3627651701283203,0.0,1.0718352232374393,-48.92816477676256,-48.928164776762564,-48.928164776762564,True,1.0718352232374393,0.0,3003,0.22837391651800695,0.25286563870568085,0.030590506027212187,0.04448548475518501,0.15057102229247601,0.5085237945745278,1.0,0.45818598937817623,0.3240744710348403,0.07026124773525068,0.1465966030330687,0.33608821665486477,0.849392338608388,1.0,0.7515813625810347,0.09312167544643385,0.5110233614192161,0.6126043878965327,0.7656221219027011,0.8658554404342622,0.9274238675226398,0.672553034025664,0.06596202994552251,0.5618814159050374,0.5949343220654899,0.6847467930925834,0.7553436461401658,0.7678793098015115,0.37579068129051735,0.046560837723216925,0.25551168070960806,0.30630219394826635,0.38281106095135053,0.4329277202171311,0.4637119337613199,0.336276517012832,0.032981014972761256,0.2809407079525187,0.29746716103274495,0.3423733965462917,0.3776718230700829,0.38393965490075577,0.0,0.0,0.0,0.0,0.0,0.0,0.0,0.0,0.0,0.0,0.0,0.0,0.0,0.0
qore_as_control,nq_156,50,True,15,5,2.0,0.5,5,1;3;7;9;16,0;3;4;5;6;7;8;14;16;17;24;27;39;42;43;49,1,1,9,3,4.221852057700074,0.8443704115400148,10,8.82560056660679,4.412800283303395,0.0,0.1909482256033206,-49.80905177439668,-49.80905177439668,-49.80905177439668,True,0.1909482256033206,0.0,3003,0.5815967265198887,0.22365916861279994,0.2927789513050607,0.3340258336591213,0.6100862307598982,0.9214012431620898,1.0,0.8443704115400148,0.13166259226460358,0.6533110272326749,0.6934728861610736,0.8374698519307332,0.9909422015931977,1.0,0.8922785237705871,0.03297303973774005,0.8153574152719382,0.8548566094741983,0.8918023866897363,0.9363756687554643,0.9825039947372144,0.8825600566606789,0.03998233422298085,0.8267192456776074,0.8582995155859825,0.8654012339453423,0.9160537883535783,0.9825039947372144,0.44613926188529357,0.016486519868870026,0.4076787076359691,0.42742830473709914,0.44590119334486816,0.46818783437773215,0.4912519973686072,0.44128002833033947,0.019991167111490425,0.4133596228388037,0.42914975779299125,0.43270061697267115,0.45802689417678916,0.4912519973686072,0.0,0.0,0.0,0.0,0.0,0.0,0.0,0.0,0.0,0.0,0.0,0.0,0.0,0.0
qore_as_control,nq_157,50,True,15,5,2.0,0.5,5,0;1;10;31;49,0;1;49,1,1,3,3,2.4982886367059853,0.49965772734119707,10,7.270359531888193,3.6351797659440965,0.0,1.1368911292381112,-48.86310887076189,-48.863108870761884,-48.86310887076189,True,1.1368911292381112,0.0,3003,0.17067528132945584,0.3433223457599231,0.00013413633987799533,0.00014242084793599302,0.0003713879954406442,0.7786627241862369,1.0,0.49965772734119707,0.4367304912529087,0.00016771669010873247,0.02063165136899927,0.44706647895443963,0.9998907550696409,1.0,0.7792767775240517,0.08097977801733548,0.6221584460005143,0.6731265175940514,0.7719640171161876,0.8977909002554887,0.9616185129263017,0.7270359531888194,0.08296566272583206,0.6221584460005143,0.63023008327096,0.707300227769631,0.8114072026566874,0.9182237780245253,0.38963838876202583,0.04048988900866774,0.31107922300025714,0.3365632587970257,0.3859820085580938,0.44889545012774434,0.48080925646315087,0.3635179765944097,0.04148283136291603,0.31107922300025714,0.31511504163548,0.3536501138848155,0.4057036013283437,0.45911188901226263,0.0,0.0,0.0,0.0,0.0,0.0,0.0,0.0,0.0,0.0,0.0,0.0,0.0,0.0
qore_as_control,nq_158,50,True,15,5,2.0,0.5,5,14;22;25;45;47,,0,0,0,0,1.3242459923116507,0.2648491984623301,10,6.668412624453531,3.3342063122267653,0.0,2.0099603199151144,-47.990039680084884,-47.99003968008489,-47.990039680084884,True,2.0099603199151144,0.0,3003,0.10318927859221882,0.2457696504455646,0.002469679774676407,0.0034947388701065305,0.010028775180068976,0.15870290868838938,1.0,0.2648491984623301,0.3736206490882823,0.0035046071338657317,0.007461783504851251,0.12851696790741965,0.6715307476836144,1.0,0.7112631417759978,0.05051479510382131,0.6052635170362864,0.6456398949773373,0.7130995439335466,0.7739635928319156,0.8621464264262653,0.666841262445353,0.04363813545864167,0.6052635170362864,0.6121934071114303,0.6496358898005655,0.7275119967685497,0.7296466939627988,0.3556315708879989,0.025257397551910653,0.3026317585181432,0.32281994748866866,0.3565497719667733,0.3869817964159578,0.43107321321313263,0.3334206312226765,0.021819067729320834,0.3026317585181432,0.30609670355571517,0.32481794490028276,0.36375599838427486,0.3648233469813994,0.0,0.0,0.0,0.0,0.0,0.0,0.0,0.0,0.0,0.0,0.0,0.0,0.0,0.0
qore_as_control,nq_159,50,True,15,5,2.0,0.5,5,15;17;25;27;40,32;49,1,0,2,0,3.2077251772009245,0.6415450354401849,10,7.145377569418241,3.5726887847091207,0.0,0.3649636075081961,-49.635036392491806,-49.6350363924918,-49.635036392491806,True,0.3649636075081961,0.0,3003,0.23057642021766858,0.3631921347003938,0.0010955206300150302,0.0018765715841142722,0.04535864862495994,0.9193531366140518,1.0,0.6415450354401849,0.374131101820571,0.06944143504358874,0.1776227888916534,0.7984010844104972,0.9999951352332354,1.0,0.7487187848738004,0.0658540143016545,0.6273761698050032,0.6764903075717983,0.7374083291104443,0.8193208436823994,0.9608526390611256,0.7145377569418241,0.0778386506906023,0.6470141282636521,0.662901236958293,0.6917301051093766,0.7640420157741374,0.9335939959605442,0.3743593924369002,0.03292700715082725,0.3136880849025016,0.33824515378589914,0.36870416455522215,0.4096604218411997,0.4804263195305628,0.35726887847091204,0.03891932534530115,0.32350706413182606,0.3314506184791465,0.3458650525546883,0.3820210078870687,0.4667969979802721,0.0,0.0,0.0,0.0,0.0,0.0,0.0,0.0,0.0,0.0,0.0,0.0,0.0,0.0
qore_as_control,nq_160,50,True,15,5,2.0,0.5,5,4;12;25;41;48,4,1,1,1,1,4.886625539303988,0.9773251078607975,10,7.405512967891585,3.7027564839457927,0.0,-1.183869055358195,-51.183869055358194,-51.18386905535819,-51.183869055358194,True,-1.183869055358195,0.0,3003,0.6724235181201619,0.38051543195572585,0.034820770640464925,0.11829725017245708,0.9294152460755838,0.9962200185881596,1.0,0.9773251078607975,0.02590692414362409,0.9333141735735867,0.945022379661635,0.9910799378692812,0.9998586956269647,1.0,0.7850406476889297,0.05638773399453914,0.6482330586020736,0.7243136213051051,0.7820778338062148,0.8660579921766297,0.9363065129736569,0.7405512967891585,0.03772558062384105,0.6901429339884184,0.6926089618223573,0.7477740764956926,0.7844804178855215,0.7890870099270134,0.39252032384446484,0.02819386699726957,0.3241165293010368,0.36215681065255256,0.3910389169031074,0.43302899608831485,0.46815325648682843,0.37027564839457927,0.018862790311920525,0.3450714669942092,0.34630448091117866,0.3738870382478463,0.39224020894276074,0.3945435049635067,0.0,0.0,0.0,0.0,0.0,0.0,0.0,0.0,0.0,0.0,0.0,0.0,0.0,0.0
qore_as_control,nq_161,50,True,15,5,2.0,0.5,5,2;27;39;42;46,2;12;21;25;32,1,1,1,1,1.005912011757505,0.20118240235150103,10,8.25161957552727,4.125809787763635,0.0,3.11989777600613,-46.88010222399387,-46.88010222399387,-46.880102223993866,True,3.11989777600613,0.0,3003,0.06906437959453653,0.24881712456737873,0.000630016956097572,0.000769263663682933,0.0016198313700177657,0.009042843010858056,1.0,0.20118240235150103,0.3994094568097246,0.000630016956097572,0.0007482794414492999,0.0016198313700177657,0.6010945961047652,1.0,0.8596783570227259,0.03706217568140949,0.7919276767736331,0.8149986396765583,0.8548446832528194,0.9171492249686387,0.9550085302784225,0.8251619575527271,0.01841027132074047,0.7919276767736331,0.8015503986472767,0.8272363891045994,0.847835705812563,0.84847393976097,0.42983917851136294,0.018531087840704744,0.39596383838681654,0.40749931983827914,0.4274223416264097,0.45857461248431935,0.47750426513921124,0.41258097877636357,0.009205135660370236,0.39596383838681654,0.40077519932363836,0.4136181945522997,0.4239178529062815,0.424236969880485,0.0,0.0,0.0,0.0,0.0,0.0,0.0,0.0,0.0,0.0,0.0,0.0,0.0,0.0
qore_as_control,nq_162,50,True,15,5,2.0,0.5,5,1;4;6;17;46,1;4;17;46,1,1,4,4,4.857751288991583,0.9715502577983166,10,7.827820481251692,3.913910240625846,0.0,-0.9438410483657371,-50.94384104836574,-50.943841048365734,-50.94384104836574,True,-0.9438410483657371,0.0,3003,0.39041113007728645,0.42620279260797733,0.0011365155774563835,0.0020143454713683426,0.1582706612009516,0.9819886174275877,1.0,0.9715502577983166,0.02775039380923773,0.9186238682843512,0.9418046063481825,0.9777120346519688,0.9939358690445335,1.0,0.7548650018283111,0.07714397528277192,0.5896063754312288,0.6578535817275231,0.7515632823314772,0.8518503312101091,0.9954629919022873,0.7827820481251692,0.05953050591802624,0.7329971636696736,0.7395273609368274,0.7570365714630587,0.8949817310475899,0.9039489850659316,0.37743250091415553,0.03857198764138596,0.2948031877156144,0.32892679086376153,0.3757816411657386,0.42592516560505456,0.49773149595114363,0.3913910240625846,0.02976525295901312,0.3664985818348368,0.3697636804684137,0.37851828573152935,0.44749086552379497,0.4519744925329658,0.0,0.0,0.0,0.0,0.0,0.0,0.0,0.0,0.0,0.0,0.0,0.0,0.0,0.0
qore_as_control,nq_163,50,True,15,5,2.0,0.5,5,1;2;4;30;34,,0,0,0,0,2.88902709883366,0.5778054197667319,10,7.0016096071529965,3.5008048035764983,0.0,0.6117777047428383,-49.388222295257165,-49.388222295257165,-49.388222295257165,True,0.6117777047428383,0.0,3003,0.19595370638359325,0.38374713271595556,0.0005152305801931336,0.000639129121277501,0.004577705251586932,0.952175286980478,1.0,0.5778054197667319,0.47225678999029175,0.0005743606957782214,0.000849201848260212,0.9006973887803048,0.9945975543122374,1.0,0.6989293213645643,0.06511001969891886,0.5860111247961509,0.6170083665258072,0.6888025320000364,0.7739113348816331,0.9877180006845907,0.7001609607152998,0.12945591127449552,0.5893546303883794,0.6093005781559705,0.6355403772477239,0.8624917694152274,0.9877180006845907,0.34946466068228216,0.03255500984945943,0.29300556239807546,0.3085041832629036,0.3444012660000182,0.38695566744081655,0.49385900034229535,0.3500804803576499,0.06472795563724776,0.2946773151941897,0.30465028907798525,0.31777018862386197,0.4312458847076137,0.49385900034229535,0.0,0.0,0.0,0.0,0.0,0.0,0.0,0.0,0.0,0.0,0.0,0.0,0.0,0.0
qore_as_control,nq_164,50,True,15,5,2.0,0.5,5,4;30;32;40;49,4;32,1,1,2,2,2.7295165062672355,0.5459033012534471,10,7.2770348874884165,3.6385174437442083,0.0,0.9090009374769727,-49.090999062523025,-49.090999062523025,-49.090999062523025,True,0.9090009374769727,0.0,3003,0.2045694902626543,0.323310832340771,0.011139950312932526,0.012579076618976759,0.02651765227280469,0.7599249549417914,1.0,0.5459033012534471,0.37073867559587415,0.020198607439025348,0.11448926002313196,0.5605532050777977,0.9571357819404482,1.0,0.7500124484474293,0.07560162236657539,0.6173826887918505,0.6776379769180325,0.7331198078650751,0.8220845596416996,0.9916811686892356,0.7277034887488416,0.056446954465889716,0.6352919124058442,0.6547634135639803,0.7298958857683595,0.7986957482793761,0.809163786533612,0.37500622422371466,0.037800811183287694,0.30869134439592527,0.33881898845901626,0.36655990393253757,0.4110422798208498,0.4958405843446178,0.3638517443744208,0.028223477232944858,0.3176459562029221,0.32738170678199013,0.36494794288417975,0.39934787413968803,0.404581893266806,0.0,0.0,0.0,0.0,0.0,0.0,0.0,0.0,0.0,0.0,0.0,0.0,0.0,0.0
qore_as_control,nq_165,50,True,15,5,2.0,0.5,5,3;5;6;12;17,0;3;5;12,1,1,3,3,1.6489847049185253,0.32979694098370504,10,7.214671432407011,3.6073357162035053,0.0,1.95835101128498,-48.04164898871502,-48.04164898871502,-48.04164898871502,True,1.95835101128498,0.0,3003,0.1501542834265738,0.2456609834196955,0.004720885430980973,0.0068135388547102115,0.06276019924031784,0.2758858586116637,1.0,0.32979694098370504,0.3477522095158827,0.02026529265887943,0.06520129317017595,0.18711178756136498,0.7236009323044641,1.0,0.751740938820087,0.07800611366381933,0.5226861652345332,0.6551528103206042,0.7462699592080996,0.8567089868410367,0.9338345467186335,0.721467143240701,0.09029630488830429,0.5683768249936224,0.6374218410914443,0.7231923754861866,0.8426954342752668,0.8499249150447876,0.3758704694100435,0.03900305683190967,0.2613430826172666,0.3275764051603021,0.3731349796040498,0.42835449342051835,0.46691727335931676,0.3607335716203505,0.04514815244415214,0.2841884124968112,0.31871092054572214,0.3615961877430933,0.4213477171376334,0.4249624575223938,0.0,0.0,0.0,0.0,0.0,0.0,0.0,0.0,0.0,0.0,0.0,0.0,0.0,0.0
qore_as_control,nq_166,50,True,15,5,2.0,0.5,5,0;4;11;12;16,0;1;2,1,1,3,1,4.810567859281019,0.9621135718562035,10,8.020173145914969,4.010086572957484,0.0,-0.8004812863235342,-50.80048128632353,-50.80048128632353,-50.80048128632353,True,-0.8004812863235342,0.0,3003,0.755797133699925,0.2716932288532567,0.3437491730022812,0.37105048053731426,0.9166120165284214,0.9999151181799467,1.0,0.9621135718562035,0.07078881894690056,0.8205688928263416,0.8905848304144831,0.9962864203726686,0.999241523714125,1.0,0.8088640854735055,0.08321957638377386,0.6291248901665408,0.6933834249554589,0.8126822018604885,0.9125383061123451,0.9556729270077785,0.8020173145914968,0.05954121538266888,0.692344786167408,0.721445829931658,0.8116879880124301,0.8618453259685886,0.8828780049991715,0.40443204273675276,0.04160978819188693,0.3145624450832704,0.34669171247772945,0.4063411009302442,0.45626915305617255,0.47783646350388925,0.4010086572957484,0.02977060769133444,0.346172393083704,0.360722914965829,0.40584399400621507,0.4309226629842943,0.44143900249958573,0.0,0.0,0.0,0.0,0.0,0.0,0.0,0.0,0.0,0.0,0.0,0.0,0.0,0.0
qore_as_control,nq_167,50,True,15,5,2.0,0.5,5,2;4;24;26;27,4;5;24,1,1,2,2,2.6863229211826494,0.5372645842365299,10,8.129930450157557,4.064965225078779,0.0,1.3786423038961293,-48.62135769610387,-48.62135769610387,-48.62135769610387,True,1.3786423038961293,0.0,3003,0.25453794722965434,0.26984438656008153,0.02418463331023555,0.024956148652466252,0.12121462280521023,0.5841620376524802,1.0,0.5372645842365299,0.27873639244241066,0.16715818558508816,0.25219990776778717,0.4973965454047746,0.8568022796603804,1.0,0.8322207448884084,0.05849788799378659,0.6938682475133668,0.7536660363251334,0.8405831433283681,0.9105851875642701,0.9529026361001262,0.8129930450157558,0.05860276652358264,0.7351050369040439,0.7440745975383558,0.7935466878382915,0.8771963674248109,0.9128246267573507,0.4161103724442042,0.029248943996893297,0.3469341237566834,0.3768330181625667,0.42029157166418407,0.45529259378213505,0.4764513180500631,0.4064965225078779,0.02930138326179132,0.36755251845202197,0.3720372987691779,0.39677334391914576,0.43859818371240544,0.4564123133786753,0.0,0.0,0.0,0.0,0.0,0.0,0.0,0.0,0.0,0.0,0.0,0.0,0.0,0.0
qore_as_control,nq_168,50,True,15,5,2.0,0.5,5,4;5;14;21;31,0;4;17;19;39,1,1,2,1,3.557211370466202,0.7114422740932403,10,8.11975466054936,4.05987733027468,0.0,0.502665959808478,-49.497334040191525,-49.497334040191525,-49.497334040191525,True,0.502665959808478,0.0,3003,0.32174294050281105,0.3317797290972354,0.027728236088190594,0.035202116203621965,0.1742870885760845,0.9300289816784321,1.0,0.7114422740932403,0.29233180952308674,0.3454214978513081,0.3543330668405731,0.8821234484791087,0.9847864015245258,1.0,0.8128805946009044,0.06650306863440167,0.6946427724112643,0.7268672532540325,0.8062494487840295,0.901693813278429,0.9657506973859467,0.811975466054936,0.04161783643024335,0.728437009749651,0.7801923308680471,0.8086283526078699,0.8743132329983948,0.8808364611203667,0.4064402973004522,0.033251534317200834,0.34732138620563213,0.3634336266270162,0.40312472439201474,0.4508469066392145,0.4828753486929733,0.405987733027468,0.020808918215121677,0.3642185048748255,0.39009616543402353,0.40431417630393496,0.4371566164991974,0.44041823056018337,0.0,0.0,0.0,0.0,0.0,0.0,0.0,0.0,0.0,0.0,0.0,0.0,0.0,0.0
qore_as_control,nq_169,50,True,15,5,2.0,0.5,5,10;14;22;28;48,0;1;4;6;8;15;17;18;19;20;22;25;31;33;41;44;46,1,1,5,1,1.038144697470931,0.2076289394941862,10,8.388943975212301,4.194471987606151,0.0,3.15632729013522,-46.84367270986478,-46.84367270986478,-46.84367270986478,True,3.15632729013522,0.0,3003,0.07523690971979276,0.2473381613156507,0.0009743533210876814,0.001002652197261667,0.0050150482032775435,0.03196606424898575,1.0,0.2076289394941862,0.39629025603554496,0.0009925230721951172,0.001002652197261667,0.010197864411249985,0.6103745856410498,1.0,0.875869422548533,0.04832137964091608,0.791457358103162,0.8186717344908219,0.8690412582466355,0.9474781633158292,0.9660161799223285,0.8388943975212302,0.034110283819084236,0.8051553820784922,0.8116778301599394,0.8271454697259851,0.8959503680343458,0.911457161482653,0.4379347112742665,0.02416068982045804,0.395728679051581,0.40933586724541093,0.43452062912331774,0.4737390816579146,0.48300808996116423,0.4194471987606151,0.017055141909542118,0.4025776910392461,0.4058389150799697,0.41357273486299256,0.4479751840171729,0.4557285807413265,0.0,0.0,0.0,0.0,0.0,0.0,0.0,0.0,0.0,0.0,0.0,0.0,0.0,0.0
qore_as_control,nq_170,50,True,15,5,2.0,0.5,5,0;2;4;7;30,0;1;5;8;21;45,1,1,3,1,2.91725852558361,0.583451705116722,10,8.395563012593872,4.197781506296936,0.0,1.280522980713326,-48.71947701928667,-48.71947701928667,-48.71947701928667,True,1.280522980713326,0.0,3003,0.3100843568947596,0.2572541652536244,0.06664844630114276,0.09094923664059261,0.22879399614449672,0.6514707006352598,1.0,0.583451705116722,0.26928702862503134,0.24253901042895468,0.3189154393312053,0.46636479423392213,0.9099498552944607,1.0,0.8411819635711434,0.05161753666155131,0.7179803244458146,0.7765171393718094,0.8359088607451124,0.9131673799509389,0.9460750558885074,0.8395563012593872,0.054792655291906696,0.7549269412947006,0.7778250901272686,0.8401463215832488,0.9076280984087258,0.9194617257089497,0.4205909817855717,0.025808768330775656,0.3589901622229073,0.3882585696859047,0.4179544303725562,0.45658368997546944,0.4730375279442537,0.4197781506296936,0.027396327645953348,0.3774634706473503,0.3889125450636343,0.4200731607916244,0.4538140492043629,0.45973086285447484,0.0,0.0,0.0,0.0,0.0,0.0,0.0,0.0,0.0,0.0,0.0,0.0,0.0,0.0
qore_as_control,nq_171,50,True,15,5,2.0,0.5,5,2;16;24;27;32,2;4;6;15;24;32;42;44,1,1,5,3,4.952187763961222,0.9904375527922443,10,8.652156225826884,4.326078112913442,0.0,-0.6261096510477797,-50.62610965104778,-50.62610965104778,-50.62610965104778,True,-0.6261096510477797,0.0,3003,0.651241017617741,0.33829736010112316,0.15565346649467782,0.19351230232010216,0.7600811415827733,0.9981222685633553,1.0,0.9904375527922443,0.010010207954209288,0.9746941088952367,0.9778770308503696,0.9960868617434374,0.9995021518157914,1.0,0.8531441206088378,0.0460596733383513,0.7634389776519799,0.79179441767225,0.8496399333994461,0.9128849980098804,0.9702498312973658,0.8652156225826886,0.041006098607231235,0.8078715259163067,0.8251886079274048,0.8619309386688628,0.9215362851561544,0.951300948590752,0.4265720603044189,0.02302983666917565,0.38171948882598994,0.395897208836125,0.42481996669972305,0.4564424990049402,0.4851249156486829,0.4326078112913443,0.020503049303615618,0.40393576295815337,0.4125943039637024,0.4309654693344314,0.4607681425780772,0.475650474295376,0.0,0.0,0.0,0.0,0.0,0.0,0.0,0.0,0.0,0.0,0.0,0.0,0.0,0.0
qore_as_control,nq_172,50,True,15,5,2.0,0.5,5,8;34;46;47;49,,0,0,0,0,1.5174932417694282,0.3034986483538856,10,6.488765919871286,3.244382959935643,0.0,1.7268897181662146,-48.27311028183379,-48.27311028183378,-48.27311028183379,True,1.7268897181662146,0.0,3003,0.10939874812089476,0.2539748928683284,0.0023982544785807747,0.0040649903458498315,0.00940668185307255,0.2511819377527653,1.0,0.3034986483538856,0.3698105471601479,0.00940668185307255,0.030929758148834967,0.07870687320780399,0.7464661256464293,1.0,0.7048966445920558,0.07129208780537877,0.5911141483097001,0.6401538459935171,0.6875701617168434,0.7682915296718004,0.9969754560720111,0.6488765919871285,0.03000395666738658,0.5911141483097001,0.6270168886458447,0.6464837415484554,0.6704494428770643,0.7172726577236617,0.3524483222960279,0.035646043902689384,0.29555707415485005,0.32007692299675855,0.3437850808584217,0.3841457648359002,0.49848772803600555,0.3244382959935643,0.01500197833369329,0.29555707415485005,0.31350844432292235,0.3232418707742277,0.33522472143853216,0.35863632886183083,0.0,0.0,0.0,0.0,0.0,0.0,0.0,0.0,0.0,0.0,0.0,0.0,0.0,0.0
qore_as_control,nq_173,50,True,15,5,2.0,0.5,5,0;1;2;3;29,0;1,1,1,2,2,4.53462624014615,0.90692524802923,10,8.904616751255249,4.4523083756276245,0.0,-0.08231786451852585,-50.08231786451853,-50.08231786451853,-50.08231786451852,True,-0.08231786451852585,0.0,3003,0.385166133544154,0.4143384828472574,0.0010541744921162433,0.001201978338112118,0.059243585744546426,0.9918751734643501,1.0,0.90692524802923,0.12062870922383769,0.6863143015635821,0.7592381113808491,0.9796884701057073,0.9999998569480447,1.0,0.7535083613428193,0.10852498070889781,0.46777604025552594,0.5831640426213212,0.7652210392541802,0.8979447899252743,0.9680288452773953,0.8904616751255249,0.019606578444068247,0.8634984398777981,0.8639543807125508,0.8887696861255454,0.9106441335135206,0.929908210278519,0.37675418067140964,0.054262490354448904,0.23388802012776297,0.2915820213106606,0.3826105196270901,0.44897239496263713,0.48401442263869765,0.44523083756276244,0.009803289222034123,0.43174921993889903,0.4319771903562754,0.4443848430627727,0.4553220667567603,0.4649541051392595,0.0,0.0,0.0,0.0,0.0,0.0,0.0,0.0,0.0,0.0,0.0,0.0,0.0,0.0
qore_as_control,nq_174,50,True,15,5,2.0,0.5,5,0;3;6;10;12,0;2;6;8;9;12;17;28;45,1,1,9,3,4.607213046768014,0.9214426093536028,10,8.10577575546342,4.05288787773171,0.0,-0.5543251690363045,-50.554325169036304,-50.55432516903632,-50.554325169036304,True,-0.5543251690363045,0.0,3003,0.4779679689651118,0.3889876444695494,0.005039432597780507,0.017048503415197674,0.35276404101393605,0.9710321068932269,1.0,0.9214426093536028,0.0930790188044277,0.7415583613692994,0.8151729662750133,0.9650189008292557,0.9900163643743498,1.0,0.7903577827152498,0.07124311295985061,0.6308860146265095,0.6767467148006031,0.7981602579591793,0.8645351208836027,0.9455594165375784,0.8105775755463419,0.02598637180790643,0.7754033213980045,0.7776269357153576,0.8030447900119524,0.845223791234104,0.8537075646829089,0.3951788913576249,0.035621556479925306,0.31544300731325475,0.33837335740030156,0.39908012897958967,0.43226756044180137,0.4727797082687892,0.40528878777317096,0.012993185903953215,0.38770166069900225,0.3888134678576788,0.4015223950059762,0.422611895617052,0.42685378234145444,0.0,0.0,0.0,0.0,0.0,0.0,0.0,0.0,0.0,0.0,0.0,0.0,0.0,0.0
qore_as_control,nq_175,50,True,15,5,2.0,0.5,5,8;13;17;22;25,0;1;2;3;4;5;6;8;17;22;23;44,1,1,12,3,4.924036949602333,0.9848073899204666,10,7.173403260561949,3.5867016302809747,0.0,-1.3373353193213582,-51.337335319321355,-51.33733531932136,-51.337335319321355,True,-1.3373353193213582,0.0,3003,0.9678097231587203,0.046080067862175805,0.8482272034943366,0.8947471160113001,0.9893884463474932,0.9998435962456865,1.0,0.9848073899204666,0.012724938439452159,0.9606025261023887,0.9701319493587214,0.9893884463474932,0.9950340496693515,0.9959304625282962,0.7762028330676103,0.07486420762285174,0.6392264766505563,0.6814213531590031,0.7689081682482372,0.8692967422975614,1.0,0.7173403260561949,0.04374027484539841,0.6602358289191556,0.6679885405933921,0.7168868607906334,0.7628478091828491,0.8102620497470028,0.38810141653380514,0.03743210381142587,0.31961323832527816,0.34071067657950155,0.3844540841241186,0.4346483711487807,0.5,0.35867016302809746,0.021870137422699203,0.3301179144595778,0.33399427029669604,0.3584434303953167,0.38142390459142456,0.4051310248735014,0.0,0.0,0.0,0.0,0.0,0.0,0.0,0.0,0.0,0.0,0.0,0.0,0.0,0.0
qore_as_control,nq_176,50,True,15,5,2.0,0.5,5,0;2;8;36;47,,0,0,0,0,2.0610392768951975,0.4122078553790395,10,7.713437931181258,3.856718965590629,0.0,1.7956796886954316,-48.20432031130457,-48.20432031130457,-48.20432031130457,True,1.7956796886954316,0.0,3003,0.15082021322246966,0.3262513604827629,0.0005784646408086106,0.0012779134150372768,0.012073513230037936,0.6066127839458347,1.0,0.4122078553790395,0.4641280927070041,0.009952872213105209,0.012475412426920846,0.07534236245574338,0.9837939277914818,1.0,0.7816334544490998,0.05325046658705546,0.663125187019704,0.7211555355196824,0.7751455792703017,0.8434927414561454,0.9831320228850794,0.7713437931181258,0.08921142975756717,0.663125187019704,0.6717145288451892,0.7564701765449658,0.8444135251875022,0.9831320228850794,0.3908167272245499,0.02662523329352773,0.331562593509852,0.3605777677598412,0.38757278963515085,0.4217463707280727,0.4915660114425397,0.3856718965590629,0.044605714878783585,0.331562593509852,0.3358572644225946,0.3782350882724829,0.4222067625937511,0.4915660114425397,0.0,0.0,0.0,0.0,0.0,0.0,0.0,0.0,0.0,0.0,0.0,0.0,0.0,0.0
qore_as_control,nq_177,50,True,15,5,2.0,0.5,5,8;12;15;17;36,5;7;12;13;18;20;21;31;34;37;39;43;47,1,1,4,1,3.2143136160894827,0.6428627232178965,10,8.027199888648651,4.0135999443243255,0.0,0.7992863282348428,-49.20071367176516,-49.20071367176515,-49.20071367176516,True,0.7992863282348428,0.0,3003,0.2940412423891971,0.3110578987180622,0.06313196891004454,0.06653724296427513,0.1660009395602586,0.8587814578680485,1.0,0.6428627232178965,0.31999206901223715,0.2181764474013443,0.25393639377742655,0.771775276699523,0.9667142314588263,1.0,0.8087493394285205,0.048730093190758265,0.6906372899031764,0.7509978419490114,0.8064656317250551,0.8676389343357523,0.9814526124195154,0.802719988864865,0.0320093065073217,0.7608741932582744,0.7710018945214795,0.8012047542402282,0.8460138231613412,0.8685688467260383,0.4043746697142602,0.024365046595379133,0.3453186449515882,0.3754989209745057,0.40323281586252757,0.43381946716787617,0.4907263062097577,0.4013599944324325,0.01600465325366085,0.3804370966291372,0.38550094726073975,0.4006023771201141,0.4230069115806706,0.43428442336301915,0.0,0.0,0.0,0.0,0.0,0.0,0.0,0.0,0.0,0.0,0.0,0.0,0.0,0.0
qore_as_control,nq_178,50,True,15,5,2.0,0.5,5,2;24;37;40;46,2;5;17;21;24;26;28;34;46,1,1,6,3,3.6354862176153993,0.7270972435230798,10,8.32698252625508,4.16349126312754,0.0,0.5280050455121406,-49.47199495448786,-49.471994954487855,-49.47199495448786,True,0.5280050455121406,0.0,3003,0.4400199107133694,0.2577027830403125,0.12468857167922484,0.18232281086492316,0.38241944168863096,0.8551608028588726,1.0,0.7270972435230798,0.21903637551893596,0.44181396604441464,0.4734384364505878,0.742587314239048,0.9720839181088357,1.0,0.8727392846438551,0.06148251329599745,0.6855386692074714,0.7601710268306819,0.8856001143183827,0.9280311916363377,0.9608096216794502,0.832698252625508,0.07599885727521484,0.7274597682158596,0.73373071165687,0.8537216408698334,0.9247221945926319,0.9608096216794502,0.43636964232192754,0.030741256647998726,0.3427693346037357,0.38008551341534097,0.44280005715919135,0.46401559581816887,0.4804048108397251,0.416349126312754,0.03799942863760742,0.3637298841079298,0.366865355828435,0.4268608204349167,0.46236109729631597,0.4804048108397251,0.0,0.0,0.0,0.0,0.0,0.0,0.0,0.0,0.0,0.0,0.0,0.0,0.0,0.0
qore_as_control,nq_179,50,True,15,5,2.0,0.5,5,3;20;28;29;36,,0,0,0,0,1.0066692786750728,0.20133385573501456,10,6.667270105069407,3.3336350525347034,0.0,2.3269657738596305,-47.673034226140366,-47.67303422614037,-47.67303422614037,True,2.3269657738596305,0.0,3003,0.06778493814989266,0.2491472897998189,0.0002474418406160379,0.0004593556259699065,0.0007020185965363528,0.003783904413214909,1.0,0.20133385573501456,0.39933451896958794,0.0005480920328847855,0.0005839102564015243,0.0019815484635676748,0.6014008002347776,1.0,0.7094113157534089,0.04794959338408136,0.5842075905476081,0.6459444708176633,0.7125951705462165,0.7640206489023265,0.828604235344252,0.6667270105069406,0.05260811189852852,0.5842075905476081,0.6148992167329536,0.6596162591620061,0.7414922108176878,0.7728240796907412,0.35470565787670444,0.02397479669204068,0.29210379527380403,0.32297223540883163,0.35629758527310823,0.38201032445116323,0.414302117672126,0.3333635052534703,0.02630405594926426,0.29210379527380403,0.3074496083664768,0.32980812958100303,0.3707461054088439,0.3864120398453706,0.0,0.0,0.0,0.0,0.0,0.0,0.0,0.0,0.0,0.0,0.0,0.0,0.0,0.0
qore_as_control,nq_180,50,True,15,5,2.0,0.5,5,10;13;14;38;42,1;5;13;41,1,1,3,1,4.972552594584754,0.9945105189169509,10,8.274921466995517,4.1374607334977584,0.0,-0.8350918610869957,-50.835091861086994,-50.835091861087,-50.835091861086994,True,-0.8350918610869957,0.0,3003,0.9957791418140481,0.003912210215128224,0.9891170623516706,0.9899113212695677,0.9975258246923956,0.9999856213597679,1.0,0.9945105189169509,0.0037274960634066795,0.9896686012381866,0.9905957970040008,0.9934376291348541,0.9989706991969155,0.9999339488665954,0.8759221492643516,0.04641413461978819,0.775536584144969,0.8195378192133799,0.8756937551752871,0.9422634860874212,0.9719446373616691,0.8274921466995517,0.05955515896664693,0.775536584144969,0.7783414039397912,0.8071672269729124,0.9397504274923408,0.9448579894325054,0.4379610746321758,0.023207067309894094,0.3877682920724845,0.40976890960668994,0.43784687758764357,0.4711317430437106,0.48597231868083457,0.41374607334977587,0.029777579483323467,0.3877682920724845,0.3891707019698956,0.4035836134864562,0.4698752137461704,0.4724289947162527,0.0,0.0,0.0,0.0,0.0,0.0,0.0,0.0,0.0,0.0,0.0,0.0,0.0,0.0
qore_as_control,nq_181,50,True,15,5,2.0,0.5,5,5;17;30;42;48,17;30,1,1,2,2,3.0622917643991716,0.6124583528798344,10,7.808408263231524,3.904204131615762,0.0,0.8419123672165902,-49.158087632783406,-49.158087632783406,-49.15808763278341,True,0.8419123672165902,0.0,3003,0.22751660114509792,0.32893159423636675,0.009976124787162857,0.013864149244307362,0.03583732772204152,0.7966462875125462,1.0,0.6124583528798344,0.31599580229288515,0.16150424476190792,0.2386045195413677,0.6563663262173884,0.9560665046837273,1.0,0.7896814437952419,0.05612247253673101,0.6907405727705249,0.7296015279011461,0.7825147168040926,0.8637835382777291,0.9962307642458018,0.7808408263231523,0.06401528693282724,0.731191527903169,0.7347818403889212,0.7699792190119652,0.8088938866081287,0.9631256282932871,0.3948407218976209,0.028061236268365507,0.34537028638526246,0.36480076395057304,0.3912573584020463,0.43189176913886457,0.4981153821229009,0.39042041316157616,0.03200764346641362,0.3655957639515845,0.3673909201944606,0.3849896095059826,0.40444694330406433,0.48156281414664354,0.0,0.0,0.0,0.0,0.0,0.0,0.0,0.0,0.0,0.0,0.0,0.0,0.0,0.0
qore_as_control,nq_182,50,True,15,5,2.0,0.5,5,1;3;35;36;39,,0,0,0,0,4.963170326392718,0.9926340652785438,10,6.806500050880309,3.4032500254401543,0.0,-1.5599203009525637,-51.55992030095256,-51.55992030095257,-51.55992030095256,True,-1.5599203009525637,0.0,3003,0.9942516889073626,0.008355602831916104,0.974859585928369,0.9804642336516942,0.999068683690197,0.999951955904653,1.0,0.9926340652785438,0.00954769200196513,0.974859585928369,0.9810592055292332,0.998898562290544,0.9996183892079263,0.9999848595530793,0.74416474750175,0.07415492533998352,0.625388138827592,0.6613880272692205,0.7262852640397822,0.8495384783445482,0.9962264504719673,0.680650005088031,0.06849451839202951,0.6319615526860222,0.6353600404069845,0.6517038305486882,0.729202133902106,0.8746125533955563,0.372082373750875,0.03707746266999176,0.312694069413796,0.33069401363461026,0.3631426320198911,0.4247692391722741,0.49811322523598367,0.3403250025440155,0.034247259196014755,0.3159807763430111,0.31768002020349223,0.3258519152743441,0.364601066951053,0.43730627669777816,0.0,0.0,0.0,0.0,0.0,0.0,0.0,0.0,0.0,0.0,0.0,0.0,0.0,0.0
qore_as_control,nq_183,50,True,15,5,2.0,0.5,5,2;17;21;38;43,12;27;29;49,1,0,1,0,1.847502936738838,0.3695005873477676,10,6.278008647688827,3.1390043238444134,0.0,1.2915013871055754,-48.708498612894424,-48.70849861289443,-48.708498612894424,True,1.2915013871055754,0.0,3003,0.14176797507753375,0.2648389863080882,0.016035280621141602,0.017321802307024046,0.025497062606866183,0.3903036841767201,1.0,0.3695005873477676,0.3638030827805681,0.016035280621141602,0.06237405015125516,0.14723793413021188,0.8209390070164237,1.0,0.6620918068628784,0.08831575455407248,0.5089884565547277,0.5530517877004992,0.6574909596590299,0.7810987163272636,0.9636865476485716,0.6278008647688827,0.08789508726303272,0.5222554752686903,0.5296201440681239,0.617121323217528,0.7200954596827964,0.8149103521189447,0.3310459034314392,0.04415787727703624,0.25449422827736384,0.2765258938502496,0.32874547982951496,0.3905493581636318,0.4818432738242858,0.3139004323844414,0.04394754363151636,0.26112773763434516,0.2648100720340619,0.308560661608764,0.3600477298413982,0.40745517605947235,0.0,0.0,0.0,0.0,0.0,0.0,0.0,0.0,0.0,0.0,0.0,0.0,0.0,0.0
qore_as_control,nq_184,50,True,15,5,2.0,0.5,5,0;2;15;28;36,0;2;4;9,1,1,4,2,3.118788996243619,0.6237577992487238,10,8.289451448847501,4.1447257244237505,0.0,1.0259367281801315,-48.974063271819865,-48.97406327181987,-48.97406327181987,True,1.0259367281801315,0.0,3003,0.23114564344682711,0.30762909811286937,0.005972537797005182,0.011969566813629404,0.053189897548749906,0.6701995128777096,1.0,0.6237577992487238,0.22664704814834313,0.3403776885556173,0.38651467441403675,0.6170758990704591,0.8822461021663508,1.0,0.784979756975742,0.06645168237776253,0.6241596846106072,0.7059066872251408,0.7905351624388081,0.8704872491327056,0.9935238292823434,0.8289451448847499,0.05107942371885979,0.7712460796280212,0.789120778715008,0.8044845561683313,0.9107963806425216,0.9336981821084636,0.392489878487871,0.033225841188881264,0.3120798423053036,0.3529533436125704,0.39526758121940403,0.4352436245663528,0.4967619146411717,0.41447257244237495,0.025539711859429895,0.3856230398140106,0.394560389357504,0.4022422780841656,0.4553981903212608,0.4668490910542318,0.0,0.0,0.0,0.0,0.0,0.0,0.0,0.0,0.0,0.0,0.0,0.0,0.0,0.0
qore_as_control,nq_185,50,True,15,5,2.0,0.5,5,20;25;37;43;48,,0,0,0,0,1.664934584179525,0.332986916835905,10,6.993636784822675,3.4968183924113374,0.0,1.8318838082318125,-48.168116191768185,-48.16811619176818,-48.168116191768185,True,1.8318838082318125,0.0,3003,0.11735166193912017,0.2522913969174978,0.0037025860712918933,0.004010259778746642,0.009834926345833099,0.2701041015937351,1.0,0.332986916835905,0.34794128145091,0.019760197486447417,0.06560694311508178,0.1818714674364567,0.731570343079435,1.0,0.7426361534831516,0.06846902373447918,0.56072046401286,0.6478288317386502,0.7612724397684623,0.8131771743287904,0.9686841064890898,0.6993636784822674,0.07284522866797562,0.5825945189584022,0.5920758808232258,0.7175484757699019,0.7685039945795401,0.8187251929024747,0.3713180767415758,0.03423451186723959,0.28036023200643,0.3239144158693251,0.38063621988423113,0.4065885871643952,0.4843420532445449,0.3496818392411337,0.03642261433398781,0.2912972594792011,0.2960379404116129,0.35877423788495094,0.38425199728977005,0.40936259645123735,0.0,0.0,0.0,0.0,0.0,0.0,0.0,0.0,0.0,0.0,0.0,0.0,0.0,0.0
qore_as_control,nq_186,50,True,15,5,2.0,0.5,5,2;6;7;22;23,0;2;6;7;13;15;18;22;34;38;49,1,1,8,4,4.900224304979085,0.980044860995817,10,8.177049319898,4.088524659949,0.0,-0.8116996450300853,-50.81169964503009,-50.81169964503009,-50.81169964503009,True,-0.8116996450300853,0.0,3003,0.8818332823262004,0.11540995273142134,0.6523326258345071,0.715492236679057,0.9389633922635613,0.9914998646527383,1.0,0.980044860995817,0.014331894388859859,0.962531594236021,0.9636218062981009,0.9825295306239975,0.9959624222911385,1.0,0.8486696374478822,0.04386473822756434,0.7110169338648752,0.7935894756359209,0.8473178662957584,0.9018287900983148,0.9470220094397225,0.8177049319897998,0.039344800119913474,0.750261190608375,0.7577717371258819,0.8223532009015129,0.8683923391596229,0.882152918886229,0.4243348187239411,0.02193236911378217,0.3555084669324376,0.39679473781796043,0.4236589331478792,0.4509143950491574,0.47351100471986124,0.4088524659948999,0.019672400059956737,0.3751305953041875,0.37888586856294093,0.41117660045075644,0.43419616957981144,0.4410764594431145,0.0,0.0,0.0,0.0,0.0,0.0,0.0,0.0,0.0,0.0,0.0,0.0,0.0,0.0
qore_as_control,nq_187,50,True,15,5,2.0,0.5,5,0;2;9;12;30,0;5;17,1,1,2,1,3.2308272416378596,0.646165448327572,10,7.784468621893892,3.892234310946946,0.0,0.6614070693090865,-49.338592930690915,-49.338592930690915,-49.338592930690915,True,0.6614070693090865,0.0,3003,0.23038567751767325,0.37254537380042735,0.0013185817402846189,0.0021296256537053837,0.020454153910547966,0.9425949261321978,1.0,0.646165448327572,0.3948285353520062,0.020454153910547966,0.14867631835401382,0.8951159374633084,0.9896990340979163,1.0,0.7814856103539912,0.05256510438775167,0.658915839617631,0.7094988296434929,0.7804392082132934,0.8480232373511889,0.9418952722938317,0.7784468621893893,0.06740154282888126,0.6678225029220137,0.6957648317235396,0.7844421881530106,0.8536212441628819,0.8762502394473445,0.3907428051769956,0.026282552193875836,0.3294579198088155,0.35474941482174643,0.3902196041066467,0.42401161867559445,0.47094763614691587,0.38922343109469465,0.03370077141444063,0.33391125146100686,0.3478824158617698,0.3922210940765053,0.42681062208144094,0.43812511972367224,0.0,0.0,0.0,0.0,0.0,0.0,0.0,0.0,0.0,0.0,0.0,0.0,0.0,0.0
qore_as_control,nq_188,50,True,15,5,2.0,0.5,5,8;25;33;38;40,40,1,1,1,1,1.0024302216208807,0.20048604432417613,10,6.682250384102587,3.3411251920512934,0.0,2.3386949704304127,-47.66130502956959,-47.66130502956959,-47.66130502956959,True,2.3386949704304127,0.0,3003,0.06707420968616544,0.24933541839438123,3.46017424409155e-05,5.100650497353183e-05,0.00023514677329520946,0.0015634845869884188,1.0,0.20048604432417613,0.3997572502891622,3.46017424409155e-05,7.659223310906844e-05,0.0011211036364123274,0.6004539753091666,1.0,0.7558671760091187,0.09088548832684044,0.561846716979215,0.648119806876233,0.7422953673541692,0.8718140227572765,0.9344287261181643,0.6682250384102588,0.061443826478335926,0.561846716979215,0.590719922019858,0.6624135829014983,0.7459841843341155,0.7791835371536322,0.37793358800455934,0.04544274416342022,0.2809233584896075,0.3240599034381165,0.3711476836770846,0.43590701137863824,0.46721436305908215,0.3341125192051294,0.030721913239167963,0.2809233584896075,0.295359961009929,0.33120679145074916,0.37299209216705775,0.3895917685768161,0.0,0.0,0.0,0.0,0.0,0.0,0.0,0.0,0.0,0.0,0.0,0.0,0.0,0.0
qore_as_control,nq_189,50,True,15,5,2.0,0.5,5,0;1;2;19;29,,0,0,0,0,1.9855484472870935,0.3971096894574187,10,6.510085577313013,3.2550427886565063,0.0,1.2694943413694129,-48.730505658630584,-48.730505658630584,-48.73050565863059,True,1.2694943413694129,0.0,3003,0.13329904745622448,0.33699252667723717,1.7785387668592137e-05,3.15237702504615e-05,9.758779585816644e-05,0.5954116588526022,1.0,0.3971096894574187,0.48608147929585743,3.5663416596916944e-05,6.0433168301416744e-05,0.0006024340965124087,0.9939251047912504,1.0,0.6919537512714714,0.07629402624939295,0.539617305514358,0.5976188942811844,0.697555825375988,0.7672445978823808,0.9926413947884674,0.6510085577313012,0.12571398893494418,0.5566457274668415,0.5599545894006822,0.5920466431005631,0.7396444191094951,0.9926413947884674,0.3459768756357357,0.038147013124696476,0.269808652757179,0.2988094471405922,0.348777912687994,0.3836222989411904,0.4963206973942337,0.3255042788656506,0.06285699446747209,0.27832286373342074,0.2799772947003411,0.29602332155028155,0.36982220955474754,0.4963206973942337,0.0,0.0,0.0,0.0,0.0,0.0,0.0,0.0,0.0,0.0,0.0,0.0,0.0,0.0
qore_as_control,nq_190,50,True,15,5,2.0,0.5,5,0;3;15;19;41,0;3;15;17,1,1,4,3,4.824221676193318,0.9648443352386634,10,8.298663797050786,4.149331898525393,0.0,-0.674889777667925,-50.67488977766793,-50.67488977766793,-50.67488977766793,True,-0.674889777667925,0.0,3003,0.409014951190571,0.43735039575577245,0.00132700387355926,0.00473739131794714,0.08401513331972152,0.9972018940264097,1.0,0.9648443352386634,0.047341062071766804,0.8762878217227301,0.9077405022213175,0.9930335243721173,0.9999923228517085,1.0,0.8071136483231164,0.06068707753944346,0.6886223996290819,0.7289936481664998,0.8013249510481002,0.8924071360769221,0.9802686933800855,0.8298663797050784,0.06311199286276192,0.7603330293976294,0.7808362009519375,0.7990642135489398,0.893036721232062,0.9802686933800855,0.4035568241615582,0.03034353876972173,0.34431119981454095,0.3644968240832499,0.4006624755240501,0.44620356803846106,0.49013434669004274,0.4149331898525392,0.03155599643138096,0.3801665146988147,0.39041810047596875,0.3995321067744699,0.446518360616031,0.49013434669004274,0.0,0.0,0.0,0.0,0.0,0.0,0.0,0.0,0.0,0.0,0.0,0.0,0.0,0.0
qore_as_control,nq_191,50,True,15,5,2.0,0.5,5,0;8;29;36;47,0;2;6;8;9;30;35;36;47,1,1,8,4,4.825034657983528,0.9650069315967056,10,7.913629567748726,3.956814783874363,0.0,-0.8682198741091649,-50.868219874109165,-50.868219874109165,-50.868219874109165,True,-0.8682198741091649,0.0,3003,0.8860718435563272,0.15380032757103038,0.5589092573657104,0.6094553217096726,0.9706383589024273,0.9986608978481035,1.0,0.9650069315967056,0.04881152714163363,0.8696102174686642,0.9100214740421695,0.9870983699941195,0.9990750846473266,1.0,0.838372960436664,0.06329204399781746,0.6513965732261001,0.7520984457534418,0.8514782885332562,0.9063050650853296,0.950210876696935,0.7913629567748726,0.06749658458290095,0.6640118913609583,0.7126139891097103,0.8099805788096242,0.8603913146055989,0.8808266821062378,0.419186480218332,0.03164602199890873,0.32569828661305006,0.3760492228767209,0.4257391442666281,0.4531525325426648,0.4751054383484675,0.3956814783874363,0.033748292291450474,0.33200594568047914,0.35630699455485515,0.4049902894048121,0.43019565730279946,0.4404133410531189,0.0,0.0,0.0,0.0,0.0,0.0,0.0,0.0,0.0,0.0,0.0,0.0,0.0,0.0
qore_as_control,nq_192,50,True,15,5,2.0,0.5,5,0;3;6;13;37,3;11;22,1,1,3,1,1.9542509836729094,0.3908501967345819,10,7.762841816988372,3.881420908494186,0.0,1.9271699248212766,-48.07283007517872,-48.072830075178715,-48.07283007517872,True,1.9271699248212766,0.0,3003,0.14430088051580234,0.3031830452190974,0.003250597256065685,0.004076001336977908,0.017374292874895978,0.5369068168980936,1.0,0.3908501967345819,0.42885580929773853,0.003872266656092638,0.009273077143613974,0.11447918793529319,0.9274100944826511,1.0,0.8117167797592921,0.055032519209374145,0.6336708821690412,0.7375392126281956,0.8215084330880476,0.8667801245201116,0.9282989067069218,0.7762841816988372,0.06696776870339574,0.6336708821690412,0.7117629682467431,0.7796887096045608,0.8351210760079764,0.8861784256323648,0.40585838987964606,0.027516259604687072,0.3168354410845206,0.3687696063140978,0.4107542165440238,0.4333900622600558,0.4641494533534609,0.3881420908494186,0.03348388435169787,0.3168354410845206,0.35588148412337156,0.3898443548022804,0.4175605380039882,0.4430892128161824,0.0,0.0,0.0,0.0,0.0,0.0,0.0,0.0,0.0,0.0,0.0,0.0,0.0,0.0
qore_as_control,nq_193,50,True,15,5,2.0,0.5,5,5;8;29;31;41,,0,0,0,0,1.9492009203025176,0.3898401840605036,10,7.9725342969492425,3.9862671484746213,0.0,2.0370662281721037,-47.9629337718279,-47.96293377182789,-47.9629337718279,True,2.0370662281721037,0.0,3003,0.15225003052805963,0.26133478658846815,0.0026815559412576937,0.002948962574423075,0.054674011144015315,0.40301738248234575,1.0,0.3898401840605036,0.3423533667949841,0.08518430106042374,0.0988759976832484,0.21872231746209625,0.810352303665005,1.0,0.8293139549958383,0.06546379415721089,0.6664616877247251,0.7469626323031171,0.8184856375518921,0.9110222935150468,0.9606280645615027,0.7972534296949243,0.05251397513317958,0.7280277928605742,0.7438111592636352,0.7898664524259311,0.8587962741058879,0.9057319459115851,0.41465697749791913,0.032731897078605444,0.33323084386236257,0.37348131615155855,0.40924281877594604,0.4555111467575234,0.48031403228075137,0.39862671484746215,0.02625698756658979,0.3640138964302871,0.3719055796318176,0.39493322621296556,0.42939813705294394,0.45286597295579256,0.0,0.0,0.0,0.0,0.0,0.0,0.0,0.0,0.0,0.0,0.0,0.0,0.0,0.0
qore_as_control,nq_194,50,True,15,5,2.0,0.5,5,0;1;15;19;40,0;1;19,1,1,3,3,2.9579913947709304,0.5915982789541862,10,7.197537680083782,3.598768840041891,0.0,0.6407774452709605,-49.35922255472904,-49.359222554729044,-49.35922255472904,True,0.6407774452709605,0.0,3003,0.19889853996873313,0.392047906923256,0.00025783971147591545,0.00036549925451448217,0.0037286003431412757,0.9791826624019266,1.0,0.5915982789541862,0.47934830775867016,0.0002760074379971123,0.0040452539776688525,0.9481354786276381,0.9999523139672476,1.0,0.7269382192822506,0.062987034280679,0.6176098455120703,0.6619028116434199,0.7203710146810354,0.8011492959699319,0.9943174468111927,0.7197537680083783,0.10035961128334694,0.6437493216649084,0.6440794051415545,0.6738526099344726,0.7997391001724067,0.9858582577058477,0.3634691096411253,0.0314935171403395,0.30880492275603516,0.33095140582170995,0.3601855073405177,0.40057464798496595,0.49715872340559636,0.35987688400418916,0.05017980564167347,0.3218746608324542,0.32203970257077724,0.3369263049672363,0.39986955008620334,0.49292912885292384,0.0,0.0,0.0,0.0,0.0,0.0,0.0,0.0,0.0,0.0,0.0,0.0,0.0,0.0
qore_as_control,nq_195,50,True,15,5,2.0,0.5,5,8;10;22;30;40,,0,0,0,0,1.8542219335881223,0.37084438671762443,10,9.412237308935344,4.706118654467672,0.0,2.85189672087955,-47.14810327912045,-47.148103279120456,-47.14810327912045,True,2.85189672087955,0.0,3003,0.16526835809746687,0.23734610744672022,0.016220548785174118,0.017620285112330988,0.09319303465162122,0.2673380195157178,1.0,0.37084438671762443,0.3197200621594834,0.10990113831259306,0.15130675814386288,0.25602672457569575,0.7099515531236265,1.0,0.9388646973439227,0.015801677950436646,0.8907180944202108,0.9204245923749419,0.9388147009452671,0.9587827613761741,0.9740944859292562,0.9412237308935344,0.012603699391947063,0.9255738342555417,0.9281598374174822,0.9402520224130534,0.9594938151152488,0.9607241427584309,0.4694323486719614,0.007900838975218323,0.4453590472101054,0.46021229618747095,0.46940735047263354,0.47939138068808707,0.4870472429646281,0.4706118654467672,0.006301849695973531,0.46278691712777087,0.4640799187087411,0.4701260112065267,0.4797469075576244,0.48036207137921544,0.0,0.0,0.0,0.0,0.0,0.0,0.0,0.0,0.0,0.0,0.0,0.0,0.0,0.0
qore_as_control,nq_196,50,True,15,5,2.0,0.5,5,0;11;12;16;46,0;1;5;6;10;12;15;16;22;26;37;38;45;46,1,1,9,4,4.1094968113042665,0.8218993622608535,10,7.703895960752088,3.851947980376044,0.0,-0.25754883092822256,-50.25754883092822,-50.25754883092822,-50.25754883092822,True,-0.25754883092822256,0.0,3003,0.3323353608344203,0.37189723668737973,0.03488359424570146,0.05950999066551177,0.13610943825519342,0.9677275443467585,1.0,0.8218993622608535,0.22823311323770792,0.3895951092491136,0.550890178885258,0.9425690344132441,0.9937999537209738,1.0,0.79924348349028,0.07418704489338092,0.618390669546667,0.7068031524849783,0.8050191415473004,0.8734435705010325,0.9850395099358101,0.7703895960752087,0.09067057163151057,0.625473691476947,0.6502011591014749,0.7700821330923476,0.8181768796556028,0.9850395099358101,0.39962174174514,0.03709352244669046,0.3091953347733335,0.35340157624248913,0.4025095707736502,0.43672178525051625,0.49251975496790507,0.38519479803760437,0.045335285815755286,0.3127368457384735,0.32510057955073746,0.3850410665461738,0.4090884398278014,0.49251975496790507,0.0,0.0,0.0,0.0,0.0,0.0,0.0,0.0,0.0,0.0,0.0,0.0,0.0,0.0
qore_as_control,nq_197,50,True,15,5,2.0,0.5,5,1;3;4;12;32,1,1,1,1,1,3.0338340488706748,0.606766809774135,10,8.366675199396592,4.183337599698296,0.0,1.1495035508276215,-48.850496449172375,-48.85049644917238,-48.85049644917238,True,1.1495035508276215,0.0,3003,0.21113519399242398,0.3538172841919341,0.0008733009033719595,0.0009191803675002943,0.0041187091405731156,0.8485090712449073,1.0,0.606766809774135,0.3731487503582529,0.0009471358810006885,0.14365172148626473,0.7829895830620031,0.956875492013404,1.0,0.8307665565404094,0.07054647893343914,0.6375313092742788,0.7430644305543633,0.8274012824483625,0.9199940046067858,0.982304086126195,0.8366675199396593,0.09463757303228476,0.670603613411473,0.7425779432583413,0.8422637125680097,0.947913252057957,0.982304086126195,0.4153832782702047,0.03527323946671957,0.3187656546371394,0.37153221527718167,0.41370064122418126,0.4599970023033929,0.4911520430630975,0.41833375996982963,0.04731878651614238,0.3353018067057365,0.3712889716291706,0.42113185628400485,0.4739566260289785,0.4911520430630975,0.0,0.0,0.0,0.0,0.0,0.0,0.0,0.0,0.0,0.0,0.0,0.0,0.0,0.0
qore_as_control,nq_198,50,True,15,5,2.0,0.5,5,4;20;21;37;45,0;1;4;5;11;12;15;16;18;20;21;37;45;48,1,1,14,5,4.497473374262016,0.8994946748524033,10,8.340737711705756,4.170368855852878,0.0,-0.3271045184091381,-50.327104518409136,-50.327104518409136,-50.327104518409136,True,-0.3271045184091381,0.0,3003,0.6499456578317321,0.25683409253129325,0.0018002793060133023,0.3655438491040355,0.6751944472390685,0.9021866522169233,1.0,0.8994946748524033,0.05572441662860671,0.8472670770938318,0.8488869300664178,0.8857355018440469,0.9652616343195364,1.0,0.8376567060035737,0.06394880555391799,0.6754218006813958,0.7280425946102972,0.8468137040246383,0.9090377762987205,0.9428151480186957,0.8340737711705755,0.04342894269914589,0.7791128757121243,0.7910324719436175,0.8305096541511331,0.8763603060088531,0.9379473969300774,0.41882835300178684,0.031974402776958996,0.3377109003406979,0.3640212973051486,0.42340685201231915,0.45451888814936026,0.47140757400934785,0.41703688558528773,0.021714471349572946,0.38955643785606214,0.39551623597180874,0.41525482707556655,0.43818015300442653,0.4689736984650387,0.0,0.0,0.0,0.0,0.0,0.0,0.0,0.0,0.0,0.0,0.0,0.0,0.0,0.0
qore_as_control,nq_199,50,True,15,5,2.0,0.5,5,7;10;19;29;34,1;7;9;11;16;17;19;45,1,1,7,2,4.879598961921775,0.975919792384355,10,7.783596190717228,3.891798095358614,0.0,-0.9878008665631608,-50.98780086656316,-50.98780086656316,-50.98780086656316,True,-0.9878008665631608,0.0,3003,0.8524995835907525,0.2691780077071182,0.2093888624277644,0.3705173904337835,0.980031651558279,0.9997929716959272,1.0,0.975919792384355,0.02046722456636078,0.9393299537378131,0.9524588814599443,0.980031651558279,0.9952065902016465,0.9998627838431488,0.8320263269285668,0.06655562124422776,0.672332835355094,0.746093257836076,0.8334738437990069,0.9166084779775862,0.9906435147351497,0.7783596190717228,0.05631549708361128,0.7163282353438636,0.7213320396291322,0.7650616930222687,0.8353670037972669,0.9167755073305484,0.4160131634642834,0.03327781062211388,0.336166417677547,0.373046628918038,0.41673692189950345,0.4583042389887931,0.49532175736757483,0.3891798095358614,0.02815774854180564,0.3581641176719318,0.3606660198145661,0.38253084651113434,0.41768350189863346,0.4583877536652742,0.0,0.0,0.0,0.0,0.0,0.0,0.0,0.0,0.0,0.0,0.0,0.0,0.0,0.0
mobius_pairwise,nq_0,50,True,15,5,2.0,1.0,5,0;1;25;32;37,0;1;4;38,1,1,3,2,4.651345229987886,0.9302690459975771,10,8.54112862304598,5.231387197751551,3.309741425294429,0.5800419677636652,-49.41995803223634,-46.110216606941904,-46.110216606941904,True,0.5800419677636652,0.0,3003,0.6954076668625202,0.22858955068262507,0.2905352114913259,0.3477799280138798,0.7782883320883904,0.9707335292412549,1.0,0.9302690459975771,0.06258803143681826,0.8392681420813102,0.8565923480079869,0.9348276468194453,0.9978683136756512,1.0,0.84504695520103,0.05480203067357499,0.7315275149424315,0.7803308574414901,0.8371791211299134,0.9182245904344735,0.9546248272224303,0.8541128623045979,0.05306950606707552,0.7935596433002927,0.7957951283410465,0.849582073861139,0.932401675562219,0.9339137450017412,0.5082506883567289,0.0366997785105554,0.4160158952616982,0.45440554029493563,0.5109237153720184,0.5553074467362252,0.5773124136112151,0.5231387197751551,0.031194601435487714,0.47383879441262156,0.48412980647941817,0.523047246423253,0.5662008377811094,0.5669568725008706,0.33679626684430114,0.03326829049359493,0.2657637574712157,0.2938242581182983,0.34051761597526775,0.37527949757981394,0.41846566870754165,0.3309741425294428,0.023457667596510356,0.2985941577618888,0.3038716078812362,0.3265348274378861,0.3662008377811095,0.3669568725008706
mobius_pairwise,nq_1,50,True,15,5,2.0,1.0,5,1;23;30;43;48,0;1;7;9;14;30,1,1,5,2,4.893011855155799,0.9786023710311598,10,7.14293183364005,4.537769634910082,2.605162198729968,-0.3552422202457173,-50.355242220245714,-47.75008002151576,-47.75008002151575,True,-0.3552422202457173,0.0,3003,0.8639052672390833,0.16388658889443072,0.5558162086154392,0.6006478350684598,0.975722234362328,0.9990451281563338,1.0,0.9786023710311598,0.03206005788889068,0.9148229877406348,0.944991597393919,0.9923038044660316,0.9982562204301149,1.0,0.8002189231544901,0.07068623992456836,0.5748703822428153,0.6940824859924525,0.8198892321751923,0.8661154586975607,0.9804006111199353,0.7142931833640049,0.07189480071426574,0.5748703822428153,0.6360953935176626,0.7245119154876859,0.7935951975484793,0.8110801904936463,0.4803943232724438,0.04001236106621821,0.3645863166203527,0.4244278473995712,0.4863316072010643,0.5225440717194636,0.590200210192536,0.45377696349100816,0.035581015612389855,0.38590381666690937,0.40987961452158767,0.45749616923065933,0.49432829576234544,0.4970291539798096,0.31982459988204626,0.03986405565374543,0.1889665655759059,0.2541765815652111,0.32865398773891263,0.36440615026693174,0.4005779508082792,0.2605162198729968,0.03666951420724938,0.1889665655759059,0.22384409890810494,0.26664734493714376,0.29926690178613385,0.3140510365138367
mobius_pairwise,nq_2,50,True,15,5,2.0,1.0,5,0;1;28;40;47,0;1;6;7;16;19;22;23;32;33;35;38;45,1,1,5,2,2.4409134667536305,0.4881826933507261,10,6.949722457543672,3.739085263319642,3.2106371942240304,1.2981717965660113,-48.70182820343399,-45.491191009209956,-45.491191009209956,True,1.2981717965660113,0.0,3003,0.22484116569570436,0.28837841613678655,0.03044310099209357,0.03299282421648798,0.12450390732661144,0.6398982811870063,1.0,0.4881826933507261,0.36925096787588774,0.04817560155583965,0.11514030039079842,0.33196014372863014,0.9380761491303696,1.0,0.6836549450417442,0.07819619538884955,0.5294433976582195,0.5848300682742998,0.6826258850143849,0.7601253642533016,0.9914678296876349,0.6949722457543672,0.11622228167507972,0.5473837318405709,0.552944913988082,0.6922539737439551,0.7560768414844032,0.9914678296876349,0.3577083851483647,0.05520232711980633,0.2126303066456298,0.29737586725853865,0.3522993694517142,0.43234164628865535,0.5957339148438174,0.37390852633196414,0.10215323990917591,0.2126303066456298,0.2325831576101719,0.3636679880428828,0.44895026548376143,0.5957339148438174,0.3259465598933794,0.03584094245316679,0.2326620845067019,0.28447589623239045,0.32679966608827554,0.3678182933990274,0.4483671459610246,0.32106371942240297,0.036534145837572814,0.2659734650116747,0.2784777202721655,0.3203720865449936,0.356475321560668,0.3957339148438175
mobius_pairwise,nq_3,50,True,15,5,2.0,1.0,5,4;29;37;45;49,4;6;24;29;37;45;47;49,1,1,8,5,4.886831560180945,0.9773663120361891,10,8.856787463091608,5.426995317172407,3.429792145919202,0.5401637569914621,-49.45983624300854,-46.030044097089345,-46.03004409708934,True,0.5401637569914621,0.0,3003,0.6488217968144936,0.373874638717219,0.11628361549214983,0.1269956989650969,0.8773408311169042,0.9959425045269324,1.0,0.9773663120361891,0.031190666060200142,0.9166791270391447,0.9417499170367502,0.9926764706912634,0.9992479441669514,1.0,0.8770839478405789,0.05203005428390668,0.7335027086765308,0.7959126644359245,0.885940961482407,0.9362356605323047,0.9648015792053208,0.8856787463091609,0.03960406417755598,0.8235275241142893,0.8388334778521304,0.8875584679418291,0.9213332469499077,0.9587757464696431,0.5023851758096355,0.045548087834697416,0.3876800687626371,0.4432542465096808,0.5098912176368808,0.5586098027439924,0.5801375599690648,0.5426995317172406,0.019790912209517744,0.5117637620571447,0.5194167389260652,0.543105069675718,0.5606629714983684,0.5793513534689677,0.37469877203094343,0.03543253863177687,0.27951178735075166,0.3333256932680003,0.3702775046396457,0.42681153353931334,0.45844549589772626,0.3429792145919202,0.0198171695277625,0.3117637620571446,0.31941673892606515,0.34445339826611104,0.36067027545153924,0.37942439300067543
mobius_pairwise,nq_4,50,True,15,5,2.0,1.0,5,0;16;26;29;40,0;3;7;16;24;26;27;33;40;47,1,1,10,4,4.92330446547078,0.984660893094156,10,8.538989055969182,5.263727099109621,3.275261956859561,0.3404226336388412,-49.65957736636116,-46.384315409501596,-46.384315409501596,True,0.3404226336388412,0.0,3003,0.9113224950959051,0.11993890459505818,0.565046861290938,0.7578513971947919,0.9536035261757196,0.9934595014659637,1.0,0.984660893094156,0.015235231736811027,0.9573064170726214,0.9666835562601132,0.9884488427406037,0.9987199762464815,1.0,0.8621608599217513,0.049494517849883235,0.7828573157131418,0.801528309997786,0.8540748480942886,0.9390994381775845,0.9961978873983273,0.8538989055969182,0.037165515244139136,0.7936334192159885,0.8048739331658882,0.8576456948968794,0.8991801478727514,0.9274032216896974,0.5230257199587031,0.03343646123922421,0.43686596998273053,0.47776328040464555,0.5223614654795135,0.5695497190887923,0.5980989436991636,0.5263727099109622,0.01862309345850477,0.4968167096079943,0.502436966582944,0.5267365656720115,0.5495900739363757,0.5637016108448487,0.3391351399630482,0.02218499022122804,0.2968167096079942,0.31348371179341805,0.33686425203185333,0.3712350225156258,0.39809894369916365,0.32752619568595603,0.018599188964552628,0.2968167096079942,0.3024369665829441,0.32990159384610634,0.34959007393637564,0.36370161084484864
mobius_pairwise,nq_5,50,True,15,5,2.0,1.0,5,0;5;8;10;21,19;44,1,0,2,0,3.6462572718587354,0.7292514543717471,10,8.888063393982742,5.169029643611359,3.719033750371384,1.5227723717526236,-48.47722762824738,-44.758193877875996,-44.758193877875996,True,1.5227723717526236,0.0,3003,0.34472967078393685,0.2965196778300248,0.041979128378639076,0.05062070202353751,0.24670706198671444,0.727691902733077,1.0,0.7292514543717471,0.14812555477582529,0.5748247679972405,0.5971748237321418,0.6837382759156182,0.9027977282445532,1.0,0.8577232414320025,0.041658605204728735,0.7706363317502762,0.8021359459682343,0.8579986361669506,0.9151032761107717,0.9498130575018967,0.8888063393982742,0.03318003622246618,0.8253358999437135,0.8515022859569994,0.8908637194271076,0.9205579341626748,0.9401880407050404,0.4619624482616385,0.043638409144060204,0.36915379150656713,0.40893543042616604,0.4660541620248977,0.5202687471041851,0.5534117557206673,0.5169029643611359,0.019504029855108424,0.48045504635556413,0.49504984856612205,0.5164714876465484,0.5407973411040612,0.545223913077388,0.3957607931703641,0.036678441251579284,0.30627939241442015,0.3514691397440563,0.3969691426667883,0.4428315469343136,0.48291193120423614,0.3719033750371384,0.03321665591506612,0.31266794997185676,0.337541744793508,0.3646485799987944,0.4094244031242189,0.4357669288514443
mobius_pairwise,nq_6,50,True,15,5,2.0,1.0,5,0;3;5;11;12,9;33,0,0,0,0,2.7910423166953375,0.5582084633390675,10,9.058967500802558,5.012944400249262,4.0460231005532945,2.2219020835539247,-47.77809791644607,-43.73207481589277,-43.73207481589278,True,2.2219020835539247,0.0,3003,0.21775347078789625,0.31845045485524226,0.005132950259452377,0.006384980184301503,0.09252569900760393,0.7228593233951532,1.0,0.5582084633390675,0.35597235486470297,0.21179516982965602,0.23256200892837317,0.33230802089193057,0.9932907433589209,1.0,0.8869005734734968,0.02964309003678438,0.8264856550994403,0.8536430423449258,0.8836788156540736,0.9312960414607308,0.9912544258246628,0.9058967500802557,0.04134476421715397,0.8531181538474404,0.8598464136018997,0.911144196796386,0.9409752679965673,0.9912544258246628,0.46641933529171314,0.03671220764182187,0.39262535965655765,0.43000881026344795,0.45858265276378374,0.5166504226039026,0.5956272129123314,0.5012944400249263,0.04926632204720227,0.4247384406801131,0.4475282008854577,0.49954784803019403,0.5704876339982836,0.5956272129123314,0.42048123818178373,0.035773111164595965,0.325423976318593,0.3624045865209099,0.42679453205121287,0.45717214609541346,0.5457181713390458,0.40460231005532943,0.037327650850606194,0.34013155678121365,0.35737387365592854,0.4101862972613677,0.44503330677545255,0.45861035493131286
mobius_pairwise,nq_7,50,True,15,5,2.0,1.0,5,4;9;34;42;49,,0,0,0,0,3.3993854674387642,0.6798770934877528,10,9.030805196519799,4.784287474909726,4.246517721610073,1.3849020074709615,-48.61509799252904,-44.36858027091896,-44.36858027091897,True,1.3849020074709615,0.0,3003,0.37533909442970875,0.25002774033927777,0.06976390871041713,0.13510334288819043,0.2966788368158298,0.6985045602699089,1.0,0.6798770934877528,0.1826660828696685,0.48682121177011095,0.49903119798057294,0.6931314337676172,0.8808346578419081,1.0,0.9020283108241354,0.03857569694231769,0.7943326014718397,0.8287368790182269,0.9121759359718671,0.9400704756533181,0.959833036820289,0.9030805196519799,0.01592805632759846,0.8821516395633218,0.8840157506795449,0.9023486741241026,0.9118164221402961,0.9442512721648904,0.46779734688466734,0.02144271823021597,0.40813227030929333,0.4258624511147288,0.47363128000311117,0.48621427745260576,0.5008362979109631,0.4784287474909726,0.013671447227966938,0.4469986483341842,0.46422097403081025,0.48147996571475404,0.48952941111815246,0.5008362979109631,0.4342309639394681,0.02113776560244016,0.3689562352220706,0.40220967832657006,0.44019496949299575,0.4561088574678578,0.4721066559018022,0.4246517721610073,0.014757596410793095,0.40321235512303216,0.40803712745579357,0.4235351223901536,0.44446487862493894,0.4539140179640441
mobius_pairwise,nq_8,50,True,15,5,2.0,1.0,5,1;7;28;39;43,,0,0,0,0,1.2786685534986235,0.2557337106997247,10,6.280751507632007,2.912367172051851,3.3683843355801555,1.6336986185532276,-48.366301381446775,-44.997917045866615,-44.997917045866615,True,1.6336986185532276,0.0,3003,0.09689845531934176,0.25037917961685063,0.00034149855185878434,0.0008316570927742562,0.006410640469217219,0.19640369503060384,1.0,0.2557337106997247,0.38578975705952423,0.00034149855185878434,0.0017046061432396818,0.007950803993801277,0.7066507933690611,1.0,0.715233094885228,0.11432537797623439,0.5358401563699648,0.583190048811033,0.6845679582897632,0.8778782067085884,0.9284828564623164,0.6280751507632006,0.057506355133286176,0.5654463856842374,0.5783980363659655,0.6134268272955805,0.6930863682380601,0.7697520577727326,0.3434335068881339,0.07055730638963251,0.21043675714178012,0.24994045308194654,0.3397565141245085,0.43277908429241807,0.4649731168991783,0.2912367172051851,0.04396744401538197,0.21625406220019067,0.24519993667113316,0.29286542473063565,0.32529035035465453,0.38966014633916657,0.37179958799709417,0.052439851292739974,0.28255820357995864,0.30054322190742006,0.36940911606720717,0.44108982233472854,0.4844974906379583,0.33683843355801557,0.034074514503383814,0.30294519243549095,0.3045055642741874,0.3166670780547394,0.38668232823116083,0.3884847556466732
mobius_pairwise,nq_9,50,True,15,5,2.0,1.0,5,15;19;34;43;48,,0,0,0,0,3.542308456279136,0.7084616912558273,10,8.074523201595353,4.489797229325079,3.584725972270273,0.9474887730459431,-49.05251122695406,-45.46778525468379,-45.46778525468378,True,0.9474887730459431,0.0,3003,0.2952912138872416,0.3257321819617548,0.02290870881484414,0.024692597946344895,0.10531192533353927,0.8165687886656544,1.0,0.7084616912558273,0.215318398674323,0.42146111880574033,0.45649252618733793,0.7525791573127115,0.9436914171603799,1.0,0.8028197967143825,0.0548417584516134,0.6917062878500331,0.7443901373438356,0.7936123731953348,0.8789932896632668,0.9715507705767298,0.8074523201595352,0.041995619384851,0.7442550252681914,0.7524255337177295,0.8068066099764211,0.8657810959879659,0.8703895572696649,0.41794888795349294,0.034702884165519664,0.3455070066299538,0.37725011606172804,0.4151068235895568,0.46634835825694454,0.5222046557383907,0.44897972293250793,0.027711977522084652,0.4067346977535106,0.4152981337220285,0.4467577918651522,0.4934476669462573,0.4950645091073972,0.3848709087608896,0.03189937751600104,0.31433336034074144,0.34951965319283435,0.3804584723430457,0.43463890838136093,0.4725027328468403,0.3584725972270273,0.033043146937418146,0.31433336034074144,0.33480870327830703,0.3516448609596252,0.3821823287484901,0.4438978540244915
mobius_pairwise,nq_10,50,True,15,5,2.0,1.0,5,5;8;11;42;46,0;1;2;3;5;8;9;11;14;17;23;36;39;42,1,1,7,4,3.7488202508841377,0.7497640501768276,10,7.949576893064805,4.584437621937904,3.3651392711268997,0.8356173710537664,-49.164382628946235,-45.799243357819336,-45.799243357819336,True,0.8356173710537664,0.0,3003,0.5007304155489777,0.22753863215925263,0.22669412770077685,0.22913772111102734,0.47402294454254706,0.8328641038501784,1.0,0.7497640501768276,0.18558002486166233,0.5542444064698542,0.56601265367924,0.6684119405120023,0.976999551763585,1.0,0.7733554057865185,0.04624587830789768,0.6624707970179882,0.710804866605954,0.7752164084396791,0.8321245995095089,0.929307138028552,0.7949576893064805,0.03294891641692985,0.7355661916940868,0.747746970154733,0.7936063140963306,0.8374507417164526,0.8437152271896872,0.4317897087858681,0.039113360889009414,0.3064485939741492,0.38434053528983364,0.43100046557820576,0.47673928571054963,0.5086954875116518,0.4584437621937905,0.023829848548854102,0.4048476511344045,0.42728009369658165,0.464350784624436,0.48192772185329474,0.4873258631930002,0.34156569700065037,0.036212304062759826,0.25846408397276344,0.29189289019884185,0.3409470239853077,0.38549233052463583,0.4390942551927052,0.33651392711269,0.034594669570956395,0.2789060070646007,0.2903227731394712,0.3310305688523235,0.3782060692228899,0.38627383815686206
mobius_pairwise,nq_11,50,True,15,5,2.0,1.0,5,0;3;14;32;37,3;7;14;37,1,1,4,3,4.822405174546096,0.9644810349092191,10,7.769646693458948,4.8141368752672244,2.9555098181917234,-0.008268299278871183,-50.00826829927887,-47.052758481087146,-47.052758481087146,True,-0.008268299278871183,0.0,3003,0.39271962100199687,0.4733303640894587,0.0014370916220352444,0.0015871961488474104,0.021003593819066392,0.99995463334752,1.0,0.9644810349092191,0.06615918057722359,0.8323120353114397,0.8959882871993787,0.9986944419325737,0.99995463334752,0.9999811021960103,0.7481102920107146,0.07157483236133819,0.6209964035212671,0.6747943135156134,0.7296513281865755,0.8367549542706905,0.9891966633331664,0.7769646693458948,0.08161068936957558,0.6958722358301179,0.7129019536533021,0.7473040418546626,0.8526193485243491,0.9779077523569578,0.3984660567615708,0.05886333748417519,0.2972607295751135,0.3433969973625965,0.379951159239059,0.47709261476863446,0.5937586209830044,0.4814136875267224,0.044787648365838345,0.4406030940470085,0.4424991472628561,0.46431961198140725,0.5262987397900905,0.5888445314576385,0.3496442352491437,0.04406229244799959,0.24882084753885353,0.2946553525831915,0.35018913264933244,0.4039195932774452,0.4938905853694621,0.29555098181917233,0.03814160571669621,0.24882084753885353,0.2587887443762291,0.2824734249075864,0.3263206087342586,0.38906322089931933
mobius_pairwise,nq_12,50,True,15,5,2.0,1.0,5,0;14;21;29;39,0;1;41,1,1,2,1,4.683645611999037,0.9367291223998073,10,7.706736545523187,4.775809028128872,2.9309275173943146,0.0921634161298357,-49.907836583870164,-46.976909066475855,-46.97690906647585,True,0.0921634161298357,0.0,3003,0.7419618985161068,0.2805072304808907,0.15002156486425344,0.29439326449693604,0.9089206893428288,0.9891259270920633,1.0,0.9367291223998073,0.048217733800498624,0.8665476935513193,0.8848701684538687,0.923976952899466,0.9923068338962233,1.0,0.7848749721162018,0.08857639739959748,0.6073458529529993,0.6578385707314264,0.7907486260170352,0.8875094012240874,0.9810396952354722,0.7706736545523187,0.06138215579449056,0.6769357352463435,0.6889358511295827,0.7652684445733582,0.8478426665865423,0.8603001554486251,0.4570629573066141,0.06729002875617926,0.2576889917911175,0.35550850331312306,0.46522196322685855,0.5290888337809316,0.5904307625156549,0.47758090281288723,0.03456306379478648,0.422870267878375,0.43197083069517767,0.47716293610904387,0.5237114301722765,0.5280510465143669,0.32781201480958777,0.03624972457752964,0.23250991896668083,0.28263272964650893,0.33002188037056546,0.37596970891783443,0.4118914969357086,0.29309275173943145,0.027070157017344942,0.25406546736796853,0.25696502043440494,0.28810550846431426,0.3304947512851047,0.3322491089342583
mobius_pairwise,nq_13,50,True,15,5,2.0,1.0,5,0;1;4;5;31,0;1;3;4;5;16;31,1,1,7,5,4.862721176295766,0.9725442352591532,10,8.473733470427755,5.185600690835597,3.2881327795921584,0.32287951453983066,-49.67712048546017,-46.38898770586801,-46.38898770586801,True,0.32287951453983066,0.0,3003,0.4646575058671093,0.45421832341159346,0.0038132332008759414,0.0074836396788998515,0.17690415858432743,0.9998283122110779,1.0,0.9725442352591532,0.05325191975534689,0.8660559272771651,0.9186076497047901,0.9994721929694124,0.9999031290811845,1.0,0.7383134855530242,0.08548107604101357,0.5998283077104525,0.6461500072089761,0.7143019527358323,0.8697828434526137,0.9730758912675583,0.8473733470427754,0.045143429981589864,0.7973343155604457,0.8044192151568237,0.8344213787572481,0.91610573781935,0.9415715370489981,0.38533498116467413,0.08634506785669996,0.2070490719787099,0.2922073588844487,0.3636760252965737,0.5139549871558571,0.586507338648687,0.5185600690835597,0.026298522149645197,0.48681934584289066,0.4893495299588592,0.5098193388741281,0.5579722351501764,0.5706530945456936,0.3529785043883501,0.04060921755434467,0.25207223206743645,0.31116250232727855,0.3503640834312905,0.4123604410082904,0.47400049219297286,0.32881327795921583,0.020060584827720697,0.30518039611567294,0.30998151235736676,0.32392987068654544,0.3581335026691736,0.3709184425033045
mobius_pairwise,nq_14,50,True,15,5,2.0,1.0,5,10;11;28;31;45,0;1;2;9;11,1,1,5,1,4.900310647844276,0.9800621295688552,10,7.280395526872177,4.6234993672301865,2.656896159641991,-0.27681128061408966,-50.27681128061409,-47.619915120972095,-47.619915120972095,True,-0.27681128061408966,0.0,3003,0.9820936058471043,0.02007557867297912,0.9447687022372733,0.9502498758326263,0.9916343344960253,0.999998235682689,1.0,0.9800621295688552,0.01931521564426678,0.9447687022372733,0.958823635410797,0.9806734535960574,0.9979815017855748,0.9999825952481481,0.8149801875715768,0.06321091040111151,0.6565833858737296,0.7510948247516791,0.8064011885017052,0.8942575195434357,0.988420034123388,0.7280395526872178,0.04348410834571663,0.6565833858737296,0.6745421975213093,0.7327140112838975,0.7816837536888195,0.7952058646932404,0.5049888822788086,0.031737749079103164,0.42829169293686475,0.47172870753632823,0.5023653960868664,0.5455645423196722,0.594210017061694,0.46234993672301866,0.02196485368555165,0.42829169293686475,0.4325065728703043,0.46635700564194876,0.4867547744312323,0.4968821095354935,0.30999130529276814,0.031643220747555295,0.2282916929368648,0.2763029636061385,0.30615213559672694,0.3494821707714102,0.394210017061694,0.2656896159641991,0.021696919086831454,0.2282916929368648,0.24203562465100495,0.2663570056419487,0.2949289792575872,0.2983237551577469
mobius_pairwise,nq_15,50,True,15,5,2.0,1.0,5,15;17;18;36;49,,0,0,0,0,1.5684782229875203,0.31369564459750404,10,6.7277308414002235,3.469189324125708,3.2585415172745145,1.9007111011381879,-48.099288898861815,-44.84074738158729,-44.8407473815873,True,1.9007111011381879,0.0,3003,0.11323870017186702,0.2529008943551967,0.0014233246782830713,0.0018663934410029814,0.017702439279364563,0.2744838570374892,1.0,0.31369564459750404,0.36173913556378,0.02253121931865023,0.022861840671895978,0.19534840771386994,0.7308963293012942,1.0,0.695363297925048,0.0420780590263974,0.5951163999469785,0.6392294045116999,0.6939632209543349,0.7521830824932422,0.7810639028989055,0.6727730841400222,0.038927795961306966,0.6007419461771868,0.6330553165802418,0.6791131690941097,0.719477820716063,0.7379943881876815,0.3532269297140322,0.02408448854315659,0.29769306724351524,0.32339776837607387,0.3538082583671822,0.3828291619477318,0.41158227783916657,0.34691893241257077,0.02355788535796883,0.311283653388546,0.3260355950288872,0.34467812675774545,0.37682178535182514,0.3917896623138362,0.3421363682110158,0.020949001786198834,0.28945829278864077,0.3118420868702177,0.34226173641872587,0.36983697094721635,0.3848276914408135,0.32585415172745147,0.016822232345060067,0.28945829278864077,0.3069397571486264,0.3301836060974772,0.34265603536423783,0.34620472587384526
mobius_pairwise,nq_16,50,True,15,5,2.0,1.0,5,5;7;27;43;46,4;27,1,1,1,1,3.3698220628839843,0.6739644125767968,10,7.973541831371615,4.631680540441191,3.341861290930425,1.2618584775572064,-48.738141522442795,-45.39628023151237,-45.39628023151237,True,1.2618584775572064,0.0,3003,0.2767836658072834,0.34651042148037947,0.020970955058019457,0.025237623113477093,0.09368226445974033,0.8815569507128245,1.0,0.6739644125767968,0.32954726637079457,0.10080121749222096,0.280199795419928,0.7513847956767018,0.9873353549614292,1.0,0.8115223619544392,0.060935609241202816,0.6661138707140283,0.7306440613206006,0.8146832059381333,0.88770600047637,0.9465931949063494,0.7973541831371614,0.06994821224951733,0.6661138707140283,0.7048871958328106,0.8158369662203857,0.8727029702203903,0.8754010807403813,0.4202551511667736,0.05538873582859619,0.28549405834106933,0.347322080560481,0.42296253784195564,0.48993434563739,0.5353874055348361,0.463168054044119,0.06631294600255587,0.3415449690032754,0.3787565655990091,0.4962836200894906,0.527934793512041,0.5353874055348361,0.3912672107876656,0.04608448824514107,0.24315133287207263,0.32678072876043296,0.39888714139951303,0.4469992146234467,0.46858787722174594,0.33418612909304246,0.04500726555306492,0.24315133287207263,0.2877052990167977,0.3320612500686428,0.377515308706328,0.41433677933700425
mobius_pairwise,nq_17,50,True,15,5,2.0,1.0,5,1;13;20;22;29,8;12;22;27;28,1,1,3,1,3.4541732124427247,0.690834642488545,10,8.234791843263714,4.734967171981141,3.4998246712825742,1.280793959538416,-48.719206040461586,-45.21938136917901,-45.21938136917901,True,1.280793959538416,0.0,3003,0.3296365212883904,0.29033752894846027,0.06148911629295474,0.06997189077987512,0.13091426645490062,0.6717974689067406,1.0,0.690834642488545,0.16423552734491184,0.5587252810903992,0.5650776879495852,0.6035375548081793,0.8869216313223127,1.0,0.8060854358688682,0.05618200636593765,0.6657980917813399,0.7276866396906454,0.8112841725445199,0.8787527553471383,0.9311324514888029,0.8234791843263715,0.03817658881959394,0.7619133640651818,0.7888264088284315,0.8121712809874541,0.8782508768837685,0.8896908322021307,0.43210784916462514,0.04439557173535113,0.328125404310181,0.3745536442664519,0.43859316109324936,0.48473229532946377,0.5263324753691886,0.47349671719811404,0.02929922412238791,0.4136787737073956,0.43904468593147894,0.4754118979200834,0.49987560866696246,0.5263324753691886,0.3739775867042429,0.04155174812953191,0.28971670081189405,0.31408576928983056,0.3756214748100554,0.4260722762556153,0.4766416305863318,0.34998246712825737,0.03676166097037441,0.2981332606427368,0.2992825101708049,0.3466708670288458,0.39521329890693396,0.41625976756438327
mobius_pairwise,nq_18,50,True,15,5,2.0,1.0,5,10;18;21;34;41,0;1;2;4;5;6;7;10;16;17;20;22;25;27;33;36;37;43;49,1,1,8,1,1.7563946513506523,0.35127893027013046,10,8.026856904695755,3.7308060381724566,4.296050866523299,1.9744113868218043,-48.02558861317819,-43.7295377466549,-43.7295377466549,True,1.9744113868218043,0.0,3003,0.15361939443605802,0.257929527470913,0.009505688093200194,0.01049057644694883,0.04643039122318151,0.3749743838772662,1.0,0.35127893027013046,0.3668116602924951,0.011174129888135428,0.04577368221759805,0.13613762165996215,0.8045639556363051,1.0,0.8152295475896106,0.03492667533151032,0.7513784686799734,0.7697264764504322,0.8149434179816809,0.8560331049575993,0.9187583623871677,0.8026856904695755,0.023093943413413795,0.7662777755994645,0.7786499621812211,0.8032776477511228,0.8270671866170081,0.8398851800241024,0.40330376336425006,0.026618387245946125,0.3231282014928873,0.3694947316126198,0.40566105890227955,0.4281081320679415,0.4675848677031931,0.37308060381724567,0.036472396050200674,0.3231282014928873,0.3316488048294989,0.36464775074120603,0.41995910865456654,0.423882983409522,0.4119257842253605,0.02413550967675718,0.37468483060354435,0.38317952477005385,0.4085833211536567,0.44355589025639386,0.4930474265937641,0.4296050866523299,0.028564415911328318,0.39465114205954777,0.399025634962291,0.421067063695155,0.46729685837501705,0.4930474265937641
mobius_pairwise,nq_19,50,True,15,5,2.0,1.0,5,0;9;11;18;27,0;1;2;3;4;5;6;8;9;11;12;13;15;17;18;21;23;27;31;32;36;43;45;47;49,1,1,14,5,4.934066199304034,0.9868132398608068,10,7.83209567562719,4.887537893136241,2.9445577824909477,-0.0465283061677928,-50.046528306167794,-47.10197052367684,-47.10197052367685,True,-0.0465283061677928,0.0,3003,0.834889412523544,0.15337692187017973,0.5857389427525248,0.61462042134446,0.9120099556145781,0.9942853231964713,1.0,0.9868132398608068,0.012327564831334098,0.9672293455038817,0.9727435475887043,0.9860393932702867,0.9999130439255711,1.0,0.8042214599012174,0.05533367125014969,0.6852700868056046,0.7422133379634208,0.7961197326348654,0.8726681313635367,0.9607198672584023,0.783209567562719,0.036250093886057246,0.7052118429451573,0.7364224596726064,0.7926605039990331,0.8169935005380164,0.8364373648259474,0.4785993964282662,0.035298321386976826,0.4192132015429848,0.43780154770903534,0.4757280034805663,0.5223361048699345,0.5664427764770656,0.4887537893136241,0.018571369413404572,0.4500511948719317,0.46381894866164347,0.49354613829821475,0.5058739945030933,0.5148938638018287,0.3256220634729512,0.029152921344173112,0.2551606480732256,0.29305011134320985,0.32443245057495396,0.36782883846076037,0.3971482421628668,0.29445577824909475,0.017778941131968748,0.2551606480732256,0.2726035110109629,0.29941971571030146,0.3111195060349231,0.32154350102411877
mobius_pairwise,nq_20,50,True,15,5,2.0,1.0,5,0;6;8;30;42,0;21;42;48,1,1,4,2,1.6570827071557153,0.3314165414311431,10,8.468139880628787,4.009416860895462,4.458723019733325,2.352334153739747,-47.64766584626025,-43.18894282652693,-43.188942826526926,True,2.352334153739747,0.0,3003,0.12836435043567926,0.26289758511116973,3.089860688252585e-05,0.0001852546936059319,0.0029887390139422894,0.3533134101339004,1.0,0.3314165414311431,0.37399529443528295,0.00018490324558531469,0.0013064375529281045,0.19516014401906065,0.7834995683508509,1.0,0.8584620281536771,0.03852168527806289,0.7567086688072092,0.8128852222132589,0.8608854598803558,0.9069636486781257,0.9833612363511843,0.8468139880628787,0.03086457274365283,0.8075218792376877,0.8077400632828277,0.8509477265627301,0.875069017554743,0.9130452554345058,0.41416725104841723,0.046314957175821035,0.31847704582975067,0.34964244915924053,0.4239576265997812,0.4571256547225896,0.5491155224594232,0.4009416860895462,0.05331029599200797,0.3259394845023935,0.34758371496779156,0.38730648486361463,0.4728346353703828,0.5131292874814314,0.4442947771052599,0.03734455506942529,0.33748110114354235,0.3987346852112375,0.44190141870340083,0.49439701511686157,0.5259669503060243,0.44587230197333244,0.03975654298262385,0.3577201480866713,0.4146767986775729,0.4391711909979124,0.4899364765946129,0.5051055293633868
mobius_pairwise,nq_21,50,True,15,5,2.0,1.0,5,0;1;23;41;48,0;1;3;16,1,1,4,2,1.9211896647006756,0.38423793294013514,10,6.470378848837416,3.1490627301492298,3.321316118688186,1.2278730654485541,-48.772126934551444,-45.450810815863264,-45.450810815863264,True,1.2278730654485541,0.0,3003,0.14107293565172008,0.3159501698046642,0.0009190956788062148,0.0014504074310666471,0.0077470374689247576,0.5818261858282185,1.0,0.38423793294013514,0.45579151618381086,0.0077470374689247576,0.010904095682299983,0.01670140439790948,0.9524406159325914,1.0,0.6682120749456636,0.0902621133301983,0.48737675803338143,0.5314564219883379,0.6763840830102625,0.7587789175851242,0.9300924316791355,0.6470378848837416,0.11972174304740267,0.4898189616251591,0.5184888300738049,0.6444726077679743,0.7524548758604107,0.9300924316791355,0.32341521986877975,0.06511160580312413,0.16500697959757865,0.23701445657005116,0.33240506806093983,0.4019056423147629,0.5551883526517778,0.3149062730149229,0.09692629170423868,0.17558810122546786,0.22554382127786504,0.30385310627512857,0.38667183948869394,0.5551883526517778,0.3447968550768839,0.05520616550176804,0.23563744413228016,0.26664193497610816,0.3457388220485849,0.41537610382930074,0.5190845043149495,0.3321316118688186,0.05146028982363793,0.24544275560657694,0.26579749072681996,0.3375198271145,0.3798759530821567,0.4246228195753485
mobius_pairwise,nq_22,50,True,15,5,2.0,1.0,5,0;3;5;25;30,0;3;5;12;17;22;24;26;28;31;34;48,1,1,9,3,3.848966656411772,0.7697933312823544,10,7.764612321678261,4.225807070048382,3.538805251629879,0.3768404136366099,-49.62315958636339,-46.08435433473351,-46.08435433473351,True,0.3768404136366099,0.0,3003,0.4663939921617695,0.29074850658762286,0.18000368944503914,0.19219023330626983,0.35053350442203085,0.970556242091465,1.0,0.7697933312823544,0.26016621521309474,0.3691553898481414,0.4423572033569001,0.9301728183734529,0.9989914098280559,1.0,0.7717241875242173,0.07890030771256175,0.624808113535255,0.6823605008221161,0.7516551904641169,0.912568745066179,0.9763227270039844,0.776461232167826,0.10293137035278191,0.6627960183337469,0.6704093264649122,0.7483110444979368,0.9030742004271732,0.9763227270039844,0.40908902592514856,0.05154125894981653,0.2561685816745012,0.35674330540078164,0.39743098326642345,0.4922914860402097,0.549870737691369,0.4225807070048381,0.0652318357185084,0.3451769057966838,0.3517211404000624,0.409715261873004,0.5007442422090166,0.549870737691369,0.36263516159906883,0.035612246541241704,0.3072915445729824,0.32354657240284707,0.35956198743032236,0.4239477264651004,0.46055512281407807,0.35388052516298785,0.03941632940401346,0.3176191125370631,0.3186881860648498,0.3324688069675364,0.4118869582096419,0.4264519893126154
mobius_pairwise,nq_23,50,True,15,5,2.0,1.0,5,5;7;8;34;35,5;8;31;33,1,1,4,2,4.921273146796921,0.9842546293593839,10,8.16331157708171,5.053840363144889,3.1094712139368212,0.13256721634796875,-49.867432783652035,-46.75796156971521,-46.75796156971521,True,0.13256721634796875,0.0,3003,0.7507447675220594,0.24828956432739166,0.33691533701965687,0.3706689950389776,0.747557583242082,0.9981547893163213,1.0,0.9842546293593839,0.02118214446047777,0.9431246334083804,0.9601256877818678,0.9936480470508544,0.9995492787982345,1.0,0.836330826979516,0.04365658435366459,0.7527573902845481,0.7847001749816079,0.8286640385253552,0.9056339522141035,0.9326124124819022,0.8163311577081711,0.0406527265796899,0.7735750034695574,0.7861935968392716,0.8031242779270362,0.8401208512842435,0.9265952218029283,0.48328161527084923,0.03605335988768867,0.3853600379731492,0.4379779706218612,0.48274953467392107,0.5285544297869906,0.5634181049016109,0.5053840363144889,0.02118156441409193,0.48025442139534696,0.4899236885595696,0.49971191244202606,0.5173483213215956,0.5614978546129357,0.3530492117086667,0.03293241334831706,0.28658213267125054,0.3079387168072631,0.351161358329268,0.39227146984101335,0.4412393207919314,0.3109471213936821,0.01976986508511079,0.29332058207421047,0.29375010645357896,0.30558782244025817,0.3227725299626479,0.36509736718999264
mobius_pairwise,nq_24,50,True,15,5,2.0,1.0,5,0;1;2;4;7,0;2;4;7,1,1,4,4,4.799399813523605,0.9598799627047212,10,9.102010331457288,5.473912482413366,3.628097849043921,0.6745126688897605,-49.32548733111024,-45.69738948206631,-45.69738948206632,True,0.6745126688897605,0.0,3003,0.36910450325593136,0.4463964184866513,0.0021646328049644307,0.0033922230263529586,0.014892892961310479,0.9976131067705598,1.0,0.9598799627047212,0.07559291261409196,0.808725166878413,0.8836153293341622,0.9961066870294212,0.9994469546391942,1.0,0.8103232650275454,0.06992408805889677,0.6545802474284361,0.7063350359124521,0.8148282687560893,0.9006586420856272,0.9928394773274056,0.9102010331457286,0.03274099815975174,0.8764364835091011,0.880561811392627,0.9026524724683546,0.9432574437778863,0.9928394773274056,0.4250425649899363,0.06307828717843533,0.30251003034331014,0.35001456691065524,0.41532024732478345,0.5234847362265667,0.5964197386637028,0.5473912482413367,0.01881374692707772,0.5245595813659425,0.5270106829407624,0.5463101800735759,0.5566473126180137,0.5964197386637028,0.385280700037609,0.03876834257650093,0.2819494642845232,0.34045633043914125,0.3839577296702702,0.4311394323169407,0.5066435126577301,0.36280978490439203,0.01884179721395904,0.3382182417545505,0.3402809056963135,0.3580426521662502,0.38868518942205477,0.39641973866370284
mobius_pairwise,nq_25,50,True,15,5,2.0,1.0,5,7;15;19;43;46,0;3;5;15;19;24;34;37;41;42;43;45,1,1,8,3,2.813509551881807,0.5627019103763614,10,7.888285157577745,3.948013710477229,3.9402714471005167,1.1345041585954219,-48.86549584140458,-44.92522439430407,-44.92522439430406,True,1.1345041585954219,0.0,3003,0.28673695700351237,0.2641449169472779,0.08223251580252831,0.08957053461402542,0.15750701680110116,0.6555375255222347,1.0,0.5627019103763614,0.29682974900456716,0.27787978914729783,0.2927378410790894,0.384126903662024,0.9345911760382835,1.0,0.8054760571231461,0.05282117110789357,0.7061812074376752,0.7432686369016485,0.7976930166604819,0.8631720022685551,0.9644144907837168,0.7888285157577746,0.05152733898014331,0.7061812074376752,0.7186566963542707,0.779997168123135,0.8452781500694413,0.8730076729961852,0.3989757222327101,0.036003887741277954,0.32795463220635446,0.3501843652461022,0.3986022619175924,0.44477564424992644,0.4863120395811923,0.3948013710477229,0.040034036681125255,0.3504907586286383,0.3511697363791979,0.39199894894189247,0.4456283248259442,0.4592404924778142,0.4065003348904359,0.03465234415631094,0.32649504707483845,0.3657240193280014,0.4058826700141029,0.45593850230551736,0.49198713616887124,0.3940271447100516,0.047994352758960745,0.3313404461636813,0.34137181791285665,0.3874590733620975,0.47432326880935394,0.47695965020401376
mobius_pairwise,nq_26,50,True,15,5,2.0,1.0,5,4;8;23;29;46,,0,0,0,0,1.88617654249965,0.37723530849993003,10,6.41218546934376,2.9796132551817993,3.432572214161961,1.0934367126821494,-48.90656328731785,-45.47399107315589,-45.47399107315589,True,1.0934367126821494,0.0,3003,0.16533667246641356,0.25767760385077765,0.011494954684073872,0.014085325677308535,0.037702903035325336,0.40548408609663555,1.0,0.37723530849993003,0.3468431768695139,0.034832602858185444,0.07685250286278707,0.21579480979387342,0.7982667107911607,1.0,0.6854720812645261,0.06156359434057325,0.5120357580545339,0.6056491496444653,0.6913996795406004,0.763682866344862,0.8071053609353325,0.6412185469343761,0.06523254017460788,0.544540918799013,0.5534433822722641,0.6394183158015637,0.7197068450395058,0.7498796357317804,0.33959475196592465,0.03841819540806549,0.17547088301514185,0.3028989222399178,0.3428264334298869,0.3814882046976544,0.40419607448781947,0.29796132551817994,0.053087855944219664,0.17547088301514185,0.21795013826014478,0.31495748337001106,0.33664178630879943,0.35852596386899477,0.34587732929860143,0.028607660215829313,0.2818134552807164,0.3102249592193832,0.34678794177777034,0.3827079540607533,0.42192827014711104,0.3432572214161961,0.037257307381776406,0.29580833442223636,0.30306923676961295,0.33205974819440887,0.3853237535560076,0.42192827014711104
mobius_pairwise,nq_27,50,True,15,5,2.0,1.0,5,0;6;14;29;37,0,1,1,1,1,1.3952629174288718,0.2790525834857744,10,6.90273565906374,2.789730896610042,4.113004762453699,1.39446797918117,-48.60553202081883,-44.49252725836513,-44.49252725836513,True,1.39446797918117,0.0,3003,0.09480811112232826,0.26002735071785216,0.00019080281988457896,0.0002471728893008277,0.0007222663957482359,0.23892887171579122,1.0,0.2790525834857744,0.38969450518345095,0.00019080281988457896,0.001304698376104291,0.0065990754351941934,0.7541989989853437,1.0,0.6749185367627637,0.0691947343993817,0.49418419433855076,0.6064982918958368,0.6682690087720599,0.7493175420217332,0.926695339507379,0.6902735659063741,0.12029785997657759,0.5482551950854738,0.5546718601039916,0.6644686546049802,0.8724599779897871,0.918639774169202,0.3273269649694062,0.04478731119653306,0.1748519477335675,0.2888224384269225,0.3299055616723025,0.36865394021942893,0.4633613557231871,0.2789730896610042,0.08321996852524065,0.1748519477335675,0.17816420948631348,0.2714540396263596,0.3562921057493095,0.45934027185856224,0.3475915717933576,0.04090470442965847,0.2809702815529218,0.3078053173691145,0.33954600813024705,0.38527729175907366,0.5224865800104597,0.4113004762453699,0.06056153338759917,0.3200803959258104,0.3263088624901038,0.41561915231159496,0.4691477289202843,0.5224865800104597
mobius_pairwise,nq_28,50,True,15,5,2.0,1.0,5,14;31;32;35;40,0;1;3;11;14;15;18;25;28;31;32;35;40;45,1,1,10,5,4.9930864887400315,0.9986172977480061,10,8.423135163671047,5.210079951229827,3.213055212441221,0.21699346248979534,-49.783006537510204,-46.569951325068985,-46.569951325068985,True,0.21699346248979534,0.0,3003,0.7949709843727217,0.284894693066483,0.26740832045743973,0.3030743015777061,0.9972936063693785,0.9999977349361738,1.0,0.9986172977480061,0.001061733088697729,0.9972936063693785,0.9973645624740806,0.9989723763062304,0.9997392077038874,0.9999970196528603,0.8549964811619327,0.04669820908577827,0.7573698638998101,0.7995302025851869,0.8503699329954374,0.9136746412383325,0.993528228238419,0.8423135163671047,0.05544683712935106,0.7985202554687765,0.7996780450996331,0.8190234167633348,0.8814155204734545,0.9934554844056915,0.4957440271655253,0.043662974599019674,0.40256407962610385,0.429522649551701,0.4973842720306169,0.5529083925944972,0.5967639114634173,0.5210079951229826,0.027768433350442854,0.4989026488773478,0.4998032746641125,0.509413998487487,0.5406327281217447,0.5967277422028457,0.35925245399640743,0.035281332778193446,0.29961760659142866,0.3135091215413911,0.3536461416392913,0.4069709362962459,0.4555426640291155,0.3213055212441221,0.027679395945718856,0.29961760659142866,0.29987477043552063,0.30960941827584765,0.34078279235170983,0.3967277422028458
mobius_pairwise,nq_29,50,True,15,5,2.0,1.0,5,2;4;9;18;22,1;2,1,1,2,1,2.5661435316338324,0.5132287063267665,10,8.469903506897328,4.353224510978876,4.116678995918451,1.7870809793450437,-48.21291902065496,-44.0962400247365,-44.0962400247365,True,1.7870809793450437,0.0,3003,0.259646865280563,0.2674362145844589,0.02388676940415537,0.03623385278064051,0.1328601750427932,0.5913549525403377,1.0,0.5132287063267665,0.3122834489207585,0.08814852907894481,0.19320262807310717,0.4248589152699229,0.8809409242882458,1.0,0.8660041491906013,0.050187146127116576,0.716088608679798,0.7845717249775574,0.8747340253442412,0.9240740800761139,0.9428035632273248,0.8469903506897328,0.04583487342537149,0.7639164828481607,0.7764935516430176,0.8475335270793456,0.9005301268696916,0.9203128769218178,0.4262276341130418,0.041129144197762084,0.308514529451552,0.3684077035638576,0.4328244424144374,0.4737927259706897,0.5311684406905994,0.4353224510978876,0.05041237924994649,0.34564639743280073,0.3725007637059621,0.43346837183196574,0.490822897046811,0.5311684406905994,0.43977651507755944,0.04341185480868645,0.3322448451355606,0.39037883129957063,0.4417524549705252,0.4933845477731235,0.5406165103015582,0.41166789959184513,0.03246581982987389,0.3560316262858335,0.3763625407055024,0.41262664713125863,0.4504915297674755,0.4750373625705436
mobius_pairwise,nq_30,50,True,15,5,2.0,1.0,5,0;1;25;27;33,0;1;3;6;10;25;27;29,1,1,6,4,3.3758250044626807,0.6751650008925362,10,7.933957345585538,4.432607458432772,3.501349887152768,1.056782453970091,-48.943217546029906,-45.44186765887714,-45.44186765887714,True,1.056782453970091,0.0,3003,0.2633682597518741,0.35814773369276554,0.013371341942503528,0.01500144697719938,0.04326505757603461,0.87138614975744,1.0,0.6751650008925362,0.35017884009539435,0.020050081078188887,0.26977581347753843,0.7773007851365876,0.9736438904685366,1.0,0.7982289269353908,0.07586581846824546,0.6125713516560192,0.6866829786379565,0.8152504426852613,0.8895463079121726,0.9477852254155247,0.7933957345585538,0.09011605905196321,0.6768597748541418,0.6813232141873294,0.8137842492781611,0.8778151077616124,0.9477852254155247,0.4094151639428467,0.07420077396731456,0.23027631813434662,0.2759260844066914,0.42472433535189924,0.49621146249672904,0.5738926127077624,0.44326074584327707,0.09365868275905952,0.3138569481663207,0.32342478242259004,0.4859074183564649,0.5389075538808061,0.5738926127077624,0.38881376299254405,0.04071592157722389,0.2947904535936049,0.3369459543727453,0.3937282546165808,0.4394428762222912,0.47388944201605987,0.3501349887152768,0.017969551922236673,0.31337862567177444,0.33285615517720746,0.3502522572286462,0.3744179116133417,0.3791456017635564
mobius_pairwise,nq_31,50,True,15,5,2.0,1.0,5,0;5;6;44;47,0,1,1,1,1,2.636934405464063,0.5273868810928126,10,7.901534264038919,4.261608806237414,3.639925457801505,1.6246744007733507,-48.37532559922665,-44.735400141425146,-44.735400141425146,True,1.6246744007733507,0.0,3003,0.1910439178241231,0.35004776188379105,0.001521647276085501,0.003083618961044088,0.01616084892095139,0.841500217678973,1.0,0.5273868810928126,0.4414002472908434,0.001521647276085501,0.012943372332035071,0.6085093064211884,0.9987309967403318,1.0,0.7597123413486297,0.06454945456285147,0.6405324400920127,0.6850975031230356,0.7513120070009254,0.8348138598418589,1.0,0.7901534264038919,0.11765982866439827,0.6755333986115426,0.6776554000798461,0.7352760391698847,0.9618248900629738,0.9851905059022481,0.39500112461468906,0.0516136676313385,0.32312447373083253,0.3454871778018362,0.3751659301233385,0.47319856659336074,0.5796143552626384,0.42616088062374136,0.08287955451302507,0.33938126639305066,0.3490732217978092,0.3919256734611596,0.5431644181547333,0.5796143552626384,0.36471121673394075,0.0346423950234339,0.2527214407911882,0.3190935872806122,0.36535463334845475,0.39702341110961337,0.49960660268552604,0.3639925457801505,0.056666077559397975,0.2527214407911882,0.29599479286241526,0.3710776037715407,0.4354664708089961,0.4460760807595042
mobius_pairwise,nq_32,50,True,15,5,2.0,1.0,5,3;5;15;19;32,,0,0,0,0,4.754475675595298,0.9508951351190597,10,7.884039045177902,4.862746221225959,3.0212928239519417,0.10827054563066074,-49.89172945436934,-46.87043663041739,-46.870436630417394,True,0.10827054563066074,0.0,3003,0.6995815005463472,0.23989088212721255,0.20115025015396373,0.43791857216837904,0.6736564441988904,0.9940117675851071,1.0,0.9508951351190597,0.08261332541792876,0.7862747818672942,0.8650004477172667,0.985277003781801,0.9999339773815912,1.0,0.8072129452692665,0.05539814944748499,0.6819043800791291,0.7406240011556884,0.8003005389905975,0.8749534327896858,0.9951525436247781,0.7884039045177901,0.049133309267554756,0.6819043800791291,0.7264670999662873,0.7915512910350033,0.8385656875201886,0.855806162441956,0.4652938946178299,0.04323884156859182,0.36042457698857483,0.41411167100069834,0.46773691715417864,0.5172911905630342,0.5540281883458835,0.486274622122596,0.03195367637441313,0.41964489447872777,0.4405658970185517,0.4944495107165907,0.5180266102877851,0.526266391319626,0.3419190506514366,0.03394587023571844,0.26225948560040135,0.3015815613755014,0.33736710332460573,0.3822563191854902,0.4692951732081868,0.30212928239519415,0.018819424962072676,0.26225948560040135,0.2859012029477357,0.3025693562604472,0.32365848749025783,0.3295397711223299
mobius_pairwise,nq_33,50,True,15,5,2.0,1.0,5,5;18;28;31;39,0;6,1,0,2,0,1.2299978306554153,0.24599956613108306,10,6.108078294343102,3.220489810893122,2.8875884834499805,1.9904919802377068,-48.00950801976229,-45.12191953631232,-45.12191953631231,True,1.9904919802377068,0.0,3003,0.08347363853224035,0.2514528237394525,1.8270208570063746e-05,1.977890556867553e-05,0.00042724440620863467,0.1401384887455082,1.0,0.24599956613108306,0.38736818570246845,2.0164799976933592e-05,2.8303237720035453e-05,4.699662656050044e-05,0.6919560633338173,1.0,0.6622540021369535,0.11245446719387417,0.5057952209542509,0.5516594523844564,0.6376555444490543,0.8794803135247378,0.9314832836022618,0.6108078294343102,0.1156932794535767,0.5057952209542509,0.5103784896975443,0.580312825177906,0.6960862956540312,0.9211445596747128,0.33517462863126807,0.06194112820820189,0.24552746768403316,0.2731841123601501,0.3229068202704093,0.4424282713481685,0.5182813458555242,0.32204898108931224,0.06688747227983963,0.24924541965150554,0.26229810511773616,0.3150070648378146,0.35243010846298595,0.5043946979906424,0.32707937350568544,0.05709652108427818,0.20870198703042098,0.26875449062907775,0.31974467654060756,0.41779202610648714,0.4710124821150839,0.288758848344998,0.05826266325013928,0.20870198703042098,0.2197707666426123,0.28791580535409994,0.3436561871910453,0.41674986168407036
mobius_pairwise,nq_34,50,True,15,5,2.0,1.0,5,2;6;8;21;31,1;4;8;13;31,1,1,5,2,4.905430349750754,0.9810860699501506,10,8.105511699433826,5.018432830927622,3.0870788685062047,0.11300248117686795,-49.88699751882313,-46.79991865031694,-46.799918650316926,True,0.11300248117686795,0.0,3003,0.7420913479480303,0.344221717550784,0.1434909917012017,0.18636777993479192,0.9630323597990139,0.9997065763222435,1.0,0.9810860699501506,0.03096406209253733,0.919417267810061,0.9484074890251881,0.9953337600477671,0.9995146004180184,1.0,0.830179913941522,0.0462260663223047,0.7525212681558764,0.7853419742671847,0.8177787435105062,0.901615159976112,0.9838110073825619,0.8105511699433826,0.024469133268105514,0.7594405071375887,0.7880820829813918,0.8087826394453687,0.8403607591019255,0.84717978501835,0.4697536273814736,0.05035531187435773,0.35303395868860993,0.41457069527598345,0.4776426501832063,0.5268936906101115,0.5919054202447782,0.5018432830927623,0.013060408512362278,0.47891005359282696,0.4865994498702507,0.5013320037410813,0.5195587239675812,0.5226617409016616,0.36042628656004844,0.04425341373788189,0.28053045354476175,0.3046542200078259,0.3623254750409255,0.4036637718151328,0.48167248914662303,0.30870788685062045,0.012333053568893358,0.28053045354476175,0.2975783748794126,0.30921330690138715,0.3211334284400341,0.3245180441166884
mobius_pairwise,nq_35,50,True,15,5,2.0,1.0,5,3;5;6;11;15,3;5;6,1,1,3,3,3.8917988597479978,0.7783597719495996,10,9.007959164971728,5.077166468796442,3.9307926961752875,1.185367609048444,-48.81463239095156,-44.88383969477627,-44.88383969477627,True,1.185367609048444,0.0,3003,0.2898679268804874,0.38000600417092056,0.014722419727773276,0.023612264083877187,0.04690624083204889,0.997442254911628,1.0,0.7783597719495996,0.27165455804597854,0.3892864251968178,0.4369583796647335,0.9949270949955803,0.9996476112755972,1.0,0.8162749092827407,0.06784981947965385,0.669618924414143,0.7322697311721307,0.8168417954414511,0.8972743587877341,1.0,0.900795916497173,0.05227868571973919,0.8262996203661307,0.85032781136599,0.8909587513399411,0.9680920471987644,0.994325666766258,0.4028302047143308,0.06288293771897514,0.2756933858915196,0.318607422191155,0.39351103306652996,0.4844620539009362,0.597162833383129,0.5077166468796441,0.05724502723051307,0.410651508319395,0.4603373957304498,0.49373570755878615,0.5840460235993822,0.597162833383129,0.4134447045684099,0.041626672791410885,0.3200640187996253,0.36503550158637754,0.41329855956103034,0.47691714944016933,0.5109877801938181,0.39307926961752876,0.01020342233979506,0.38086491677687295,0.3824162319387566,0.3913906843610248,0.4058729537136574,0.4156481120467357
mobius_pairwise,nq_36,50,True,15,5,2.0,1.0,5,3;5;17;20;31,5;7,1,1,2,1,1.7924233807507202,0.358484676150144,10,7.537270654899107,3.7712798728307435,3.7659907820683634,1.9788564920800233,-48.02114350791997,-44.25515272585161,-44.255152725851616,True,1.9788564920800233,0.0,3003,0.15548492325141597,0.26342596692357073,0.01804831410913509,0.02671003592876883,0.03540578707676514,0.42188585860156236,1.0,0.358484676150144,0.37524841438049905,0.03540578707676514,0.053085323428017875,0.10463539532920806,0.82911102815594,1.0,0.82061206065399,0.07562018492584212,0.6315943312965909,0.713257980186055,0.8356448150203857,0.9111157418922184,0.9618676427390258,0.7537270654899106,0.07706024566932723,0.6315943312965909,0.6871728561171726,0.7391678002061367,0.8569542150966529,0.9003538185054402,0.41040117877735455,0.03782718799624193,0.31595987903511236,0.357145243073058,0.41793291555042683,0.45519995349900044,0.48115536149646243,0.37712798728307434,0.039261013885575645,0.31595987903511236,0.34472747251591296,0.3655521342055429,0.42956989700143156,0.4527385097590258,0.41021088187663535,0.037825471165362175,0.31563445226147857,0.35647014634976193,0.4172025482159748,0.45580957256170923,0.4807122812425634,0.3765990782068363,0.037967333540522674,0.31563445226147857,0.34244538360125965,0.3736156660005938,0.42738431809522137,0.44761530874641436
mobius_pairwise,nq_37,50,True,15,5,2.0,1.0,5,0;3;30;33;42,0;3;23;30,1,1,3,3,3.2000404267181706,0.6400080853436341,10,7.5215905057616155,4.154162382445094,3.367428123316523,0.9541219557269232,-49.045878044273074,-45.67844992095655,-45.67844992095655,True,0.9541219557269232,0.0,3003,0.2807282174562324,0.3422841615176813,0.03103827881771497,0.03157297571771724,0.15394718138594857,0.9394572245933027,1.0,0.6400080853436341,0.38333534049976287,0.15806544316491736,0.17204537635078185,0.8495929993045096,0.9997466832476659,1.0,0.7298329141301496,0.06682281755659202,0.5747405347673046,0.6668266282749001,0.7204142392770725,0.8261738131200157,0.9216692486229623,0.7521590505761616,0.0922472528649678,0.5747405347673046,0.6584014768425018,0.7501322914445043,0.8609062028528548,0.9216692486229623,0.3684614346509042,0.06560863639611166,0.23656636016805704,0.2811896261406218,0.3699613512130046,0.4524717145390079,0.560640146276508,0.41541623824450935,0.08677813007239758,0.23656636016805704,0.35219678149212713,0.39837654710767806,0.52548833611614,0.560640146276508,0.36137147947924536,0.045171303355786785,0.24909531059223028,0.31275322192287913,0.3541174276334958,0.4198180309149724,0.47209979578122807,0.33674281233165226,0.026317513696188174,0.26752215299775184,0.318635956261676,0.34434443763619615,0.3601561308775665,0.36102910234645424
mobius_pairwise,nq_38,50,True,15,5,2.0,1.0,5,0;5;6;8;11,0;1;2;3;4;5;6;7;8;11;17;19;25;26;31;33;45;47,1,1,15,5,4.56826899721508,0.9136537994430161,10,8.587860043478145,5.189632336115904,3.3982277073622416,0.6213633389008235,-49.37863666109918,-45.98040895373694,-45.980408953736934,True,0.6213633389008235,0.0,3003,0.49006622372708536,0.3517442024774396,0.03882999010163419,0.07014248922133512,0.43417249523661416,0.9634123531198893,1.0,0.9136537994430161,0.0841939097758362,0.7719825489588368,0.817990968054228,0.9107867890773398,0.9993984249926355,1.0,0.852644236098058,0.04850966864535422,0.7511672601531357,0.7949144993283592,0.8564502455827572,0.9121764704462508,0.9878484784859262,0.8587860043478145,0.05793940266294754,0.7769626385069662,0.7848017348506778,0.8650180666667349,0.9044535972635569,0.9878484784859262,0.4580752420121919,0.04759650391765362,0.33138179246355376,0.4016313506095694,0.4589202348734362,0.523295028736391,0.5884536593803684,0.5189632336115904,0.03219886801930663,0.46936474472765,0.48100989171160907,0.5230712193133711,0.542858357889274,0.5884536593803684,0.39456899408586593,0.04648018350579514,0.30336894862348573,0.3381447253250541,0.39716089191929504,0.45864000557896517,0.49172087543704845,0.33982277073622413,0.02692793137878886,0.30336894862348573,0.3071749992637332,0.3389626255000471,0.3641251368304403,0.39939481910555774
mobius_pairwise,nq_39,50,True,15,5,2.0,1.0,5,0;1;27;38;41,2;3;4;6;8;10;11;15;16;19;23;33;38;40;43;44;45;47,1,1,8,1,4.663116587731306,0.9326233175462612,10,8.477123630642241,5.163537234365616,3.313586396276626,0.5004206466343097,-49.49957935336569,-46.18599295708907,-46.18599295708906,True,0.5004206466343097,0.0,3003,0.7616325292989787,0.1818635584550805,0.44179100323897424,0.4837756398004381,0.8138167495567322,0.955409254035782,1.0,0.9326233175462612,0.05001599303180356,0.863842966258833,0.8781500183471271,0.9219428047998028,0.9910880880772406,1.0,0.8622900926824496,0.05276632386955162,0.7296388336053895,0.7964272860231201,0.8591258784919027,0.9406635466016948,0.9701003071413852,0.8477123630642242,0.04375016642304154,0.791255382796923,0.8072839006275581,0.8358711771747359,0.9215120910862618,0.9281427708833302,0.5183945858996014,0.03081469046161291,0.40976777414636845,0.48090034261610204,0.5217494368968504,0.555841331100337,0.5823077609718269,0.5163537234365616,0.025046665706163228,0.4797963401182491,0.4898392421644741,0.5154730871922346,0.5565244306006399,0.5603876744432937,0.34389550678284825,0.03400208793869647,0.2795662262832418,0.3027342942052744,0.34109302682983544,0.3913559232328088,0.4372492249281308,0.33135863962766265,0.02170302277366171,0.3046345084016989,0.31077658925097634,0.32189173562550977,0.3615536659588185,0.3720475895985407
mobius_pairwise,nq_40,50,True,15,5,2.0,1.0,5,1;9;13;30;34,,0,0,0,0,4.066552860429835,0.8133105720859669,10,8.805671142952354,5.168548512169078,3.6371226307832756,1.1019956517392435,-48.898004348260756,-45.26088171747748,-45.26088171747748,True,1.1019956517392435,0.0,3003,0.40098101852178536,0.33592408915820343,0.0733510016476158,0.07556141603491237,0.2502682183605743,0.9733070154966512,1.0,0.8133105720859669,0.22907967590377698,0.4000719126193468,0.5311928021368416,0.9492853567089555,0.9957285818753794,1.0,0.8728578134204888,0.03454862357418073,0.7654346630284025,0.826699613545478,0.8762298319604421,0.9157206672412831,0.9435299184595061,0.8805671142952354,0.021556059387610824,0.8455586673629075,0.8495679183265766,0.875640848705401,0.9050062365538187,0.9132556977593554,0.46346379875416366,0.04795040949342705,0.33142517625311757,0.39993564887836486,0.46577225800576133,0.519231494217407,0.5566278488796778,0.5168548512169079,0.03639845119107411,0.4635472642757287,0.46378524984449987,0.5346366943153287,0.5525031182769093,0.5566278488796778,0.40939401466632513,0.03883021160407048,0.3296238200540653,0.3596348649062285,0.40689487911362565,0.4647248321284283,0.5206073711723602,0.3637122630783275,0.019733189872325776,0.33612080145046874,0.34256486375782075,0.35433633187813973,0.38721661606958435,0.39397102327454286
mobius_pairwise,nq_41,50,True,15,5,2.0,1.0,5,8;12;17;31;42,,0,0,0,0,1.4354384896634054,0.2870876979326811,10,8.029609282684909,4.014830666090126,4.014778616594783,2.5793921764267207,-47.42060782357328,-43.405829206978495,-43.405829206978495,True,2.5793921764267207,0.0,3003,0.11155777367428805,0.24544349308052352,0.004066000132087808,0.005019798031304377,0.02079348088499579,0.2013027567766853,1.0,0.2870876979326811,0.3652417518062726,0.02079348088499579,0.023376484294343206,0.1556682742267091,0.6926902980573345,1.0,0.8207491464689466,0.04639669206875713,0.7017447830175803,0.7610041658145558,0.8245424582715183,0.8659370421957732,0.9979269220183202,0.8029609282684909,0.04943359304413242,0.7017447830175803,0.7340278885538198,0.8084318700275067,0.8608664454805075,0.862236782956441,0.4103806565716298,0.02320166655749475,0.3508746148348908,0.38050580318123106,0.41227386573259156,0.43297471903058493,0.49896566354157434,0.4014830666090126,0.02472223077584155,0.3508746148348908,0.367021645850621,0.4041300130734451,0.4304782777798355,0.43116087326706204,0.4103684898973168,0.023195046990836844,0.35087016818268946,0.38049836263332476,0.4122685925389267,0.43296232316518823,0.4989612584767459,0.4014778616594783,0.02471152421300833,0.35087016818268946,0.36700624270319887,0.4043018569540616,0.43038816770067206,0.431075909689379
mobius_pairwise,nq_42,50,True,15,5,2.0,1.0,5,0;13;14;17;21,0;14;21;29,1,1,4,3,4.752438773689272,0.9504877547378545,10,8.090624904723967,4.947153997466964,3.1434709072570035,0.1947152237776919,-49.80528477622231,-46.66181386896531,-46.661813868965304,True,0.1947152237776919,0.0,3003,0.6226762567343006,0.33821109612196043,0.013348642360912762,0.14338689534167315,0.7645628947985844,0.9589793451310777,1.0,0.9504877547378545,0.034452927962938217,0.8935789444804229,0.9136307189299204,0.9505576201586586,0.9858375313784096,1.0,0.8230620763780979,0.056310589637365405,0.7006544533727264,0.7534161255319717,0.8221172831498527,0.8895689403091531,0.9960040639598509,0.8090624904723966,0.05266751241373544,0.7235527145358642,0.7554095520752075,0.8016660325369938,0.8736415995401111,0.9062698630899018,0.46254369977294807,0.04546940330332392,0.35179604926056857,0.41060389067630343,0.4546892134222724,0.5236675825465195,0.5899985527376006,0.4947153997466964,0.02561844435759341,0.4617763572679321,0.4626875651964249,0.4913663502852968,0.5279249871394022,0.5468584193989547,0.36051837660514996,0.04927177192128831,0.26177635726793214,0.2981860542096494,0.35498984092717,0.4259026670985737,0.4939529205971446,0.31434709072570033,0.02805343761901083,0.26177635726793214,0.2843663408090171,0.3102996822516969,0.345716612400709,0.359411443690947
mobius_pairwise,nq_43,50,True,15,5,2.0,1.0,5,8;26;34;35;36,,0,0,0,0,1.050378585090471,0.2100757170180942,10,6.789006493212653,3.4664259499919705,3.3225805432206816,2.4160473649014995,-47.5839526350985,-44.26137209187782,-44.26137209187782,True,2.4160473649014995,0.0,3003,0.07581274248220522,0.24710400561972432,0.003892341097987937,0.004291075276528871,0.007457085021110518,0.025799168094368406,1.0,0.2100757170180942,0.3949837331865177,0.007457085021110518,0.00789240406738094,0.0168063475474908,0.6070279079540333,1.0,0.7275027627665309,0.05175440818881016,0.6286555406887996,0.6647967800858011,0.7241880967381179,0.787131280776798,0.9930370706456553,0.6789006493212653,0.03242798087113077,0.6443526407852209,0.6455175212481891,0.6657480344830562,0.7163617220892445,0.7494765327280788,0.36629320183898706,0.0264240392463725,0.31462053014053865,0.33339644855818945,0.3660845847219206,0.3950104776025329,0.4969557824706113,0.34664259499919703,0.019604632713295163,0.32263971947992215,0.3274351456100786,0.3426221519293504,0.3754563247606743,0.37650166780104355,0.3612095609275439,0.026843168602141084,0.30346442831985204,0.32836901590349105,0.3597126267190292,0.39366809595317354,0.496081288175044,0.33225805432206823,0.01735229595564787,0.30346442831985204,0.3187245911971166,0.3311995579211887,0.3465857099509371,0.37413635719411215
mobius_pairwise,nq_44,50,True,15,5,2.0,1.0,5,0;3;5;25;44,47,0,0,0,0,2.3246484582134137,0.4649296916426827,10,8.984311914956352,4.7015122192679755,4.282799695688377,2.3768637610545618,-47.623136238945435,-43.34033654325707,-43.34033654325706,True,2.3768637610545618,0.0,3003,0.2345903323885867,0.2390186954226553,0.056706299187680574,0.07576670358535306,0.17400889678673861,0.4590055577812289,1.0,0.4649296916426827,0.2946088208776841,0.2133074981558501,0.22624362643343493,0.30205163471710866,0.8254566025962571,1.0,0.8905559376230471,0.03953634983866424,0.7671220927202687,0.8164073397072447,0.8985936465515634,0.9304133452201436,0.9604907647764178,0.8984311914956352,0.02695129852490418,0.8438627790278074,0.873303311434324,0.8931313471527661,0.930601937479103,0.9354915060848952,0.4551094854868198,0.0339535461660504,0.3395642036495706,0.40740329079213317,0.4563309687559261,0.49593150300837546,0.5232446903797343,0.4701512219267975,0.03635505389798476,0.38462382757990937,0.4239039329783441,0.47758553772270707,0.4988954514180883,0.5232446903797343,0.43544645213622724,0.02908416047298767,0.35755534007890033,0.39695309814184426,0.4370528084263652,0.4677514897396953,0.5105131604271875,0.4282799695688377,0.025704754582899884,0.38828528805368295,0.3963815738530914,0.4305614922910511,0.4574863968950876,0.459238951447898
mobius_pairwise,nq_45,50,True,15,5,2.0,1.0,5,6;11;35;40;49,0;1;2;3;4;5;6;7;8;10;11;13;14;15;16;17;19;20;23;24;25;26;27;28;29;30;31;32;33;35;36;37;39;40;41;43;44;45;46;47;48;49,1,1,15,5,4.99606033146742,0.9992120662934839,10,8.518551726209793,5.2586312150297925,3.2599205111800003,0.2625708835623728,-49.737429116437625,-46.477508605257626,-46.477508605257626,True,0.2625708835623728,0.0,3003,0.9992720857135269,0.0012462911617858612,0.9951952674018574,0.9981079219573388,0.9997852390389154,0.9999898669543758,1.0,0.9992120662934839,0.0008740141991700565,0.9978691397175095,0.9981079219573388,0.9998675551330752,0.9999359591516543,0.9999647131587671,0.8965673873950656,0.03170772472414702,0.8219356055003086,0.8547069803793711,0.902762339083756,0.935069839366316,0.9533146059223175,0.8518551726209793,0.026453335462866823,0.8219356055003086,0.8225386329949347,0.8433211654861383,0.8825827222308867,0.9105372616088514,0.5481834923859671,0.015847455177117414,0.5108717975488146,0.527295652927768,0.5513304638705676,0.5673831126169394,0.5761842685792923,0.5258631215029792,0.01320276200824022,0.5108717975488146,0.5112597159773334,0.5216548368553129,0.5410760733108397,0.5552608225959601,0.34838389500909833,0.015861570481117335,0.311063807951494,0.3273894305983922,0.3514318752131884,0.367706331912696,0.37713033734302526,0.325992051118,0.013251089940450373,0.311063807951494,0.3112789170176013,0.32166632863082545,0.34150664892004695,0.3552764390128913
mobius_pairwise,nq_46,50,True,15,5,2.0,1.0,5,10;20;22;29;45,8;9;12,1,0,3,0,4.926511634380368,0.9853023268760737,10,8.431160622745296,5.207037445857893,3.224123176887403,0.2805258114775251,-49.719474188522476,-46.495351011635066,-46.49535101163507,True,0.2805258114775251,0.0,3003,0.992019548872579,0.013292169049330995,0.9505861102637396,0.9774702267835319,0.9982695028626256,0.9999580817916982,1.0,0.9853023268760737,0.019169817348262456,0.9505861102637396,0.9616490359935229,0.9985713711886216,0.9995557456780574,0.999557271710669,0.8883264192005226,0.030517353134334253,0.8105155264124326,0.852226628968179,0.8910942422804693,0.9248559603600404,0.9788476870467662,0.8431160622745295,0.019818487217031406,0.8105155264124326,0.8114949328578668,0.8464756966992679,0.8651048162498787,0.8752043770988153,0.5432738109459594,0.01549654344212862,0.5050272184006896,0.524019293432991,0.5448647889719753,0.5619951408820808,0.5894235574210882,0.5207037445857893,0.009710192973547725,0.5050272184006896,0.5057244119483807,0.5224066189686518,0.5322298510332263,0.5359655046085202,0.3450526082545633,0.015108135583492348,0.305488308011743,0.3273323548860076,0.3455921762912204,0.36285227345966803,0.38942412962567796,0.3224123176887403,0.010226018169888116,0.305488308011743,0.3057705209094861,0.3232378483496339,0.33287496521665233,0.33923887249029505
mobius_pairwise,nq_47,50,True,15,5,2.0,1.0,5,2;16;29;34;36,2;6;9;22;36;38;40;43,1,1,3,2,4.04594885151761,0.809189770303522,10,8.782146346361632,5.066270890728233,3.715875455633399,1.0203220392106225,-48.979677960789374,-45.26380250515597,-45.26380250515598,True,1.0203220392106225,0.0,3003,0.4596264396558828,0.2970570386104761,0.11040292289787214,0.12556905441314833,0.33715496616445384,0.8722210954253253,1.0,0.809189770303522,0.13680158157550854,0.6292805734804019,0.6554671674282162,0.804658181935186,0.9669052151008339,1.0,0.8867764846553409,0.0356857391672401,0.7963446111201722,0.8386936303420846,0.892193678132366,0.9314880588485855,0.9731882327161061,0.8782146346361632,0.03883907264651307,0.8208369778246469,0.8274629149073292,0.8886396571395192,0.9109542615730742,0.9524649647784204,0.4789332677813515,0.03704528452441516,0.391330114159783,0.4313867477608409,0.47871123868655485,0.5268757036289606,0.549300062778401,0.5066270890728233,0.02716589904693548,0.45917097674244045,0.4705904877919474,0.5160886987247542,0.5389492643634071,0.539452095226048,0.4078432168739894,0.039029176239229496,0.3104184889123235,0.354635081026549,0.4088035533444201,0.4564680096632106,0.5046947808601462,0.3715875455633399,0.029739534575460094,0.3104184889123235,0.3373382069894709,0.3742982157753157,0.41319200683873736,0.4148042424160225
mobius_pairwise,nq_48,50,True,15,5,2.0,1.0,5,1;2;3;25;34,0;1;2;4;6;7;9;16;18;41;47,1,1,5,2,4.693445346019639,0.9386890692039278,10,7.677023478348123,4.819928197065526,2.857095281282597,0.1264828510458864,-49.873517148954114,-47.01642186767151,-47.01642186767152,True,0.1264828510458864,0.0,3003,0.612725422888045,0.3155680860964632,0.1915452425138488,0.23740946501758528,0.5084659531721255,0.9863449565299348,1.0,0.9386890692039278,0.09200355054363607,0.7559986128670868,0.840136517223272,0.9815852955353337,0.9958072255438676,1.0,0.7819894069464378,0.07051438975096905,0.6490571293701062,0.6916282871391205,0.7831699098710627,0.8714807734677534,0.9808060948898776,0.7677023478348123,0.08303096662575861,0.6490571293701062,0.6617405537187151,0.769876015244507,0.8783479181651637,0.90927162593952,0.4468176826601909,0.05973819412065396,0.3179428153104864,0.36686918912430827,0.4492683813136413,0.5201047363351415,0.5904030474449388,0.48199281970655256,0.043068087351032375,0.421000357144541,0.4241340293198373,0.4818646610074159,0.5391739590825818,0.5546358129697601,0.33517172428624686,0.044024993690770724,0.2280567722255652,0.27778950953542836,0.3415345111193864,0.3921921347485498,0.4292531056640564,0.2857095281282597,0.040036787971759726,0.2280567722255652,0.23760652439887778,0.2880113542370911,0.33917395908258186,0.35463581296976
mobius_pairwise,nq_49,50,True,15,5,2.0,1.0,5,1;6;20;41;45,10;21;45,1,1,1,1,1.3961955220132523,0.27923910440265043,10,7.771856230505067,4.22569208206063,3.546164148444438,2.8294965600473776,-47.170503439952626,-43.624339291508186,-43.624339291508186,True,2.8294965600473776,0.0,3003,0.11698380047380484,0.2468064378349838,0.0034416468792690487,0.005008742668745945,0.012683794243680931,0.20294404321154036,1.0,0.27923910440265043,0.3703177448918828,0.004878433995599947,0.005482054216793012,0.16602100136011755,0.6875634408435809,1.0,0.8208419753260272,0.06359713261281733,0.7065565725144864,0.754900085664502,0.7988707592903137,0.9175893592084834,0.9665222867031614,0.7771856230505068,0.05526513055795032,0.7077655370892009,0.7327087434172773,0.7553670292657089,0.8675735598892056,0.8890551987382156,0.42410506846932494,0.03529583049701199,0.3555530375479222,0.3818316636721367,0.41695762273221754,0.46958431040379395,0.5499479033283248,0.4225692082060629,0.04076360119808615,0.37216623124789394,0.38063973833389086,0.4144627516438545,0.4737094171101249,0.5058619702734795,0.39673690685670226,0.04226359005828154,0.2895060563266735,0.34803502372286416,0.391160122933629,0.45481284519724685,0.4826430268172657,0.35461641484444384,0.03605758139104537,0.2895060563266735,0.30229946330761853,0.36205100572456334,0.38952446999904217,0.4189182875351301
mobius_pairwise,nq_50,50,True,15,5,2.0,1.0,5,3;12;17;28;29,,0,0,0,0,2.5551099194747704,0.5110219838949541,10,7.594973493197577,4.297435111141587,3.2975383820559916,1.7423251916668163,-48.257674808333185,-44.96013642627719,-44.960136426277195,True,1.7423251916668163,0.0,3003,0.1941964277486892,0.32181536800114163,0.0007412936282503081,0.0014668975746271295,0.00914917272576137,0.7180994228409607,1.0,0.5110219838949541,0.3892892378460222,0.0007412936282503081,0.08724178220636768,0.4216312181141248,0.9662979570635407,1.0,0.8188306649843569,0.07674335948131802,0.6020596657462578,0.6928291798979012,0.8379275774860966,0.9047311890280384,0.9362915590605765,0.7594973493197578,0.09785140792595586,0.6020596657462578,0.6711791624615217,0.7397378202625664,0.8686703351327852,0.9362915590605765,0.43626738576409546,0.05421558564241159,0.32639922601994303,0.3724129131695877,0.43026346750946676,0.5222281604737388,0.5681457795302882,0.4297435111141586,0.07162081207265936,0.3405776548049027,0.36713147591030065,0.4082228625167458,0.5300500758086183,0.5681457795302882,0.38256327922026145,0.04453354905200801,0.2614820109413551,0.3181668788070733,0.3930936807963201,0.4337263218603286,0.45894273300396027,0.32975383820559917,0.037159839178363185,0.2614820109413551,0.29783597078842894,0.32494195277258897,0.37482250843814346,0.39244024792620447
mobius_pairwise,nq_51,50,True,15,5,2.0,1.0,5,31;34;42;43;49,2;3;4;5;6;15;17;19;20;21;22;25;26;28;29;37;38;40;42;43;45,1,1,8,2,4.891629251218168,0.9783258502436338,10,8.41789576007506,5.186426032551036,3.231469727524026,0.2947967813328676,-49.70520321866713,-46.47373349114311,-46.47373349114311,True,0.2947967813328676,0.0,3003,0.5870355282833698,0.3356586883279225,0.1064972079227494,0.17660850589012458,0.5566874793785468,0.9847315457964532,1.0,0.9783258502436338,0.01685329087955977,0.9498374749954576,0.9597908622383037,0.9775547703781495,0.9958064250967956,1.0,0.862697379280991,0.0438497922796168,0.7650829750332,0.8214472439865762,0.8500463076252761,0.9378917937355004,0.9747096197402245,0.841789576007506,0.040955819907576206,0.7721583280138364,0.8218296319307087,0.8381807479935695,0.8549039675882321,0.9486004185024541,0.4960844283642561,0.04401402970224451,0.3534508331115524,0.4446974937987178,0.5034417925965996,0.5429744702703442,0.5768006154197338,0.5186426032551035,0.018178017378684026,0.4860791640069182,0.5044687542349695,0.5167116304695641,0.5264030296648969,0.5638106679590366,0.36661295091673496,0.041445700807744366,0.28607916400691824,0.3167879276358898,0.3656986631198398,0.4223099899905722,0.4557859091456215,0.3231469727524027,0.02313252669404427,0.28607916400691824,0.3120920514189791,0.321138015248575,0.33225873054671246,0.3847897505434176
mobius_pairwise,nq_52,50,True,15,5,2.0,1.0,5,1;11;23;26;39,,0,0,0,0,1.3988448511635339,0.27976897023270675,10,6.647422690304591,3.1175290774724624,3.5298936128321285,1.7186842263089286,-48.28131577369107,-44.751422160858944,-44.751422160858944,True,1.7186842263089286,0.0,3003,0.10186716210505416,0.24550411937708616,0.004663460369438572,0.006298719419950407,0.009735224935458791,0.15637614912164616,1.0,0.27976897023270675,0.3647073332839986,0.007755192515776254,0.04267925345423763,0.10619219574925294,0.6759328472146301,1.0,0.7191150369243071,0.06619746622492065,0.5880771985929996,0.640336851187307,0.7197019095791692,0.7970327075731451,0.9640358779516777,0.6647422690304591,0.06314520608827082,0.5939413462368561,0.6053084312141511,0.6450906667137408,0.7246535403557319,0.8279800863571871,0.3515264458588914,0.0473455289710184,0.22122288479772415,0.2955208521112607,0.35964024685352924,0.398574969672946,0.48211511546520086,0.3117529077472463,0.055041529959633656,0.22122288479772415,0.2276681684506293,0.31301386741088344,0.3636229776507808,0.4202809673551673,0.36758859106541575,0.0355277106699003,0.29519345792282653,0.32358447610756863,0.36567264112892184,0.4177366368514892,0.4819207624864768,0.35298936128321284,0.043563860255710726,0.29751291114714806,0.3011397507877374,0.34585130436977457,0.41460252325648256,0.4184813551332338
mobius_pairwise,nq_53,50,True,15,5,2.0,1.0,5,4;16;17;43;44,0;3;4;7;9;11;13;14;22;28;34;37;41;43;44;45;46,1,1,11,3,1.1855843569741142,0.23711687139482285,10,7.1392775420584496,3.6905400178637713,3.448737524194679,2.504955660889657,-47.49504433911034,-44.04630681491567,-44.04630681491567,True,2.504955660889657,0.0,3003,0.09003233322710384,0.24458242497168464,0.004959694137032807,0.006922627547463185,0.01732804302380945,0.08539796583857778,1.0,0.23711687139482285,0.383039926010873,0.008487526322067469,0.012189181329139771,0.05107567124400649,0.6433117982273169,1.0,0.7741979642051647,0.06328596323558185,0.5722299638779541,0.6792103188293375,0.7890810531915614,0.8463618740778938,0.9030358508903149,0.713927754205845,0.05940311633291377,0.6369714160021454,0.6402126264770733,0.7336643539473906,0.7815387659565821,0.7991465533389629,0.3948708036603482,0.038240816892202406,0.29528733769514065,0.34244430779002244,0.3983842167168296,0.43905094690640706,0.5092755021833137,0.36905400178637715,0.04281681292522087,0.31960267851746066,0.32600055984497556,0.36364297220076097,0.4126390222172711,0.4661438555240461,0.3793271605448164,0.03569755354745943,0.27694262618281346,0.3211902094464433,0.3873226173185707,0.419305423808077,0.4474272737616481,0.3448737524194679,0.035288042069426415,0.2917821929573842,0.3084122017044397,0.3442856139312427,0.3888078995817013,0.3924525126002223
mobius_pairwise,nq_54,50,True,15,5,2.0,1.0,5,2;21;22;40;42,1;13;34;42;47,1,1,3,1,1.5065204010756492,0.3013040802151298,10,8.342245564672472,4.054686129683317,4.287559434989157,2.5481657286076675,-47.45183427139233,-43.16427483640317,-43.16427483640317,True,2.5481657286076675,0.0,3003,0.11609229776835119,0.24796306781101485,0.002048460275956406,0.003226307884120652,0.025885281777527774,0.24040714685034723,1.0,0.3013040802151298,0.36304425543080204,0.005125358549433111,0.01955095128039878,0.17858137219636985,0.7126497319811996,1.0,0.8756690806250961,0.05889213023272524,0.7558263161476708,0.803605243320556,0.8708893356791242,0.9491220907472673,0.9785048694943257,0.8342245564672472,0.05062073881695944,0.7558263161476708,0.7627305199777489,0.8391027047449607,0.8847673115611531,0.9347370945143906,0.43546611834685633,0.04704465419841832,0.3165072832824016,0.38006522177769475,0.43738077450768653,0.4860685776237807,0.5407786649623342,0.4054686129683317,0.061404124377268145,0.3213431773416613,0.34288718490250897,0.3876095653093671,0.4689078015266848,0.5385503504538639,0.4402029622782397,0.040161343777034585,0.34478857999240714,0.39544387180012,0.4374409969896414,0.493415811020255,0.552078987521267,0.42875594349891555,0.05426492704516908,0.34478857999240714,0.3631277605844308,0.4250224117652366,0.49429277956317824,0.5052745940283419
mobius_pairwise,nq_55,50,True,15,5,2.0,1.0,5,3;15;27;46;47,3;13;15;18;26;37,1,1,4,2,1.3461112479014088,0.26922224958028174,10,7.9296474198526266,4.065890587310386,3.8637568325422396,2.719779339408977,-47.28022066059102,-43.41646382804879,-43.416463828048784,True,2.719779339408977,0.0,3003,0.09635928357615238,0.2527506258880702,0.0015187987150046636,0.0022786182368154887,0.008747038585822167,0.19652206574424624,1.0,0.26922224958028174,0.38294922837295214,0.002095530558919436,0.0048946753560147535,0.026961886517450358,0.7231841753093526,1.0,0.83622963147877,0.057302554076237196,0.699544048015416,0.763304368431574,0.8293001031841913,0.9117903768303625,0.9664707232113178,0.7929647419852627,0.054480573498344204,0.699544048015416,0.7395804985017179,0.7919346350861942,0.8464083405201812,0.9108070179411039,0.42111905014368745,0.03021157201440966,0.3499677864063607,0.38224390436139016,0.42107924963686627,0.46172440242855217,0.48356282223645575,0.4065890587310387,0.03278285899230489,0.3499677864063607,0.37539037060756164,0.4035017896730022,0.43137199508035673,0.478880339840465,0.41511058133508255,0.02848401989380499,0.3495762616090553,0.3798091681810438,0.4102474183346114,0.4528941969505996,0.482907900974862,0.38637568325422394,0.023670237679456464,0.3495762616090553,0.35164438541562476,0.38625891533374207,0.41503634543982454,0.43192667810063884
mobius_pairwise,nq_56,50,True,15,5,2.0,1.0,5,26;28;36;40;48,,0,0,0,0,4.878788657160266,0.9757577314320534,10,7.388401911112721,4.653610126899212,2.7347917842135114,-0.22517853026105428,-50.225178530261054,-47.49038674604754,-47.49038674604755,True,-0.22517853026105428,0.0,3003,0.9330376583913169,0.08424694526351437,0.7328951097589123,0.7909748507143421,0.9802181988883992,0.9998922333247666,1.0,0.9757577314320534,0.022165126385171745,0.9319392052275471,0.951250802691888,0.9886235227129061,0.9890374588040707,0.9891718333575253,0.7801170865830731,0.05663150425026204,0.686772415119918,0.7143807978709626,0.7731920331391495,0.8438760540419769,0.9983127565088373,0.7388401911112722,0.0339754100949111,0.6939255541777549,0.7011002353695107,0.740592137416953,0.7814091707343835,0.8004325698201402,0.48149244524863977,0.03080094783785965,0.4271614944145615,0.44513013517637867,0.47922100498390735,0.5132936700831244,0.5991563782544187,0.4653610126899211,0.019571646463514995,0.4383678767192333,0.44256019492283827,0.46652769334989697,0.49062657838438845,0.49943621508203667,0.2986246413344334,0.028554303714626878,0.25555767745852165,0.2700184163894553,0.29096882666504303,0.33688376685278737,0.39915637825441863,0.27347917842135117,0.01472343559488719,0.25555767745852165,0.25800039024192317,0.27180691830354636,0.2907825923499951,0.30099635473810354
mobius_pairwise,nq_57,50,True,15,5,2.0,1.0,5,0;1;2;6;38,0;1;2;4;5;38,1,1,6,4,4.220260736690946,0.844052147338189,10,8.347088957824159,4.889494747419082,3.457594210405075,0.669234010728136,-49.33076598927187,-45.87317177886679,-45.873171778866784,True,0.669234010728136,0.0,3003,0.33664318130954857,0.41646741062494014,0.0005886777008341649,0.0017217040523661146,0.062494200583217765,0.9997169710320923,1.0,0.844052147338189,0.3097326921179115,0.22459253903335286,0.5333057837668577,0.9992927852109713,0.9999999046318025,1.0,0.7457573293022316,0.09976947572417909,0.548500771000665,0.6352987568766357,0.7196518679806604,0.8827119302455589,0.9698371188148246,0.8347088957824157,0.0993914232526106,0.7002837255487666,0.7097528702569058,0.8783079535144473,0.9564020056334983,0.9698371188148246,0.37000457299035117,0.07984440340876535,0.2324033631294799,0.25791255420000136,0.36974799505460443,0.4578653319948264,0.5844979353896969,0.4889494747419082,0.08339669285295533,0.37610377147246526,0.37871636244416484,0.53908528240412,0.5781588653131251,0.5844979353896969,0.3757527563118805,0.05732114152661832,0.23631302496630657,0.3143371684940314,0.36425065865702005,0.44994013278081124,0.4890611570400746,0.3457594210405075,0.02076935878788958,0.3153016726349301,0.3232921259321642,0.3429940199773702,0.37824314032037315,0.38533918342512774
mobius_pairwise,nq_58,50,True,15,5,2.0,1.0,5,0;1;9;19;34,,0,0,0,0,1.629791318437398,0.3259582636874796,10,6.2744955524988635,3.523555849109697,2.750939703389166,1.8937645306722992,-48.1062354693277,-45.355295765938536,-45.355295765938536,True,1.8937645306722992,0.0,3003,0.11378637139801435,0.2836573169000572,3.736677388009636e-05,4.033527485326801e-05,0.0003521159600495683,0.4049778179298474,1.0,0.3259582636874796,0.41599140139829294,3.736677388009636e-05,3.8384499509983144e-05,4.097155520095005e-05,0.8518692276081449,1.0,0.6559633152437442,0.08401948358951677,0.5017713540105238,0.5776558610054511,0.6352909750649791,0.7719168287596966,0.9976584480528609,0.6274495552498863,0.06969439265246408,0.5304742709161109,0.544293208793268,0.6140594472457471,0.684526100647983,0.7938241560409302,0.3431749440352196,0.05893634220150844,0.23831161361065567,0.2900016804177216,0.32766096082062857,0.4272500312873997,0.5336168390058973,0.35235558491096974,0.055403544861325496,0.2729137433476163,0.2922889044467364,0.3479237994144079,0.41494535360568513,0.4574883202289459,0.31278837120852465,0.044591040709653494,0.21331476000716182,0.25548832345933564,0.3097746749920147,0.36279531582549535,0.4987813994829953,0.27509397033891664,0.03967718087925972,0.22728445283405174,0.23515775899593022,0.26444950938940376,0.3362006475084408,0.33633583581198423
mobius_pairwise,nq_59,50,True,15,5,2.0,1.0,5,4;26;32;33;35,,0,0,0,0,1.6449335030777648,0.32898670061555296,10,6.671214483044411,3.391706453715136,3.279508029329275,1.746772950637371,-48.25322704936263,-44.97371902003335,-44.97371902003336,True,1.746772950637371,0.0,3003,0.13691854479062776,0.2394743803242535,0.014666967948930375,0.014944113649669858,0.0626387534623279,0.21458654531291338,1.0,0.32898670061555296,0.33979564435078197,0.08279171858615884,0.11033537772470882,0.15854002761264918,0.7007803561785693,1.0,0.6889816111741396,0.07192947058078938,0.5663927547171717,0.6149624112615621,0.6812028232655992,0.7427394750625719,0.992185945396101,0.6671214483044411,0.0894222916999489,0.5663927547171717,0.5935411068138703,0.656629007139485,0.7196850246443188,0.903581988060972,0.35068947656244526,0.045597072654288064,0.20685920489504955,0.3083348766462856,0.34934720199098074,0.3898221099765789,0.4975626136207832,0.3391706453715136,0.07478381158971538,0.20685920489504955,0.2528390809261594,0.3451714031933133,0.4048710093307662,0.49752737218240944,0.33829213461169444,0.03740077025673326,0.2773859399367315,0.2962876539604612,0.3333262748591585,0.37229708289652874,0.49462333177531786,0.32795080293292755,0.03465039056705752,0.2851755890836235,0.294451481904052,0.31932112869407636,0.3641856564277661,0.40605461587856256
mobius_pairwise,nq_60,50,True,15,5,2.0,1.0,5,1;3;17;30;35,1;3;4;5;6;17;18;22;28;35;37,1,1,10,4,4.083064488620652,0.8166128977241301,10,7.980892725757036,4.749713091041283,3.2311796347157515,0.6666486024206311,-49.33335139757937,-46.10217176286362,-46.10217176286361,True,0.6666486024206311,0.0,3003,0.3630352501971397,0.34208048709798694,0.06580839063279133,0.0864670901481911,0.18767570962843036,0.9314323152315512,1.0,0.8166128977241301,0.17244046327215623,0.5630064128684596,0.6014886332650696,0.925376759518865,0.9741877409493368,1.0,0.774001375739864,0.05368977616675289,0.6721219432363235,0.7117178973506056,0.7612566654890717,0.8562043833981864,0.8880517670525634,0.7980892725757035,0.05426566977677834,0.7260190973878825,0.7419053158136333,0.7848609533427751,0.8793780336569614,0.8880517670525634,0.41556150100668565,0.040337870901960435,0.2999395185644574,0.36843129911158784,0.415274791967016,0.47466375542016354,0.5130178605026764,0.47497130910412827,0.024545878394042108,0.42282379320268454,0.4442911662147504,0.4831505090904017,0.49160866905206774,0.5130178605026764,0.35843987473317845,0.04307894129260759,0.2610652842964332,0.3008774859980176,0.3624208753841188,0.41337265677173,0.47514055447474746,0.3231179634715752,0.03701516727648003,0.2841149983595075,0.2933533679354683,0.3022369349141467,0.37644895744488777,0.38918441549989446
mobius_pairwise,nq_61,50,True,15,5,2.0,1.0,5,4;7;17;36;47,3;4;7;10;24;34;36;47,1,1,8,4,4.823144249449946,0.9646288498899891,10,7.56257556051863,4.6776253192169115,2.88495024130172,-0.14551893023303464,-50.14551893023304,-47.260568688931315,-47.260568688931315,True,-0.14551893023303464,0.0,3003,0.5593220164383835,0.3545072140739862,0.011181847429252934,0.16138616349779006,0.43729660856426794,0.9886801612931131,1.0,0.9646288498899891,0.03522271040100186,0.9072362217516751,0.9211156273232602,0.9785190695873325,0.99818168897212,1.0,0.7840019399605376,0.10672176167345412,0.599373129050258,0.6364079235544853,0.7738143929272955,0.9265802852145447,0.9707162506225401,0.7562575560518631,0.10886137921613452,0.6450744965303035,0.6454575553407762,0.7241350997489913,0.9061669270105176,0.9567208131694749,0.4387193195011398,0.0728701512457604,0.2639398569839388,0.3335185550317847,0.438181087448832,0.5259832631206905,0.5790472957768517,0.46776253192169104,0.05319371452972606,0.40913498891532873,0.4145104257192211,0.4557866284602905,0.5416773958954718,0.568353668875692,0.34528262045939784,0.05604948160096711,0.22718905503041675,0.25982561468246756,0.3492982228709821,0.4112312582652856,0.5081159074107946,0.2884950241301719,0.055962404126176264,0.22718905503041675,0.23470696706965202,0.26976389717150395,0.3644895311150458,0.38836714429378283
mobius_pairwise,nq_62,50,True,15,5,2.0,1.0,5,6;11;14;19;20,2;11;19;20,1,1,4,3,4.476601534765985,0.8953203069531972,10,8.016470547823154,4.8950031142970145,3.1214674335261416,0.41840157953102963,-49.58159842046897,-46.46013098694283,-46.46013098694283,True,0.41840157953102963,0.0,3003,0.5458061794779917,0.35330991595074146,0.024998272678825838,0.06317659404118108,0.5195237198227572,0.9764125102876366,1.0,0.8953203069531972,0.10951785698322646,0.7266290453472534,0.7591175016598027,0.9443043584321323,0.9991271779431892,1.0,0.8438524276840391,0.06083883999658039,0.7091776699071598,0.7665908188555381,0.8490689052601512,0.9212088893455812,0.95087316079755,0.8016470547823156,0.05560248137040467,0.7091776699071598,0.7443850448958191,0.7916229238368484,0.8693943468167202,0.8888128751680502,0.4682103845302826,0.056274990751760665,0.3139485081533012,0.39508046920754675,0.472889584177279,0.5413326389308935,0.575436580398775,0.48950031142970146,0.035737675068444386,0.41472060532597066,0.4480276575477835,0.493191178987039,0.534036203197331,0.5377967354737345,0.37564204315375654,0.05109074455434582,0.2741484877250573,0.3100117280587304,0.37187811741520543,0.446387399436016,0.5030141496248132,0.31214674335261405,0.025275782927704608,0.2741484877250573,0.28718466526052516,0.3064823237899388,0.3513033778072485,0.3538885208236441
mobius_pairwise,nq_63,50,True,15,5,2.0,1.0,5,0;4;12;15;45,0;18;49,1,1,2,1,3.386178864160076,0.6772357728320152,10,8.41232076698547,4.76039192062619,3.65192884635928,1.3742130564661137,-48.62578694353389,-44.97385809717461,-44.973858097174606,True,1.3742130564661137,0.0,3003,0.25368501580406944,0.3777941260465684,0.0076128599539524765,0.00861700339644005,0.022626165372483784,0.9652296775182783,1.0,0.6772357728320152,0.3866913503411003,0.02064980217735215,0.19205121004218717,0.922978832838462,0.9973587629219289,1.0,0.8244890228105759,0.06294815643142061,0.6600717970565935,0.740458318446794,0.8283640177686649,0.9078740005205611,0.9422032580631636,0.841232076698547,0.033003548958003004,0.7894943335759684,0.8047401323582003,0.8412050986753674,0.8769219412559844,0.9097591609884985,0.42794069444456256,0.05698344201197206,0.30673826672132304,0.3567563311033764,0.42797938314028766,0.5090856309872231,0.5711016290315818,0.4760391920626191,0.06459161841240263,0.34609533314198476,0.4097868803349768,0.5071721707072885,0.5373394594666648,0.5474469200337772,0.3965483283660134,0.04894832175575923,0.29730879469805194,0.33153165217610936,0.3923230361155751,0.4600532976923449,0.5160527549328732,0.365192884635928,0.04288351079487778,0.3138365514319287,0.3224370828762396,0.3496845969739426,0.4218962997099633,0.44339900043398367
mobius_pairwise,nq_64,50,True,15,5,2.0,1.0,5,0;9;12;25;47,0;1;3;4;7;9;10;12;29;32;36,1,1,11,3,4.714372115062724,0.9428744230125448,10,8.210698008573184,5.003996068257159,3.2067019403160257,0.2896239531944351,-49.710376046805564,-46.503674106489534,-46.50367410648954,True,0.2896239531944351,0.0,3003,0.6750381581548139,0.3229697235151125,0.02597320994464736,0.23695415628287708,0.8479928818190589,0.9907023462807926,1.0,0.9428744230125448,0.07430705454080754,0.8019462569648781,0.8547741982827282,0.9817175121110647,0.9986768942909111,1.0,0.843917273969167,0.04729052685596076,0.7180343528058756,0.7870964364060743,0.8470879491759854,0.900445935034592,0.9365598334087873,0.8210698008573184,0.04777667444234909,0.7400844120733862,0.7640566335025474,0.8263284260281417,0.870039412080419,0.9128865616539765,0.47322704392777987,0.04670603149312192,0.362749827886082,0.40227136970061655,0.4731461771223025,0.5327883712260516,0.565272397459246,0.5003996068257158,0.027173584870547867,0.4585104595471175,0.46255743024485224,0.49410262435191366,0.5343435086305797,0.54968130673069,0.3706902300413871,0.03859416785632007,0.2737921217812413,0.32051198941616615,0.36950296091486007,0.4174064532240886,0.4452345990251384,0.32067019403160263,0.023332557021142217,0.2770773184176745,0.2955973909200395,0.3258946545168145,0.34052361262906433,0.3632052549232865
mobius_pairwise,nq_65,50,True,15,5,2.0,1.0,5,0;3;6;9;37,0;3;4;5;6;7;9;37,1,1,8,5,4.809435886596704,0.9618871773193408,10,9.032599662622463,5.4635291809244215,3.5690704816980428,0.6540932943277173,-49.345906705672284,-45.77683622397424,-45.77683622397424,True,0.6540932943277173,0.0,3003,0.4910185692486752,0.41737840413291766,0.03169958165499073,0.03656765300107745,0.6605418276417427,0.9740260123240815,1.0,0.9618871773193408,0.028495356957551808,0.9183781891501285,0.9303429104419753,0.9581730535800844,0.9938378605946985,1.0,0.8867563658459126,0.03453191962352143,0.8290595965422194,0.844728319952915,0.8803100068655021,0.9388345893968091,0.9621318896970212,0.9032599662622465,0.03106407752781642,0.8489819271730679,0.8638565863417491,0.9064467494467239,0.9442445100323379,0.9599934102825345,0.4713801951911972,0.04506864968277138,0.39670606590968244,0.4261711776041588,0.45305842273017327,0.5421157901125063,0.5761433542635054,0.5463529180924421,0.015703778709573814,0.5170007459008344,0.5268635970973425,0.547342772864853,0.5624723017700523,0.5761433542635054,0.4153761706547153,0.03587392568700048,0.3319811812722334,0.36379706675831514,0.4259778038007701,0.456709489211318,0.4776628064163956,0.35690704816980423,0.016159448219857944,0.3319811812722334,0.3369929892444066,0.3564645137925945,0.3817722082622856,0.3838500560190291
mobius_pairwise,nq_66,50,True,15,5,2.0,1.0,5,9;13;16;20;26,0;3;9;11;13;16;24;26;31;34;38,1,1,7,4,4.594721764992725,0.9189443529985448,10,7.807348065027465,4.817629369322891,2.989718695704574,0.22290760433016565,-49.77709239566983,-46.787373699965265,-46.78737369996526,True,0.22290760433016565,0.0,3003,0.4786638020578787,0.40648388535320057,0.015248912208777672,0.031864343427443084,0.293382890871856,0.99342168364769,1.0,0.9189443529985448,0.09469021702619149,0.7778602602358975,0.7995943045269907,0.9868899831411394,0.9991104602608228,1.0,0.831379165148673,0.08033925558809381,0.6531270598420962,0.7107937633874678,0.8360222307347205,0.9325259386211805,0.96290219040953,0.7807348065027465,0.04251233520875122,0.6960115143792851,0.7310546333411015,0.785744452713673,0.820401296067739,0.8408623100021911,0.44381322072351004,0.054111524371962566,0.28004285244435556,0.37830761376687205,0.4435497328054764,0.5187300201982128,0.5544762916006667,0.48176293693228917,0.023636317618940868,0.44800575718964253,0.4506118983166565,0.47581624698576563,0.5087938443067196,0.518018013273648,0.38756594442516307,0.0633151716753115,0.24800575718964257,0.30971197451095395,0.3893348485060135,0.4703253712818278,0.5524893052731188,0.2989718695704574,0.022096746857924322,0.24800575718964257,0.26552731667055074,0.3097147829294907,0.31467751813583916,0.3228442967285431
mobius_pairwise,nq_67,50,True,15,5,2.0,1.0,5,1;6;7;9;31,,0,0,0,0,1.722841432987692,0.3445682865975384,10,7.000849449073352,3.3982798184023317,3.602569630671021,1.6754383854146397,-48.32456161458536,-44.72199198391435,-44.72199198391434,True,1.6754383854146397,0.0,3003,0.12283722306211063,0.2574230219954393,0.0008435461869508295,0.00177362497386915,0.011612525261100293,0.3288723676853604,1.0,0.3445682865975384,0.3531345629981438,0.003470657231903175,0.03930713822529867,0.23456490969438865,0.7566976025384033,1.0,0.720652836230283,0.09526656519442252,0.5416212232810725,0.6168641128666634,0.6982580968995594,0.8607046426519508,0.9821879902845941,0.7000849449073352,0.10569184414003611,0.5829328169584659,0.590441270042626,0.6657452676163498,0.8443161535162401,0.9057067898428386,0.3520918125123704,0.059502012928071175,0.22211302151195805,0.27156041381775875,0.3480844329193641,0.433806928279123,0.49433577058910133,0.3398279818402331,0.06331562114431487,0.2617663068873534,0.2798130859355892,0.32002549438185723,0.42806609853598837,0.4619115813332769,0.3685610237179125,0.043014081525414166,0.2712373052504519,0.318211442436629,0.36106535758730357,0.43017688808037147,0.4878522196954928,0.3602569630671021,0.04504477243461952,0.29628499379311773,0.31690946287434935,0.3577232970045868,0.4162500549802518,0.44379520850956167
mobius_pairwise,nq_68,50,True,15,5,2.0,1.0,5,0;10;16;33;45,4;11,0,0,0,0,1.3859929341383261,0.27719858682766524,10,8.599727274076832,4.202320041260592,4.397407232816241,2.8163271071222655,-47.18367289287774,-42.78626566006149,-42.78626566006149,True,2.8163271071222655,0.0,3003,0.11106838076487202,0.2473668177074037,0.004085790780574578,0.005189102472718863,0.021976417758114944,0.20843025818446198,1.0,0.27719858682766524,0.374768745809715,0.006466115204277033,0.007263525166876862,0.09200673466221926,0.7116241776644214,1.0,0.8544596726620374,0.042258283754034086,0.7405657847932803,0.8027119402069898,0.8501613614929202,0.9072406118781472,0.9716964205091411,0.8599727274076834,0.04016467058426258,0.8050091609335581,0.8093515594062717,0.8607626866231203,0.9102230560578989,0.9358053741959718,0.4306467109923203,0.03517605131233612,0.3345936848512051,0.395094828107642,0.4281900700775175,0.4779708717645228,0.5300258226514155,0.42023200412605916,0.051895403862745895,0.3431237899686714,0.3534130946892009,0.446840046787076,0.46773611355189526,0.4934807210492365,0.42381296166971705,0.027271169232191642,0.36197420861888563,0.38826614786720204,0.4228361467652316,0.4555213250306124,0.49462510447112296,0.4397407232816241,0.04082587803822251,0.36197420861888563,0.3753399197717738,0.45547690720815515,0.48008740383794085,0.48227768940766585
mobius_pairwise,nq_69,50,True,15,5,2.0,1.0,5,3;8;9;23;34,,0,0,0,0,2.9309044403171507,0.5861808880634303,10,6.787632268143693,3.348927579775943,3.43870468836775,0.4180231394587923,-49.58197686054121,-46.143272172173454,-46.14327217217346,True,0.4180231394587923,0.0,3003,0.209751533223185,0.32717413276627905,0.007914686794378538,0.009232325411485574,0.02608366840111751,0.7759667066568146,1.0,0.5861808880634303,0.3289680973394484,0.18812962295642427,0.21521103883936815,0.5809914308067547,0.9623800895560752,1.0,0.6845476034281823,0.08851542631096772,0.5330621242241766,0.6041144646829295,0.6668117782067542,0.8080387195538904,0.931255446751043,0.6787632268143693,0.06146337047087696,0.5677572957056466,0.6264487093711874,0.6675742180844184,0.7507828709219658,0.8054517472724566,0.3405963743210701,0.04553333917493483,0.2522890951641706,0.29895857655556596,0.3318522584379558,0.40427481955390826,0.4656347131897316,0.3348927579775943,0.03248471650803867,0.2835881119735019,0.3071439569778471,0.32810326017013325,0.37630587927960235,0.4032067230601397,0.34395122910711223,0.044889814058825216,0.26630480875722096,0.3015216018573095,0.33487818370588995,0.40882398504852463,0.4656207335613114,0.34387046883677497,0.030519039152618044,0.28416918373214467,0.31477020266822753,0.3459094759454736,0.3744769916423634,0.4022450242123169
mobius_pairwise,nq_70,50,True,15,5,2.0,1.0,5,2;29;40;43;45,7;24,1,0,1,0,1.852213541130087,0.37044270822601744,10,7.214991402779484,3.3595835253315802,3.855407877447904,1.5073699842014932,-48.492630015798504,-44.637222138350594,-44.6372221383506,True,1.5073699842014932,0.0,3003,0.15631408623070273,0.24641854643598735,0.014453827727273855,0.016011208658681907,0.06414581532100096,0.32727521118586755,1.0,0.37044270822601744,0.333514674944474,0.03034493608921114,0.08633657966969377,0.3182576240720369,0.7333147743713686,1.0,0.7693154302058377,0.0861716105924454,0.6088122521373979,0.6630451239875471,0.7600555316121794,0.894015822772316,0.9230323585886782,0.7214991402779485,0.06536194705636442,0.6124014363238487,0.6425288900451649,0.7238374177336229,0.7702745906415324,0.8612181281543223,0.37039461392882744,0.06369940578468128,0.20613851658234256,0.2663384509510378,0.3767800114847213,0.4464983675437593,0.46111982885713926,0.33595835253315803,0.05852195639776176,0.2567219068278042,0.2640765837707048,0.3572092955506395,0.3861696938193519,0.43429195080478106,0.3989208162770103,0.03549348892545287,0.3186118379942951,0.35504820516592717,0.3966027180107973,0.4481124337290251,0.4636507335687193,0.3855407877447904,0.02867494556481035,0.34496518891263056,0.3546080954377031,0.38006949132328016,0.42789842859886124,0.43664868984274124
mobius_pairwise,nq_71,50,True,15,5,2.0,1.0,5,2;23;29;31;39,0;3;5;12;14;18;22;23;29,1,1,3,2,2.980859568168547,0.5961719136337094,10,8.704958373298915,5.132046550507681,3.5729118227912346,2.151186982339134,-47.848813017660866,-44.27590119486963,-44.27590119486963,True,2.151186982339134,0.0,3003,0.2551146833633208,0.2899830705922579,0.06291111309801382,0.07069584515295878,0.09579688290310395,0.7022227361883007,1.0,0.5961719136337094,0.2777715890852565,0.23611922848094125,0.3009855885435559,0.5282519522088798,0.9272813035364993,1.0,0.8934424353513876,0.05973805336600915,0.7578737244721891,0.798304287032579,0.9122821096180855,0.9593858761603562,0.9725259696156057,0.8704958373298914,0.054556933114687615,0.8058049952223254,0.8063145433528932,0.8831756420312048,0.9239369956309198,0.9597263805368883,0.48020392854913585,0.04060107484048181,0.3969884601129538,0.42101701901103256,0.4781495115561829,0.5313096121093493,0.5599801986540173,0.5132046550507681,0.03664254892447219,0.45848454756539603,0.4685139274743496,0.5153475696962535,0.5590594188319827,0.5599801986540173,0.41323850680225177,0.03905809128064656,0.32794542487632994,0.3599349432878216,0.4198518212717981,0.46400620810645626,0.48439747202760636,0.35729118227912343,0.02300410884787269,0.32794542487632994,0.3296517209480766,0.35086910252674436,0.39171171666246957,0.40076927057402045
mobius_pairwise,nq_72,50,True,15,5,2.0,1.0,5,0;1;17;42;43,0;1;2;3;4;11;14;43,1,1,8,3,2.340248194381442,0.46804963887628837,10,7.615788561878563,3.961313771973864,3.654474789904698,1.621065577592422,-48.378934422407575,-44.72445963250288,-44.72445963250288,True,1.621065577592422,0.0,3003,0.16464073490661837,0.3196980740869202,9.217856822192136e-05,9.498426440900413e-05,0.002144740580673852,0.6963970504296462,1.0,0.46804963887628837,0.40921586797682563,9.217856822192136e-05,0.00011353217624107063,0.53804610752662,0.9207857382793322,1.0,0.7442388257562879,0.07985486305446554,0.5589411379130895,0.6600123398396006,0.7367257881617606,0.8597996288431209,0.9603900642861072,0.7615788561878561,0.07890372567079533,0.6626965724610514,0.6750045093871381,0.7417250705708618,0.874443834685534,0.8888547734845879,0.38096344922370257,0.06888970265634534,0.1833049703066856,0.30661456065605824,0.37087916087858025,0.47765604736839984,0.5364213096317084,0.3961313771973864,0.06949230984266164,0.30122870506007765,0.3344906198134878,0.37489846972249474,0.49349792600818315,0.5364213096317084,0.36327537653258535,0.0439795659291475,0.24378769957356367,0.31539186618839365,0.3610766716353013,0.42355092239784115,0.49352416671022864,0.36544747899046975,0.03558100468530188,0.292004940795335,0.3319796727480711,0.37825457960049685,0.40068319019478105,0.4056968910366428
mobius_pairwise,nq_73,50,True,15,5,2.0,1.0,5,0;1;4;12;26,0;1;4,1,1,3,3,3.2067550820644994,0.6413510164128999,10,7.199909405631479,3.8873908722016495,3.3125185334298304,0.68063579013715,-49.31936420986285,-46.00684567643302,-46.006845676433024,True,0.68063579013715,0.0,3003,0.24305043615356456,0.3406328104596875,0.00456475841378493,0.0056511348018422865,0.03493845461507784,0.7801529783928233,1.0,0.6413510164128999,0.3211807986251745,0.05067193098541618,0.2749008135227083,0.7337521492871945,0.924434745785297,1.0,0.6950555412447774,0.05747998318275233,0.5796001897910623,0.640520974959473,0.6856068237864458,0.7487674027438153,0.9835149911374702,0.7199909405631479,0.08431098237740614,0.613839373852512,0.6493046908510177,0.7025166061107814,0.8557951488587232,0.8917617871142135,0.3361746111082438,0.05337797241334244,0.2196752383539798,0.26819932410203373,0.3360058793386904,0.3877337777527871,0.561285050080759,0.388739087220165,0.07302944081834387,0.2893618126043184,0.31045776808919756,0.3751900692797391,0.5070422246980812,0.5070676324055869,0.35888093013653366,0.0386024105793063,0.27958003223514705,0.3168071833379834,0.3526146070191585,0.4172559772541886,0.4581050515377023,0.331251853342983,0.035113962573004316,0.27958003223514705,0.28388445889031644,0.33564034165283224,0.38083872255592005,0.384722385494744
mobius_pairwise,nq_74,50,True,15,5,2.0,1.0,5,4;9;11;40;47,9;40;41,1,1,2,2,4.653888198221401,0.9307776396442803,10,8.103143524869306,4.917877358071021,3.1852661667982853,0.26398915984961935,-49.73601084015038,-46.5507446733521,-46.55074467335209,True,0.26398915984961935,0.0,3003,0.46108938105963476,0.41522887139784936,0.02788645354438728,0.033993430033089016,0.2777035937021963,0.9797436468667902,1.0,0.9307776396442803,0.0668502253339549,0.8454324370985218,0.8507597868237197,0.9503966148001375,0.9997233339644901,1.0,0.7805476346822244,0.07887278600912076,0.6454990734990449,0.6964594385515571,0.7619494970354507,0.9196206795718935,0.9976602803740957,0.8103143524869306,0.06716699309486737,0.7291048907783162,0.7426227975000114,0.8080689616488317,0.8877526910026092,0.9540841899477889,0.4177645543863847,0.05584436011202451,0.3184575191555426,0.3577741410501822,0.4022490085680765,0.4924600162980458,0.5768095116895164,0.49178773580710206,0.03698130815005114,0.4421973432520207,0.4448583991465824,0.4890305612229754,0.5254638621667633,0.5768095116895164,0.3627830802958398,0.048158117254008495,0.2403460205063752,0.3095292636196138,0.35641970416233165,0.43094656277039867,0.47706409638299285,0.3185266166798285,0.03243530589708561,0.27321797658436553,0.28279097947966486,0.3190384004258563,0.36228882883584596,0.37727467825827243
mobius_pairwise,nq_75,50,True,15,5,2.0,1.0,5,0;1;2;10;24,0;1;2;24,1,1,4,4,4.13181676559427,0.8263633531188541,10,7.895018737987642,4.608618172742905,3.2864005652447354,0.47680140714863484,-49.523198592851365,-46.236798027606625,-46.23679802760663,True,0.47680140714863484,0.0,3003,0.2952482910643329,0.41696999633897397,0.006526262838898013,0.010609858654771683,0.028829837959037742,0.9997134828649941,1.0,0.8263633531188541,0.31044596277253367,0.20822888510196683,0.4946589050225043,0.9992844224420099,0.9999998092587934,1.0,0.7538870370376015,0.07645486059788857,0.622897768477879,0.6623498760393935,0.7568314016383781,0.8342295576269709,0.9952675829556491,0.7895018737987641,0.09356467242507026,0.6706016930016894,0.6800464586050822,0.8054831966672336,0.8716912320136571,0.9952675829556491,0.3909379601309865,0.05237419073638448,0.31516837353262817,0.3355750569902066,0.38609762832199984,0.4720906385466651,0.5976332431150926,0.46086181727429054,0.08146836645624828,0.3490512014465043,0.36019347298301824,0.4981990185085089,0.5358455611705553,0.5976332431150926,0.3629490769066151,0.03892872601588055,0.27896076112330265,0.31827319458275305,0.35956822991735354,0.40991151988764984,0.4585084252879234,0.3286400565244736,0.0267081641079968,0.30313029253025436,0.30928605271770837,0.3206074327034511,0.360129758757849,0.3976343398405565
mobius_pairwise,nq_76,50,True,15,5,2.0,1.0,5,0;1;3;7;25,0;1;3;10,1,1,4,3,3.7780357934389768,0.7556071586877954,10,8.226150292695822,4.656117412245295,3.5700328804505266,0.8780816188063181,-49.12191838119368,-45.551885500743154,-45.551885500743154,True,0.8780816188063181,0.0,3003,0.2787915679172483,0.41327625727267353,7.16842108585149e-05,0.00011870955435390316,0.004923800144849366,0.9661552129297224,1.0,0.7556071586877954,0.3812178335327373,0.0001251463756641662,0.34398322122648867,0.9236448760331497,0.997798175010975,1.0,0.7369783551136985,0.07935055736859108,0.560506957535375,0.6579008767997147,0.7222891284183051,0.8727764110957537,0.9828476913985371,0.8226150292695822,0.1094880295336659,0.6596116211953643,0.6849904205469561,0.8753076682860708,0.9350431079002058,0.971748252683081,0.3750517034341129,0.06290028595660868,0.2669740008677828,0.31310137317100417,0.35894018992330334,0.4812583977495989,0.5858741263415405,0.4656117412245295,0.09868638969241891,0.32683515819757364,0.3479518923012031,0.5233714198259043,0.5606327614353018,0.5858741263415405,0.3619266516795855,0.040050635327772706,0.2796111823279232,0.3207586565881253,0.35592301614854494,0.41013272155189423,0.4918413083192214,0.35700328804505266,0.0153867362104922,0.3327764629977907,0.337038528245753,0.35466538462751085,0.37441034646490395,0.3858741263415405
mobius_pairwise,nq_77,50,True,15,5,2.0,1.0,5,21;32;36;44;47,,0,0,0,0,1.0115386788913223,0.20230773577826447,10,6.444055659653997,3.2535214941532615,3.190534165500736,2.241982815261939,-47.75801718473806,-44.56748301923733,-44.56748301923732,True,2.241982815261939,0.0,3003,0.0679879307536166,0.24909894429742696,0.0004458226625796475,0.00046557294499074547,0.0007903207351970449,0.006105840721554064,1.0,0.20230773577826447,0.3988579692710792,0.00044966728291321727,0.0005318671548216045,0.0016508297535247432,0.6035132059568802,1.0,0.7031597433977556,0.06484194149360267,0.5717955066355039,0.6252438856099898,0.702289825174537,0.7795443688911834,0.9617283123206698,0.6444055659653998,0.06812639042498533,0.5717955066355039,0.5748276881409946,0.6387510019705767,0.6873660909620493,0.8223027828465428,0.3566490468170619,0.03686594609688943,0.25675984479265934,0.31552936478010285,0.3534337240487468,0.401420091500058,0.4809257980063035,0.32535214941532614,0.04405478236817584,0.25675984479265934,0.2755838421000421,0.3218195899252252,0.3557038719069162,0.43324394344069195,0.34651069658069367,0.03950561151649907,0.22197973359721057,0.31001902759802424,0.35000319186611334,0.38699417471468794,0.4808025143143663,0.31905341655007363,0.04972937829002465,0.24497000959598192,0.2486536101093568,0.31915090882403996,0.391192362051716,0.41039406586450244
mobius_pairwise,nq_78,50,True,15,5,2.0,1.0,5,0;13;23;28;38,0;16;19;25;28,1,1,5,2,4.0424335851818185,0.8084867170363637,10,8.174135103336928,4.759769268091498,3.414365835245429,0.7173356829096793,-49.28266431709032,-45.86829848184489,-45.86829848184489,True,0.7173356829096793,0.0,3003,0.3939536831841171,0.3183217571186517,0.07567986344147014,0.0869572283041766,0.25120853015749417,0.907807400288652,1.0,0.8084867170363637,0.17489413788971994,0.5240953428895345,0.6106477593565777,0.794548573262164,0.993325313989191,1.0,0.8128695239824947,0.060971067013371225,0.712778694575816,0.7443822495082242,0.7986264156001938,0.8985896873065106,0.9915280976422803,0.8174135103336928,0.03707821371142914,0.7453321036601522,0.7746448104221051,0.8204976979287877,0.8604096191663348,0.8632239165768341,0.420860687467103,0.047821832351886494,0.31851934235078905,0.3612591445553336,0.4172324266816953,0.4818393767117749,0.5320372065722607,0.4759769268091499,0.030460500986030554,0.4332071489329271,0.4333913987971845,0.4780398265047954,0.5095501271434405,0.5299655349485732,0.39200883651539165,0.04573249662281189,0.2859630182328111,0.34279729993314895,0.385534891027341,0.45156066616761925,0.5099632524959851,0.34143658352454287,0.022182040141791388,0.29419024273278604,0.32148621786731374,0.343933041221483,0.3675318278000072,0.37515348854016584
mobius_pairwise,nq_79,50,True,15,5,2.0,1.0,5,0;1;7;9;45,0;1;2;37,1,1,3,2,3.1741046581432344,0.6348209316286468,10,8.14667592283429,4.479049272519058,3.667626650315232,1.3049446143758234,-48.69505538562418,-45.027428735308945,-45.027428735308945,True,1.3049446143758234,0.0,3003,0.32106894564243726,0.30980382161081166,0.004240662928717743,0.015733119702036683,0.2613122566915081,0.8007193250629694,1.0,0.6348209316286468,0.3161083389539851,0.18811674775850878,0.30507298123015975,0.5128451115264205,0.9970541869682676,1.0,0.7919932949480412,0.07836522273249409,0.5907939037175113,0.6935017475736357,0.7984566304394476,0.9010016760146387,0.9445360015674811,0.8146675922834291,0.0799097333971475,0.7456405172139026,0.7491872917942947,0.7647883550103778,0.9422829816278312,0.9445360015674811,0.4070012477394831,0.07898726385838481,0.21985567608901707,0.29613624455617005,0.42064890757025203,0.5044683190474584,0.5710163230394906,0.4479049272519059,0.07229522303891786,0.3436948339913611,0.36360347457541375,0.4486570483004203,0.5333607567697297,0.5710163230394906,0.3849920472085581,0.04119304137836038,0.2651839880509653,0.3378766586858431,0.3825889991177327,0.4376472484327688,0.5153821832084577,0.36676266503152316,0.050457963149606745,0.2798147634729017,0.2844577087310187,0.3678424753033666,0.4172118008647102,0.43388523919757893
mobius_pairwise,nq_80,50,True,15,5,2.0,1.0,5,3;4;8;13;31,0;2;3;4;7;8;13;14,1,1,8,4,4.815651579859343,0.9631303159718685,10,8.094359123819027,4.975625181254225,3.1187339425648024,0.15997360139488226,-49.84002639860512,-46.72129245604031,-46.72129245604032,True,0.15997360139488226,0.0,3003,0.605366098075679,0.4612928052543007,0.0018861885145819673,0.002634943101520106,0.9851962266539164,0.9996807194074975,1.0,0.9631303159718685,0.06962091784208266,0.8239310351462142,0.8922807579650783,0.9979150555289834,0.9995485103950692,0.9997422579938053,0.8039183760078268,0.073880133101064,0.5757846434577208,0.7088759217133251,0.8171810900701715,0.8963301134728731,0.9734202165681397,0.8094359123819027,0.0643987513852555,0.7028151678774731,0.711504649478598,0.8340802309473812,0.8701002269964723,0.9051889582242167,0.44385737835223377,0.08103711638041546,0.2000485552113889,0.34312950526262265,0.43798471851965665,0.5476412202923167,0.5867101082840699,0.4975625181254225,0.04014728190448198,0.43398719667067015,0.43799939183314823,0.5167096106986433,0.5350501134982362,0.5525944791121083,0.3600609976555929,0.04332957052499231,0.25223166877739467,0.30258654948687386,0.3611112915741544,0.41323671596015443,0.46821649801106835,0.3118733942564802,0.024683404366191986,0.26882797120680296,0.2735052576454498,0.31737062024873786,0.3350501134982361,0.3525944791121084
mobius_pairwise,nq_81,50,True,15,5,2.0,1.0,5,0;8;14;32;47,0;1;2;3;4;5;7;8;9;10;11;12;13;15;18;23;25;26;27;28;29;31;33;35;36;37;39;41;43;45;47,1,1,12,3,4.906566237172943,0.9813132474345888,10,8.287765905458077,5.119534032145314,3.168231873312763,0.2129677949723705,-49.78703220502763,-46.618800331714866,-46.618800331714866,True,0.2129677949723705,0.0,3003,0.9556360351259511,0.043820349129728896,0.8378110580897445,0.9147917900107647,0.9653097996784124,0.9962009105768258,1.0,0.9813132474345888,0.025932511090012676,0.9303171827315633,0.9529961576151507,0.9909988304303596,0.9992942416281956,1.0,0.8572666963609441,0.042879942052637746,0.7488755089810861,0.8122464366343091,0.850743662243188,0.9146220074462911,0.9576486150335077,0.8287765905458077,0.03672171947194465,0.7488755089810861,0.8031057641060555,0.8301249077154047,0.8593495627418578,0.9020416857710951,0.524647456838309,0.021405593320015195,0.47443775449054304,0.5002924462268891,0.5221761355033514,0.5529440953908028,0.5788243075167538,0.5119534032145314,0.018255373691113515,0.47443775449054304,0.4952735732570988,0.5120560796591961,0.5285866723545105,0.5497110546584663,0.33261923952263517,0.022108553125009932,0.2744377544905431,0.3088828108366425,0.32967260473339843,0.3626104020976838,0.3788243075167539,0.31682318733127635,0.01876111574704988,0.2744377544905431,0.3024432152262236,0.3166998411333981,0.33129480222334723,0.35233063111262886
mobius_pairwise,nq_82,50,True,15,5,2.0,1.0,5,3;12;18;27;44,3;5;35,1,1,2,1,2.229149693877236,0.44582993877544724,10,7.609242606668382,4.090887968494847,3.518354638173535,1.8617382746176112,-48.13826172538239,-44.61990708720886,-44.61990708720886,True,1.8617382746176112,0.0,3003,0.22197186688458775,0.24780546734839207,0.04542897127785119,0.05181697865119579,0.144107765186718,0.4788738009026159,1.0,0.44582993877544724,0.3207190292184745,0.04542897127785119,0.12812506539519314,0.40028554357145696,0.8125063889826888,1.0,0.7964309358553798,0.0565330081241583,0.6497148408830132,0.709129756767814,0.8086739878230855,0.8600678425568058,0.8987229663099201,0.7609242606668382,0.05537303509769637,0.681514053209018,0.699797538864177,0.7646716094550619,0.8411115389432673,0.8532685246854209,0.4159657929780723,0.03222955369961613,0.3288155372858031,0.36580487986465965,0.4234114578229122,0.45124300642744153,0.49065575170279396,0.40908879684948474,0.0352708122767316,0.34901516706416574,0.3595179432121722,0.4086948267894297,0.4525094146711709,0.4629761262133312,0.38046514287730754,0.029970429427260577,0.3124002040586845,0.3370477262751799,0.3839626385993166,0.4198696397664077,0.44990900082675117,0.3518354638173535,0.027239850278802814,0.31340449495439815,0.3267261587354139,0.33888558260131674,0.3886021242720964,0.39029239847208974
mobius_pairwise,nq_83,50,True,15,5,2.0,1.0,5,6;7;25;40;46,,0,0,0,0,2.4299962817983873,0.48599925635967745,10,7.702313805551747,4.182582940810134,3.5197308647416135,1.7525866590117465,-48.24741334098825,-44.72768247624664,-44.72768247624664,True,1.7525866590117465,0.0,3003,0.2093567843581715,0.30115717760505367,0.01147543194462421,0.01372970208680191,0.08697339557571879,0.6537380090718189,1.0,0.48599925635967745,0.38941181800738073,0.09381730888141512,0.11989202839118895,0.2628345504242715,0.9657361259347403,1.0,0.7986306786778249,0.061376185779037674,0.7024610736520251,0.7330102696221371,0.7855581899670803,0.8971004383398523,0.9804067090823206,0.7702313805551747,0.04847927288270167,0.7161534578648674,0.7257999306034456,0.7622020496690889,0.813978195050462,0.8895302765046208,0.41741535586091194,0.041909471871649395,0.2953473416621134,0.37247298396435796,0.4163955891385579,0.4677207363716323,0.5442218764603144,0.4182582940810134,0.04724176155571511,0.3201068093730393,0.3636831695096392,0.41527775385496557,0.468430542756452,0.4706010001866671,0.3812153228169129,0.041723862592668456,0.2681893808197614,0.32777318765732694,0.3846874921500688,0.42931999891309647,0.481002014574857,0.3519730864741613,0.0415009081674946,0.2681893808197614,0.32399469066373054,0.34923384328691554,0.4149906092824317,0.42325176261239494
mobius_pairwise,nq_84,50,True,15,5,2.0,1.0,5,28;30;35;36;42,25,1,0,1,0,1.001997143021794,0.2003994286043588,10,7.135132356946623,3.6665489209708486,3.468583435975774,2.664551777949055,-47.33544822205094,-43.866864786075176,-43.86686478607517,True,2.664551777949055,0.0,3003,0.06901067468827236,0.24883166251332517,0.0001717044602358762,0.00023939384855203052,0.0012548051709961713,0.00777649151789833,1.0,0.2003994286043588,0.3998004790794696,0.0001717044602358762,0.00020052175688318972,0.00032688568870769185,0.6005019220683986,1.0,0.7894621795582725,0.08070312189893128,0.653025674704045,0.7015565217091704,0.7605507169506329,0.9210535135547608,0.9549124593024526,0.7135132356946622,0.04258531730955798,0.653025674704045,0.6817440865552259,0.6953121613168507,0.7651056165960171,0.8040923347323066,0.39791972288569366,0.04237612125234148,0.32653360951688465,0.3541013535866545,0.3834541815586109,0.47114770912488924,0.49543506142101423,0.36665489209708485,0.02761172887278916,0.32653360951688465,0.3408751252393807,0.3650989232769568,0.3994618431987061,0.4261380478276454,0.39154245667257875,0.03997326307778858,0.31776640003268475,0.3505977734404845,0.37879782842130794,0.4564688206465784,0.47742165683340454,0.3468583435975774,0.020923745245706993,0.31776640003268475,0.31915932230582966,0.3458772633548256,0.37819973268087315,0.3804087446667809
mobius_pairwise,nq_85,50,True,15,5,2.0,1.0,5,4;7;18;35;37,1;3;8;37;39,1,1,4,1,4.757869935122138,0.9515739870244276,10,8.338389629969738,5.1054576311755895,3.2329319987941494,0.3475876960534512,-49.65241230394655,-46.4194803051524,-46.4194803051524,True,0.3475876960534512,0.0,3003,0.608798044890444,0.2741006917221734,0.24529432948201832,0.294930384024283,0.5424175285606994,0.9801817113211501,1.0,0.9515739870244276,0.0544375712956486,0.8472748570456359,0.8897832443672757,0.9702392015745502,0.9947240204608867,1.0,0.8353978242713452,0.04339205435951928,0.7464401163217447,0.783131816375846,0.829265150852083,0.8945067868123951,0.9695955161727549,0.8338389629969738,0.03676219216295404,0.776077022880982,0.7877281557228666,0.8382134385505781,0.8708011101849854,0.8968046070724546,0.4685104583393086,0.04027698512179929,0.3471617035007555,0.4160436821860027,0.469850937112438,0.5188014544990545,0.5468663934766195,0.5105457631175588,0.01771338959418576,0.4828679771321698,0.4875214580096589,0.5120974340639094,0.5270573840026055,0.5464699984386473,0.36688736593203664,0.03613015813089156,0.27702369139992233,0.3259964986073277,0.3629488642459049,0.41830359253944427,0.451720578752681,0.32329319987941496,0.021168731970251167,0.288038511440491,0.2963030227878599,0.32672525549745784,0.3505839339223534,0.35282786151926815
mobius_pairwise,nq_86,50,True,15,5,2.0,1.0,5,0;11;17;39;45,0;12;14;16;31;35;39,1,1,6,2,1.2126098760756636,0.24252197521513272,10,6.870064431662727,3.4966604132210186,3.3734040184417093,2.284050537145355,-47.715949462854645,-44.342545444412934,-44.342545444412934,True,2.284050537145355,0.0,3003,0.09212889957298769,0.2437943857643593,0.004409155906447194,0.004733800067022125,0.023644470746828284,0.07820265467155704,1.0,0.24252197521513272,0.3793990483054995,0.023644470746828284,0.02958918907099901,0.06036414295695542,0.63603799832585,1.0,0.7096300453051817,0.05355412928088199,0.6059545947349008,0.6326268575863112,0.71660229274466,0.7622797165868472,0.9661662618098993,0.6870064431662728,0.05028066848579377,0.6059545947349008,0.6269221914986111,0.7078615173245408,0.7422119174843317,0.7513175047689582,0.3582016403071983,0.026683013925435768,0.29691451691629506,0.32515235501160566,0.3610384454969032,0.3845893216668793,0.49403623707733246,0.3496660413221019,0.023522353772463558,0.314002278662209,0.3219203450301643,0.3559481693205704,0.37570196158912206,0.3820060975727392,0.3514284049979834,0.027195050586607965,0.2919523160726918,0.31108775857082915,0.35524728534543437,0.37894290888870685,0.4721300247325668,0.3373404018441709,0.02701256522540794,0.2919523160726918,0.30462280794232177,0.34934691844326293,0.36650995589520957,0.369311407196219
mobius_pairwise,nq_87,50,True,15,5,2.0,1.0,5,0;1;4;9;49,0;1;4;12;30,1,1,3,3,3.0195510201706326,0.6039102040341265,10,7.364073378164767,3.6398646072885863,3.72420877087618,0.6203135871179537,-49.379686412882045,-45.65547764200587,-45.65547764200586,True,0.6203135871179537,0.0,3003,0.20552516730999779,0.3917575142731872,0.00020712656356826705,0.0002456149907434459,0.0015365596948333788,0.9856468647777336,1.0,0.6039102040341265,0.4712512531516527,0.00020939517761871295,0.021893927592374584,0.9665283724468482,0.9993570105326629,1.0,0.7380659413004786,0.08339786503716505,0.5652469298057227,0.6389652145961875,0.7314328754375733,0.8531205985164613,0.922670357022529,0.7364073378164766,0.07684377166161717,0.6286428484893619,0.6635633756037179,0.7250341281253059,0.8142197487734457,0.9017270695001425,0.3631335599801196,0.05717018350538638,0.20048447176640216,0.29851382019023875,0.3713009189586467,0.4311710585124814,0.5051555996552378,0.36398646072885865,0.0655485172233517,0.30349282695662483,0.3045896835040341,0.33072678613034806,0.44008401562684274,0.5051555996552378,0.374932381320359,0.04429905155707451,0.2757479094474432,0.31921761949285915,0.37430724364940526,0.43386326934096475,0.4918302620295908,0.372420877087618,0.023700228060169,0.3107655284394603,0.3586320993377654,0.3745844511337468,0.3970751662759342,0.4016084341552002
mobius_pairwise,nq_88,50,True,15,5,2.0,1.0,5,2;4;9;13;15,2;4;31,1,1,2,2,1.960334011919259,0.3920668023838517,10,8.921384642304004,4.590567674316974,4.330816967987031,2.630233662397715,-47.369766337602286,-43.03894936961525,-43.03894936961525,True,2.630233662397715,0.0,3003,0.15352783926381985,0.25353059511850806,0.0031350495632384468,0.00940792917439104,0.0412701753316534,0.3447592709651559,1.0,0.3920668023838517,0.3247970528293564,0.030169506643981277,0.11913374680107885,0.3089568398898773,0.74745102333947,1.0,0.9020234126641986,0.024255364311340646,0.8463907534449229,0.870909369042614,0.9003820025191577,0.934998667637622,0.9876473621272401,0.8921384642304003,0.016656522808808367,0.8629869644115161,0.8697747559990464,0.8930354946841732,0.9108180437862016,0.9196162989791664,0.4574034361359439,0.027257560015068932,0.3685778536930148,0.4291703811269383,0.46023741566439724,0.4895776264764107,0.5363496979344178,0.4590567674316973,0.044593694325044904,0.3758008681495881,0.3969907739182463,0.46619635202031906,0.4976072464388831,0.5363496979344178,0.44461997652825475,0.023817549653281016,0.35143357716682444,0.41784562953732457,0.44581335435127134,0.4700061499807047,0.4974704569574871,0.4330816967987031,0.03822935189845556,0.35143357716682444,0.4083342119890059,0.42895693750683306,0.4881314157487542,0.4966392911301896
mobius_pairwise,nq_89,50,True,15,5,2.0,1.0,5,6;20;27;30;35,14;22;23;25;40,1,0,1,0,3.663532636287755,0.732706527257551,10,8.466505197747969,4.900156494013678,3.56634870373429,1.236623857725923,-48.763376142274076,-45.19702743853979,-45.19702743853979,True,1.236623857725923,0.0,3003,0.3065805495403599,0.33376927874238554,0.03183053847653056,0.03600546398628747,0.12865250444405416,0.8760738722713859,1.0,0.732706527257551,0.22978488048889323,0.44347400219722954,0.45444763240011443,0.8670823078013209,0.9528272994339051,1.0,0.8409754050248991,0.03868514467179248,0.7503727839549656,0.7932080632346411,0.8370337629623088,0.8904913810089008,0.9834188980011093,0.8466505197747969,0.03987942658443191,0.7983203753827163,0.8057207611198545,0.840517558224066,0.903278604095362,0.9219697855224427,0.4524885833884734,0.034980231679578734,0.36962244270194444,0.4059363767833641,0.4543063446351775,0.5027121034196872,0.5332244649419785,0.4900156494013679,0.027095882364120284,0.4409909028971364,0.4486500442938785,0.4967774606506171,0.5172402914739321,0.5332244649419785,0.38848682163642567,0.03793050274993334,0.2991601876913581,0.3353929191374248,0.3879944848090746,0.4338631616876257,0.480513010777431,0.35663487037342895,0.04154716752165711,0.2991601876913581,0.31383386374887007,0.35513476482233675,0.42697139411024226,0.4314144391274453
mobius_pairwise,nq_90,50,True,15,5,2.0,1.0,5,0;3;17;37;40,0;10;17,1,1,2,2,2.1801531117161046,0.43603062234322093,10,6.4796463354557945,3.2389273274609844,3.240719007994809,1.0587742157448798,-48.94122578425512,-45.70050677626031,-45.70050677626031,True,1.0587742157448798,0.0,3003,0.1678514457326642,0.28960198380410385,0.015735436272346182,0.016436261831939823,0.03214352472174815,0.5856276612930239,1.0,0.43603062234322093,0.37783312106931805,0.015735436272346182,0.0297390430766135,0.4128813600171117,0.8803167448574529,1.0,0.629304068449633,0.06414387452175682,0.5306693767927331,0.5505911974319244,0.6206368430613721,0.7026826563890033,0.8820244351589457,0.6479646335455794,0.1392477407663347,0.5306693767927331,0.5369511150019084,0.5685603902827381,0.8598292747430062,0.8820244351589457,0.3146380080816021,0.03208283071080147,0.26522766403115994,0.2752972779461071,0.3102991203932866,0.3513438118489087,0.4410202870864938,0.3238927327460985,0.06969343223393688,0.26522766403115994,0.26846618011956086,0.2841371006667174,0.42993675418208127,0.4410202870864938,0.31466606036803096,0.03206114999517878,0.26544171276157313,0.27529391948581733,0.3103377226680855,0.3513388445400945,0.44100414807245186,0.32407190079948095,0.06955457126053105,0.26544171276157313,0.2684849348823475,0.2844232896160207,0.429892520560925,0.44100414807245186
mobius_pairwise,nq_91,50,True,15,5,2.0,1.0,5,0;5;7;9;42,,0,0,0,0,4.012780179290184,0.8025560358580368,10,8.367339007437034,4.813633082002303,3.5537059254347305,0.8008529027121192,-49.19914709728788,-45.64544117185315,-45.64544117185315,True,0.8008529027121192,0.0,3003,0.2739381659973322,0.4354490602993926,0.0039030096866564884,0.004205304035051234,0.015173702973075473,0.999446708813492,1.0,0.8025560358580368,0.38679853101302186,0.029043561605460892,0.4113721817119829,0.9993809733714113,0.9997962129766182,1.0,0.7841991045297706,0.0731754319342203,0.6213983510756239,0.6913342196001321,0.7864933517526329,0.8956837170186083,0.9439160576211183,0.8367339007437036,0.0746070981527284,0.7349168748060746,0.7431096071438079,0.8379942589190978,0.9205119579457034,0.928465223666087,0.40593783376364156,0.05868943439454715,0.23786510918966158,0.34365567231384037,0.3998340680493822,0.48674712793153374,0.56412233131928,0.4813633082002304,0.0801669493397039,0.3704243440379641,0.3844248796471002,0.5184797462417374,0.5601994231056566,0.56412233131928,0.37826127076612903,0.040295687229835966,0.2751976822728087,0.32933620856841966,0.3763105196465198,0.4313978682113496,0.4719688107785716,0.35537059254347303,0.02053899169458787,0.31681948144546224,0.32167053766287906,0.35994891374448745,0.367264580075629,0.39221302384329587
mobius_pairwise,nq_92,50,True,15,5,2.0,1.0,5,0;6;14;15;20,,0,0,0,0,1.5304056742120913,0.3060811348424183,10,7.839237658246305,4.2843180563696075,3.554919601876696,2.753912382157516,-47.246087617842484,-43.69116801596579,-43.691168015965786,True,2.753912382157516,0.0,3003,0.1220623751401824,0.2537216947783233,0.0006290177622452876,0.0006786177840847291,0.007114913086397264,0.28227302637213053,1.0,0.3060811348424183,0.3707431741091673,0.0006290177622452876,0.0006494899405625832,0.17592424286476943,0.7412688861508152,1.0,0.8631957414701328,0.08642600545717981,0.6623872755399656,0.7260945712639066,0.8936372209055877,0.9495557173203011,0.9682958237601474,0.7839237658246304,0.10135865626639042,0.6623872755399656,0.7031939547807864,0.7395183867896014,0.9405229866818448,0.9497060186334092,0.4467021091897748,0.052500572845325784,0.33464953797914365,0.36699309370928535,0.4556970681859275,0.5045275219930863,0.5593774485919694,0.4284318056369608,0.06980310841914826,0.3460810617911868,0.35727116724609276,0.3986035151453611,0.5291759770422223,0.5593774485919694,0.4164936322803579,0.046269107237818456,0.26100666791092286,0.3514357020368506,0.42759845682201575,0.4674401680624391,0.4836329546746231,0.35549196018766965,0.04894042965160242,0.26100666791092286,0.30299183671142815,0.3576065819574147,0.39671281468347797,0.4541710164618214
mobius_pairwise,nq_93,50,True,15,5,2.0,1.0,5,0;20;31;32;33,,0,0,0,0,1.0013429955245041,0.20026859910490083,10,6.650034259821638,3.1257124242337593,3.524321835587878,2.1243694287092554,-47.87563057129074,-44.35130873570287,-44.351308735702865,True,2.1243694287092554,0.0,3003,0.06728167586146676,0.24928141754668623,0.0001275768515013083,0.00014312704715769455,0.0004057404089092263,0.0029181452744308388,1.0,0.20026859910490083,0.39986577300128207,0.0001533550608980431,0.00016122346055799837,0.0002160585519127942,0.6003202223406583,1.0,0.695599331023633,0.07168998652998865,0.5651726995929294,0.6289931089925979,0.6854908017453895,0.7840249064598763,0.9206090355894723,0.6650034259821638,0.05545074714257002,0.5651726995929294,0.6244804265844444,0.658510381416942,0.7083069126677071,0.7944471796248067,0.33280515803912186,0.05302496527064081,0.18444001305250732,0.2691905589096319,0.3317170620833385,0.4041074727285204,0.46032936601653734,0.312571242423376,0.05927796607817376,0.18444001305250732,0.23270119150967422,0.3292707066753503,0.3672851390503382,0.397848866741753,0.36279417298451117,0.040715725279350565,0.2692243847584482,0.3210457571793807,0.3522894004270491,0.42132808588803244,0.4651111512514029,0.3524321835587878,0.027942901573897692,0.3201385947156555,0.32616975318375924,0.339841418729105,0.39336579770903324,0.3965983128830537
mobius_pairwise,nq_94,50,True,15,5,2.0,1.0,5,1;2;11;19;42,0;2,1,1,2,1,1.12975189045364,0.22595037809072802,10,7.136343545272767,3.4562673233062062,3.6800762219665604,2.326515432852566,-47.67348456714743,-43.993408345180875,-43.993408345180875,True,2.326515432852566,0.0,3003,0.0962623294881197,0.24479423044928142,0.00196237750899428,0.0030760157110679047,0.012043880682518134,0.12889464686657243,1.0,0.22595037809072802,0.38918201522341567,0.002819060046971691,0.0030760157110679047,0.012043880682518134,0.6445710002067753,1.0,0.7748833417374595,0.0632458198733966,0.5965856313761436,0.6799470695272062,0.787375597955326,0.8467087394289218,0.8928032000283351,0.7136343545272766,0.05985103263078819,0.5965856313761436,0.6176374201874161,0.7314230258328436,0.7773023567954316,0.7814072947764661,0.38938155858865714,0.03757270025244254,0.23350298914959516,0.3410655751239801,0.39713110811847824,0.42875481243607766,0.46920122570290856,0.34562673233062063,0.0447882296672185,0.23350298914959516,0.2922574004163959,0.3662490039071487,0.37756391501753844,0.39354423455902765,0.38550178314880246,0.032136235586586126,0.2977999630412143,0.3382426287709139,0.3931370695776146,0.42109475338570485,0.4447031757195766,0.36800762219665606,0.03033130359286063,0.2977999630412143,0.33482430595296,0.37568423921348093,0.3958156418832514,0.4010579286179436
mobius_pairwise,nq_95,50,True,15,5,2.0,1.0,5,0;1;3;4;8,0;3;4;8;23;26;29;35;38;43;49,1,1,7,4,4.753155583919448,0.9506311167838897,10,9.327570691960997,5.567900820204588,3.759669871756408,0.8147452362851393,-49.18525476371486,-45.42558489195846,-45.42558489195845,True,0.8147452362851393,0.0,3003,0.4499389182657781,0.4208036198770902,0.019456776949728347,0.021023315094440026,0.22991967813942857,0.9999148835994937,1.0,0.9506311167838897,0.06377682750026796,0.8442506962975185,0.8701834223716833,0.9998927104195298,0.9999718662877878,1.0,0.8718118059685195,0.04388818983093583,0.7777511278870038,0.8135503232203728,0.8706309746305245,0.9279790552012843,0.9831956873074224,0.9327570691960997,0.028441412067194013,0.8779419147325785,0.9010759161479096,0.9322962055144077,0.9647447142514948,0.9831956873074224,0.456518623375485,0.058183814707864566,0.3097070108519991,0.38280708238097383,0.45454256951969346,0.5489958679201105,0.5915978436537112,0.5567900820204589,0.020881480285906657,0.5146162432110921,0.5403440897944977,0.5523120875962346,0.5823723571257473,0.5915978436537112,0.4152931825930345,0.03487385476782868,0.3420400191235577,0.3706706425495664,0.41874455948753286,0.4602750792412586,0.5150194062468789,0.37596698717564075,0.009392792903127667,0.36044362133473695,0.3630374665028115,0.3789816249711759,0.38394746146564124,0.3915978436537112
mobius_pairwise,nq_96,50,True,15,5,2.0,1.0,5,1;8;10;25;36,0;1;25;36,1,1,4,3,4.83700344674578,0.967400689349156,10,7.6301882933491765,4.751671198552565,2.8785170947966128,-0.0853322481932155,-50.08533224819322,-47.206815153396605,-47.206815153396605,True,-0.0853322481932155,0.0,3003,0.5922237128014785,0.3922507862279482,0.005015525610173189,0.03720062056597274,0.547771826825136,0.9999867676315284,1.0,0.967400689349156,0.04995135869126137,0.8709848246387456,0.9090597132052429,0.9998571857889281,0.9999957561052469,1.0,0.7804162595005537,0.08274413014758472,0.617840137230315,0.6821626911554209,0.7694551060320218,0.8845839543388604,0.997466443872652,0.7630188293349177,0.08942810161907229,0.6812127971396399,0.6899414475972876,0.7244782894973638,0.8888877542259571,0.9748595644992462,0.43111094431647895,0.06569613463108416,0.2738140026385247,0.34994420945270194,0.4395991249273306,0.5060211538394628,0.5987312788249064,0.47516711985525645,0.04692782167059176,0.42771646498369936,0.43015255551613496,0.46055165380858787,0.532876335156077,0.587418135502034,0.34930531518407476,0.049718421304950626,0.2495750097785875,0.2746459259984445,0.3498442920305429,0.4157866318041159,0.4498358808407698,0.2878517094796613,0.04321047322080052,0.25349633215594053,0.2556107280770083,0.26849222397479056,0.3560114190698801,0.3874414289972121
mobius_pairwise,nq_97,50,True,15,5,2.0,1.0,5,25;29;35;47;49,8;13;47,1,1,2,1,4.791482239793574,0.9582964479587147,10,8.26671142596369,5.121642285676624,3.1450691402870667,0.3301600458830505,-49.66983995411695,-46.52477081382989,-46.52477081382988,True,0.3301600458830505,0.0,3003,0.5072949758534023,0.4006914013368117,0.025381839255273556,0.032202740645079636,0.6336003784076718,0.985255045840248,1.0,0.9582964479587147,0.04258213153674458,0.88355174977808,0.9060612045523901,0.9780400807036751,0.9960260090391853,1.0,0.8052104378904669,0.05744845759248502,0.6789276389128291,0.7358026792670478,0.80750328701561,0.8632444786703638,0.9881148490765469,0.826671142596369,0.03248062979803875,0.7668763564899084,0.79061733588753,0.833417998840688,0.8600722512402396,0.8883167699892744,0.44986581987837326,0.060675777568012026,0.29144752353681996,0.3675411416680975,0.45187796040295386,0.5191446645115223,0.5904903872560175,0.5121642285676623,0.017330732086163196,0.4832472884095965,0.49084918465750615,0.516708999420344,0.5300361256201197,0.5441583849946372,0.3553446180120935,0.04718082916178161,0.24803142611415802,0.3033869872684099,0.3456620771117626,0.4228549586504072,0.4688542765615989,0.3145069140287067,0.015815912971091587,0.28362906808031185,0.29548947267322667,0.31670899942034403,0.3300361256201198,0.34415838499463725
mobius_pairwise,nq_98,50,True,15,5,2.0,1.0,5,0;2;28;47;48,0;1;7;10;11;18;24;25;26;28;36;48,1,1,6,3,4.398938460755494,0.8797876921510989,10,8.191828677106928,4.829731534445798,3.3620971426611295,0.4307930736903032,-49.5692069263097,-46.20710978364856,-46.20710978364856,True,0.4307930736903032,0.0,3003,0.7596453987798134,0.21623918573337425,0.2978016024292032,0.4189708469160525,0.8093224481033867,0.9816230249239002,1.0,0.8797876921510989,0.20471465889172688,0.47095267449504896,0.6692123456373378,0.9760366771095231,0.9941389027200607,1.0,0.8473783222547717,0.06420245587558346,0.691823105801683,0.7459739636439225,0.8577743970889474,0.9126450939236039,0.9872169784526059,0.8191828677106928,0.09813808700966034,0.691823105801683,0.6987203217918592,0.8733366417765577,0.9011729877517287,0.9740740363352033,0.4929612425677892,0.05334853428545767,0.32688230490190756,0.4009343653239751,0.5058868540047883,0.5493641736991537,0.5921756388039291,0.48297315344457975,0.07358435082641951,0.3893068247981575,0.3955681473902609,0.5261942880643921,0.54242125418413,0.5870370181676017,0.3544170796869825,0.035082475861423344,0.2853110746945041,0.30778516892303553,0.35164041010505875,0.396425563870912,0.44623545832866135,0.336209714266113,0.025766398784948668,0.3019333781238715,0.3024579907155602,0.34213929338454524,0.3587517335675987,0.3870370181676016
mobius_pairwise,nq_99,50,True,15,5,2.0,1.0,5,0;1;3;12;19,0;4,1,1,2,1,4.8683485084341935,0.9736697016868388,10,7.902790434116507,4.905511495945048,2.997278938171458,0.037162987510854784,-49.962837012489146,-46.965558074317684,-46.965558074317684,True,0.037162987510854784,0.0,3003,0.67855468247091,0.36315597750752193,0.03741863061879674,0.11260353512644623,0.9369945290794064,0.999428148515819,1.0,0.9736697016868388,0.024949858184357052,0.9369945290794064,0.9438726498660829,0.9774039446897749,0.9999040814475657,1.0,0.7930932110649732,0.06841648581073818,0.6551480587521715,0.7050828430153541,0.793287501338147,0.879714727346467,0.9709415144267747,0.7902790434116508,0.04165920589722872,0.7238669741894398,0.7498675018203123,0.7883038184797968,0.8414412875917296,0.8575616362535312,0.45917425976510357,0.05577414234314828,0.31798375246738636,0.38099475387410553,0.4642458374905929,0.5218889211118787,0.5854707572133874,0.4905511495945049,0.020423180695581057,0.4596482628954249,0.46969060109758987,0.4856662999469144,0.5180378524435928,0.5220904470902361,0.33391895129986965,0.040834336482617146,0.2608271476764711,0.2781153091063613,0.33425373129873526,0.3841023336065231,0.4484163119701109,0.2997278938171458,0.021716960183158662,0.2642187112940149,0.27702800984852427,0.30171379059123415,0.3243976944066061,0.3354711891632951
mobius_pairwise,nq_100,50,True,15,5,2.0,1.0,5,5;7;9;17;45,0;2;5;17;39;43;45,1,1,5,3,4.687678058848878,0.9375356117697755,10,8.231222451298903,5.042873609348869,3.1883488419500345,0.3551955504999915,-49.64480444950001,-46.45645560754997,-46.45645560754997,True,0.3551955504999915,0.0,3003,0.7191453900235066,0.2367701298918463,0.31255580486386814,0.3484939146272226,0.8051359309499638,0.9946989183301934,1.0,0.9375356117697755,0.07686863664165747,0.8051359309499638,0.8412602098166032,0.9877919076960882,0.9997214368345054,1.0,0.8041491194365281,0.048210489000885114,0.6933827796383994,0.7505463317147919,0.7987934387069648,0.8677958997987149,0.9578761861889349,0.8231222451298905,0.047512269173555916,0.7598317788704898,0.7651708632908559,0.8100162493177319,0.8940836538513821,0.8941857977769782,0.4769824365248638,0.036725400716832134,0.38911908976856197,0.42986767495154765,0.47947254650908444,0.5272531458294585,0.5789380930944674,0.5042873609348869,0.02700450789937455,0.47010626271564815,0.47853591812974083,0.4946057242346258,0.547041826925691,0.5470928988884891,0.3271666829116643,0.02780030942440214,0.271585173569141,0.2939484432015219,0.3263922267687801,0.3612303474276441,0.4096488035746056,0.3188348841950035,0.022936265896729632,0.2799158894352449,0.2940836379032481,0.3125989189617029,0.347186752405256,0.34803143405615833
mobius_pairwise,nq_101,50,True,15,5,2.0,1.0,5,1;2;10;20;32,1;2;13;23;24;26;31;40;45,1,1,6,2,2.0648433857175825,0.4129686771435165,10,7.53955012035682,3.919308400885832,3.6202417194709895,1.8544650151682496,-48.14553498483175,-44.525293265360766,-44.52529326536076,True,1.8544650151682496,0.0,3003,0.19327397163466128,0.252228580277619,0.03943428533971966,0.04252275159071339,0.10697658523473387,0.4497147656187402,1.0,0.4129686771435165,0.3355372511923225,0.10697658523473387,0.10783137844659611,0.29768586856167606,0.8204269454627133,1.0,0.7647534491606705,0.06899501536192512,0.6399230433936187,0.677891324154167,0.7671998068778154,0.8663302760602708,0.9451302941011872,0.7539550120356822,0.07448222708980437,0.6399230433936187,0.6668123010467606,0.7588292091095012,0.8447612355756368,0.8980061862856934,0.38968258846847115,0.04888890157326704,0.2548990269130904,0.33360326826991915,0.39035097137532815,0.4618932811960095,0.5131799582193798,0.3919308400885832,0.059470073280261805,0.2548990269130904,0.35371103992149383,0.3921610589752612,0.4727399364169725,0.48260319507165,0.3750708606921992,0.044092616176996814,0.27523289091563563,0.32007132609669625,0.37377325535439243,0.4393615239111077,0.47601365096153014,0.36202417194709896,0.05838573444982565,0.27523289091563563,0.291324926467305,0.3631159366186562,0.42923091618845816,0.4550496544114156
mobius_pairwise,nq_102,50,True,15,5,2.0,1.0,5,2;6;24;26;44,0;2;6;16;17;26;29,1,1,7,3,4.946713485582468,0.9893426971164935,10,7.597615634251295,4.781249302053779,2.8163663321975165,-0.1654641835286892,-50.16546418352869,-47.34909785133118,-47.34909785133117,True,-0.1654641835286892,0.0,3003,0.7644370560721933,0.3284605360491508,0.11752600750912115,0.1720558795117691,0.9750080298920527,0.9976115008267608,1.0,0.9893426971164935,0.009061547089709446,0.9750080298920527,0.9782494807537033,0.9929583759262516,0.9982541690871938,1.0,0.7756658798060669,0.04917925523858299,0.6795386244844723,0.7131206511634169,0.781077650351873,0.8154682036494004,0.9974146080589823,0.7597615634251296,0.029469678833682882,0.7132294133021223,0.72616799045711,0.7625434862239764,0.7928727487555854,0.8116996261916256,0.44877953432296697,0.04669033493732215,0.3533085777356721,0.3851833402861153,0.45109551453127317,0.49927363877459285,0.5987073040294911,0.47812493020537794,0.014885911631261958,0.4563108958161765,0.46034677126931944,0.4777103238634072,0.4935531767125782,0.5058498130958128,0.3268863454831,0.04265910913938054,0.2569185174859458,0.27997276277755406,0.3134959197361272,0.38508793091862253,0.46928149722228885,0.28163663321975163,0.014728437185405195,0.2569185174859458,0.2639283409173749,0.2848331623605691,0.29931957204300724,0.30584981309581283
mobius_pairwise,nq_103,50,True,15,5,2.0,1.0,5,0;4;19;24;27,10,1,0,1,0,2.272187412025784,0.4544374824051568,10,7.852451859106862,3.867073611947518,3.985378247159343,1.594886199921734,-48.40511380007827,-44.41973555291892,-44.41973555291892,True,1.594886199921734,0.0,3003,0.1667672666741565,0.2855112183250532,0.010168098435829082,0.0113648178376814,0.02139078934233463,0.5617192042567969,1.0,0.4544374824051568,0.3461314049463464,0.03737427480333438,0.08359105941495004,0.43709468138624236,0.8579208878015334,1.0,0.7748647611044713,0.052964093242887804,0.6804518754158876,0.7238705806381217,0.7674113375217785,0.8243022887555809,0.9417273216323256,0.7852451859106861,0.07973046196648911,0.7154592596070913,0.7223712334517529,0.7430802668664027,0.9035241567812171,0.9173206446533536,0.3870993250425379,0.0356339756194056,0.2527934469363616,0.3530362757010159,0.3871999060156304,0.422906422866032,0.49231366655480496,0.3867073611947518,0.05180688275781858,0.3025778024715501,0.32543498689240763,0.3861922268802769,0.4382095933454064,0.49231366655480496,0.3877654360619335,0.03756133253649889,0.3227766040750815,0.3457203114705317,0.38474062179694696,0.43257071123680657,0.5427824518215567,0.3985378247159343,0.05221518465436824,0.3227766040750815,0.3413713494928624,0.402675921702353,0.478765751480791,0.4851226149978804
mobius_pairwise,nq_104,50,True,15,5,2.0,1.0,5,1;20;21;29;40,1,1,1,1,1,4.931376225968595,0.986275245193719,10,8.686048803550268,5.3275740433843275,3.3584747601659424,0.39619781741573235,-49.60380218258427,-46.24532742241833,-46.24532742241833,True,0.39619781741573235,0.0,3003,0.8653798943988658,0.13692039700813682,0.6110393799456951,0.636312433588452,0.9014556188982148,0.9988271561677953,1.0,0.986275245193719,0.021856539911054927,0.9428203464605273,0.9632865333221315,0.9950533465993113,0.9998066877176875,1.0,0.8920041939103138,0.04366779563225168,0.7655183473304308,0.8181306667607797,0.9019082785157315,0.9383825465483211,0.9923842903981945,0.8686048803550269,0.05516594409059463,0.7655183473304308,0.8016848491060639,0.9027789638631155,0.9188531800507096,0.9232070264831331,0.5293591580460804,0.026144691860879452,0.46743433649714583,0.4899828137045415,0.5312402782309298,0.559099239070926,0.5961921451990972,0.5327574043384327,0.028895180240721362,0.4773338158466119,0.4992633759194565,0.5507978462275173,0.5593361095785393,0.561138591051854,0.3626450358642334,0.0278356572043171,0.2881845314838189,0.32931889021907323,0.36271424623140597,0.3968072632406079,0.41975635917110077,0.33584747601659426,0.026363196022989525,0.2881845314838189,0.30242147318660734,0.35198111763559825,0.35951707047217035,0.3620684354312791
mobius_pairwise,nq_105,50,True,15,5,2.0,1.0,5,14;30;32;46;48,0;1;2;3;4;5;6;7;8;12;13;14;15;16;17;18;19;20;22;23;25;26;27;28;29;30;32;35;36;37;38;40;41;42;44;45;46;47;48;49,1,1,15,5,4.85779502041054,0.971559004082108,10,7.93148969370737,4.721989643368197,3.2095000503391735,-0.13580537704234352,-50.135805377042345,-46.92630532670317,-46.92630532670317,True,-0.13580537704234352,0.0,3003,0.9087006519200245,0.05748405502639286,0.8395116343471074,0.8406068408866954,0.8847299237781446,0.9822721888834586,1.0,0.971559004082108,0.028739709929089672,0.9162177486264043,0.9407868470343309,0.9804493869964528,0.993394956056585,1.0,0.8080291972474652,0.035429553297146144,0.7371430657742133,0.7666638988716886,0.8028937904891409,0.854083482449498,0.9250268674566254,0.793148969370737,0.02352837253161006,0.7643305311163766,0.7706110891789676,0.7893108466656381,0.8290131246286037,0.8429141197675376,0.479549220327925,0.021277758523248144,0.43159213670650604,0.4561891704035116,0.4769501381577318,0.5047904782555527,0.5516143552615572,0.47219896433681957,0.012323421497228695,0.4566839044074467,0.45722984530812166,0.46989031996606817,0.4907450438640111,0.49252451436552797,0.32847997691954023,0.020195015628941767,0.2783843468843753,0.3026498582309002,0.32812243599336427,0.35259790135081265,0.38166113976011207,0.32095000503391735,0.013998472274124511,0.3044764496031942,0.30589547711427706,0.3212536242334896,0.33668632920768865,0.35236679484813954
mobius_pairwise,nq_106,50,True,15,5,2.0,1.0,5,9;14;19;35;46,,0,0,0,0,3.343490508789364,0.6686981017578728,10,7.692847825900775,3.8929331669291165,3.799914658971658,0.5494426581397525,-49.45055734186025,-45.65064268288859,-45.65064268288859,True,0.5494426581397525,0.0,3003,0.3683421901262161,0.276906640089737,0.07546925919913577,0.11099507674557993,0.31859840302704484,0.7834682432762873,1.0,0.6686981017578728,0.2560485937058328,0.32677400592521216,0.4054575165637595,0.5623599446462775,0.9723495102785176,1.0,0.8045476632154026,0.08270334755527611,0.6337514878766473,0.6862956221500037,0.8225834289288917,0.9066108779327603,0.936762204474901,0.7692847825900775,0.07880410548229728,0.6465189889116426,0.68554676549152,0.7681366605707267,0.8617602616205298,0.9237400527475278,0.3992752123152377,0.062249418209628864,0.25858341404584645,0.3033636575597792,0.41547126940147844,0.46882906657633944,0.511070933928647,0.3892933166929117,0.04674742637998185,0.3025393761715958,0.3450306024477654,0.37910905493825187,0.4543847802110565,0.4560623628734549,0.40527245090016484,0.04076581690461844,0.27859071084518106,0.34756151571132016,0.41379467698234895,0.4460554131275815,0.4862374668833151,0.3799914658971658,0.048895409551689535,0.30062306904617864,0.3361805086743679,0.37611756785243267,0.4340408952362579,0.4676776898740729
mobius_pairwise,nq_107,50,True,15,5,2.0,1.0,5,0;1;2;5;8,,0,0,0,0,4.136882267619166,0.8273764535238332,10,8.576747965199193,4.99892657368503,3.577821391514163,0.8620443060658642,-49.13795569393414,-45.56013430241997,-45.560134302419975,True,0.8620443060658642,0.0,3003,0.3477731260632542,0.3779855966987202,0.00998938027533149,0.012694666256391289,0.08677870782993737,0.9802914292034962,1.0,0.8273764535238332,0.20952802094372938,0.4610909816837443,0.5665814355016647,0.9514653631031466,0.9998035226414917,1.0,0.7760727199438856,0.06883266276960569,0.6000539502766651,0.6910300842722445,0.7722387899984385,0.8645964688653693,0.9916280881735122,0.8576747965199193,0.0768901492146683,0.7608231176052893,0.7632856889524305,0.8749205503857103,0.9244096025295424,0.9916280881735122,0.41905892186250376,0.05288723338244785,0.30446492343604176,0.36372226173286143,0.41131088568623286,0.4842637668481266,0.5950191207812446,0.499892657368503,0.0627608860563776,0.4078560512952674,0.42478009127286565,0.5116170721250756,0.5614266385099869,0.5950191207812446,0.35701379808138184,0.03396977878278437,0.2679040082644686,0.3132031559848301,0.35769414047984704,0.3984814369907437,0.45421968391923806,0.3577821391514162,0.016867683808658693,0.33416257744602385,0.33700417945474187,0.35868894383375105,0.36989178513947957,0.3966089673922676
mobius_pairwise,nq_108,50,True,15,5,2.0,1.0,5,2;3;36;47;48,2;3;5;6;12;14;24;29;36;40;42;43,1,1,7,3,3.495253857071667,0.6990507714143334,10,8.449188994420638,4.229515928531738,4.219673065888902,0.7342620714600709,-49.26573792853993,-45.04606486265103,-45.04606486265103,True,0.7342620714600709,0.0,3003,0.29204983706285315,0.3293755408175072,0.029534239605656466,0.03974136801312949,0.12207667087877781,0.8397560923388458,1.0,0.6990507714143334,0.2683038781299621,0.25887602105321933,0.40183492271950916,0.6615332207042816,0.9834285360380889,1.0,0.8124164576755695,0.055899771153894336,0.7120382855234066,0.7437596477582041,0.8052299790089545,0.8951140834287982,0.9895689487482697,0.8449188994420638,0.07160685710157402,0.7846267877111118,0.7872396139129111,0.8033679627352374,0.9375516610616293,0.9895689487482697,0.40648421444669464,0.028170593901044975,0.3563340626829236,0.37234539492926993,0.40238062127253926,0.44757537652011714,0.49672471669164003,0.4229515928531737,0.036439457335453354,0.3892196634206331,0.3925914605446897,0.4028533827952332,0.469800288047429,0.49672471669164003,0.4059322432288749,0.02782566808428312,0.35570422284048303,0.3717491426605427,0.40175917651530196,0.447538706908681,0.4928442320566297,0.42196730658889015,0.03524000457237623,0.39166068304152696,0.39703247942048747,0.40051457994000417,0.4678619211116904,0.4928442320566297
mobius_pairwise,nq_109,50,True,15,5,2.0,1.0,5,8;32;39;46;47,,0,0,0,0,1.6689398489604734,0.3337879697920947,10,7.007157105963578,3.5283152056796907,3.478841900283886,1.8593753567192173,-48.14062464328078,-44.6617827429969,-44.6617827429969,True,1.8593753567192173,0.0,3003,0.13073658291892917,0.2552121582063475,0.01589050427573627,0.016994536322784505,0.02414699060188423,0.32956524947861665,1.0,0.3337879697920947,0.363983314344369,0.02414699060188423,0.029228660352364794,0.1759988327484265,0.7727771442528308,1.0,0.7461271119998036,0.07158924637331894,0.6295778069802476,0.6620105696605304,0.7367928119396441,0.8379395115984253,0.980411690386959,0.7007157105963577,0.03630050119948158,0.6431475512250093,0.6629592433595356,0.6923496792566705,0.7389911547699842,0.7630799630406812,0.3737638696205342,0.03542691469421606,0.31669668715535243,0.3330242559600177,0.36898419524038295,0.4192431200355582,0.4903132647657844,0.35283152056796907,0.017508792890208662,0.32303484231395413,0.3359562760277314,0.3508994964653963,0.3717285923974538,0.38417561863230243,0.37236324237926943,0.03626773044163247,0.31288111982489514,0.3277847619425985,0.3686122847833493,0.41869639156286714,0.49009842562117456,0.3478841900283886,0.01906680706053558,0.3201127089110552,0.3270029673318042,0.3444905605004972,0.36916661868521855,0.3789043444083787
mobius_pairwise,nq_110,50,True,15,5,2.0,1.0,5,4;9;17;34;46,,0,0,0,0,3.7627068739874585,0.7525413747974917,10,7.3573564429972516,4.260620967541831,3.0967354754554206,0.49791409355437244,-49.50208590644563,-46.40535043099021,-46.405350430990204,True,0.49791409355437244,0.0,3003,0.2927005428167433,0.3762604979875084,0.00038472964953570685,0.0004671177866642267,0.07817256448272596,0.8947497128885208,1.0,0.7525413747974917,0.2918341990168787,0.1837801022284581,0.42799974233101423,0.8800441433798525,0.9618213703577199,1.0,0.7991547973589471,0.093940069175562,0.5305377409605346,0.6657293466534465,0.8219981295302569,0.9039825791582151,0.9447310591156499,0.7357356442997252,0.10091007251482473,0.6157371021186072,0.6246311144692803,0.7019997141055168,0.8761068136313264,0.8904083515762987,0.4149780990351429,0.07257672299673555,0.24273114496832898,0.31199213140070625,0.41887506682139597,0.5118429636010388,0.5575159874333103,0.4260620967541831,0.06596028606532295,0.3652882340591683,0.36591432062300067,0.3998302624538992,0.5207002605072675,0.5371247247558354,0.3841766983238043,0.05549706002062252,0.24126397852474246,0.3098332007816703,0.3944579018496211,0.4476417192321024,0.48418002761725487,0.30967354754554205,0.04723646878749166,0.24126397852474246,0.2459525974657363,0.32226337583961395,0.365063221749039,0.3715330315410943
mobius_pairwise,nq_111,50,True,15,5,2.0,1.0,5,0;16;26;27;45,,0,0,0,0,2.3316789046307416,0.4663357809261483,10,8.960536862526371,5.099571854010365,3.8609650085160054,2.767892949379623,-47.23210705062038,-43.37114204210437,-43.37114204210437,True,2.767892949379623,0.0,3003,0.15927517867515945,0.3218706911988397,0.0013701418964348331,0.002833703468242872,0.007193479650827104,0.6768809815889612,1.0,0.4663357809261483,0.41150950602416725,0.020366691190598946,0.0402763345434915,0.3391093336571296,0.9608248320840731,1.0,0.8999716449509693,0.04289960481531452,0.8106944367052193,0.8370277753114974,0.9074777854538358,0.9521023030715898,0.9919708031434092,0.8960536862526371,0.049034270852530946,0.8428104882820658,0.8457037886921286,0.8897296613408,0.9620747098696171,0.9919708031434092,0.4735245864769287,0.049862510661005374,0.3632451544726393,0.41182087966943026,0.460307042680673,0.5527880264657118,0.5898015638449924,0.5099571854010365,0.061389837496059634,0.3890565962411072,0.44134133672062154,0.5191209932688278,0.5804189711621374,0.5898015638449924,0.4264470584740406,0.04200286865762085,0.32642689443029244,0.3579911618986334,0.4383504051909094,0.47014566133755753,0.5101965347049883,0.3860965008516005,0.03415614706870291,0.3432594851225069,0.34718153160333864,0.38767087113401566,0.4277143412177736,0.4537538920409586
mobius_pairwise,nq_112,50,True,15,5,2.0,1.0,5,2;8;17;24;29,0;1;2;3;4;5;6;7;8;9;13;15;17;24;26;29;33;38;44;49,1,1,15,5,4.966776156274742,0.9933552312549484,10,8.413066549164203,5.1985886489660285,3.214477900198175,0.23181249269128656,-49.76818750730871,-46.553709607110534,-46.55370960711054,True,0.23181249269128656,0.0,3003,0.9755034761812209,0.044380130707845675,0.8363278049190872,0.9246085219657167,0.9947178269578703,0.9998373221131466,1.0,0.9933552312549484,0.008898786333972702,0.9762311452778938,0.9829937526622755,0.9978987787344457,0.9998034274094217,1.0,0.8757041636186611,0.0418004426449842,0.7605402333542253,0.8221032269497137,0.8744233558004565,0.9364839644047368,0.9921991892787042,0.8413066549164203,0.03949499727704583,0.7605402333542253,0.8058163315852118,0.8345801757961556,0.8888661658870006,0.8937258626356016,0.535083038306977,0.02143262266599642,0.4797882965706063,0.5066365999639818,0.5344195954459592,0.5616235112142818,0.5958921168313535,0.5198588648966027,0.019823372536705686,0.4797882965706063,0.502824308961304,0.5167272591188572,0.5443057358317983,0.5455894602007811,0.340621125311684,0.021179745589978993,0.280751936783619,0.31682159693928413,0.338353935630335,0.37129635222185936,0.39630707244735075,0.3214477900198175,0.019701026585770994,0.280751936783619,0.3029563478032565,0.3183503547035841,0.3445604300552023,0.34813640243482047
mobius_pairwise,nq_113,50,True,15,5,2.0,1.0,5,0;1;4;6;27,0;1;6;40,1,1,3,3,2.401289285207463,0.48025785704149265,10,7.69494601885585,3.8532953322249557,3.8416506866308953,1.4520060470174925,-48.54799395298251,-44.70634326635161,-44.70634326635161,True,1.4520060470174925,0.0,3003,0.16155726184758065,0.3369641461078284,0.00036997554755118997,0.0004593204116377362,0.0020799331877933342,0.7166265835856456,1.0,0.48025785704149265,0.43390159825960545,0.0020799331877933342,0.043977334306133896,0.2940248301798458,0.9993444343424717,1.0,0.7039644474531381,0.0782023860035094,0.5563043183901047,0.6251933402851321,0.6894354116656198,0.8354310198522475,0.9613235985851588,0.769494601885585,0.108111895719473,0.624418730665801,0.630666003645597,0.805547351921713,0.8660049520747178,0.9613235985851588,0.3407200671890928,0.060349793951209034,0.20502664205087556,0.25798715610646383,0.3427801509281287,0.41218102126778605,0.5803639906454237,0.3853295332224956,0.09918007929440487,0.22541964657365432,0.24465033778884168,0.38576861311252697,0.46935936087450947,0.5803639906454237,0.3632443802640452,0.046416488260596654,0.2841811509997178,0.3137766511692762,0.35193941754712604,0.435932141525443,0.5019087224988165,0.3841650686630895,0.03648888674513754,0.3147664129667944,0.3261800471235256,0.3932189358895959,0.40458832656777977,0.4506022732741536
mobius_pairwise,nq_114,50,True,15,5,2.0,1.0,5,13;19;23;30;37,37,1,1,1,1,3.13502046753814,0.627004093507628,10,8.434680062672811,4.44397366314695,3.99070639952586,1.3089531956088103,-48.69104680439119,-44.70034040486533,-44.70034040486533,True,1.3089531956088103,0.0,3003,0.23579544611054654,0.31634390201210505,0.02346534665774529,0.025694484958988496,0.05538977153387756,0.7171919039665786,1.0,0.627004093507628,0.264905100363975,0.2222096099365955,0.3439939083944075,0.5724619847283633,0.9254714067168223,1.0,0.8477875516269321,0.06590001119386896,0.6998965935956868,0.7586415310126919,0.8468687328173922,0.9334219772080153,0.9762127102218305,0.8434680062672809,0.073270435115607,0.7500344714575196,0.7557286459254849,0.8099352578751808,0.948570074462314,0.9762127102218305,0.4340446426448084,0.03571934946687057,0.3527248915838168,0.3830590868194857,0.4357590355447817,0.4767561643074898,0.5240086213152724,0.44439736631469506,0.03935524748984036,0.3779219386170479,0.39484828484826806,0.44568159353335685,0.4763657420989968,0.5240086213152724,0.4137429089821237,0.035352334722948756,0.33426415337087,0.3625627214332522,0.41511537647687213,0.45988571275217766,0.4807281286070354,0.3990706399525859,0.04516548915276331,0.3375217757400465,0.3471510487078895,0.39378265153641445,0.4544263381795314,0.4744265816362905
mobius_pairwise,nq_115,50,True,15,5,2.0,1.0,5,0;23;28;30;33,0;7,1,1,2,1,1.001580890479319,0.20031617809586383,10,7.076175299502787,3.6451885571465175,3.4309867423562683,2.643607666667198,-47.3563923333328,-43.92540559097653,-43.92540559097653,True,2.643607666667198,0.0,3003,0.06872367772530093,0.24893932920948925,6.607648223160142e-05,0.0001224261482308093,0.00021813130057015166,0.013402202489609324,1.0,0.20031617809586383,0.39984215930826206,6.607648223160142e-05,8.651694896180959e-05,0.00014067582943386408,0.6005027842074387,1.0,0.7614370356914245,0.04826977763029799,0.6217261339034641,0.7080742392299657,0.7554819020811322,0.8240171846348157,0.8896313868731425,0.7076175299502786,0.050718202417458357,0.6217261339034641,0.642567706311243,0.7154974954952853,0.7560104171871698,0.8076322765557993,0.38396292453603453,0.029146647903568464,0.310870357127386,0.35296195625147103,0.38045661691103333,0.41570957500885614,0.48080155440951067,0.36451885571465176,0.030981926553858417,0.310870357127386,0.3213330179174343,0.36940463816529934,0.40486930018623074,0.4138832487254692,0.37747411115539004,0.026165733526311408,0.298355062171416,0.3465052798443272,0.3772738019284801,0.4085639779076079,0.4448019794731905,0.34309867423562684,0.028247164311890588,0.298355062171416,0.30960570531561193,0.3413661710589633,0.3670012869013264,0.4037645262072617
mobius_pairwise,nq_116,50,True,15,5,2.0,1.0,5,1;2;5;8;37,0;1;2;3;5;8;10;12;13;23;26;27;28;29;31;33;37;39;41;42;44;47,1,1,11,5,4.859375735479215,0.9718751470958431,10,9.332606301016233,5.620899878594588,3.7117064224216447,0.7615241431153725,-49.23847585688463,-45.52676943446298,-45.52676943446298,True,0.7615241431153725,0.0,3003,0.46966752832304476,0.4679010783214761,0.014484186015849736,0.015439668894822291,0.08866860451454658,0.999398150098765,1.0,0.9718751470958431,0.033535696592467044,0.9261412309607776,0.9300081779748693,0.9986327770953284,0.999398150098765,0.9994044926396203,0.8752387585708713,0.04518754502438817,0.7767446607240387,0.8195104555689804,0.8690485496376907,0.942026374960045,0.9854059366356722,0.9332606301016233,0.013929969162353582,0.9107417392854145,0.9177867493707728,0.934822158535277,0.9507895641246485,0.9551729061700808,0.46774546040512627,0.058842449515471365,0.3494872534966471,0.4074334244181798,0.4501674896336747,0.5628078069259038,0.5926546349113877,0.5620899878594587,0.009568555704346829,0.5482551121773447,0.5527421583913286,0.5611619196931298,0.5753805985410535,0.5774786282826417,0.40749329816574503,0.03232167092015553,0.33884251469176474,0.36536248441028196,0.416382374604294,0.4478610603352901,0.4804932339675356,0.37117064224216445,0.0048424451277404605,0.3624866271080698,0.364315268878082,0.3729423124732818,0.37543843192937265,0.37769427788743903
mobius_pairwise,nq_117,50,True,15,5,2.0,1.0,5,10;34;37;38;49,3;4,1,0,2,0,4.86773647253799,0.973547294507598,10,8.402733634047632,5.186715750958981,3.21601788308865,0.31897927842099083,-49.68102072157901,-46.46500283849036,-46.465002838490356,True,0.31897927842099083,0.0,3003,0.9601557856039219,0.02734800753562284,0.905909027348778,0.933202483702518,0.9612993353516877,0.998893260800834,1.0,0.973547294507598,0.02193119473457928,0.9429778027624276,0.9503064157981316,0.9661116989502314,0.998893260800834,0.9997710330568838,0.881368955636517,0.03385815262465777,0.7896821334724532,0.8335671489345221,0.8877952500183515,0.9212090139013892,0.946339736052041,0.8402733634047632,0.02564270186308082,0.7896821334724532,0.811734763577448,0.8422450717360284,0.8736800498697984,0.8768772789897856,0.5386368461344547,0.01764722410273724,0.49043604720557177,0.5133238766442848,0.5426656837422531,0.559233374573064,0.5718660516601832,0.5186715750958981,0.013738086560646524,0.49376712216759255,0.5009689075722628,0.5194683414814844,0.5368400249348992,0.5384386394948928,0.34273210950206223,0.016808249859985597,0.29591501130486064,0.3181095657326554,0.34530027940073815,0.3615972499792329,0.3798319506981397,0.321601788308865,0.012208527611266617,0.29591501130486064,0.3107658560051852,0.3211225358680142,0.3368400249348992,0.33843863949489283
mobius_pairwise,nq_118,50,True,15,5,2.0,1.0,5,6;17;29;43;45,,0,0,0,0,2.5085309099041746,0.5017061819808349,10,7.271748443731118,4.0437351775546615,3.228013266176457,1.535204267650487,-48.464795732349515,-45.236782466173054,-45.236782466173054,True,1.535204267650487,0.0,3003,0.18762264178957874,0.3002576713811761,0.0049782934094875905,0.007168837583583765,0.021088625477957892,0.6359552032212971,1.0,0.5017061819808349,0.34620367209228314,0.011664598361260277,0.09788653122902727,0.629164626930225,0.8561929016328047,1.0,0.7300195287246094,0.07623429131420834,0.5673611207691618,0.645224062632635,0.7171867831605332,0.8340139038578644,0.9790687313971302,0.7271748443731119,0.11337827872640109,0.6043397373560765,0.6121767534733916,0.6902885125265477,0.8534680765115065,0.9790687313971302,0.382350522989182,0.042917982408525616,0.2807374639970697,0.3350917922917792,0.38033734195608804,0.4328739218218176,0.5765432770697962,0.40437351775546615,0.06750919443417358,0.32160107918227243,0.3496125895310186,0.3980526483056085,0.4695625093203208,0.5765432770697962,0.34766900573542736,0.049821335126117874,0.20701855361796834,0.2761316630217734,0.34494674198570174,0.40942657856598913,0.4284325209850867,0.32280132661764566,0.0731280664733893,0.20701855361796834,0.23952581572495618,0.32791977018420687,0.40465984060769145,0.4238693171309083
mobius_pairwise,nq_119,50,True,15,5,2.0,1.0,5,0;5;10;11;43,0;8;11;15;19,1,1,4,2,4.068958178500337,0.8137916357000673,10,8.099839293795931,4.757381683507615,3.342457610288316,0.688423505007278,-49.31157649499272,-45.9691188847044,-45.96911888470441,True,0.688423505007278,0.0,3003,0.48443151150653996,0.3390654816976816,0.07379772945245222,0.11806227252409901,0.33693809556027743,0.9846438520179793,1.0,0.8137916357000673,0.21728013776579858,0.5070587044482158,0.5412834244738958,0.9846176485292192,0.9938645284041945,1.0,0.8260689453352488,0.07152321098209778,0.6982513932030232,0.7275913775404095,0.8280311900804084,0.9183759494482234,0.9409461363804982,0.8099839293795931,0.06897409246717223,0.708964654830297,0.7369273759277473,0.8055045007714866,0.9125057026671307,0.918938153842997,0.4409769858454166,0.05750980528044647,0.28195919159257565,0.37224738744603586,0.44162607599850245,0.5197073990989961,0.5588862680805506,0.47573816835076155,0.05818868370597757,0.3701111361519497,0.4257135049506159,0.4594684698726606,0.5561257617139288,0.5581981807251332,0.38509195948983216,0.0467454981457591,0.2796541804741953,0.3192600871318302,0.3891326421590721,0.4445152549496058,0.47370975126231124,0.3342457610288316,0.018985368977278365,0.30566288389125407,0.3083916153373508,0.3388921416516285,0.35637994095320186,0.3607399731178639
mobius_pairwise,nq_120,50,True,15,5,2.0,1.0,5,0;4;11;16;21,0;2;4;5,1,1,4,2,4.263382531644117,0.8526765063288233,10,7.455943281907123,4.682873872646829,2.773069409260293,0.4194913410027121,-49.58050865899729,-46.807439249737,-46.807439249736994,True,0.4194913410027121,0.0,3003,0.4174640385537879,0.397939150562125,0.004100142127524311,0.004879627169572238,0.4066504191850819,0.9186363890780604,1.0,0.8526765063288233,0.1534572797216814,0.5573465032446157,0.6840068945704673,0.9029336951304664,0.971641940683916,1.0,0.740459260774018,0.0947843491050138,0.5681469049377071,0.6267505922209018,0.7238811877955016,0.8620582110331659,0.9617271293580792,0.7455943281907123,0.1305386128932305,0.6191951638333887,0.6244475416108186,0.6671273377328213,0.9246601243506418,0.9301273523070446,0.4146079584853591,0.06177287789825262,0.2841420897318834,0.3357143371504366,0.4148710683255058,0.5082133588762681,0.5646361085218918,0.46828738726468294,0.06522313707550428,0.4095975819166944,0.4102547195057015,0.4242659514828537,0.5542071975937308,0.562026327288854,0.32585130228865894,0.06387826240986678,0.19416738401129996,0.24360680551492592,0.32482307736854,0.4094133372972763,0.48053562676870637,0.27730694092602937,0.06607990484997149,0.2095975819166943,0.21371564764600076,0.24712506665731945,0.36350258925013473,0.37678894690166076
mobius_pairwise,nq_121,50,True,15,5,2.0,1.0,5,10;18;29;34;40,0;7;10;12;17;18;26;28;29;45;46;48;49,1,1,9,3,1.2330984219722798,0.24661968439445597,10,7.792417385228147,3.9043039690338457,3.8881134161943027,2.671205547061566,-47.32879445293843,-43.44068103674413,-43.44068103674413,True,2.671205547061566,0.0,3003,0.0929346724282897,0.24474343356014505,0.0024183291090330967,0.002984477050873584,0.0164121501883648,0.10458013117699028,1.0,0.24661968439445597,0.37899022066020394,0.007058395563512069,0.020598721848158745,0.051248422177340824,0.6535529571825194,1.0,0.8076222327966283,0.05546956772642018,0.6860393820640479,0.7446484933476776,0.8001995137886051,0.8796166232953888,0.9415863228291443,0.7792417385228148,0.05096698709936161,0.6913160987044946,0.7064870269832425,0.7735644552633496,0.8269380186651695,0.8755734582126181,0.40366332169305497,0.027880589729478215,0.34301997564347514,0.3701407957352996,0.39926877137298694,0.44076477759229976,0.4707862357623029,0.39043039690338455,0.02577463223777058,0.3457384470336968,0.353288532142038,0.3883469456220986,0.41514755592692415,0.437947401418213,0.4039589111035733,0.02774659157443543,0.34301940642057277,0.37365578027987856,0.40023302255836823,0.4407577173292849,0.47080008706684146,0.3888113416194302,0.025222614847340043,0.3455776516707978,0.3531984948412045,0.3858850536494448,0.4117904627382453,0.43762605679440514
mobius_pairwise,nq_122,50,True,15,5,2.0,1.0,5,1;12;15;18;43,,0,0,0,0,4.527898605391499,0.9055797210782999,10,7.573583273260192,4.637928303166428,2.9356549700937657,0.11002969777492844,-49.88997030222507,-46.9543153321313,-46.95431533213131,True,0.11002969777492844,0.0,3003,0.7727469257968945,0.25671615032205103,0.19439358710709084,0.3247913413221294,0.860436622482318,0.9890300330299586,1.0,0.9055797210782999,0.10413404304863307,0.7297753007970484,0.7762270273509313,0.9550482660389843,0.9988681685494841,1.0,0.7901648906054447,0.072939409725899,0.6310334286756183,0.6989586624762082,0.7902543457708887,0.8868326985446339,0.9631666827204768,0.7573583273260194,0.06141276272118104,0.681708289399588,0.6838215386856661,0.7434152912750074,0.8466944289828577,0.8748870147363124,0.4702890000476472,0.05440384599150983,0.3591187950919733,0.38698226446708384,0.47334157211327127,0.535104652668516,0.577481349706796,0.46379283031664276,0.03844091257081672,0.4132000995330359,0.41448490924954734,0.46756840406130895,0.5188190609527249,0.5326762027092664,0.3198758905577975,0.03621497187744526,0.2487004777847618,0.2704392424985924,0.31873750659542377,0.36901019233212645,0.41892050969640615,0.2935654970093765,0.026293986825563612,0.261210146583237,0.2664935758217092,0.2897863360497516,0.32787536803013284,0.34221081202704595
mobius_pairwise,nq_123,50,True,15,5,2.0,1.0,5,4;33;41;45;47,1;2;4;6;7;12,1,1,5,1,4.927561498954739,0.9855122997909478,10,7.669353862106378,4.812162194400815,2.8571916677055635,-0.11539930455392344,-50.115399304553925,-47.25820763684837,-47.25820763684836,True,-0.11539930455392344,0.0,3003,0.9771057331281041,0.031594463482709834,0.9045785511701675,0.9218361261931741,0.9940399369402989,0.9999752279961636,1.0,0.9855122997909478,0.01182362154588529,0.9702755623744584,0.9716920012348224,0.9871131935191466,0.998542433414306,1.0,0.8082072502602758,0.06550778209707887,0.6680728568563539,0.739234332273636,0.797728162754541,0.8923828830500101,0.9970386230013386,0.7669353862106378,0.047049443350602356,0.6737058358244998,0.7248450249039731,0.771754800932596,0.80255944216388,0.8568094784073486,0.5012444565665677,0.03355693720558996,0.43145352075148014,0.46485108043629864,0.4982658301795251,0.5461914415250051,0.5979695957432993,0.4812162194400815,0.024401673121909995,0.4338557698752931,0.46018042771039414,0.48326412720332035,0.5012450484640277,0.5280580130245514,0.3069627936937082,0.03228353288312859,0.23661933610487373,0.27477905223757887,0.3006110480056834,0.34889098537533625,0.3994593764773533,0.28571916677055637,0.0227110703455196,0.23985006594920671,0.26466459719357893,0.2884906737292756,0.30204934086741475,0.3287514653827972
mobius_pairwise,nq_124,50,True,15,5,2.0,1.0,5,0;3;4;27;34,4,1,1,1,1,1.3825565373985398,0.276511307479708,10,6.615653612488412,3.4443096117846417,3.1713440007037703,2.061753074386102,-47.938246925613896,-44.76690292491013,-44.76690292491013,True,2.061753074386102,0.0,3003,0.11060923840507528,0.24731897331651193,0.0011137453322666749,0.0016829365843683132,0.007960845625639708,0.19933925528664576,1.0,0.276511307479708,0.37270656327494234,0.0011137453322666749,0.0021609761216285174,0.13643663284857674,0.6965097347648102,1.0,0.7117931997710003,0.08887905288501573,0.5478489574712018,0.6123681113213606,0.7101846867712447,0.8427363194055688,0.9563186992848302,0.6615653612488412,0.08158572917957928,0.5571538251996174,0.5850103512516497,0.6467770802573589,0.7474705896970049,0.8567369066666768,0.35355057616723357,0.05875972644121838,0.22142420009619096,0.2811258343483311,0.35263378766117365,0.43595176731118523,0.4965444181558681,0.3444309611784642,0.04956684197506444,0.2813521506062066,0.2909400920510381,0.33835439431978054,0.39471246976643687,0.44221150691266886,0.35824262360376674,0.05823830279493058,0.2036261824761546,0.2845625448807514,0.3613672035332976,0.4318679604817206,0.4781626956263087,0.31713440007037696,0.06010093284257559,0.2036261824761546,0.2589961839368537,0.3134680997228356,0.4056523644579832,0.41452539975400793
mobius_pairwise,nq_125,50,True,15,5,2.0,1.0,5,0;1;26;36;47,0;1;2;4;5;6;7;8;10;21;40;47,1,1,9,3,2.061408146436769,0.4122816292873538,10,6.8755546017789,3.7327392687674936,3.1428153330114066,1.6713311223307246,-48.32866887766927,-45.18585354465787,-45.18585354465787,True,1.6713311223307246,0.0,3003,0.23237735518589883,0.3040358556543738,0.02687253448795135,0.03152286797754232,0.14884255276762895,0.6951829211795486,1.0,0.4122816292873538,0.4677038613982229,0.02687253448795135,0.02780095599205612,0.0353999298971228,0.9879768375213926,1.0,0.8144058526503714,0.11570783883693377,0.5681859951661942,0.6367730970252812,0.8689981981867635,0.9291530731528864,0.9753991722743465,0.68755546017789,0.10245264502583694,0.5681859951661942,0.5692863219791217,0.6793109473953663,0.7630746991913089,0.933642833013851,0.4226487662581723,0.06967881245337014,0.20785526038194285,0.32444054076057954,0.45221567233770926,0.489908916428166,0.5668214165069255,0.37327392687674943,0.0893294483421942,0.20785526038194285,0.279392684092798,0.374595481920022,0.4412935553124962,0.5668214165069255,0.391757086392199,0.0555514698081483,0.23336217127854408,0.3086288003882549,0.4073409072443715,0.44668350910821025,0.4969716307186227,0.31428153330114067,0.04554296832074554,0.23336217127854408,0.24414425409378793,0.32328565805259846,0.3614317802644468,0.36682141650692546
mobius_pairwise,nq_126,50,True,15,5,2.0,1.0,5,0;4;7;13;42,0;1;4,1,1,3,2,1.7908293682637946,0.35816587365275887,10,6.747412231246325,3.5181041641017785,3.2293080671445473,1.727274795837984,-48.272725204162015,-45.04341713701747,-45.04341713701747,True,1.727274795837984,0.0,3003,0.12053017629718858,0.3027432722362889,5.296293592087626e-05,7.139157173981116e-05,0.0008049523559682318,0.4694929638553512,1.0,0.35816587365275887,0.43616304047897475,0.0005593969539960226,0.0008632358270226618,0.01938811224294999,0.9078251459721143,1.0,0.7076031631199906,0.06358272467029427,0.5940867277311878,0.642817236863241,0.6920216893409713,0.7866984380244163,0.9004376667474548,0.6747412231246326,0.057394428889167425,0.6021937114559259,0.6081498168047199,0.67108162661836,0.7467948728052318,0.7882208824523187,0.3637591958298092,0.04248694199752644,0.22824815622668723,0.32162866477464047,0.35281101799500353,0.4320090239231745,0.4623099875362394,0.35181041641017785,0.061138579418553565,0.22824815622668723,0.300846744460784,0.3515669429606934,0.44824459054378685,0.4518042099728446,0.34384396729018146,0.04197318815092465,0.23804604630342524,0.29179980889826895,0.34363710097068234,0.38993172431733786,0.4509056514439715,0.3229308067144548,0.035951294628717705,0.24941690105014275,0.28755095730353336,0.3348164338854715,0.3546290841169968,0.38056345006123193
mobius_pairwise,nq_127,50,True,15,5,2.0,1.0,5,0;1;4;24;39,0;1;3;7,1,1,4,2,2.0002469785483528,0.4000493957096706,10,7.377998458095565,3.7221934431715784,3.655805014923987,1.7219464646232256,-48.27805353537678,-44.622248520452786,-44.622248520452786,True,1.7219464646232256,0.0,3003,0.1352944745049896,0.3386005209944403,0.0001668661548915773,0.0003393866814440576,0.002188893494332321,0.6016011826706299,1.0,0.4000493957096706,0.48866551673510983,0.0006190178848562344,0.0007648753419238296,0.0015667064049841057,0.998831037092395,1.0,0.7678977288231311,0.08858786255726878,0.5942441821797008,0.6395309897930165,0.7906898690153369,0.8721024675171481,0.9973478084735965,0.7377998458095565,0.10097366274054129,0.6183156845883825,0.6560713937903326,0.6949222364960044,0.8545332084228219,0.9696300462263545,0.3724036820164548,0.07525290966603194,0.22046289641062927,0.2579462190173079,0.3840498418659959,0.4675458945349372,0.5837552584895354,0.37221934431715786,0.09575794010545058,0.23012589250120263,0.24719281169243806,0.34815935988606883,0.4572769093507865,0.5837552584895354,0.3954940468066763,0.048733398145422276,0.26141884818971334,0.3352439844196727,0.39854477619050177,0.44445693838205763,0.5438036479581938,0.3655805014923986,0.04562213545859857,0.26141884818971334,0.3336742951774595,0.3681831627763388,0.4121361767145125,0.42076573825335956
mobius_pairwise,nq_128,50,True,15,5,2.0,1.0,5,0;4;10;15;35,0;4;9;15;28;33;35;44,1,1,7,4,3.215715753899858,0.6431431507799715,10,8.260395044230735,4.532773885202069,3.7276211590286668,1.3170581313022107,-48.68294186869779,-44.955320709669124,-44.955320709669124,True,1.3170581313022107,0.0,3003,0.3585107855657618,0.29186429503029754,0.06440848321950378,0.07407365690163452,0.2991029748807695,0.792706851197003,1.0,0.6431431507799715,0.2968624392376181,0.2991029748807695,0.3598407882191889,0.46646961866455416,0.9996782608510864,1.0,0.8175521856605814,0.06335374744747609,0.6803080491874545,0.7364698039918876,0.813938265584049,0.9043760803992378,0.9935501234669615,0.8260395044230735,0.07718674312619453,0.7182898797133557,0.7574110931881531,0.8011281871134266,0.932981449368331,0.9651565195156253,0.4312501132606654,0.04678534807534153,0.30857161797209204,0.3658284203235062,0.4350427898794683,0.4854890618238519,0.5824779570615847,0.45327738852020677,0.06270570034095065,0.34874890037074646,0.3904368216606608,0.4404889263133162,0.5219086220874057,0.5824779570615847,0.386302072399916,0.02959880021468662,0.32271206119936663,0.34713794242102947,0.3869908603588915,0.4210846628864754,0.4491322674820388,0.37276211590286673,0.028166287055305803,0.33667229856610703,0.3384331940359275,0.3722090860456426,0.4104881801802046,0.4142277455950236
mobius_pairwise,nq_129,50,True,15,5,2.0,1.0,5,10;25;28;29;33,0;1;5;6;9;10;33;37;48,1,1,7,2,4.660760703205697,0.9321521406411394,10,7.370344831346166,4.637989384829349,2.7323554465168187,-0.02277131837634805,-50.02277131837635,-47.29041587185953,-47.29041587185953,True,-0.02277131837634805,0.0,3003,0.726032767970375,0.2713316911452108,0.25740385873359417,0.2969990745466597,0.8536670514062378,0.992433365462912,1.0,0.9321521406411394,0.10482686094811014,0.723242193440845,0.8231873758842863,0.9801338750880231,0.9937117940509523,1.0,0.7878975019638708,0.07815442534439648,0.6335852280971288,0.6935525529076754,0.7785111758778658,0.9029946421861214,0.9936801288767942,0.7370344831346167,0.06316282753022091,0.6435581877508074,0.6570448527464217,0.744867176917925,0.8108102904289591,0.8152285028721084,0.4664609793998996,0.052940234178925835,0.3494093504510428,0.3992631642285472,0.4661524747181814,0.5395433377194828,0.5968400644383971,0.4637989384829349,0.03134598388009191,0.41910327619209964,0.42151151210707327,0.47192662628462717,0.502594936575279,0.5056634271753425,0.32143652256397115,0.04388545149004893,0.21679261404856442,0.2640590395235659,0.3239218550030403,0.3799846044646789,0.4351932057610869,0.2732355446516818,0.033185495088537874,0.22177909387540373,0.23767399478599158,0.27256901319212445,0.3112581746905553,0.3264960656346606
mobius_pairwise,nq_130,50,True,15,5,2.0,1.0,5,4;12;13;14;26,,0,0,0,0,2.3042008360647075,0.4608401672129415,10,7.940226502470022,3.7981349616010216,4.142091540869001,1.493934125536314,-48.50606587446369,-44.36397433359468,-44.36397433359468,True,1.493934125536314,0.0,3003,0.19982011419261797,0.25710945567721405,0.008943757996292451,0.0145878728772056,0.0948235931831936,0.46443357994998025,1.0,0.4608401672129415,0.29539746377415166,0.16569464833755093,0.19035427021567633,0.4113195543329755,0.7999371721445268,1.0,0.7998135878640841,0.06721462245896619,0.6437680555119764,0.7282461840427294,0.7856693259841177,0.9111098276302199,0.951664219373414,0.7940226502470022,0.07349473236361224,0.68818155973456,0.7273462953917228,0.7835052032537793,0.9196308962523887,0.9265993983859669,0.3943444715115194,0.0404352253589183,0.2643732387611327,0.3486612906655428,0.391521721365363,0.451756012818497,0.4815491185968489,0.3798134961601022,0.05463456753533696,0.2743661552632932,0.3434173875933303,0.3676808233941007,0.4666193432045687,0.4689960906565446,0.4054691163525648,0.03436308733376721,0.32171480771310756,0.3667540676779804,0.3999206064378941,0.45698625337085363,0.5121691704128388,0.4142091540869,0.032909185505609735,0.36218688379057173,0.3637391331030822,0.4118239497244909,0.4508988886460637,0.46024413823161775
mobius_pairwise,nq_131,50,True,15,5,2.0,1.0,5,0;4;5;34;41,0;4;15;20;23;43;46,1,1,3,2,4.322369717014027,0.8644739434028054,10,8.852496581914798,5.159820446194596,3.6926761357202,0.8374507291805688,-49.16254927081943,-45.469873135099235,-45.469873135099235,True,0.8374507291805688,0.0,3003,0.5655233494143883,0.2862476367603305,0.11519035263283274,0.2081753966035763,0.6855450040487494,0.9172690021685993,1.0,0.8644739434028054,0.10161351561755447,0.7371146155968902,0.7449119462219592,0.8995964669297246,0.9716202769311396,1.0,0.8797235136409316,0.03571759341237051,0.7959539646117659,0.8366266268153536,0.8775960375807187,0.929273799960664,0.9688480227836634,0.8852496581914796,0.045709122832782556,0.8378299457386609,0.8378969622606911,0.8671449909516169,0.9512155483478602,0.9688480227836634,0.4786080682792691,0.03954648779044399,0.38857714589826825,0.4309345795787186,0.48060657630073533,0.530991299607661,0.573016183060838,0.5159820446194596,0.030506220128232776,0.47422501039786996,0.4859214079452358,0.5154830935035766,0.5451698981878308,0.573016183060838,0.40111544536166244,0.041656932713219796,0.312846919606565,0.34764880325840697,0.3991842931339782,0.45893642403569557,0.5315108843520536,0.36926761357202,0.02605931811526269,0.3351597132584375,0.3380989200627113,0.36224311708513746,0.4057883278142336,0.4071805179863853
mobius_pairwise,nq_132,50,True,15,5,2.0,1.0,5,0;5;6;20;23,9;18;19;28,1,0,1,0,2.9284804398483155,0.5856960879696631,10,8.198751248551854,4.621091631121162,3.5776596174306907,1.6926111912728468,-48.307388808727154,-44.72972919129646,-44.729729191296464,True,1.6926111912728468,0.0,3003,0.27543508282938145,0.30541859671714455,0.06372406659065702,0.065596907875041,0.11919355576440786,0.8099805367924442,1.0,0.5856960879696631,0.35722636982812456,0.08409787255116848,0.14729473742085863,0.7569749137530375,0.9381270475274862,1.0,0.8332696261756515,0.05146803467825422,0.7042543745351972,0.7677217778726595,0.8349763219719649,0.8976061766372104,0.9482988845491951,0.8198751248551852,0.041099974624488646,0.7416733046348131,0.7639011179083552,0.8321852683546157,0.858683686081852,0.8748221823952285,0.4383845424893021,0.03877081548459426,0.33853484912527776,0.3835267552422999,0.4412097613788249,0.48652232464042533,0.5172401125435606,0.46210916311211625,0.036883948351573916,0.4053061336757165,0.4126478455252447,0.45663416354126596,0.5126478914109502,0.5172401125435606,0.3948850836863494,0.04082090180428752,0.30415298104223887,0.33163730795861335,0.39653990104426007,0.44095871733549735,0.5004101900351319,0.35776596174306907,0.03842017167820044,0.31637276723850893,0.3171533780130555,0.3482796588970042,0.4004078472277946,0.44126566024530367
mobius_pairwise,nq_133,50,True,15,5,2.0,1.0,5,1;22;26;35;47,2;5;9;31;47,1,1,3,1,4.221261321504315,0.844252264300863,10,8.490006223518577,4.976864962378605,3.513141261139973,0.7556036408742903,-49.24439635912571,-45.73125509798574,-45.73125509798574,True,0.7556036408742903,0.0,3003,0.5309028816785147,0.2793006721682103,0.054915312468933775,0.1890774081159971,0.4811045945881705,0.9465786222260879,1.0,0.844252264300863,0.14535811502270576,0.6477087320044437,0.6678158944416129,0.8938347430770746,0.992696483330172,1.0,0.8701130309315704,0.05778649303630749,0.7177292109942682,0.7845853394149496,0.8838733498857817,0.93510185070449,0.9583413188962053,0.8490006223518577,0.057727074032771684,0.7730867037467043,0.7773040554283126,0.8743352676025884,0.913797141778005,0.9220448030679181,0.4777880563784589,0.03974852051667183,0.3732859597862423,0.4230505061709093,0.4812860781460392,0.5244751216342899,0.5605526601690023,0.49768649623786043,0.03722106071774855,0.4251487725676155,0.45893822416533686,0.5058350382181631,0.541996720499681,0.5443660161732773,0.39232497455311166,0.04399248585883108,0.30288295891709216,0.3343669150991941,0.3963531042401347,0.4439687471811198,0.4897921938294207,0.35131412611399726,0.03383214427035563,0.30288295891709216,0.3049965601811426,0.347737471859538,0.3977786603390402,0.41424668499076145
mobius_pairwise,nq_134,50,True,15,5,2.0,1.0,5,0;3;6;19;32,0;3;5;6,1,1,3,3,2.6369076756833985,0.5273815351366797,10,8.15468824093289,4.044476757371162,4.110211483561728,1.4075690816877633,-48.59243091831224,-44.482219434750505,-44.48221943475051,True,1.4075690816877633,0.0,3003,0.2407901986926572,0.2724214392548438,0.011033945330607305,0.015895527913525307,0.13239973163544613,0.49907073724831513,1.0,0.5273815351366797,0.2530339508027254,0.2507786047071922,0.3077604354172375,0.48333398224012697,0.8038247629015096,1.0,0.8119917372743105,0.067845903314004,0.6477268647415214,0.7243453923005162,0.8100269676038301,0.8958378132231322,0.922921734005161,0.815468824093289,0.06359215788755218,0.72420849660719,0.7288799211863797,0.8414718338527292,0.8766161458452296,0.8945171026252938,0.41235259626749876,0.04399440668985594,0.2945643739283118,0.3550788654228328,0.4199881039799962,0.4645697778876998,0.5007350504933801,0.4044476757371161,0.04449471294518714,0.3068571366850762,0.3468066283538816,0.4196735973630375,0.4399832135884594,0.4621984331738568,0.3996391410068118,0.035089547650408844,0.30784210919892663,0.35488160626471554,0.4012764280579059,0.4459192619569075,0.4636361442767596,0.4110211483561728,0.032474990349394675,0.3539546144719077,0.3734165686368808,0.41656295024910156,0.44616459733673275,0.4636361442767596
mobius_pairwise,nq_135,50,True,15,5,2.0,1.0,5,4;27;32;43;47,0;20;28;38,0,0,0,0,1.9617325521932325,0.3923465104386465,10,6.3891815905828935,3.1967879319544634,3.1923936586284296,1.235055379761231,-48.76494462023877,-45.57255096161034,-45.57255096161034,True,1.235055379761231,0.0,3003,0.17258812874935964,0.2388626456356883,0.024216917858984353,0.03266340222106446,0.09094326165037972,0.3047903949473327,1.0,0.3923465104386465,0.31099414905077827,0.12862403854393262,0.17295594458579974,0.25701215526543525,0.7346570218941058,1.0,0.6432533186407868,0.0673576243230616,0.4860013059499879,0.5739475407163418,0.6470033547628936,0.7173933045560167,0.9025128000210297,0.6389181590582893,0.035341054681181455,0.5810990722449316,0.5990623213198146,0.6411066677079744,0.6820925891990438,0.6937603520520339,0.32165149172026186,0.03364842774528483,0.24303802324463186,0.28657796965519855,0.32379573961220975,0.3581197392918442,0.4511764679510625,0.31967879319544634,0.01771056341295365,0.29069859144253685,0.2997662638645208,0.3206999554091644,0.34154751834228003,0.3474027457559635,0.32160182692052497,0.033716461515454474,0.24296328270535605,0.2871890649065535,0.32303486577106105,0.36031780498232796,0.45133633206996726,0.31923936586284296,0.017636783298061554,0.2904004808023948,0.29929605745529375,0.3203825331782878,0.3405450708567638,0.3463576062960704
mobius_pairwise,nq_136,50,True,15,5,2.0,1.0,5,7;16;18;21;38,21,1,1,1,1,1.1496087900263063,0.2299217580052612,10,6.368482082166003,3.1200402474237454,3.2484418347422572,1.970431457397439,-48.02956854260256,-44.7811267078603,-44.7811267078603,True,1.970431457397439,0.0,3003,0.08540866127738382,0.24611778946435736,0.0006354967978523583,0.0009351419719595577,0.007048332586016178,0.08551701988472522,1.0,0.2299217580052612,0.3872088347132855,0.0010452628561348194,0.003446490748087363,0.026545406069098217,0.6459879154060229,1.0,0.6805768374948642,0.08306175049415065,0.5543002208730707,0.5867111359562063,0.6658138843578943,0.8038568527244521,0.9915545879633123,0.6368482082166003,0.0808506431322133,0.5598699570362982,0.5750717511454675,0.608768764171312,0.7116196503338241,0.8501100502079367,0.3389903202191789,0.04601822370675999,0.2513450447933706,0.28770775173108964,0.3340949174651407,0.4032947534843127,0.4973775227206272,0.31200402474237454,0.05627303224227775,0.2552206132833031,0.27300501897296947,0.2954156403346583,0.3436136760903002,0.47043603784917,0.34158651727568534,0.04672644215888099,0.24785430785448004,0.2881101056565558,0.3330034748729404,0.40858655649441594,0.4941770652426851,0.32484418347422583,0.05489321956825861,0.2666691638539588,0.2703035744511088,0.30515666947957615,0.3933824086498385,0.4410112148422864
mobius_pairwise,nq_137,50,True,15,5,2.0,1.0,5,0;3;4;8;43,0;3,1,1,2,2,1.2719024806559591,0.25438049613119185,10,7.876172381780243,3.633561289148006,4.242611092632237,2.361658808492047,-47.638341191507955,-43.39573009887572,-43.39573009887572,True,2.361658808492047,0.0,3003,0.08666313573362014,0.24695373737909587,0.0005164160302504147,0.0006114744314680433,0.0022890660566776424,0.11103402727413883,1.0,0.25438049613119185,0.37515528012625565,0.0034433445288625545,0.02536170529946342,0.07548953264450141,0.6538921428108923,1.0,0.8040239524299553,0.054811896993919786,0.6383006950492887,0.7366889488526548,0.8056469626878479,0.8749470017679504,0.9308384657944926,0.7876172381780243,0.06997337359360566,0.6737833798066832,0.6829675785634675,0.8059040642687041,0.8408374758209782,0.921346475095347,0.3782864178988836,0.059042246600924726,0.248278092482449,0.29307254744069283,0.3954374139619369,0.446556784823046,0.5109557982144984,0.3633561289148006,0.07311583876545139,0.25586365909840786,0.2578735127375411,0.36639081901835935,0.44916433731647604,0.46607670295278003,0.42573753453107155,0.04584031958911243,0.2777259254311767,0.3812175493995857,0.415265309160023,0.4902001402942748,0.5571603859362845,0.4242611092632237,0.04055347911009077,0.3409225059783933,0.39481984282879723,0.4177650440395855,0.4816921200008133,0.4877132597102099
mobius_pairwise,nq_138,50,True,15,5,2.0,1.0,5,5;18;25;26;37,,0,0,0,0,2.8768083580303343,0.5753616716060669,10,7.77208464312489,3.8869728578643383,3.885111785260551,1.010164499834004,-48.989835500165995,-45.10472371490545,-45.10472371490545,True,1.010164499834004,0.0,3003,0.23585689047769295,0.3221910945913865,0.012668666255575764,0.014007458766647319,0.045000086958027784,0.7542609452502255,1.0,0.5753616716060669,0.35073999374559395,0.10636802485250031,0.21091468782178152,0.43681222645526435,0.9863573697787466,1.0,0.8312089686110741,0.07988477715219627,0.7026277825147341,0.7419128323100712,0.8027610258595522,0.9350960043124703,0.9561082603917681,0.777208464312489,0.05110295555609911,0.7242685227743171,0.733837028444415,0.7605295422088625,0.815563157633117,0.9108714875999945,0.4156429320333868,0.03994335519480305,0.351323618727118,0.37100487476525307,0.4013856703711862,0.4676210589667779,0.4781563717951179,0.38869728578643387,0.02557651006300395,0.3622443063752636,0.3669897474684065,0.3804088526351745,0.4079421680585633,0.4555827817414941,0.4155660365776873,0.0399415511742258,0.35130416378761614,0.3708972868886821,0.401375355488366,0.4674749453456924,0.4779518885966502,0.3885111785260551,0.025526705008899614,0.36202421639905347,0.3668472809760085,0.38012068957368794,0.4076209895745537,0.4552887058585004
mobius_pairwise,nq_139,50,True,15,5,2.0,1.0,5,0;3;6;31;45,,0,0,0,0,1.3111059396531834,0.2622211879306367,10,6.6002326117784795,3.223480297274726,3.376752314503754,1.9123743576215426,-48.087625642378455,-44.710873327874694,-44.7108733278747,True,1.9123743576215426,0.0,3003,0.09076044819769034,0.24959267377100589,0.0009597846590648668,0.0011966625226568137,0.0029762231513292396,0.168332383474565,1.0,0.2622211879306367,0.3777932716217535,0.0011082608307377455,0.0011966625226568137,0.08434332391290553,0.6897300359396019,1.0,0.6901124323535359,0.06144393906072254,0.5405516070036795,0.6134447686045037,0.6866315535534394,0.7657090321660616,0.8512689814726672,0.6600232611778479,0.07851195950696324,0.5405516070036795,0.5649717344460168,0.6613456373826081,0.7242664630240697,0.8421008814723643,0.34228670573056985,0.03328815037892213,0.25649671452871237,0.30235818183184965,0.3435927504913115,0.37802679366432324,0.42642256553800956,0.32234802972747256,0.033788693035238945,0.27086107381835445,0.2728004533995447,0.33250913221052514,0.3639894281348648,0.376449893537976,0.347825726622966,0.036149275497090225,0.2696905331853251,0.3067078127802215,0.3470197058028461,0.3851009752690149,0.48437959885923104,0.33767523145037537,0.05314285970933729,0.2696905331853251,0.27291427636315796,0.3335742881812853,0.3879696894197067,0.4656509879343883
mobius_pairwise,nq_140,50,True,15,5,2.0,1.0,5,1;6;7;16;21,1;6,1,1,2,2,4.005944235030746,0.8011888470061492,10,8.7156232863801,4.982376857108736,3.7332464292713645,0.97643262207799,-49.02356737792201,-45.290320948650646,-45.290320948650646,True,0.97643262207799,0.0,3003,0.2798776896699914,0.4198785753364698,0.0005436762886783795,0.0009188127992721324,0.013960745363620007,0.9962575067774901,1.0,0.8011888470061492,0.3454555102729359,0.11436781583482536,0.42877796526564294,0.9922621554647041,0.999568429727739,1.0,0.8873674869868267,0.031843134057478545,0.7918473029070647,0.8479018469840616,0.8907552225698214,0.9219308020913017,0.9901216169141247,0.8715623286380101,0.0527821284026391,0.798785067897302,0.8191749895502322,0.8815301519119549,0.9079607764855495,0.9901216169141247,0.44313030888517524,0.043289004212098595,0.3627741736519547,0.3923777338703687,0.4405257161177379,0.5100022643720937,0.5950608084570623,0.4982376857108736,0.06653988069092256,0.41025713746809067,0.41873619958232605,0.5352747282129431,0.5529699983989591,0.5950608084570623,0.44423717810165136,0.04734510241240674,0.33849786700964357,0.38734316157966503,0.4463426692450848,0.510564379693804,0.5481265831839508,0.37332464292713646,0.02597982003583082,0.3437427085758664,0.3465097848934253,0.3695410397784737,0.39984676738138647,0.4131507030015131
mobius_pairwise,nq_141,50,True,15,5,2.0,1.0,5,14;24;33;35;45,2;3;5;7;11;13;14;16;18;19;20;21;22;23;24;25;26;29;30;31;32;33;34;35;36;37;39;44;45;46;47;48,1,1,13,5,4.892661091017662,0.9785322182035324,10,8.469424092156384,5.136312347343909,3.333111744812475,0.24365125632624718,-49.756348743673755,-46.423236998861285,-46.42323699886128,True,0.24365125632624718,0.0,3003,0.8986335915693316,0.09109592852364096,0.729434763613293,0.7437550354074739,0.9299554254892274,0.9833190089556618,1.0,0.9785322182035324,0.013997035940831962,0.9604639553522273,0.9630962153409915,0.9788625462455814,0.9945159936382861,1.0,0.853432237026981,0.057673559493438685,0.7453586960337384,0.786766943100909,0.8402391885499224,0.9417302554270003,0.9819927486907674,0.8469424092156383,0.07036799536014299,0.7648924158360101,0.7688669384090633,0.8119167656579116,0.9261486814160124,0.9616721794023995,0.5102143324290883,0.033672272754091265,0.4450562443520042,0.47015272811760034,0.5031312408267856,0.5547616170621729,0.5909963743453837,0.5136312347343909,0.0348203628478249,0.4719746910703946,0.47303585532151315,0.49491195298082485,0.5544374774763472,0.5703713439412358,0.34321790459789264,0.026756633461848096,0.2929177247656155,0.3109556188120269,0.34103649144133874,0.37930344128925036,0.4041039888903105,0.3333111744812475,0.0356930168627636,0.2929177247656155,0.29583108308755013,0.3171972379524757,0.37288173860236823,0.3913008354611637
mobius_pairwise,nq_142,50,True,15,5,2.0,1.0,5,4;6;10;37;41,0;1;2;3;4;5;6;7;8;9;10;11;12;13;14;15;16;17;18;19;20;21;22;23;24;25;26;28;30;31;36;37;39;41;42;43;44;45;47;49,1,1,13,5,3.4879800850106215,0.6975960170021243,10,8.491524205466202,4.969858377854074,3.521665827612127,1.4818782928434522,-48.518121707156546,-44.99645587954441,-44.99645587954442,True,1.4818782928434522,0.0,3003,0.2950009456804049,0.3308609929235955,0.042675789112409296,0.05492281510746219,0.12477146250430379,0.8425482977149593,1.0,0.6975960170021243,0.28644610663007314,0.18269257245086912,0.3742993911465763,0.7179921915340489,0.9702342807342266,1.0,0.8381604740436127,0.050465104705745174,0.7196737027434524,0.7704903165771361,0.8389024987640085,0.906221089509476,0.9481865535637356,0.8491524205466201,0.04087704281747948,0.777889465571484,0.8057178064887889,0.8470796401108545,0.9029918531363081,0.906587297164126,0.4508170263418254,0.043668577873622626,0.3578457352877833,0.3909966449856836,0.4569975114810619,0.5084080501550939,0.551587859016023,0.49698583778540745,0.03656053707392211,0.42448388749412747,0.46268064770206474,0.5106850161834843,0.5359768702710812,0.551587859016023,0.38734344770178736,0.04073577601032932,0.291754069141828,0.3352097773976971,0.38399986421484467,0.44234651379461737,0.4778306432977821,0.3521665827612127,0.022624923446625735,0.30579701494831113,0.3313977858643099,0.35420250811272974,0.3752041189638919,0.3869493357198187
mobius_pairwise,nq_143,50,True,15,5,2.0,1.0,5,8;26;34;45;47,6;26;47,1,1,2,2,4.684517634999127,0.9369035269998254,10,7.3679716943923825,4.626761537751763,2.7412101566406184,-0.057756097247363414,-50.05775609724736,-47.316545940606744,-47.316545940606744,True,-0.057756097247363414,0.0,3003,0.8280565472035492,0.10695579091955242,0.6809631886241392,0.7115815204720187,0.8022322444478693,0.9809581168750492,1.0,0.9369035269998254,0.07236637330087209,0.8022322444478693,0.8557154478025013,0.9463852025959388,0.9999839740483478,1.0,0.7343523830445872,0.049615071685461525,0.6519557616170634,0.6806199975597381,0.7343392016497531,0.7668899579810106,0.9936306718343298,0.7367971694392382,0.09287823681211149,0.6526590343255073,0.6591642336250509,0.7249998298201147,0.778307190387352,0.9936306718343298,0.45787929798808735,0.026091168325084253,0.407233530081226,0.4301146550596039,0.45747569089173273,0.47886484114752104,0.5968048335787555,0.46267615377517635,0.049527431110125704,0.407233530081226,0.414240246027766,0.459861968304375,0.4835047998273887,0.5968048335787555,0.27647308505649976,0.028489337065075376,0.2286263968773744,0.24509115981295043,0.27442546145687563,0.3082710807875235,0.3968258382555744,0.27412101566406183,0.04403747195392646,0.23082198092139794,0.24346363526499662,0.2651378615157397,0.2948023905599632,0.3968258382555744
mobius_pairwise,nq_144,50,True,15,5,2.0,1.0,5,11;20;28;36;39,0;1;3;4;5;6;8;11;12;20;21;22;28;29;36;39;40;41;43;45;48,1,1,15,5,4.985543312866102,0.9971086625732204,10,8.798856033453582,5.395905406062423,3.4029506273911583,0.410362093196321,-49.58963790680368,-46.186687279412524,-46.186687279412524,True,0.410362093196321,0.0,3003,0.9988744512554981,0.002487140004167293,0.9907039532235059,0.9967816325677443,0.999817687153195,0.9999924617782676,1.0,0.9971086625732204,0.0037110748213516503,0.9907039532235059,0.9924543235387592,0.999817687153195,0.9999741648919739,0.9999872375043454,0.9140589317475382,0.030028750349439824,0.8453573296123663,0.8743813998176043,0.9143970714565857,0.9547281681607365,0.9746394192898058,0.879885603345358,0.020759730502135625,0.8453573296123663,0.8466393770660438,0.8869842002979422,0.9006861427082038,0.9083980569372776,0.5568659248065548,0.015052104064385875,0.5224550265758168,0.5369734712050134,0.5571517043588928,0.5773389499937593,0.5868130522829187,0.5395905406062422,0.010465132466830729,0.5225198243883212,0.5228919405681628,0.5432057624157024,0.5499920691377628,0.5541819398169817,0.3571930069409833,0.014980682365290338,0.3228375052240451,0.33722401175267425,0.35724536709769283,0.3773892181669771,0.3878263670068871,0.3402950627391158,0.010301402244288304,0.3228375052240451,0.3237474364978809,0.3437784378822399,0.35069407357044097,0.3542161171202959
mobius_pairwise,nq_145,50,True,15,5,2.0,1.0,5,17;18;25;30;33,8,1,0,1,0,1.5550493902140923,0.31100987804281843,10,7.6518199652853225,3.8539380031644037,3.7978819621209188,2.2988886129503117,-47.701111387049686,-43.90322942492877,-43.90322942492877,True,2.2988886129503117,0.0,3003,0.12411260270206996,0.24982377146084375,0.0003056729738844785,0.0012171470548439191,0.02227293981182955,0.27083600782015677,1.0,0.31100987804281843,0.36403978079305604,0.0003056729738844785,0.005905579770122712,0.2671347927263995,0.7093213938197314,1.0,0.8274344366742253,0.07738775466266151,0.646427216998416,0.7064233772503008,0.8388649040062617,0.9395730587042666,0.9591967432411008,0.7651819965285322,0.07229288847556918,0.646427216998416,0.6876857400683967,0.7578929769149916,0.8608304963136111,0.8692411511876752,0.4139269742378222,0.04148568442300728,0.30712141140662563,0.35218308134869764,0.41976072529436476,0.46951652123189935,0.4812768150062394,0.3853938003164404,0.03816895565705288,0.3267412106800466,0.3462925869000602,0.3776214218668432,0.441384006180051,0.441429153575971,0.41350746243640313,0.038339510313754994,0.3196860063183694,0.3536890509141339,0.4171751128378494,0.46859956859759827,0.4794015056506789,0.3797881962120919,0.03610985626633264,0.3196860063183694,0.3273643597587152,0.3832048650210671,0.4194063591149645,0.4278621613849486
mobius_pairwise,nq_146,50,True,15,5,2.0,1.0,5,9;14;22;27;46,2;6;8;9;14;22;33,1,1,5,3,4.695037659365871,0.9390075318731743,10,7.660852427250855,4.756149521950241,2.9047029053006135,0.061111862584369625,-49.93888813741563,-47.03418523211501,-47.034185232115014,True,0.061111862584369625,0.0,3003,0.7653311039414603,0.21408395373434777,0.37296853192572677,0.45708885741325833,0.7921845573528911,0.999802547391509,1.0,0.9390075318731743,0.08723462142539276,0.7760333488899122,0.8333992393775532,0.9996559691432879,0.9999601064894625,1.0,0.7828119641483741,0.08094721396214288,0.6697226214192107,0.6901274728618221,0.7580477833279421,0.8983281637829361,0.9864698751753629,0.7660852427250855,0.1125318208149339,0.6698701254399899,0.6787075695633875,0.6932477842696874,0.9186430782968752,0.9747838317777738,0.46107967847576037,0.050548418725567174,0.3587644039731197,0.4003307096998653,0.45301880738383044,0.5305985985698097,0.5932349375876814,0.4756149521950241,0.060419290426741434,0.4284132886438478,0.4303426046200995,0.43851977867266545,0.5593163869229432,0.5873403936339431,0.32173228567261364,0.041230535560221784,0.2358320291773619,0.2676058217127836,0.31860189326189065,0.37662922025353784,0.43259758965110884,0.29047029053006135,0.053078973078217025,0.2358320291773619,0.23944348142743047,0.2637626534168108,0.359326691373932,0.38744343814383075
mobius_pairwise,nq_147,50,True,15,5,2.0,1.0,5,6;11;16;40;44,0;6;8;11;40,1,1,5,3,4.8840226329480885,0.9768045265896177,10,7.2915582254642,4.616436562692808,2.6751216627713914,-0.26758607025528036,-50.26758607025528,-47.59246440748388,-47.59246440748389,True,-0.26758607025528036,0.0,3003,0.557314833019451,0.3883338321643146,0.08131696746192221,0.13104269657301237,0.39456500475421397,0.9999613731263202,1.0,0.9768045265896177,0.03948089940771547,0.8985244608118397,0.9336598466110314,0.9992290719794727,0.9999613731263202,0.9999945159376874,0.7406681097588647,0.0745522432728761,0.5648604131062104,0.6639248428368125,0.7292899557012426,0.846696415313414,0.9763227270039843,0.7291558225464201,0.10007870351165979,0.6310492070577737,0.6426060714419998,0.6817889761299353,0.8181811106410777,0.9763227270039843,0.4079385241780391,0.06165555822288091,0.2403184402147568,0.34021097144931545,0.411950145794522,0.4865447392060611,0.5881613635019921,0.4616436562692809,0.05133219394229446,0.4119925445367946,0.4140878924760216,0.4408900415584674,0.5090793329580205,0.5881613635019921,0.33272958558082544,0.05301919331585311,0.21672849814406014,0.2613547212114971,0.3338265269366263,0.39529273180665436,0.4573786212974431,0.26751216627713914,0.0490514956049021,0.21672849814406014,0.2303807104675132,0.2443066814373125,0.30910177768305713,0.38816136350199215
mobius_pairwise,nq_148,50,True,15,5,2.0,1.0,5,0;1;5;11;22,0;1;4;6;17;22,1,1,6,3,4.565626155180066,0.9131252310360132,10,8.739109744093332,5.250094319115833,3.489015424977497,0.684468163935767,-49.31553183606423,-45.826516411086736,-45.826516411086736,True,0.684468163935767,0.0,3003,0.6179799857533544,0.3340728944869582,0.11693466741634224,0.12814635277625017,0.7777732224502046,0.9759469094205561,1.0,0.9131252310360132,0.08765864872913202,0.7777732224502046,0.8039527166841646,0.9541583769814903,0.9961890390853066,1.0,0.8931260169388795,0.03957495161288062,0.7913731910849913,0.8392608985252691,0.894222745046936,0.94377867520436,0.9688167917829944,0.8739109744093332,0.028704885670205297,0.8205861759787799,0.8441887650889472,0.8751115290331404,0.9136482096798482,0.9226925744460722,0.4933963508426335,0.04443990476858313,0.3473748253227091,0.4382088492588576,0.49922856299081897,0.543726353651495,0.579579325904396,0.5250094319115834,0.0202889291826885,0.4751138782802225,0.5139290315874667,0.5243418962036931,0.5428046578708918,0.56040744254225,0.399729666096246,0.043060196435120615,0.3000046763849906,0.3439399664631997,0.39456073919391216,0.45695521826801455,0.5028774900780055,0.3489015424977498,0.015754385597814512,0.3234056374950385,0.3250909031706168,0.34976312663304954,0.3639177991899113,0.37179448735397125
mobius_pairwise,nq_149,50,True,15,5,2.0,1.0,5,2;4;6;12;38,2;4,1,1,2,2,4.7923297644112495,0.9584659528822499,10,8.4902932436603,5.171512754327937,3.318780489332363,0.3791829899166874,-49.620817010083314,-46.30203652075095,-46.302036520750946,True,0.3791829899166874,0.0,3003,0.4229209643240577,0.4251651489985974,0.008843538522558075,0.01672354748795166,0.20062836815849822,0.9820693302929886,1.0,0.9584659528822499,0.04297337120871941,0.8823954469571863,0.9112783722194705,0.9556480205585559,0.9998734147130441,1.0,0.8198200419205747,0.060412040595386275,0.6793260575255271,0.7414953744088351,0.8120571310518756,0.8962956907815413,0.9711121483546042,0.8490293243660301,0.05258137910929171,0.7584221970537947,0.8066936376520675,0.8540431216769752,0.8798468704466016,0.9711121483546042,0.4414837914826047,0.04819012718838356,0.3541893184433558,0.38291566791633,0.4406683961782504,0.5113460756368293,0.5855560741773022,0.5171512754327938,0.028890206225098428,0.4680051153649711,0.48775460316879954,0.5183057055546634,0.537209413784859,0.5855560741773022,0.37833625043797,0.04698377684515915,0.24387708571655137,0.32042153290736947,0.3777997573997892,0.43787174121794925,0.5008833244362034,0.33187804893323625,0.024934446717049596,0.2904170816888236,0.3086016838177954,0.3291100122239856,0.3545667836787299,0.3855560741773021
mobius_pairwise,nq_150,50,True,15,5,2.0,1.0,5,8;9;16;31;36,,0,0,0,0,1.2647089484318046,0.25294178968636094,10,7.418361935279548,3.6506192969789177,3.767742638300631,2.385910348547113,-47.614089651452886,-43.846347013152254,-43.846347013152254,True,2.385910348547113,0.0,3003,0.10987726860390075,0.24388636210932857,0.005039609422128048,0.005303840974626208,0.015326905065562422,0.16209952052692136,1.0,0.25294178968636094,0.3772088397808804,0.005516648474309958,0.007833194526696147,0.10896424945528031,0.6555680147587756,1.0,0.7845588176621918,0.08513276651413773,0.5945453816627453,0.6668724607016971,0.7848996603128018,0.907648840657293,0.9589421295367417,0.7418361935279549,0.08288120177446447,0.596413942440611,0.5995977727848429,0.7552797704193145,0.825880410308916,0.861351372674265,0.3914650068152674,0.04217778021736271,0.2969664209440035,0.33252706705497515,0.3899063912617255,0.4530504393478772,0.4792436167850277,0.3650619296978918,0.036000093582072505,0.29800710909602357,0.2997825698453047,0.3754397954655633,0.4007524782160964,0.41132567552769295,0.39309381084692435,0.0436442608651952,0.2975789607187418,0.33434539364672206,0.39303482436860615,0.45518234894938164,0.48367474726409143,0.376774263830063,0.05145945255244634,0.2984068333445874,0.2998152029395382,0.3774876048213737,0.417919639792975,0.48367474726409143
mobius_pairwise,nq_151,50,True,15,5,2.0,1.0,5,0;1;4;10;23,4;6;18;22;28;38,1,1,4,1,2.82275729640961,0.564551459281922,10,8.61958597381662,4.6630786869910885,3.9565072868255307,1.8403213905814786,-48.15967860941852,-44.203171322592986,-44.20317132259299,True,1.8403213905814786,0.0,3003,0.2515590226483344,0.3187507709693027,0.023584364173138552,0.03422704634552414,0.12146612704156688,0.8192370761133249,1.0,0.564551459281922,0.38851464060943736,0.0634810462320852,0.12230456367202278,0.5500238504701617,0.9994850239501736,1.0,0.8416715816213117,0.05571130595336936,0.7270431795077594,0.7781201700292247,0.8360133475351307,0.9194946371696046,0.9977367541642936,0.8619585973816619,0.05197924679030594,0.7738827822788343,0.8268356374066657,0.8503200568536509,0.9092406973761574,0.9829597755185561,0.44217633096833125,0.042375708003333325,0.37320686902853584,0.3947030593004349,0.43368003066485133,0.5012459387929494,0.5910103044863441,0.46630786869910884,0.05267291212297066,0.40387216953042177,0.4082655272542173,0.45742926624924407,0.5159855543336399,0.5910103044863441,0.3994952506529805,0.02798523346006496,0.33124948269046506,0.36294013405085934,0.3951823814826101,0.434392838241464,0.4861818854705486,0.39565072868255313,0.01603966298783546,0.3651291041664176,0.38499237334714453,0.39382404424680606,0.4147426043167908,0.4300275638461413
mobius_pairwise,nq_152,50,True,15,5,2.0,1.0,5,0;1;2;6;20,0;1,1,1,2,2,4.9625924163572215,0.9925184832714443,10,8.571879021623257,5.276678051699461,3.295200969923796,0.31408563534223966,-49.68591436465776,-46.390713394733964,-46.390713394733964,True,0.31408563534223966,0.0,3003,0.3727967064825186,0.4633873044413939,2.960393085685946e-05,4.07468426194983e-05,0.0035953893481641694,0.9997373325309047,1.0,0.9925184832714443,0.008961574274231601,0.9799420711865438,0.9812879528812365,0.999344046587684,0.9999998092638873,1.0,0.7271946935861653,0.08205907423082925,0.5592894755286377,0.6361699980458527,0.7110742173751649,0.8394019367038691,0.9910344755994722,0.8571879021623257,0.05867035772361707,0.7950721740221726,0.8061325744944504,0.8434589716606381,0.9266855785962235,0.9910344755994722,0.36931625979612354,0.07650188245916963,0.2171193642711537,0.2800883263875754,0.3564460636227466,0.48963687503282344,0.5955172377997361,0.5276678051699462,0.029580376508135522,0.49747717974065475,0.501377326456591,0.5209043817129255,0.5633427892981118,0.5955172377997361,0.3578784337900417,0.04617257120626483,0.1944172454892117,0.3069741071791172,0.3536598987390036,0.42328485711735153,0.46348338123289035,0.3295200969923796,0.029114970501437607,0.2975949942815178,0.3045993506409801,0.3225545899477125,0.36334278929811176,0.39551723779973613
mobius_pairwise,nq_153,50,True,15,5,2.0,1.0,5,9;11;12;30;46,0;1;46,1,1,2,1,2.3560193356943153,0.4712038671388631,10,6.942773820380629,3.380251039152474,3.5625227812281555,1.0242317034581587,-48.975768296541844,-45.41324551531369,-45.41324551531368,True,1.0242317034581587,0.0,3003,0.24553715540292434,0.2383434650909662,0.026377081041142572,0.048823562033222107,0.16634545871143275,0.44784732411460304,1.0,0.4712038671388631,0.28086352969999623,0.22368994833880085,0.23753390718653344,0.38285200511913087,0.7964710147113006,1.0,0.7187036626200285,0.08140282055003803,0.5048148424709088,0.6316537442851087,0.7076391266879016,0.8360032750192222,0.8810390869623616,0.694277382038063,0.05452797984804724,0.6311067966007992,0.6363192434651428,0.6798076933399324,0.7861018053408199,0.7899888179333061,0.34557636800963415,0.050966871166724236,0.2331731828051291,0.2734440109453857,0.3483194948091116,0.41669146132862195,0.4396565518264232,0.3380251039152474,0.04265375666744097,0.2824716134560011,0.30175752443692994,0.3266018438306484,0.39726398646661304,0.4278339474961683,0.37312729461039446,0.050208788943555356,0.24569926137895615,0.3131406225448728,0.36595152587677765,0.44000341852766855,0.5005735548826371,0.35625227812281557,0.036489220800002824,0.3042982528063584,0.31031453365282996,0.3553950267909679,0.4013988313730546,0.40435485915639763
mobius_pairwise,nq_154,50,True,15,5,2.0,1.0,5,2;9;15;27;42,,0,0,0,0,2.5656907262960345,0.5131381452592069,10,8.770677776844177,4.64504037669391,4.125637400150267,2.0793496503978752,-47.92065034960213,-43.79501294945185,-43.79501294945186,True,2.0793496503978752,0.0,3003,0.1814584896477531,0.33710132373899143,0.0034474924396700715,0.0037473804985694373,0.015155668986172184,0.7783739461972039,1.0,0.5131381452592069,0.41897653130159357,0.0053147511246182996,0.009751094808720004,0.7400413635236109,0.9215716005251731,1.0,0.8932389919437144,0.03360979848948984,0.8027547226253933,0.8447681988824791,0.8981064181163769,0.9320623652942489,0.9553666742846327,0.8770677776844178,0.047859054259848446,0.8188178041590437,0.8220578409560322,0.8638248847860117,0.9363288036191437,0.9452758521739885,0.46098947951320957,0.03911458988174093,0.35483658557682746,0.4167781927525262,0.45583373934801374,0.519559911675135,0.5726379260869943,0.46450403766939097,0.05927627971584186,0.4018109277022647,0.41049067238722836,0.44726886915668845,0.5636103909744967,0.5726379260869943,0.43224951243050486,0.031517490414208066,0.359256705056294,0.3799021573537563,0.4416827199900255,0.46600820207734367,0.49520641492749967,0.41256374001502677,0.030922708610878213,0.36260733151755264,0.37163486663005,0.41276023828043074,0.45713905453994097,0.4661380899912843
mobius_pairwise,nq_155,50,True,15,5,2.0,1.0,5,7;18;22;33;42,,0,0,0,0,2.290929946890881,0.45818598937817623,10,6.725530340256641,3.392020241690104,3.3335100985665367,1.101090294799223,-48.89890970520078,-45.56539960663424,-45.565399606634244,True,1.101090294799223,0.0,3003,0.22837391651800695,0.25286563870568085,0.030590506027212187,0.04448548475518501,0.15057102229247601,0.5085237945745278,1.0,0.45818598937817623,0.3240744710348403,0.07026124773525068,0.1465966030330687,0.33608821665486477,0.849392338608388,1.0,0.7515813625810347,0.09312167544643385,0.5110233614192161,0.6126043878965327,0.7656221219027011,0.8658554404342622,0.9274238675226398,0.672553034025664,0.06596202994552251,0.5618814159050374,0.5949343220654899,0.6847467930925834,0.7553436461401658,0.7678793098015115,0.37524836063535744,0.04765441854966553,0.24840373494517073,0.30726721935992046,0.3826408700447262,0.4361254674326305,0.470914459151632,0.33920202416901035,0.036297493345522555,0.28349646808839285,0.29594748276975125,0.34619966651936107,0.38717802012960995,0.3904452720275782,0.3763330019456773,0.046382889796064336,0.26261962647404535,0.30789662281458874,0.3814714065131529,0.43190860584320556,0.46995463531354253,0.33335100985665367,0.03039340354149996,0.2783849478166445,0.2957248154858318,0.33874152245550493,0.36816562601055586,0.3774340377739333
mobius_pairwise,nq_156,50,True,15,5,2.0,1.0,5,1;3;7;9;16,0;3;4;5;6;7;8;14;16;17;24;27;39;42;43;49,1,1,9,3,4.221852057700074,0.8443704115400148,10,8.82560056660679,5.203168458809986,3.6224321077968034,0.981316401109912,-49.018683598890085,-45.39625149109329,-45.39625149109328,True,0.981316401109912,0.0,3003,0.5815967265198887,0.22365916861279994,0.2927789513050607,0.3340258336591213,0.6100862307598982,0.9214012431620898,1.0,0.8443704115400148,0.13166259226460358,0.6533110272326749,0.6934728861610736,0.8374698519307332,0.9909422015931977,1.0,0.8922785237705871,0.03297303973774005,0.8153574152719382,0.8548566094741983,0.8918023866897363,0.9363756687554643,0.9825039947372144,0.8825600566606789,0.03998233422298085,0.8267192456776074,0.8582995155859825,0.8654012339453423,0.9160537883535783,0.9825039947372144,0.48366323430575897,0.03727897174071534,0.4018894273626461,0.43615321911970817,0.4818881692950654,0.5334157030823412,0.5912519973686072,0.5203168458809987,0.03240687883598175,0.46310965287954464,0.492648535671918,0.5166219511201244,0.553089853967019,0.5912519973686072,0.40861528946482817,0.03190892578448158,0.3395664973738427,0.36417632717286424,0.41011003397636797,0.4495972252069172,0.48188709337400515,0.3622432107796803,0.015278428496009312,0.3395664973738427,0.3411409754138813,0.3617152045377528,0.3839017284150769,0.39125199736860716
mobius_pairwise,nq_157,50,True,15,5,2.0,1.0,5,0;1;3;10;49,0;1;49,1,1,3,3,2.4472412040731015,0.4894482408146203,10,7.536055915285338,3.765439159339046,3.7706167559462918,1.3181979552659446,-48.681802044734056,-44.91118528878776,-44.91118528878776,True,1.3181979552659446,0.0,3003,0.17067528132945584,0.3433223457599231,0.00013413633987799533,0.00014242084793599302,0.0003713879954406442,0.7786627241862369,1.0,0.4894482408146203,0.44755435222041123,0.00016771669010873247,0.00021267831584572734,0.44706647895443963,0.9998907550696409,1.0,0.7792767775240517,0.08097977801733548,0.6221584460005143,0.6731265175940514,0.7719640171161876,0.8977909002554887,0.9616185129263017,0.7536055915285338,0.09685413984262523,0.6221584460005143,0.63023008327096,0.7266848209934527,0.8709787867598463,0.9182237780245253,0.38476669836728783,0.05305936018112108,0.2415125704440415,0.31921286982948227,0.38115931100453754,0.4535345620060269,0.5590678769425605,0.3765439159339047,0.08445202903709281,0.2415125704440415,0.3041071606311787,0.3721763331294227,0.44558343009770585,0.5590678769425605,0.3945100791567638,0.04448023380968732,0.3103362816694793,0.33208057864607987,0.3899371624761757,0.45548829081818987,0.48063546023874304,0.37706167559462916,0.0572100252051936,0.3103362816694793,0.3110203259806362,0.3853962634873389,0.4407406392975239,0.4432263659114219
mobius_pairwise,nq_158,50,True,15,5,2.0,1.0,5,7;14;22;25;26,,0,0,0,0,1.4385683233030826,0.28771366466061654,10,7.071060596142258,3.380147579360667,3.69091301678159,1.9415792560575844,-48.05842074394241,-44.36750772716083,-44.36750772716083,True,1.9415792560575844,0.0,3003,0.10318927859221882,0.2457696504455646,0.002469679774676407,0.0034947388701065305,0.010028775180068976,0.15870290868838938,1.0,0.28771366466061654,0.36050680316868716,0.00809725922803341,0.054109246320257556,0.12851696790741965,0.6715307476836144,1.0,0.7112631417759978,0.05051479510382131,0.6052635170362864,0.6456398949773373,0.7130995439335466,0.7739635928319156,0.8621464264262653,0.7071060596142257,0.052853694705488924,0.6442553026077753,0.6508250267232831,0.6892874618658484,0.7735199106224181,0.8098288371930434,0.3485739874749315,0.03086629465665654,0.26506300742387967,0.3106931801969189,0.35196532691712684,0.3849423526795998,0.43110001588811625,0.3380147579360667,0.041034470724091,0.26594464527875233,0.27956056048913436,0.33563227491481096,0.3791559923226564,0.4055140860148042,0.36268915430106635,0.030519121723190018,0.30599678279891157,0.32572041042943145,0.35878381678497634,0.3985311046124979,0.46414427875667474,0.369091301678159,0.03163476637061857,0.3257075639282934,0.32573646855585403,0.3693833099712164,0.4063622297291713,0.42478953668756
mobius_pairwise,nq_159,50,True,15,5,2.0,1.0,5,15;17;25;27;40,32;49,1,0,2,0,3.2077251772009245,0.6415450354401849,10,7.145377569418241,3.9324914927388677,3.2128860766793736,0.7247663155379431,-49.27523368446206,-46.062347607782684,-46.062347607782684,True,0.7247663155379431,0.0,3003,0.23057642021766858,0.3631921347003938,0.0010955206300150302,0.0018765715841142722,0.04535864862495994,0.9193531366140518,1.0,0.6415450354401849,0.374131101820571,0.06944143504358874,0.1776227888916534,0.7984010844104972,0.9999951352332354,1.0,0.7487187848738004,0.0658540143016545,0.6273761698050032,0.6764903075717983,0.7374083291104443,0.8193208436823994,0.9608526390611256,0.7145377569418241,0.0778386506906023,0.6470141282636521,0.662901236958293,0.6917301051093766,0.7640420157741374,0.9335939959605442,0.374593040885107,0.04421933633575365,0.25854171561595657,0.3286042212819686,0.3742825924658746,0.4207757116983272,0.5667792298356645,0.39324914927388677,0.06970506981275226,0.3112811084071099,0.3262556593349831,0.37421578138660316,0.4546896279593958,0.5667792298356645,0.37412574398869336,0.04745095458713869,0.26013626465252576,0.32631590658240633,0.36962057138775045,0.4263707493141769,0.56644740698892,0.3212886076679374,0.031310482899727245,0.26013626465252576,0.2748624524509087,0.33502273165728635,0.3467226171891127,0.3668147661248796
mobius_pairwise,nq_160,50,True,15,5,2.0,1.0,5,4;12;25;41;48,4,1,1,1,1,4.886625539303988,0.9773251078607975,10,7.405512967891585,4.676850070152228,2.7286628977393566,-0.2097754691517597,-50.20977546915176,-47.481112571412396,-47.4811125714124,True,-0.2097754691517597,0.0,3003,0.6724235181201619,0.38051543195572585,0.034820770640464925,0.11829725017245708,0.9294152460755838,0.9962200185881596,1.0,0.9773251078607975,0.02590692414362409,0.9333141735735867,0.945022379661635,0.9910799378692812,0.9998586956269647,1.0,0.7850406476889297,0.05638773399453914,0.6482330586020736,0.7243136213051051,0.7820778338062148,0.8660579921766297,0.9363065129736569,0.7405512967891585,0.03772558062384105,0.6901429339884184,0.6926089618223573,0.7477740764956926,0.7844804178855215,0.7890870099270134,0.45025018535547107,0.04674411469036693,0.2927116102761207,0.39074422762247535,0.4555135634767832,0.5046037674408829,0.5585565645881736,0.46768500701522286,0.02052883667244483,0.438049425911827,0.4413558571347428,0.47361665369775174,0.4893614945165558,0.4939677896600857,0.3347904623334586,0.04786640416449794,0.24825577472826815,0.2765061534514248,0.33939497372148636,0.39554086231595287,0.44150544976509526,0.2728662897739357,0.017428601147033124,0.2511597265332838,0.2520001299222607,0.274157422797941,0.29516983921446016,0.29562540974225243
mobius_pairwise,nq_161,50,True,15,5,2.0,1.0,5,1;2;6;9;27,2;12;21;25;32,1,1,1,1,1.0210006861739234,0.20420013723478467,10,8.539617712839028,4.129477250190213,4.410140462648816,3.1084765640162897,-46.89152343598371,-42.48138297333489,-42.481382973334895,True,3.1084765640162897,0.0,3003,0.06906437959453653,0.24881712456737873,0.000630016956097572,0.000769263663682933,0.0016198313700177657,0.009042843010858056,1.0,0.20420013723478467,0.3979144930319591,0.0012545078444088716,0.0018473008114104354,0.005814849148515055,0.6044779355676347,1.0,0.8596783570227259,0.03706217568140949,0.7919276767736331,0.8149986396765583,0.8548446832528194,0.9171492249686387,0.9550085302784225,0.853961771283903,0.029229776013593254,0.8026195899665705,0.8088004566066287,0.8577929793494812,0.8843577645522801,0.8915046046208146,0.4306560198353047,0.025525633459175395,0.3537954009734887,0.4060364252559357,0.42858725480674875,0.46608367809041334,0.4983307322933964,0.41294772501902133,0.041851005747617194,0.3537954009734887,0.36364170700749465,0.4167212141924234,0.47264359852389665,0.4728969435483872,0.4290223371874212,0.02552406723866228,0.36570903176154823,0.4010574275748276,0.42668465546979073,0.46223823761433896,0.5085804291390311,0.4410140462648816,0.043519932656694724,0.36570903176154823,0.39539901364445235,0.4482714805264373,0.49022459821006864,0.5085804291390311
mobius_pairwise,nq_162,50,True,15,5,2.0,1.0,5,1;4;6;17;46,1;4;17;46,1,1,4,4,4.857751288991583,0.9715502577983166,10,7.827820481251692,4.884506357407081,2.9433141238446114,0.026755068415497796,-49.9732449315845,-47.02993080773989,-47.02993080773989,True,0.026755068415497796,0.0,3003,0.39041113007728645,0.42620279260797733,0.0011365155774563835,0.0020143454713683426,0.1582706612009516,0.9819886174275877,1.0,0.9715502577983166,0.02775039380923773,0.9186238682843512,0.9418046063481825,0.9777120346519688,0.9939358690445335,1.0,0.7548650018283111,0.07714397528277192,0.5896063754312288,0.6578535817275231,0.7515632823314772,0.8518503312101091,0.9954629919022873,0.7827820481251692,0.05953050591802624,0.7329971636696736,0.7395273609368274,0.7570365714630587,0.8949817310475899,0.9039489850659316,0.4074830011649207,0.06409478636810363,0.19632693123889922,0.3268688121638629,0.40859491574466145,0.4820249635363846,0.5519744925329658,0.4884506357407081,0.030638559529155975,0.46247248477558695,0.4691898691165631,0.47540343718554334,0.5461450886082447,0.5519744925329658,0.3473820006633903,0.04957922503417656,0.26078807482960065,0.2786902538456969,0.3478578729991487,0.4200277580901643,0.49636554847222714,0.2943314123844611,0.029038565256897332,0.2701264692054778,0.27048485792522575,0.2807592266599885,0.3488366424393452,0.35197449253296575
mobius_pairwise,nq_163,50,True,15,5,2.0,1.0,5,1;2;4;30;34,,0,0,0,0,2.88902709883366,0.5778054197667319,10,7.0016096071529965,4.0222803429420635,2.979329264210934,1.1332532441084036,-48.8667467558916,-45.887417491680665,-45.887417491680665,True,1.1332532441084036,0.0,3003,0.19595370638359325,0.38374713271595556,0.0005152305801931336,0.000639129121277501,0.004577705251586932,0.952175286980478,1.0,0.5778054197667319,0.47225678999029175,0.0005743606957782214,0.000849201848260212,0.9006973887803048,0.9945975543122374,1.0,0.6989293213645643,0.06511001969891886,0.5860111247961509,0.6170083665258072,0.6888025320000364,0.7739113348816331,0.9877180006845907,0.7001609607152998,0.12945591127449552,0.5893546303883794,0.6093005781559705,0.6355403772477239,0.8624917694152274,0.9877180006845907,0.36537508480502356,0.04596816279851462,0.29428562725855073,0.32109924399810363,0.35630132680560367,0.4208603548867336,0.5774543954304912,0.40222803429420634,0.0846419474138423,0.2994809678176676,0.31623694928304075,0.37417425345423294,0.5081643603355129,0.5774543954304912,0.33355423655954075,0.04187707395835941,0.2116880652103873,0.2783371818861539,0.3370064945477625,0.380858082703634,0.43510625234445466,0.29793292642109337,0.05648937681685022,0.2116880652103873,0.23181203440376305,0.2994268354152477,0.35432740907971455,0.41026360525409955
mobius_pairwise,nq_164,50,True,15,5,2.0,1.0,5,4;30;32;40;49,4;32,1,1,2,2,2.7295165062672355,0.5459033012534471,10,7.2770348874884165,3.6420555716920395,3.634979315796376,0.912539065424804,-49.0874609345752,-45.45248161877882,-45.45248161877882,True,0.912539065424804,0.0,3003,0.2045694902626543,0.323310832340771,0.011139950312932526,0.012579076618976759,0.02651765227280469,0.7599249549417914,1.0,0.5459033012534471,0.37073867559587415,0.020198607439025348,0.11448926002313196,0.5605532050777977,0.9571357819404482,1.0,0.7500124484474293,0.07560162236657539,0.6173826887918505,0.6776379769180325,0.7331198078650751,0.8220845596416996,0.9916811686892356,0.7277034887488416,0.056446954465889716,0.6352919124058442,0.6547634135639803,0.7298958857683595,0.7986957482793761,0.809163786533612,0.37460129998332725,0.03819465088875062,0.308252477196516,0.33675643996620697,0.3663512588814921,0.41142248672085824,0.4958571840737511,0.36420555716920394,0.02840949037987925,0.3174585872893102,0.32788566345373615,0.3659501550090565,0.39931052974124537,0.4052889958337635,0.375411148464102,0.03745572753114656,0.30913021159533455,0.3392830041041368,0.36719160362746517,0.4106620729208413,0.4958239846154845,0.3634979315796376,0.028048687484440164,0.31783332511653395,0.32687775011024417,0.3639457307593031,0.3993852185381307,0.4038747906998485
mobius_pairwise,nq_165,50,True,15,5,2.0,1.0,5,3;6;12;17;24,0;3;5;12,1,1,3,2,1.5791396102217223,0.31582792204434446,10,7.216014749242252,3.555426125938435,3.6605886233038167,1.9762865157167127,-48.023713484283284,-44.363124860979475,-44.36312486097947,True,1.9762865157167127,0.0,3003,0.1501542834265738,0.2456609834196955,0.004720885430980973,0.0068135388547102115,0.06276019924031784,0.2758858586116637,1.0,0.31582792204434446,0.3566809230786616,0.02026529265887943,0.0372632552914548,0.18711178756136498,0.7236009323044641,1.0,0.751740938820087,0.07800611366381933,0.5226861652345332,0.6551528103206042,0.7462699592080996,0.8567089868410367,0.9338345467186335,0.7216014749242252,0.08964213516617504,0.5683768249936224,0.6374218410914443,0.7093938499817387,0.8426954342752668,0.8499249150447876,0.3772222486820209,0.06130170627415753,0.2123734552357257,0.29306657605193165,0.3777501984045366,0.45411871562136386,0.49651063041136945,0.3555426125938435,0.07463896029706715,0.2123734552357257,0.28037566497212185,0.3593773061821486,0.4537674631044413,0.4624055175218698,0.3745186901380661,0.035526829377936366,0.27198487461474397,0.3306076487828069,0.37718662455926105,0.4145513846023994,0.46765795644548397,0.36605886233038165,0.030332486948010984,0.3032867267687326,0.3314818679018718,0.364816775646554,0.399194150987363,0.41788638799308453
mobius_pairwise,nq_166,50,True,15,5,2.0,1.0,5,0;4;11;12;16,0;1;2,1,1,3,1,4.810567859281019,0.9621135718562035,10,8.020173145914969,4.940709836078136,3.079463309836833,0.13014197679711703,-49.86985802320288,-46.79039471336604,-46.79039471336605,True,0.13014197679711703,0.0,3003,0.755797133699925,0.2716932288532567,0.3437491730022812,0.37105048053731426,0.9166120165284214,0.9999151181799467,1.0,0.9621135718562035,0.07078881894690056,0.8205688928263416,0.8905848304144831,0.9962864203726686,0.999241523714125,1.0,0.8088640854735055,0.08321957638377386,0.6291248901665408,0.6933834249554589,0.8126822018604885,0.9125383061123451,0.9556729270077785,0.8020173145914968,0.05954121538266888,0.692344786167408,0.721445829931658,0.8116879880124301,0.8618453259685886,0.8828780049991715,0.4625075636580739,0.06305514840433372,0.3124272893158216,0.37844818728032253,0.4653415168998831,0.5427717759145143,0.5623091931456294,0.49407098360781354,0.036937173682797836,0.4306520349980717,0.44322130564042006,0.5052648633566484,0.5305591276992984,0.5410979924058967,0.3463565218154316,0.038943918617522895,0.24994689593614133,0.3001502480073987,0.3442265435971189,0.39365213923260217,0.43744588261132644,0.30794633098368335,0.023155667445436613,0.2616927511693363,0.2782245242912379,0.30642312465578175,0.3312861982692903,0.34178001259327473
mobius_pairwise,nq_167,50,True,15,5,2.0,1.0,5,2;4;11;24;26,4;5;24,1,1,2,2,2.563848863173138,0.5127697726346276,10,8.311996828128304,4.256911983395322,4.055084844732983,1.6930631202221842,-48.306936879777815,-44.251852035044834,-44.251852035044834,True,1.6930631202221842,0.0,3003,0.25453794722965434,0.26984438656008153,0.02418463331023555,0.024956148652466252,0.12121462280521023,0.5841620376524802,1.0,0.5127697726346276,0.31340920961055296,0.04468412757557684,0.1787154729620804,0.4973965454047746,0.8568022796603804,1.0,0.8322207448884084,0.05849788799378659,0.6938682475133668,0.7536660363251334,0.8405831433283681,0.9105851875642701,0.9529026361001262,0.8311996828128304,0.049261529245577064,0.758343115465096,0.764810022990484,0.8408079525079892,0.8771963674248109,0.9128246267573507,0.40789787882339124,0.05752840174358895,0.26896233079055604,0.3217644220803516,0.41524340338375904,0.47608390967785325,0.5237733453421414,0.4256911983395321,0.056938360081787966,0.32091442123862673,0.3462073355816697,0.4328406584480493,0.5000334897846406,0.505086098111494,0.424322866065017,0.03765729410724211,0.33179478606066454,0.37302103701216033,0.4262128354982971,0.4723687462816511,0.4895222119712529,0.4055084844732983,0.03658075244685788,0.33804459097874107,0.35926354365153546,0.40983365583926656,0.440547526943128,0.4686170213930564
mobius_pairwise,nq_168,50,True,15,5,2.0,1.0,5,4;14;19;21;31,0;4;17;19;39,1,1,2,2,3.275481771517469,0.6550963543034938,10,7.772585819292393,4.342180515641137,3.4304053036512574,1.0666987441236677,-48.93330125587633,-45.50289595222508,-45.502895952225074,True,1.0666987441236677,0.0,3003,0.32174294050281105,0.3317797290972354,0.027728236088190594,0.035202116203621965,0.1742870885760845,0.9300289816784321,1.0,0.6550963543034938,0.37336964548001195,0.06369189890257561,0.1852953074713336,0.8821234484791087,0.9847864015245258,1.0,0.8128805946009044,0.06650306863440167,0.6946427724112643,0.7268672532540325,0.8062494487840295,0.901693813278429,0.9657506973859467,0.7772585819292394,0.04960608313381002,0.6989675910488574,0.7150351158737049,0.7845669353615198,0.8289129580397775,0.8735884298737313,0.4324194504866792,0.04696323157792949,0.3040398156485957,0.37329860942123805,0.44297391686299975,0.48501211109829656,0.5296856729356049,0.4342180515641137,0.05626398581106908,0.33353344533660484,0.37341320765617475,0.45101574567044445,0.4944000980253547,0.5021177817249048,0.3804611441142252,0.04399360485203509,0.2854079479709456,0.3151162641177518,0.3776209675128234,0.4356505098914735,0.4864813212787359,0.3430405303651257,0.04553335371147143,0.28690356179964543,0.2928786760328288,0.3315457629577443,0.4009425423256103,0.413090386482848
mobius_pairwise,nq_169,50,True,15,5,2.0,1.0,5,5;9;14;22;48,0;1;4;6;8;15;17;18;19;20;22;25;31;33;41;44;46,1,1,5,1,1.0719709460616205,0.2143941892123241,10,8.566633548285932,3.8113697383907286,4.755263809895203,2.739398792329108,-47.260601207670895,-42.50533739777569,-42.50533739777569,True,2.739398792329108,0.0,3003,0.07523690971979276,0.2473381613156507,0.0009743533210876814,0.001002652197261667,0.0050150482032775435,0.03196606424898575,1.0,0.2143941892123241,0.3929951470481803,0.0010178458848614917,0.0042230428886133875,0.02593646410262436,0.6143943190719574,1.0,0.875869422548533,0.04832137964091608,0.791457358103162,0.8186717344908219,0.8690412582466355,0.9474781633158292,0.9660161799223285,0.8566633548285931,0.03446871232172467,0.8134080122627745,0.8299897084851714,0.8461234599948586,0.9076474145088319,0.9340673676620674,0.427684662165228,0.0425947002416895,0.3039140566049037,0.3630373111074058,0.4365075435362786,0.4733729465239604,0.5024526490944262,0.3811369738390729,0.04440435111418461,0.3243426884749392,0.3350216572376668,0.36921225800616964,0.4535631096729064,0.4677207827998078,0.448184760383305,0.02668271856635393,0.3961627078628681,0.4135105685542215,0.4480930582795384,0.4793835187902759,0.5102607187108555,0.47552638098952027,0.019295159492554736,0.4395122321818084,0.45140086956788034,0.4752390034005599,0.494243232413075,0.5102607187108555
mobius_pairwise,nq_170,50,True,15,5,2.0,1.0,5,0;2;4;7;30,0;1;5;8;21;45,1,1,3,1,2.91725852558361,0.583451705116722,10,8.395563012593872,4.449232408520523,3.9463306040733492,1.5319738829369127,-48.46802611706309,-44.52169551298974,-44.52169551298974,True,1.5319738829369127,0.0,3003,0.3100843568947596,0.2572541652536244,0.06664844630114276,0.09094923664059261,0.22879399614449672,0.6514707006352598,1.0,0.583451705116722,0.26928702862503134,0.24253901042895468,0.3189154393312053,0.46636479423392213,0.9099498552944607,1.0,0.8411819635711434,0.05161753666155131,0.7179803244458146,0.7765171393718094,0.8359088607451124,0.9131673799509389,0.9460750558885074,0.8395563012593872,0.054792655291906696,0.7549269412947006,0.7778250901272686,0.8401463215832488,0.9076280984087258,0.9194617257089497,0.41317461300943764,0.05101548210460827,0.3059096247958602,0.34066989201675396,0.41888961614676984,0.48092195417296263,0.5358833663449228,0.44492324085205226,0.04776743981179632,0.37733334068677316,0.37869887196193663,0.44876771893524003,0.4943653953585222,0.5358833663449228,0.4280073505617058,0.035009072397842726,0.3405238459880101,0.3845468271240366,0.42687482260931253,0.4755607213085795,0.5099094645441127,0.39463306040733487,0.02803284585589114,0.34404950166703796,0.3597366916324095,0.39450870031440255,0.4212678159187979,0.45146309657485184
mobius_pairwise,nq_171,50,True,15,5,2.0,1.0,5,2;16;24;27;32,2;4;6;15;24;32;42;44,1,1,5,3,4.952187763961222,0.9904375527922443,10,8.652156225826884,5.3223354895842805,3.3298207362426053,0.37014772562305875,-49.629852274376944,-46.300031538134334,-46.300031538134334,True,0.37014772562305875,0.0,3003,0.651241017617741,0.33829736010112316,0.15565346649467782,0.19351230232010216,0.7600811415827733,0.9981222685633553,1.0,0.9904375527922443,0.010010207954209288,0.9746941088952367,0.9778770308503696,0.9960868617434374,0.9995021518157914,1.0,0.8531441206088378,0.0460596733383513,0.7634389776519799,0.79179441767225,0.8496399333994461,0.9128849980098804,0.9702498312973658,0.8652156225826886,0.041006098607231235,0.8078715259163067,0.8251886079274048,0.8619309386688628,0.9215362851561544,0.951300948590752,0.49989475033302744,0.0358736460231605,0.42722104599547356,0.4617144523006637,0.4975968512807255,0.5456457126801282,0.5851249156486829,0.532233548958428,0.020806575284440347,0.5030859735771261,0.5116382186394149,0.5304237882831772,0.5607681425780772,0.575650474295376,0.35324937027581027,0.03751181936359523,0.2866560109247527,0.30690870961806516,0.34716875834423544,0.4046653336149666,0.44517036722234,0.3329820736242605,0.020205556647592007,0.3047855523391806,0.3135503892879898,0.3315071503856857,0.3607681425780772,0.375650474295376
mobius_pairwise,nq_172,50,True,15,5,2.0,1.0,5,5;8;20;46;49,,0,0,0,0,1.48686100663873,0.297372201327746,10,6.886754828437727,3.109145003639875,3.7776098247978513,1.622283997001145,-48.37771600299885,-44.600106178201,-44.600106178201,True,1.622283997001145,0.0,3003,0.10939874812089476,0.2539748928683284,0.0023982544785807747,0.0040649903458498315,0.00940668185307255,0.2511819377527653,1.0,0.297372201327746,0.3740318201740756,0.005233643486200877,0.01784225642318136,0.07870687320780399,0.7464661256464293,1.0,0.7048966445920558,0.07129208780537877,0.5911141483097001,0.6401538459935171,0.6875701617168434,0.7682915296718004,0.9969754560720111,0.6886754828437727,0.043766855652514015,0.6388932327778085,0.6434278864680435,0.6719563329990602,0.7476212258296094,0.7566440789527369,0.3291004423112361,0.05840245522630014,0.20795738294824262,0.2505571009703268,0.3333454864883407,0.38929309182253635,0.4985395909694748,0.3109145003639875,0.05837105822747787,0.22167969808988305,0.2396077592371749,0.3306504130229605,0.38004349924948605,0.3829004216010732,0.3757962022808197,0.049148842009446345,0.2861493895637169,0.32164252570121443,0.3653817524360261,0.4466017004243878,0.4984358651025363,0.3777609824797852,0.0423431736953905,0.3160001694343053,0.32363123231937035,0.3725067247923719,0.42790372228368523,0.44790933407355665
mobius_pairwise,nq_173,50,True,15,5,2.0,1.0,5,0;1;2;26;29,0;1,1,1,2,2,3.861793989876089,0.7723587979752178,10,7.61127355952323,4.365878287500444,3.245395272022787,0.5040842976243551,-49.49591570237565,-46.250520430352864,-46.25052043035286,True,0.5040842976243551,0.0,3003,0.385166133544154,0.4143384828472574,0.0010541744921162433,0.001201978338112118,0.059243585744546426,0.9918751734643501,1.0,0.7723587979752178,0.38256694476580333,0.013482051293520399,0.35553876121881206,0.9796884701057073,0.9999998569480447,1.0,0.7535083613428193,0.10852498070889781,0.46777604025552594,0.5831640426213212,0.7652210392541802,0.8979447899252743,0.9680288452773953,0.7611273559523232,0.15509730750607975,0.5235743852584575,0.5571619160910342,0.871486836466864,0.9021780988492173,0.9085036805396318,0.38215151205060605,0.08478701959747176,0.17343171933210236,0.2888019254508891,0.36716654604100596,0.5174721981365324,0.5542518402698159,0.4365878287500444,0.12487185225810418,0.2613010509997116,0.27980755707571375,0.5278940173604253,0.5492611937183938,0.5542518402698159,0.3713568492922133,0.04386392471722643,0.23240446116322575,0.31071677008061005,0.38158799422201695,0.42173196740704005,0.4789049071726688,0.32453952720227874,0.03229367147403195,0.2622733342587458,0.2773543590153204,0.3367585956025497,0.3543821923717782,0.35555536128943854
mobius_pairwise,nq_174,50,True,15,5,2.0,1.0,5,0;3;6;10;12,0;2;6;8;9;12;17;28;45,1,1,9,3,4.607213046768014,0.9214426093536028,10,8.10577575546342,4.956233432798772,3.149542322664647,0.3490203860307579,-49.65097961396924,-46.501437291304605,-46.5014372913046,True,0.3490203860307579,0.0,3003,0.4779679689651118,0.3889876444695494,0.005039432597780507,0.017048503415197674,0.35276404101393605,0.9710321068932269,1.0,0.9214426093536028,0.0930790188044277,0.7415583613692994,0.8151729662750133,0.9650189008292557,0.9900163643743498,1.0,0.7903577827152498,0.07124311295985061,0.6308860146265095,0.6767467148006031,0.7981602579591793,0.8645351208836027,0.9455594165375784,0.8105775755463419,0.02598637180790643,0.7754033213980045,0.7776269357153576,0.8030447900119524,0.845223791234104,0.8537075646829089,0.4332632403203337,0.07235415610177892,0.2249893206718721,0.31794625174537955,0.44920014697543975,0.5084364522282893,0.5474753967548884,0.4956233432798772,0.01569208039453738,0.4710362904913425,0.48032606794762295,0.49234444142176903,0.5138306800685366,0.5234422151303033,0.35709454239491617,0.049848623849959535,0.27518293097349766,0.30415724015053625,0.343936993053344,0.43851270443811835,0.48613767091909443,0.3149542322664647,0.014020660870296473,0.2901284757319612,0.2958770122502645,0.3208164535912753,0.3303906563984902,0.331518418011452
mobius_pairwise,nq_175,50,True,15,5,2.0,1.0,5,8;13;17;22;25,0;1;2;3;4;5;6;8;17;22;23;44,1,1,12,3,4.924036949602333,0.9848073899204666,10,7.173403260561949,4.577142201589111,2.596261058972839,-0.34689474801322184,-50.34689474801322,-47.750633689040384,-47.750633689040384,True,-0.34689474801322184,0.0,3003,0.9678097231587203,0.046080067862175805,0.8482272034943366,0.8947471160113001,0.9893884463474932,0.9998435962456865,1.0,0.9848073899204666,0.012724938439452159,0.9606025261023887,0.9701319493587214,0.9893884463474932,0.9950340496693515,0.9959304625282962,0.7762028330676103,0.07486420762285174,0.6392264766505563,0.6814213531590031,0.7689081682482372,0.8692967422975614,1.0,0.7173403260561949,0.04374027484539841,0.6602358289191556,0.6679885405933921,0.7168868607906334,0.7628478091828491,0.8102620497470028,0.4851633437956118,0.0370637102860256,0.4196132383252782,0.4396065172568574,0.47966449580966874,0.5300553863521864,0.5996241807937622,0.4577142201589111,0.020966486864631925,0.4301179144595778,0.433994270296696,0.45801117155094107,0.479134727412088,0.5013466127278867,0.29103948927199846,0.03836770189922562,0.21961323832527813,0.24071067657950154,0.2873147383709398,0.3375702893939964,0.40037581920623777,0.25962610589728385,0.022803952571422724,0.23011791445957774,0.23399427029669603,0.2588756892396923,0.2837130817707611,0.30891543701911606
mobius_pairwise,nq_176,50,True,15,5,2.0,1.0,5,0;2;8;36;47,,0,0,0,0,2.0610392768951975,0.4122078553790395,10,7.713437931181258,4.379900486121117,3.3335374450601405,2.3188612092259193,-47.68113879077408,-44.34760134571394,-44.34760134571394,True,2.3188612092259193,0.0,3003,0.15082021322246966,0.3262513604827629,0.0005784646408086106,0.0012779134150372768,0.012073513230037936,0.6066127839458347,1.0,0.4122078553790395,0.4641280927070041,0.009952872213105209,0.012475412426920846,0.07534236245574338,0.9837939277914818,1.0,0.7816334544490998,0.05325046658705546,0.663125187019704,0.7211555355196824,0.7751455792703017,0.8434927414561454,0.9831320228850794,0.7713437931181258,0.08921142975756717,0.663125187019704,0.6717145288451892,0.7564701765449658,0.8444135251875022,0.9831320228850794,0.4114147151142793,0.05582894072127574,0.300675789591032,0.3468304566670217,0.39396737504615165,0.49539286209471234,0.5915660114425397,0.43799004861211177,0.07756237404037884,0.33244274026012993,0.3338864689850175,0.45610969724260453,0.5006050574178428,0.5915660114425397,0.3702187393348206,0.038386498264521396,0.270746378979556,0.31136913388074205,0.3737337057480146,0.4123199238019519,0.48358686938657247,0.33335374450601407,0.03492382986978635,0.270746378979556,0.29076585208526484,0.33465223181546166,0.3708128307082556,0.39156601144253966
mobius_pairwise,nq_177,50,True,15,5,2.0,1.0,5,8;12;15;17;36,5;7;12;13;18;20;21;31;34;37;39;43;47,1,1,4,1,3.2143136160894827,0.6428627232178965,10,8.027199888648651,3.964945976599212,4.062253912049438,0.7506323605097291,-49.24936763949027,-45.18711372744083,-45.18711372744083,True,0.7506323605097291,0.0,3003,0.2940412423891971,0.3110578987180622,0.06313196891004454,0.06653724296427513,0.1660009395602586,0.8587814578680485,1.0,0.6428627232178965,0.31999206901223715,0.2181764474013443,0.25393639377742655,0.771775276699523,0.9667142314588263,1.0,0.8087493394285205,0.048730093190758265,0.6906372899031764,0.7509978419490114,0.8064656317250551,0.8676389343357523,0.9814526124195154,0.802719988864865,0.0320093065073217,0.7608741932582744,0.7710018945214795,0.8012047542402282,0.8460138231613412,0.8685688467260383,0.4001552898639905,0.028274340999393643,0.3260934033011029,0.3647572867835224,0.39782254777067666,0.4336589075220367,0.4937888192613123,0.3964945976599212,0.019734976915870044,0.3734228662955686,0.3734964498072903,0.393931397282803,0.42612168533982336,0.4330109747840058,0.4085940495645299,0.027902691868332646,0.3444291753993851,0.3776753281000714,0.40352410625434676,0.4431861817305125,0.4909667557704057,0.4062253912049438,0.019181100577044724,0.37970800851642533,0.3897236408435307,0.40001004488500586,0.43622644883290673,0.4422436408507749
mobius_pairwise,nq_178,50,True,15,5,2.0,1.0,5,2;24;34;40;46,2;5;17;21;24;26;28;34;46,1,1,6,4,3.6108831306333125,0.7221766261266624,10,8.357406142137304,4.933465321253665,3.42394082088364,1.322582190620353,-48.67741780937965,-45.253476988496004,-45.25347698849601,True,1.322582190620353,0.0,3003,0.4400199107133694,0.2577027830403125,0.12468857167922484,0.18232281086492316,0.38241944168863096,0.8551608028588726,1.0,0.7221766261266624,0.2238375835794594,0.44181396604441464,0.46359720165775314,0.742587314239048,0.9720839181088357,1.0,0.8727392846438551,0.06148251329599745,0.6855386692074714,0.7601710268306819,0.8856001143183827,0.9280311916363377,0.9608096216794502,0.8357406142137304,0.07464107362169577,0.7274597682158596,0.73373071165687,0.8680392681754423,0.9210189418524829,0.9237770942779601,0.4805556423937483,0.034674143188538925,0.38901346116203955,0.432535995233593,0.4773269340532553,0.5288601834018966,0.5624784427223927,0.49334653212536655,0.0492135496677609,0.42066976316772137,0.42459309623542507,0.5197862563218096,0.5408453808975296,0.5524830269447689,0.39218364225010677,0.042168081901938104,0.29371809214152794,0.31887539785780644,0.4017105304376726,0.436227378051644,0.45265166550923097,0.3423940820883639,0.029295170688188016,0.3067900050481382,0.3091376154214449,0.3350143183161683,0.37580116205169856,0.39489883025150596
mobius_pairwise,nq_179,50,True,15,5,2.0,1.0,5,3;20;28;29;36,,0,0,0,0,1.0066692786750728,0.20133385573501456,10,6.667270105069407,3.353156399319198,3.314113705750208,2.346487120644125,-47.65351287935587,-44.33939917360567,-44.33939917360567,True,2.346487120644125,0.0,3003,0.06778493814989266,0.2491472897998189,0.0002474418406160379,0.0004593556259699065,0.0007020185965363528,0.003783904413214909,1.0,0.20133385573501456,0.39933451896958794,0.0005480920328847855,0.0005839102564015243,0.0019815484635676748,0.6014008002347776,1.0,0.7094113157534089,0.04794959338408136,0.5842075905476081,0.6459444708176633,0.7125951705462165,0.7640206489023265,0.828604235344252,0.6667270105069406,0.05260811189852852,0.5842075905476081,0.6148992167329536,0.6596162591620061,0.7414922108176878,0.7728240796907412,0.35567721052593515,0.024173392470655402,0.29212324717468413,0.3230673557219394,0.3590572167904576,0.3824623226500032,0.41405968424289596,0.3353156399319198,0.029697554784981213,0.29212324717468413,0.3074605607097679,0.3272042749460578,0.3809309045965078,0.39657667743070124,0.3537341052274738,0.0243890866337374,0.29208434337292394,0.3229253399039002,0.3547457784554636,0.3804297263948618,0.4165123255451858,0.3314113705750208,0.024679975132921146,0.29208434337292394,0.30733056590049335,0.3321152172203058,0.36056130622118004,0.37624740226003994
mobius_pairwise,nq_180,50,True,15,5,2.0,1.0,5,10;13;14;38;42,1;5;13;41,1,1,3,1,4.972552594584754,0.9945105189169509,10,8.274921466995517,5.130688167656084,3.144233299339433,0.15813557307132964,-49.84186442692867,-46.69763112758923,-46.69763112758923,True,0.15813557307132964,0.0,3003,0.9957791418140481,0.003912210215128224,0.9891170623516706,0.9899113212695677,0.9975258246923956,0.9999856213597679,1.0,0.9945105189169509,0.0037274960634066795,0.9896686012381866,0.9905957970040008,0.9934376291348541,0.9989706991969155,0.9999339488665954,0.8759221492643516,0.04641413461978819,0.775536584144969,0.8195378192133799,0.8756937551752871,0.9422634860874212,0.9719446373616691,0.8274921466995517,0.05955515896664693,0.775536584144969,0.7783414039397912,0.8071672269729124,0.9397504274923408,0.9448579894325054,0.5375461835594938,0.023271852134925795,0.4867332454950309,0.5090360037419743,0.5370248222478303,0.5706073459934616,0.5859715915041683,0.5130688167656083,0.029965825766631843,0.4867332454950309,0.48906719731215026,0.5031703327609771,0.5693416043559116,0.5724289947162527,0.3383759657048578,0.023149914807342076,0.28880333864993807,0.31043470987832,0.3385320228133566,0.37189551628474116,0.3859730458575008,0.3144233299339433,0.0295956822115659,0.28880333864993807,0.28927420662764103,0.3039968942119353,0.3704088231364292,0.3724289947162527
mobius_pairwise,nq_181,50,True,15,5,2.0,1.0,5,5;17;30;39;48,17;30,1,1,2,2,2.9366248473593055,0.5873249694718611,10,7.761163344579829,4.3482109388201895,3.412952405759639,1.411586091460884,-48.58841390853912,-45.175461502779484,-45.17546150277948,True,1.411586091460884,0.0,3003,0.22751660114509792,0.32893159423636675,0.009976124787162857,0.013864149244307362,0.03583732772204152,0.7966462875125462,1.0,0.5873249694718611,0.35362140759618876,0.03583732772204152,0.16320436931744783,0.6563663262173884,0.9560665046837273,1.0,0.7896814437952419,0.05612247253673101,0.6907405727705249,0.7296015279011461,0.7825147168040926,0.8637835382777291,0.9962307642458018,0.7761163344579829,0.06562280097916734,0.7182305339576909,0.7334857409943735,0.7600240875938242,0.8026186643449152,0.9631256282932871,0.4195920712011375,0.04701843643969378,0.3045695204713543,0.36576672075257505,0.4112562499324639,0.4833413179195413,0.5815628141466436,0.43482109388201895,0.06884509983224454,0.3141710979816532,0.35661164797133904,0.4366719284187423,0.4990652117859577,0.5815628141466436,0.3700893725941043,0.0393049382931431,0.2619338477357299,0.31509688285142745,0.37882253816728084,0.41450967832208097,0.4925946151028393,0.3412952405759639,0.038723189370905575,0.28989881152365937,0.30056815151671806,0.33067433807133356,0.38563843429893374,0.4223190156695461
mobius_pairwise,nq_182,50,True,15,5,2.0,1.0,5,1;3;35;36;39,,0,0,0,0,4.963170326392718,0.9926340652785438,10,6.806500050880309,4.401324765611587,2.4051752852687223,-0.5618455607811308,-50.56184556078113,-48.15667027551241,-48.15667027551241,True,-0.5618455607811308,0.0,3003,0.9942516889073626,0.008355602831916104,0.974859585928369,0.9804642336516942,0.999068683690197,0.999951955904653,1.0,0.9926340652785438,0.00954769200196513,0.974859585928369,0.9810592055292332,0.998898562290544,0.9996183892079263,0.9999848595530793,0.74416474750175,0.07415492533998352,0.625388138827592,0.6613880272692205,0.7262852640397822,0.8495384783445482,0.9962264504719673,0.680650005088031,0.06849451839202951,0.6319615526860222,0.6353600404069845,0.6517038305486882,0.729202133902106,0.8746125533955563,0.4719887928123541,0.037127592222312614,0.4125903275295645,0.4306940136346103,0.46314263201989114,0.524769239172274,0.5981132252359836,0.4401324765611587,0.03424926131911501,0.4159807763430111,0.4175225798987361,0.425448046122275,0.46375273788382276,0.5373062766977782,0.27217595468939587,0.03702997323446567,0.21279781129802755,0.23096011155658422,0.2631426320198911,0.3247692391722741,0.3981132252359837,0.24051752852687222,0.0342487633999871,0.21598077634301105,0.21783746050824837,0.2262557844264132,0.26544939601828327,0.33730627669777813
mobius_pairwise,nq_183,50,True,15,5,2.0,1.0,5,2;17;21;38;43,12;27;29;49,1,0,1,0,1.847502936738838,0.3695005873477676,10,6.278008647688827,3.290421651516657,2.987586996172171,1.4429187147778189,-48.55708128522218,-45.56949428905001,-45.56949428905001,True,1.4429187147778189,0.0,3003,0.14176797507753375,0.2648389863080882,0.016035280621141602,0.017321802307024046,0.025497062606866183,0.3903036841767201,1.0,0.3695005873477676,0.3638030827805681,0.016035280621141602,0.06237405015125516,0.14723793413021188,0.8209390070164237,1.0,0.6620918068628784,0.08831575455407248,0.5089884565547277,0.5530517877004992,0.6574909596590299,0.7810987163272636,0.9636865476485716,0.6278008647688827,0.08789508726303272,0.5222554752686903,0.5296201440681239,0.617121323217528,0.7200954596827964,0.8149103521189447,0.33831654956854146,0.04720387824362796,0.23484584127367383,0.28294973658755795,0.33472971116132394,0.39365764157538813,0.4829925918189996,0.3290421651516657,0.050246545918559954,0.2398035722826563,0.26522466190105776,0.32970755584986244,0.3819587909308841,0.41962554784523226,0.323775257294337,0.04554602907457892,0.22615120739253258,0.263941737643353,0.3252023930104375,0.3861330979813992,0.48069395582957203,0.29875869961721707,0.04663784610505286,0.22881696281660607,0.2379976258076143,0.30049072556954715,0.33813666875191234,0.39528480427371243
mobius_pairwise,nq_184,50,True,15,5,2.0,1.0,5,0;2;15;20;36,0;2;4;9,1,1,4,2,2.803095001436545,0.560619000287309,10,7.906981240470624,4.138053637126792,3.768927603343833,1.3349586356902474,-48.66504136430975,-44.89611376096593,-44.89611376096592,True,1.3349586356902474,0.0,3003,0.23114564344682711,0.30762909811286937,0.005972537797005182,0.011969566813629404,0.053189897548749906,0.6701995128777096,1.0,0.560619000287309,0.32109107095798894,0.024683693748543064,0.19709827752979225,0.6170758990704591,0.8822461021663508,1.0,0.784979756975742,0.06645168237776253,0.6241596846106072,0.7059066872251408,0.7905351624388081,0.8704872491327056,0.9935238292823434,0.7906981240470625,0.0738773163294009,0.6926118449819049,0.7144217999912081,0.7811764680096804,0.9107963806425216,0.9336981821084636,0.39308572073372633,0.06025753557577511,0.27344364542859045,0.3132994972063787,0.39125477065508496,0.4766077731244771,0.5341118919204905,0.4138053637126792,0.07238064443143134,0.3088058122223596,0.33071109907213914,0.40933223267319274,0.5145168348497352,0.5341118919204905,0.3918940362420157,0.04864463331710457,0.2953798556517241,0.3338174093629154,0.39667564973472225,0.45984350185649786,0.49675983333979673,0.3768927603343833,0.028999760539669378,0.3333030959091339,0.33549536146830067,0.3798835240594013,0.41017126532564957,0.42135857582214564
mobius_pairwise,nq_185,50,True,15,5,2.0,1.0,5,20;25;37;43;48,,0,0,0,0,1.664934584179525,0.332986916835905,10,6.993636784822675,3.4965431409709207,3.4970936438517533,1.8316085567913958,-48.168391443208606,-44.67129779935685,-44.67129779935685,True,1.8316085567913958,0.0,3003,0.11735166193912017,0.2522913969174978,0.0037025860712918933,0.004010259778746642,0.009834926345833099,0.2701041015937351,1.0,0.332986916835905,0.34794128145091,0.019760197486447417,0.06560694311508178,0.1818714674364567,0.731570343079435,1.0,0.7426361534831516,0.06846902373447918,0.56072046401286,0.6478288317386502,0.7612724397684623,0.8131771743287904,0.9686841064890898,0.6993636784822674,0.07284522866797562,0.5825945189584022,0.5920758808232258,0.7175484757699019,0.7685039945795401,0.8187251929024747,0.37134095131678313,0.034242552710932996,0.28036384666706626,0.3236798615484596,0.38066611990689375,0.40660252582022466,0.48434630250133487,0.3496543140970921,0.03642502688148973,0.2913185072421259,0.2960668775115,0.35888588186478615,0.3842740889549297,0.40894153271393385,0.3712952021663684,0.0342267253394164,0.28035661734579376,0.3239029927772607,0.38063451125605247,0.4065746485085658,0.4843378039877549,0.3497093643851753,0.03642201801171557,0.2912760117162763,0.29600900331172575,0.35866259390511573,0.3842299056246104,0.40978366018854084
mobius_pairwise,nq_186,50,True,15,5,2.0,1.0,5,2;6;7;22;23,0;2;6;7;13;15;18;22;34;38;49,1,1,8,4,4.900224304979085,0.980044860995817,10,8.177049319898,5.058202579098398,3.1188467407996003,0.15797827411931298,-49.842021725880684,-46.72317498508109,-46.72317498508109,True,0.15797827411931298,0.0,3003,0.8818332823262004,0.11540995273142134,0.6523326258345071,0.715492236679057,0.9389633922635613,0.9914998646527383,1.0,0.980044860995817,0.014331894388859859,0.962531594236021,0.9636218062981009,0.9825295306239975,0.9959624222911385,1.0,0.8486696374478822,0.04386473822756434,0.7110169338648752,0.7935894756359209,0.8473178662957584,0.9018287900983148,0.9470220094397225,0.8177049319897998,0.039344800119913474,0.750261190608375,0.7577717371258819,0.8223532009015129,0.8683923391596229,0.882152918886229,0.5046103549318668,0.024986745101527895,0.4355130457612493,0.4754834721724954,0.5065873195947492,0.5379811125984579,0.5563534184146525,0.5058202579098399,0.020796046311656748,0.46783874783676505,0.4739702597992462,0.5096998953764462,0.5321458329804615,0.5369275410528405,0.34405928251601536,0.028284306315419273,0.2755038881036259,0.3090319566438785,0.3424991661380703,0.3831805213269514,0.40616107070657315,0.31188467407996,0.018687489018508995,0.28242244277161,0.2838014773266357,0.3124547900533346,0.3362465061791614,0.3452253778333886
mobius_pairwise,nq_187,50,True,15,5,2.0,1.0,5,0;2;9;12;30,0;5;17,1,1,2,1,3.2308272416378596,0.646165448327572,10,7.784468621893892,4.424340052596813,3.36012856929708,1.1935128109589535,-48.80648718904105,-45.44635861974397,-45.44635861974397,True,1.1935128109589535,0.0,3003,0.23038567751767325,0.37254537380042735,0.0013185817402846189,0.0021296256537053837,0.020454153910547966,0.9425949261321978,1.0,0.646165448327572,0.3948285353520062,0.020454153910547966,0.14867631835401382,0.8951159374633084,0.9896990340979163,1.0,0.7814856103539912,0.05256510438775167,0.658915839617631,0.7094988296434929,0.7804392082132934,0.8480232373511889,0.9418952722938317,0.7784468621893893,0.06740154282888126,0.6678225029220137,0.6957648317235396,0.7844421881530106,0.8536212441628819,0.8762502394473445,0.40349650850067637,0.04730134815080636,0.27982338359521036,0.343603121367396,0.3997918523310185,0.4704114126802805,0.5171866582817629,0.4424340052596813,0.05456220389035433,0.3235141653547661,0.3913522031390511,0.4470456529633745,0.5054778216887533,0.5171866582817629,0.3779891018533149,0.04382386966240105,0.2587862872969373,0.3181158605311336,0.37802250209587135,0.42014775950449307,0.5303239401429154,0.336012856929708,0.03523262859641781,0.2951986201009623,0.29950165683786,0.32223840423195765,0.38593995200125597,0.3961521100181287
mobius_pairwise,nq_188,50,True,15,5,2.0,1.0,5,8;25;33;40;46,40,1,1,1,1,1.0024816986177418,0.20049633972354836,10,6.691446983272239,3.3950299614162596,3.2964170218559787,2.3925482627985177,-47.60745173720148,-44.3110347153455,-44.31103471534551,True,2.3925482627985177,0.0,3003,0.06707420968616544,0.24933541839438123,3.46017424409155e-05,5.100650497353183e-05,0.00023514677329520946,0.0015634845869884188,1.0,0.20049633972354836,0.39975208833403314,8.60787393020085e-05,0.00010747843122572424,0.0011211036364123274,0.6004539753091666,1.0,0.7558671760091187,0.09088548832684044,0.561846716979215,0.648119806876233,0.7422953673541692,0.8718140227572765,0.9344287261181643,0.6691446983272238,0.0934416715589826,0.561846716979215,0.5729798375374935,0.6443253093924747,0.7871238623561584,0.8585867891788941,0.3802836591313588,0.04559349000456379,0.2801192425438763,0.32720883111269955,0.37425366187693127,0.4391597087873666,0.46722704079458566,0.33950299614162593,0.04894377092659366,0.2801192425438763,0.29456062371522584,0.3218283698501023,0.4187937090991008,0.42930917443188954,0.37558351687775987,0.04836725675773282,0.23752458767813467,0.31523584982844277,0.3647053295515937,0.4358811420409419,0.46720168532357864,0.3296417021855979,0.05007418641045619,0.23752458767813467,0.2884403063178968,0.32945024553637026,0.38105054252260584,0.42927761474700454
mobius_pairwise,nq_189,50,True,15,5,2.0,1.0,5,0;1;2;3;19,,0,0,0,0,1.9968227880348142,0.39936455760696277,10,6.902035062688406,3.7916785222072376,3.1103565404811686,1.7948557341724234,-48.20514426582758,-45.09478772534641,-45.09478772534641,True,1.7948557341724234,0.0,3003,0.13329904745622448,0.33699252667723717,1.7785387668592137e-05,3.15237702504615e-05,9.758779585816644e-05,0.5954116588526022,1.0,0.39936455760696277,0.48425700107202885,9.758779585816644e-05,0.00029952631611986335,0.011310004164317529,0.9939251047912504,1.0,0.6919537512714714,0.07629402624939295,0.539617305514358,0.5976188942811844,0.697555825375988,0.7672445978823808,0.9926413947884674,0.6902035062688406,0.17764049595062764,0.539617305514358,0.5513346668381429,0.573636515626186,0.9415730131669745,0.9926413947884674,0.36617031561142205,0.04438806212624015,0.2554602838705887,0.32098757515905446,0.36056839005969404,0.4062106202171894,0.5963206973942337,0.37916785222072374,0.10094159019549659,0.2554602838705887,0.2693936228145075,0.35715587199811494,0.489918407850836,0.5963206973942337,0.3257834356600494,0.06181385369128482,0.18683971602716637,0.22163347144337703,0.34791229504793214,0.38371713982447503,0.4678542232789078,0.31103565404811684,0.09632068848838812,0.18683971602716637,0.19152364266914262,0.2829259229659172,0.4584268491649895,0.4678542232789078
mobius_pairwise,nq_190,50,True,15,5,2.0,1.0,5,0;3;15;19;41,0;3;15;17,1,1,4,3,4.824221676193318,0.9648443352386634,10,8.298663797050786,5.0829173813611614,3.2157464156896216,0.25869570516784357,-49.741304294832155,-46.52555787914254,-46.52555787914253,True,0.25869570516784357,0.0,3003,0.409014951190571,0.43735039575577245,0.00132700387355926,0.00473739131794714,0.08401513331972152,0.9972018940264097,1.0,0.9648443352386634,0.047341062071766804,0.8762878217227301,0.9077405022213175,0.9930335243721173,0.9999923228517085,1.0,0.8071136483231164,0.06068707753944346,0.6886223996290819,0.7289936481664998,0.8013249510481002,0.8924071360769221,0.9802686933800855,0.8298663797050784,0.06311199286276192,0.7603330293976294,0.7808362009519375,0.7990642135489398,0.893036721232062,0.9802686933800855,0.40981239078267967,0.06936276342882891,0.2681275091491631,0.31355544897844717,0.40778403552637027,0.4874130118616822,0.5901343466900427,0.5082917381361162,0.03445244969425082,0.4756694992225879,0.4829219577351916,0.48902123581546764,0.5460199149859575,0.5901343466900427,0.3973012575404367,0.05992669716467819,0.2523068571925049,0.31087838335604145,0.39607275905840006,0.4752815791128682,0.5189869193482379,0.3215746415689622,0.0293517795506077,0.2846635301750415,0.2952770885324526,0.3115072193318811,0.34701680624610454,0.39013434669004277
mobius_pairwise,nq_191,50,True,15,5,2.0,1.0,5,0;8;29;36;47,0;2;6;8;9;30;35;36;47,1,1,8,4,4.825034657983528,0.9650069315967056,10,7.913629567748726,4.894424349132389,3.019205218616337,0.06938969114886095,-49.930610308851136,-46.911405090234794,-46.9114050902348,True,0.06938969114886095,0.0,3003,0.8860718435563272,0.15380032757103038,0.5589092573657104,0.6094553217096726,0.9706383589024273,0.9986608978481035,1.0,0.9650069315967056,0.04881152714163363,0.8696102174686642,0.9100214740421695,0.9870983699941195,0.9990750846473266,1.0,0.838372960436664,0.06329204399781746,0.6513965732261001,0.7520984457534418,0.8514782885332562,0.9063050650853296,0.950210876696935,0.7913629567748726,0.06749658458290095,0.6640118913609583,0.7126139891097103,0.8099805788096242,0.8603913146055989,0.8808266821062378,0.49942501630373326,0.04046882058084276,0.3702064040504127,0.4476474714812129,0.5047408989190206,0.5439157313234222,0.5751054383484675,0.48944243491323886,0.039378306150202755,0.41633965158257874,0.44227946042761973,0.5039678611306575,0.5288933232325937,0.539119622238269,0.3389479441329307,0.031854964804583864,0.24767223977837954,0.291753953129861,0.3417070598679688,0.37503655460449437,0.4002337517279593,0.3019205218616337,0.02832956608802914,0.24767223977837954,0.27033452868209057,0.30601271767896676,0.3314979913730052,0.3417070598679688
mobius_pairwise,nq_192,50,True,15,5,2.0,1.0,5,0;3;6;13;37,3;11;22,1,1,3,1,1.9542509836729094,0.3908501967345819,10,7.762841816988372,4.242529104555291,3.520312712433081,2.2882781208823815,-47.71172187911762,-44.19140916668454,-44.19140916668454,True,2.2882781208823815,0.0,3003,0.14430088051580234,0.3031830452190974,0.003250597256065685,0.004076001336977908,0.017374292874895978,0.5369068168980936,1.0,0.3908501967345819,0.42885580929773853,0.003872266656092638,0.009273077143613974,0.11447918793529319,0.9274100944826511,1.0,0.8117167797592921,0.055032519209374145,0.6336708821690412,0.7375392126281956,0.8215084330880476,0.8667801245201116,0.9282989067069218,0.7762841816988372,0.06696776870339574,0.6336708821690412,0.7117629682467431,0.7796887096045608,0.8351210760079764,0.8861784256323648,0.4182416731620433,0.04191029141870057,0.3076240556015984,0.36863846664429645,0.41727079240875214,0.4787089525562409,0.5430892128161824,0.424252910455529,0.05679526125109197,0.3076240556015984,0.36446845114735893,0.42551597211330533,0.4622224585654291,0.5430892128161824,0.3934751065972487,0.036557377703669486,0.2976040974969895,0.34647882418130077,0.3964462591553141,0.43905841267719214,0.4644374140930509,0.35203127124330813,0.036436872381406506,0.2976040974969895,0.3107502240575149,0.34452875765919366,0.40554549102881493,0.4084091292388182
mobius_pairwise,nq_193,50,True,15,5,2.0,1.0,5,8;29;31;41;46,,0,0,0,0,1.735657194355481,0.3471314388710962,10,7.719379458010454,3.8640408545230867,3.8553386034873673,2.1283836601676054,-47.87161633983239,-44.016277736345025,-44.016277736345025,True,2.1283836601676054,0.0,3003,0.15225003052805963,0.26133478658846815,0.0026815559412576937,0.002948962574423075,0.054674011144015315,0.40301738248234575,1.0,0.3471314388710962,0.3729858363829498,0.005178591515059644,0.037180875333205285,0.1194135426174854,0.810352303665005,1.0,0.8293139549958383,0.06546379415721089,0.6664616877247251,0.7469626323031171,0.8184856375518921,0.9110222935150468,0.9606280645615027,0.7719379458010455,0.05155750905640156,0.6782558966089205,0.6993827726063542,0.7838234081389979,0.8154064141783387,0.8535811994608105,0.4174196936287383,0.034470286083545514,0.3316055164866788,0.3740873385718747,0.41296075989307657,0.45975636232648887,0.47909195826638384,0.3864040854523087,0.03654944967096979,0.3316055164866788,0.33803437112198664,0.39707630125071314,0.4209422106673703,0.4554847074864239,0.41189426136709995,0.03408559579943301,0.3305818242270801,0.36877886003980037,0.4073583630185695,0.45849299885799477,0.48448257848131443,0.3855338603487367,0.036445670022771576,0.339507208305233,0.348439823073579,0.38400283869079505,0.41550906567522816,0.4739642899212134
mobius_pairwise,nq_194,50,True,15,5,2.0,1.0,5,0;1;15;19;40,0;1;19,1,1,3,3,2.9579913947709304,0.5915982789541862,10,7.197537680083782,3.916793267596228,3.280744412487554,0.9588018728252976,-49.0411981271747,-45.760453714687145,-45.760453714687145,True,0.9588018728252976,0.0,3003,0.19889853996873313,0.392047906923256,0.00025783971147591545,0.00036549925451448217,0.0037286003431412757,0.9791826624019266,1.0,0.5915982789541862,0.47934830775867016,0.0002760074379971123,0.0040452539776688525,0.9481354786276381,0.9999523139672476,1.0,0.7269382192822506,0.062987034280679,0.6176098455120703,0.6619028116434199,0.7203710146810354,0.8011492959699319,0.9943174468111927,0.7197537680083783,0.10035961128334694,0.6437493216649084,0.6440794051415545,0.6738526099344726,0.7997391001724067,0.9858582577058477,0.36477076611406545,0.04125796967412114,0.2680534495539675,0.3290939484116586,0.35760417687781093,0.40759498237770186,0.5929291288529238,0.39167932675962286,0.08938856304592772,0.32282375623157317,0.32430229959195833,0.33624857648885353,0.49537783703917576,0.5929291288529238,0.3621674531681851,0.03146478175576888,0.29165616266855054,0.32767668356965574,0.35947912864455545,0.4033199993802376,0.4967357124197637,0.3280744412487554,0.027075140167871766,0.29165616266855054,0.29423396651479367,0.32759446698826705,0.3468066575429167,0.39292912885292386
mobius_pairwise,nq_195,50,True,15,5,2.0,1.0,5,8;10;22;32;40,,0,0,0,0,1.7929296424763637,0.3585859284952727,10,9.483986402362866,4.899083171069762,4.5849032312931035,3.1061535285933983,-46.893846471406604,-42.30894324011351,-42.3089432401135,True,3.1061535285933983,0.0,3003,0.16526835809746687,0.23734610744672022,0.016220548785174118,0.017620285112330988,0.09319303465162122,0.2673380195157178,1.0,0.3585859284952727,0.3304837683717253,0.048608847200834415,0.11453138347680769,0.25602672457569575,0.7099515531236265,1.0,0.9388646973439227,0.015801677950436646,0.8907180944202108,0.9204245923749419,0.9388147009452671,0.9587827613761741,0.9740944859292562,0.9483986402362866,0.01187785373441916,0.9284471711021423,0.9302747572073586,0.9492568568212266,0.960294811170608,0.9687341033120225,0.4767110060284159,0.038626938655383324,0.39807540264634367,0.42824585475019555,0.47386895824055125,0.5478796145389103,0.5753374169242593,0.4899083171069762,0.05907446169807475,0.39807540264634367,0.4135256776110058,0.49606946863401413,0.5571872301063828,0.5753374169242593,0.4621536913155069,0.03490720344575871,0.37533741692425937,0.4096906752797009,0.46325019631034176,0.5012001128469518,0.543596711128037,0.4584903231293104,0.05710704390307407,0.37533741692425937,0.40725239130481655,0.4333930280821372,0.5400477194682485,0.543596711128037
mobius_pairwise,nq_196,50,True,15,5,2.0,1.0,5,0;11;12;16;46,0;1;5;6;10;12;15;16;22;26;37;38;45;46,1,1,9,4,4.1094968113042665,0.8218993622608535,10,7.703895960752088,4.8263194836695575,2.8775764770825294,0.7168226723652911,-49.28317732763471,-46.405600850552176,-46.405600850552176,True,0.7168226723652911,0.0,3003,0.3323353608344203,0.37189723668737973,0.03488359424570146,0.05950999066551177,0.13610943825519342,0.9677275443467585,1.0,0.8218993622608535,0.22823311323770792,0.3895951092491136,0.550890178885258,0.9425690344132441,0.9937999537209738,1.0,0.79924348349028,0.07418704489338092,0.618390669546667,0.7068031524849783,0.8050191415473004,0.8734435705010325,0.9850395099358101,0.7703895960752087,0.09067057163151057,0.625473691476947,0.6502011591014749,0.7700821330923476,0.8181768796556028,0.9850395099358101,0.4402651300281798,0.05274990878215392,0.308942510005555,0.37321426825706905,0.4416874113662563,0.5058387168551624,0.5925197549679051,0.4826319483669558,0.04522377482467235,0.41273684573847347,0.4242158086507264,0.4827970638903731,0.504121036594109,0.5925197549679051,0.3589783534621001,0.053681219296999,0.2127368457384735,0.2879537239620262,0.3584593560175676,0.4272530372540614,0.48782836971608146,0.2877576477082529,0.046367438802421244,0.2127368457384735,0.2259853504507485,0.28640943421814036,0.3288062541540877,0.39251975496790503
mobius_pairwise,nq_197,50,True,15,5,2.0,1.0,5,1;3;4;12;32,1,1,1,1,1,3.0338340488706748,0.606766809774135,10,8.366675199396592,4.452851217782898,3.9138239816136937,1.4190171689122235,-48.58098283108777,-44.667158849474085,-44.667158849474085,True,1.4190171689122235,0.0,3003,0.21113519399242398,0.3538172841919341,0.0008733009033719595,0.0009191803675002943,0.0041187091405731156,0.8485090712449073,1.0,0.606766809774135,0.3731487503582529,0.0009471358810006885,0.14365172148626473,0.7829895830620031,0.956875492013404,1.0,0.8307665565404094,0.07054647893343914,0.6375313092742788,0.7430644305543633,0.8274012824483625,0.9199940046067858,0.982304086126195,0.8366675199396593,0.09463757303228476,0.670603613411473,0.7425779432583413,0.8422637125680097,0.947913252057957,0.982304086126195,0.40960513912159874,0.07167541879652296,0.26143129652656205,0.3088525341424122,0.41933923657395406,0.4822981224267225,0.5911520430630975,0.4452851217782898,0.09569817647360446,0.27790679828400067,0.3492320782303635,0.4425073365782325,0.5624204399072281,0.5911520430630975,0.4211614174188107,0.04821157317954459,0.3128852969158208,0.36224743591523323,0.41813700181149466,0.47934065614989796,0.5243784383548997,0.3913823981613694,0.007190917525995817,0.38149429636581056,0.3826631362960203,0.3919244290952849,0.4005367753207379,0.4054863194607421
mobius_pairwise,nq_198,50,True,15,5,2.0,1.0,5,4;20;21;37;45,0;1;4;5;11;12;15;16;18;20;21;37;45;48,1,1,14,5,4.497473374262016,0.8994946748524033,10,8.340737711705756,5.132363611120974,3.2083741005847806,0.6348902368589577,-49.36510976314104,-46.15673566255626,-46.15673566255626,True,0.6348902368589577,0.0,3003,0.6499456578317321,0.25683409253129325,0.0018002793060133023,0.3655438491040355,0.6751944472390685,0.9021866522169233,1.0,0.8994946748524033,0.05572441662860671,0.8472670770938318,0.8488869300664178,0.8857355018440469,0.9652616343195364,1.0,0.8376567060035737,0.06394880555391799,0.6754218006813958,0.7280425946102972,0.8468137040246383,0.9090377762987205,0.9428151480186957,0.8340737711705755,0.04342894269914589,0.7791128757121243,0.7910324719436175,0.8305096541511331,0.8763603060088531,0.9379473969300774,0.4919494743896269,0.046426570891676185,0.36577795451771544,0.41674825245706015,0.4992893989683266,0.5457901656230773,0.5639360064822058,0.5132363611120975,0.022018076865021538,0.48853543560165524,0.48917124062002526,0.5137914605000915,0.5373030795972534,0.5602029643933072,0.34570723161394684,0.03366181822516708,0.25080198196534204,0.30385239453386326,0.346023942061909,0.3864942597545209,0.44455122994017593,0.32083741005847805,0.02353297601401178,0.2895564378560621,0.29785554145774307,0.3199885303158346,0.3390572264115997,0.37774443253677026
mobius_pairwise,nq_199,50,True,15,5,2.0,1.0,5,7;10;19;29;34,1;7;9;11;16;17;19;45,1,1,7,2,4.879598961921775,0.975919792384355,10,7.783596190717228,4.86876780237079,2.9148283883464376,-0.01083115955098446,-50.01083115955098,-47.096002771204546,-47.096002771204546,True,-0.01083115955098446,0.0,3003,0.8524995835907525,0.2691780077071182,0.2093888624277644,0.3705173904337835,0.980031651558279,0.9997929716959272,1.0,0.975919792384355,0.02046722456636078,0.9393299537378131,0.9524588814599443,0.980031651558279,0.9952065902016465,0.9998627838431488,0.8320263269285668,0.06655562124422776,0.672332835355094,0.746093257836076,0.8334738437990069,0.9166084779775862,0.9906435147351497,0.7783596190717228,0.05631549708361128,0.7163282353438636,0.7213320396291322,0.7650616930222687,0.8353670037972669,0.9167755073305484,0.49228936731235023,0.04906461732384828,0.3595461950494304,0.424432954235211,0.4962398601497851,0.5567469440415637,0.5952457137617704,0.48687678023707903,0.02872008020569002,0.4558104434985767,0.4604306523972306,0.47950937083841244,0.5176835018986334,0.5583877536652742,0.33973695961621664,0.040707139157751225,0.24566302886384928,0.2942613742339567,0.3397250675680812,0.3956104176591911,0.4674152762520391,0.29148283883464376,0.02783266729407593,0.2605177918452869,0.2609013872319016,0.2855523221838562,0.3176835018986335,0.3583877536652742
mobius_disabled,nq_0,50,True,15,5,2.0,1.0,5,0;1;25;32;37,0;1;4;38,1,1,3,2,4.651345229987886,0.9302690459975771,10,8.54112862304598,4.27056431152299,4.27056431152299,-0.3807809184648958,-50.38078091846489,-46.110216606941904,-46.110216606941904,True,-0.3807809184648958,0.0,3003,0.6954076668625202,0.22858955068262507,0.2905352114913259,0.3477799280138798,0.7782883320883904,0.9707335292412549,1.0,0.9302690459975771,0.06258803143681826,0.8392681420813102,0.8565923480079869,0.9348276468194453,0.9978683136756512,1.0,0.84504695520103,0.05480203067357499,0.7315275149424315,0.7803308574414901,0.8371791211299134,0.9182245904344735,0.9546248272224303,0.8541128623045979,0.05306950606707552,0.7935596433002927,0.7957951283410465,0.849582073861139,0.932401675562219,0.9339137450017412,0.422523477600515,0.027401015336787495,0.36576375747121576,0.39016542872074506,0.4185895605649567,0.45911229521723673,0.4773124136112151,0.42705643115229897,0.02653475303353776,0.39677982165014636,0.39789756417052324,0.4247910369305695,0.4662008377811095,0.4669568725008706,0.422523477600515,0.027401015336787495,0.36576375747121576,0.39016542872074506,0.4185895605649567,0.45911229521723673,0.4773124136112151,0.42705643115229897,0.02653475303353776,0.39677982165014636,0.39789756417052324,0.4247910369305695,0.4662008377811095,0.4669568725008706
mobius_disabled,nq_1,50,True,15,5,2.0,1.0,5,1;12;30;43;48,0;1;7;9;14;30,1,1,5,2,4.953911101777492,0.9907822203554983,10,7.231898500225278,3.615949250112639,3.615949250112639,-1.3379618516648528,-51.33796185166485,-47.72201260155222,-47.722012601552215,True,-1.3379618516648528,0.0,3003,0.8639052672390833,0.16388658889443072,0.5558162086154392,0.6006478350684598,0.975722234362328,0.9990451281563338,1.0,0.9907822203554983,0.008221658782613026,0.975722234362328,0.981531145366935,0.9923038044660316,0.9982562204301149,1.0,0.8002189231544901,0.07068623992456836,0.5748703822428153,0.6940824859924525,0.8198892321751923,0.8661154586975607,0.9804006111199353,0.7231898500225278,0.0720891293767687,0.5748703822428153,0.6449385270722676,0.727373102895465,0.8035481954222434,0.8305628905463935,0.40010946157724503,0.03534311996228418,0.28743519112140764,0.34704124299622624,0.40994461608759614,0.43305772934878034,0.49020030555996763,0.3615949250112639,0.03604456468838435,0.28743519112140764,0.3224692635361338,0.3636865514477325,0.4017740977111217,0.41528144527319677,0.40010946157724503,0.03534311996228418,0.28743519112140764,0.34704124299622624,0.40994461608759614,0.43305772934878034,0.49020030555996763,0.3615949250112639,0.03604456468838435,0.28743519112140764,0.3224692635361338,0.3636865514477325,0.4017740977111217,0.41528144527319677
mobius_disabled,nq_2,50,True,15,5,2.0,1.0,5,0;1;32;37;47,0;1;6;7;16;19;22;23;32;33;35;38;45,1,1,5,3,2.577519988485161,0.5155039976970321,10,6.9611088309995095,3.4805544154997548,3.4805544154997548,0.9030344270145938,-49.096965572985404,-45.61641115748566,-45.61641115748565,True,0.9030344270145938,0.0,3003,0.22484116569570436,0.28837841613678655,0.03044310099209357,0.03299282421648798,0.12450390732661144,0.6398982811870063,1.0,0.5155039976970321,0.34003029074323676,0.1675297902923603,0.19365374683071473,0.33196014372863014,0.9380761491303696,1.0,0.6836549450417442,0.07819619538884955,0.5294433976582195,0.5848300682742998,0.6826258850143849,0.7601253642533016,0.9914678296876349,0.696110883099951,0.1290005241152224,0.5294433976582195,0.5450017873505875,0.6982608293433419,0.7979585093999697,0.9914678296876349,0.3418274725208721,0.03909809769442477,0.26472169882910973,0.2924150341371499,0.34131294250719246,0.3800626821266508,0.49573391484381746,0.3480554415499755,0.0645002620576112,0.26472169882910973,0.27250089367529373,0.34913041467167094,0.39897925469998485,0.49573391484381746,0.3418274725208721,0.03909809769442477,0.26472169882910973,0.2924150341371499,0.34131294250719246,0.3800626821266508,0.49573391484381746,0.3480554415499755,0.0645002620576112,0.26472169882910973,0.27250089367529373,0.34913041467167094,0.39897925469998485,0.49573391484381746
mobius_disabled,nq_3,50,True,15,5,2.0,1.0,5,4;29;37;45;49,4;6;24;29;37;45;47;49,1,1,8,5,4.886831560180945,0.9773663120361891,10,8.856787463091608,4.428393731545804,4.428393731545804,-0.45843782863514093,-50.45843782863514,-46.030044097089345,-46.03004409708934,True,-0.45843782863514093,0.0,3003,0.6488217968144936,0.373874638717219,0.11628361549214983,0.1269956989650969,0.8773408311169042,0.9959425045269324,1.0,0.9773663120361891,0.031190666060200142,0.9166791270391447,0.9417499170367502,0.9926764706912634,0.9992479441669514,1.0,0.8770839478405789,0.05203005428390668,0.7335027086765308,0.7959126644359245,0.885940961482407,0.9362356605323047,0.9648015792053208,0.8856787463091609,0.03960406417755598,0.8235275241142893,0.8388334778521304,0.8875584679418291,0.9213332469499077,0.9587757464696431,0.43854197392028943,0.02601502714195334,0.3667513543382654,0.3979563322179622,0.4429704807412035,0.46811783026615233,0.4824007896026604,0.44283937315458044,0.01980203208877799,0.41176376205714466,0.4194167389260652,0.44377923397091457,0.46066662347495385,0.47938787323482157,0.43854197392028943,0.02601502714195334,0.3667513543382654,0.3979563322179622,0.4429704807412035,0.46811783026615233,0.4824007896026604,0.44283937315458044,0.01980203208877799,0.41176376205714466,0.4194167389260652,0.44377923397091457,0.46066662347495385,0.47938787323482157
mobius_disabled,nq_4,50,True,15,5,2.0,1.0,5,0;16;26;29;40,0;3;7;16;24;26;27;33;40;47,1,1,10,4,4.92330446547078,0.984660893094156,10,8.538989055969182,4.269494527984591,4.269494527984591,-0.653809937486189,-50.65380993748619,-46.384315409501596,-46.384315409501596,True,-0.653809937486189,0.0,3003,0.9113224950959051,0.11993890459505818,0.565046861290938,0.7578513971947919,0.9536035261757196,0.9934595014659637,1.0,0.984660893094156,0.015235231736811027,0.9573064170726214,0.9666835562601132,0.9884488427406037,0.9987199762464815,1.0,0.8621608599217513,0.049494517849883235,0.7828573157131418,0.801528309997786,0.8540748480942886,0.9390994381775845,0.9961978873983273,0.8538989055969182,0.037165515244139136,0.7936334192159885,0.8048739331658882,0.8576456948968794,0.8991801478727514,0.9274032216896974,0.43108042996087564,0.024747258924941617,0.3914286578565709,0.400764154998893,0.4270374240471443,0.46954971908879223,0.49809894369916363,0.4269494527984591,0.018582757622069568,0.39681670960799426,0.4024369665829441,0.4288228474484397,0.4495900739363757,0.4637016108448487,0.43108042996087564,0.024747258924941617,0.3914286578565709,0.400764154998893,0.4270374240471443,0.46954971908879223,0.49809894369916363,0.4269494527984591,0.018582757622069568,0.39681670960799426,0.4024369665829441,0.4288228474484397,0.4495900739363757,0.4637016108448487
mobius_disabled,nq_5,50,True,15,5,2.0,1.0,5,0;5;8;10;21,19;44,1,0,2,0,3.6462572718587354,0.7292514543717471,10,8.888063393982742,4.444031696991371,4.444031696991371,0.7977744251326357,-49.20222557486736,-44.758193877875996,-44.758193877875996,True,0.7977744251326357,0.0,3003,0.34472967078393685,0.2965196778300248,0.041979128378639076,0.05062070202353751,0.24670706198671444,0.727691902733077,1.0,0.7292514543717471,0.14812555477582529,0.5748247679972405,0.5971748237321418,0.6837382759156182,0.9027977282445532,1.0,0.8577232414320025,0.041658605204728735,0.7706363317502762,0.8021359459682343,0.8579986361669506,0.9151032761107717,0.9498130575018967,0.8888063393982742,0.03318003622246618,0.8253358999437135,0.8515022859569994,0.8908637194271076,0.9205579341626748,0.9401880407050404,0.42886162071600126,0.020829302602364368,0.3853181658751381,0.40106797298411717,0.4289993180834753,0.45755163805538585,0.47490652875094835,0.4444031696991371,0.01659001811123309,0.41266794997185674,0.4257511429784997,0.4454318597135538,0.4602789670813374,0.4700940203525202,0.42886162071600126,0.020829302602364368,0.3853181658751381,0.40106797298411717,0.4289993180834753,0.45755163805538585,0.47490652875094835,0.4444031696991371,0.01659001811123309,0.41266794997185674,0.4257511429784997,0.4454318597135538,0.4602789670813374,0.4700940203525202
mobius_disabled,nq_6,50,True,15,5,2.0,1.0,5,0;3;5;11;12,9;33,0,0,0,0,2.7910423166953375,0.5582084633390675,10,9.058967500802558,4.529483750401279,4.529483750401279,1.7384414337059413,-48.261558566294056,-43.73207481589277,-43.73207481589278,True,1.7384414337059413,0.0,3003,0.21775347078789625,0.31845045485524226,0.005132950259452377,0.006384980184301503,0.09252569900760393,0.7228593233951532,1.0,0.5582084633390675,0.35597235486470297,0.21179516982965602,0.23256200892837317,0.33230802089193057,0.9932907433589209,1.0,0.8869005734734968,0.02964309003678438,0.8264856550994403,0.8536430423449258,0.8836788156540736,0.9312960414607308,0.9912544258246628,0.9058967500802557,0.04134476421715397,0.8531181538474404,0.8598464136018997,0.911144196796386,0.9409752679965673,0.9912544258246628,0.4434502867367484,0.01482154501839219,0.41324282754972014,0.4268215211724629,0.4418394078270368,0.4656480207303654,0.4956272129123314,0.45294837504012786,0.020672382108576984,0.4265590769237202,0.42992320680094986,0.455572098398193,0.47048763399828364,0.4956272129123314,0.4434502867367484,0.01482154501839219,0.41324282754972014,0.4268215211724629,0.4418394078270368,0.4656480207303654,0.4956272129123314,0.45294837504012786,0.020672382108576984,0.4265590769237202,0.42992320680094986,0.455572098398193,0.47048763399828364,0.4956272129123314
mobius_disabled,nq_7,50,True,15,5,2.0,1.0,5,4;9;34;42;49,,0,0,0,0,3.3993854674387642,0.6798770934877528,10,9.030805196519799,4.515402598259899,4.515402598259899,1.116017130821135,-48.883982869178865,-44.36858027091896,-44.36858027091897,True,1.116017130821135,0.0,3003,0.37533909442970875,0.25002774033927777,0.06976390871041713,0.13510334288819043,0.2966788368158298,0.6985045602699089,1.0,0.6798770934877528,0.1826660828696685,0.48682121177011095,0.49903119798057294,0.6931314337676172,0.8808346578419081,1.0,0.9020283108241354,0.03857569694231769,0.7943326014718397,0.8287368790182269,0.9121759359718671,0.9400704756533181,0.959833036820289,0.9030805196519799,0.01592805632759846,0.8821516395633218,0.8840157506795449,0.9023486741241026,0.9118164221402961,0.9442512721648904,0.4510141554120677,0.019287848471158844,0.39716630073591985,0.41436843950911345,0.45608796798593354,0.47003523782665907,0.4799165184101445,0.45154025982598994,0.00796402816379923,0.4410758197816609,0.4420078753397724,0.4511743370620513,0.45590821107014806,0.4721256360824452,0.4510141554120677,0.019287848471158844,0.39716630073591985,0.41436843950911345,0.45608796798593354,0.47003523782665907,0.4799165184101445,0.45154025982598994,0.00796402816379923,0.4410758197816609,0.4420078753397724,0.4511743370620513,0.45590821107014806,0.4721256360824452
mobius_disabled,nq_8,50,True,15,5,2.0,1.0,5,1;7;18;39;43,,0,0,0,0,1.2787881284364273,0.25575762568728544,10,6.252202546025151,3.1261012730125755,3.1261012730125755,1.8473131445761481,-48.15268685542385,-45.02658558241128,-45.02658558241128,True,1.8473131445761481,0.0,3003,0.09689845531934176,0.25037917961685063,0.00034149855185878434,0.0008316570927742562,0.006410640469217219,0.19640369503060384,1.0,0.25575762568728544,0.385773928015619,0.0004610734896623171,0.0017763511059218015,0.007950803993801277,0.7066507933690611,1.0,0.715233094885228,0.11432537797623439,0.5358401563699648,0.583190048811033,0.6845679582897632,0.8778782067085884,0.9284828564623164,0.625220254602515,0.06038739575687314,0.5651599426267471,0.5654177413784884,0.6057908877249436,0.6930863682380601,0.7697520577727326,0.357616547442614,0.057162688988117195,0.2679200781849824,0.2915950244055165,0.3422839791448816,0.4389391033542942,0.4642414282311582,0.3126101273012575,0.03019369787843657,0.28257997131337353,0.2827088706892442,0.3028954438624718,0.34654318411903007,0.3848760288863663,0.357616547442614,0.057162688988117195,0.2679200781849824,0.2915950244055165,0.3422839791448816,0.4389391033542942,0.4642414282311582,0.3126101273012575,0.03019369787843657,0.28257997131337353,0.2827088706892442,0.3028954438624718,0.34654318411903007,0.3848760288863663
mobius_disabled,nq_9,50,True,15,5,2.0,1.0,5,15;19;34;43;48,,0,0,0,0,3.542308456279136,0.7084616912558273,10,8.074523201595353,4.0372616007976765,4.0372616007976765,0.49495314451854044,-49.50504685548146,-45.46778525468379,-45.46778525468378,True,0.49495314451854044,0.0,3003,0.2952912138872416,0.3257321819617548,0.02290870881484414,0.024692597946344895,0.10531192533353927,0.8165687886656544,1.0,0.7084616912558273,0.215318398674323,0.42146111880574033,0.45649252618733793,0.7525791573127115,0.9436914171603799,1.0,0.8028197967143825,0.0548417584516134,0.6917062878500331,0.7443901373438356,0.7936123731953348,0.8789932896632668,0.9715507705767298,0.8074523201595352,0.041995619384851,0.7442550252681914,0.7524255337177295,0.8068066099764211,0.8657810959879659,0.8703895572696649,0.40140989835719126,0.0274208792258067,0.34585314392501654,0.3721950686719178,0.3968061865976674,0.4394966448316334,0.4857753852883649,0.4037261600797676,0.0209978096924255,0.3721275126340957,0.37621276685886473,0.40340330498821053,0.43289054799398297,0.43519477863483247,0.40140989835719126,0.0274208792258067,0.34585314392501654,0.3721950686719178,0.3968061865976674,0.4394966448316334,0.4857753852883649,0.4037261600797676,0.0209978096924255,0.3721275126340957,0.37621276685886473,0.40340330498821053,0.43289054799398297,0.43519477863483247
mobius_disabled,nq_10,50,True,15,5,2.0,1.0,5,5;8;11;42;46,0;1;2;3;5;8;9;11;14;17;23;36;39;42,1,1,7,4,3.7488202508841377,0.7497640501768276,10,7.949576893064805,3.9747884465324024,3.9747884465324024,0.22596819564826465,-49.774031804351736,-45.799243357819336,-45.799243357819336,True,0.22596819564826465,0.0,3003,0.5007304155489777,0.22753863215925263,0.22669412770077685,0.22913772111102734,0.47402294454254706,0.8328641038501784,1.0,0.7497640501768276,0.18558002486166233,0.5542444064698542,0.56601265367924,0.6684119405120023,0.976999551763585,1.0,0.7733554057865185,0.04624587830789768,0.6624707970179882,0.710804866605954,0.7752164084396791,0.8321245995095089,0.929307138028552,0.7949576893064805,0.03294891641692985,0.7355661916940868,0.747746970154733,0.7936063140963306,0.8374507417164526,0.8437152271896872,0.38667770289325926,0.02312293915394884,0.3312353985089941,0.355402433302977,0.38760820421983955,0.41606229975475445,0.464653569014276,0.39747884465324024,0.016474458208464927,0.3677830958470434,0.3738734850773665,0.3968031570481653,0.4187253708582263,0.4218576135948436,0.38667770289325926,0.02312293915394884,0.3312353985089941,0.355402433302977,0.38760820421983955,0.41606229975475445,0.464653569014276,0.39747884465324024,0.016474458208464927,0.3677830958470434,0.3738734850773665,0.3968031570481653,0.4187253708582263,0.4218576135948436
mobius_disabled,nq_11,50,True,15,5,2.0,1.0,5,0;3;14;32;37,3;7;14;37,1,1,4,3,4.822405174546096,0.9644810349092191,10,7.769646693458948,3.884823346729474,3.884823346729474,-0.9375818278166217,-50.93758182781662,-47.052758481087146,-47.052758481087146,True,-0.9375818278166217,0.0,3003,0.39271962100199687,0.4733303640894587,0.0014370916220352444,0.0015871961488474104,0.021003593819066392,0.99995463334752,1.0,0.9644810349092191,0.06615918057722359,0.8323120353114397,0.8959882871993787,0.9986944419325737,0.99995463334752,0.9999811021960103,0.7481102920107146,0.07157483236133819,0.6209964035212671,0.6747943135156134,0.7296513281865755,0.8367549542706905,0.9891966633331664,0.7769646693458948,0.08161068936957558,0.6958722358301179,0.7129019536533021,0.7473040418546626,0.8526193485243491,0.9779077523569578,0.3740551460053573,0.03578741618066909,0.31049820176063353,0.3373971567578067,0.36482566409328776,0.41837747713534523,0.4945983316665832,0.3884823346729474,0.04080534468478779,0.34793611791505896,0.35645097682665106,0.3736520209273313,0.42630967426217453,0.4889538761784789,0.3740551460053573,0.03578741618066909,0.31049820176063353,0.3373971567578067,0.36482566409328776,0.41837747713534523,0.4945983316665832,0.3884823346729474,0.04080534468478779,0.34793611791505896,0.35645097682665106,0.3736520209273313,0.42630967426217453,0.4889538761784789
mobius_disabled,nq_12,50,True,15,5,2.0,1.0,5,0;14;21;29;39,0;1;41,1,1,2,1,4.683645611999037,0.9367291223998073,10,7.706736545523187,3.8533682727615934,3.8533682727615934,-0.8302773392374432,-50.83027733923744,-46.976909066475855,-46.97690906647585,True,-0.8302773392374432,0.0,3003,0.7419618985161068,0.2805072304808907,0.15002156486425344,0.29439326449693604,0.9089206893428288,0.9891259270920633,1.0,0.9367291223998073,0.048217733800498624,0.8665476935513193,0.8848701684538687,0.923976952899466,0.9923068338962233,1.0,0.7848749721162018,0.08857639739959748,0.6073458529529993,0.6578385707314264,0.7907486260170352,0.8875094012240874,0.9810396952354722,0.7706736545523187,0.06138215579449056,0.6769357352463435,0.6889358511295827,0.7652684445733582,0.8478426665865423,0.8603001554486251,0.3924374860581009,0.04428819869979874,0.3036729264764996,0.3289192853657132,0.3953743130085176,0.4437547006120437,0.4905198476177361,0.38533682727615937,0.03069107789724528,0.33846786762317177,0.34446792556479133,0.3826342222866791,0.42392133329327114,0.4301500777243126,0.3924374860581009,0.04428819869979874,0.3036729264764996,0.3289192853657132,0.3953743130085176,0.4437547006120437,0.4905198476177361,0.38533682727615937,0.03069107789724528,0.33846786762317177,0.34446792556479133,0.3826342222866791,0.42392133329327114,0.4301500777243126
mobius_disabled,nq_13,50,True,15,5,2.0,1.0,5,0;1;4;5;31,0;1;3;4;5;16;31,1,1,7,5,4.862721176295766,0.9725442352591532,10,8.473733470427755,4.236866735213877,4.236866735213877,-0.6258544410818887,-50.62585444108189,-46.38898770586801,-46.38898770586801,True,-0.6258544410818887,0.0,3003,0.4646575058671093,0.45421832341159346,0.0038132332008759414,0.0074836396788998515,0.17690415858432743,0.9998283122110779,1.0,0.9725442352591532,0.05325191975534689,0.8660559272771651,0.9186076497047901,0.9994721929694124,0.9999031290811845,1.0,0.7383134855530242,0.08548107604101357,0.5998283077104525,0.6461500072089761,0.7143019527358323,0.8697828434526137,0.9730758912675583,0.8473733470427754,0.045143429981589864,0.7973343155604457,0.8044192151568237,0.8344213787572481,0.91610573781935,0.9415715370489981,0.3691567427765121,0.042740538020506785,0.29991415385522624,0.32307500360448804,0.35715097636791615,0.43489142172630685,0.48653794563377917,0.4236866735213877,0.022571714990794932,0.3986671577802228,0.40220960757841184,0.41721068937862404,0.458052868909675,0.47078576852449905,0.3691567427765121,0.042740538020506785,0.29991415385522624,0.32307500360448804,0.35715097636791615,0.43489142172630685,0.48653794563377917,0.4236866735213877,0.022571714990794932,0.3986671577802228,0.40220960757841184,0.41721068937862404,0.458052868909675,0.47078576852449905
mobius_disabled,nq_14,50,True,15,5,2.0,1.0,5,10;11;28;31;45,0;1;2;9;11,1,1,5,1,4.900310647844276,0.9800621295688552,10,7.280395526872177,3.6401977634360887,3.6401977634360887,-1.2601128844081875,-51.26011288440819,-47.619915120972095,-47.619915120972095,True,-1.2601128844081875,0.0,3003,0.9820936058471043,0.02007557867297912,0.9447687022372733,0.9502498758326263,0.9916343344960253,0.999998235682689,1.0,0.9800621295688552,0.01931521564426678,0.9447687022372733,0.958823635410797,0.9806734535960574,0.9979815017855748,0.9999825952481481,0.8149801875715768,0.06321091040111151,0.6565833858737296,0.7510948247516791,0.8064011885017052,0.8942575195434357,0.988420034123388,0.7280395526872178,0.04348410834571663,0.6565833858737296,0.6745421975213093,0.7327140112838975,0.7816837536888195,0.7952058646932404,0.4074900937857884,0.03160545520055576,0.3282916929368648,0.37554741237583955,0.4032005942508526,0.44712875977171784,0.494210017061694,0.3640197763436089,0.021742054172858315,0.3282916929368648,0.33727109876065464,0.36635700564194873,0.39084187684440974,0.3976029323466202,0.4074900937857884,0.03160545520055576,0.3282916929368648,0.37554741237583955,0.4032005942508526,0.44712875977171784,0.494210017061694,0.3640197763436089,0.021742054172858315,0.3282916929368648,0.33727109876065464,0.36635700564194873,0.39084187684440974,0.3976029323466202
mobius_disabled,nq_15,50,True,15,5,2.0,1.0,5,15;17;18;36;49,,0,0,0,0,1.5684782229875203,0.31369564459750404,10,6.7277308414002235,3.3638654207001117,3.3638654207001117,1.7953871977125915,-48.20461280228741,-44.84074738158729,-44.8407473815873,True,1.7953871977125915,0.0,3003,0.11323870017186702,0.2529008943551967,0.0014233246782830713,0.0018663934410029814,0.017702439279364563,0.2744838570374892,1.0,0.31369564459750404,0.36173913556378,0.02253121931865023,0.022861840671895978,0.19534840771386994,0.7308963293012942,1.0,0.695363297925048,0.0420780590263974,0.5951163999469785,0.6392294045116999,0.6939632209543349,0.7521830824932422,0.7810639028989055,0.6727730841400222,0.038927795961306966,0.6007419461771868,0.6330553165802418,0.6791131690941097,0.719477820716063,0.7379943881876815,0.347681648962524,0.0210390295131987,0.29755819997348926,0.3196147022558499,0.34698161047716747,0.3760915412466211,0.39053195144945274,0.3363865420700111,0.019463897980653483,0.3003709730885934,0.3165276582901209,0.33955658454705484,0.3597389103580315,0.36899719409384074,0.347681648962524,0.0210390295131987,0.29755819997348926,0.3196147022558499,0.34698161047716747,0.3760915412466211,0.39053195144945274,0.3363865420700111,0.019463897980653483,0.3003709730885934,0.3165276582901209,0.33955658454705484,0.3597389103580315,0.36899719409384074
mobius_disabled,nq_16,50,True,15,5,2.0,1.0,5,5;7;27;43;46,4;27,1,1,1,1,3.3698220628839843,0.6739644125767968,10,7.973541831371615,3.9867709156858075,3.9867709156858075,0.6169488528018232,-49.383051147198174,-45.39628023151237,-45.39628023151237,True,0.6169488528018232,0.0,3003,0.2767836658072834,0.34651042148037947,0.020970955058019457,0.025237623113477093,0.09368226445974033,0.8815569507128245,1.0,0.6739644125767968,0.32954726637079457,0.10080121749222096,0.280199795419928,0.7513847956767018,0.9873353549614292,1.0,0.8115223619544392,0.060935609241202816,0.6661138707140283,0.7306440613206006,0.8146832059381333,0.88770600047637,0.9465931949063494,0.7973541831371614,0.06994821224951733,0.6661138707140283,0.7048871958328106,0.8158369662203857,0.8727029702203903,0.8754010807403813,0.4057611809772196,0.030467804620601408,0.33305693535701414,0.3653220306603003,0.40734160296906663,0.443853000238185,0.4732965974531747,0.3986770915685807,0.03497410612475867,0.33305693535701414,0.3524435979164053,0.40791848311019285,0.43635148511019517,0.4377005403701906,0.4057611809772196,0.030467804620601408,0.33305693535701414,0.3653220306603003,0.40734160296906663,0.443853000238185,0.4732965974531747,0.3986770915685807,0.03497410612475867,0.33305693535701414,0.3524435979164053,0.40791848311019285,0.43635148511019517,0.4377005403701906
mobius_disabled,nq_17,50,True,15,5,2.0,1.0,5,1;13;20;22;29,8;12;22;27;28,1,1,3,1,3.4541732124427247,0.690834642488545,10,8.234791843263714,4.117395921631857,4.117395921631857,0.6632227091891325,-49.336777290810865,-45.21938136917901,-45.21938136917901,True,0.6632227091891325,0.0,3003,0.3296365212883904,0.29033752894846027,0.06148911629295474,0.06997189077987512,0.13091426645490062,0.6717974689067406,1.0,0.690834642488545,0.16423552734491184,0.5587252810903992,0.5650776879495852,0.6035375548081793,0.8869216313223127,1.0,0.8060854358688682,0.05618200636593765,0.6657980917813399,0.7276866396906454,0.8112841725445199,0.8787527553471383,0.9311324514888029,0.8234791843263715,0.03817658881959394,0.7619133640651818,0.7888264088284315,0.8121712809874541,0.8782508768837685,0.8896908322021307,0.4030427179344341,0.028091003182968824,0.33289904589066993,0.3638433198453227,0.40564208627225995,0.43937637767356913,0.46556622574440143,0.41173959216318573,0.01908829440979697,0.3809566820325909,0.39441320441421573,0.40608564049372703,0.43912543844188423,0.44484541610106537,0.4030427179344341,0.028091003182968824,0.33289904589066993,0.3638433198453227,0.40564208627225995,0.43937637767356913,0.46556622574440143,0.41173959216318573,0.01908829440979697,0.3809566820325909,0.39441320441421573,0.40608564049372703,0.43912543844188423,0.44484541610106537
mobius_disabled,nq_18,50,True,15,5,2.0,1.0,5,3;10;18;34;41,0;1;2;4;5;6;7;10;16;17;20;22;25;27;33;36;37;43;49,1,1,8,1,1.8937122567109992,0.37874245134219986,10,8.053153524811632,4.026576762405816,4.026576762405816,2.1328645056948172,-47.86713549430518,-43.840558731899364,-43.84055873189937,True,2.1328645056948172,0.0,3003,0.15361939443605802,0.257929527470913,0.009505688093200194,0.01049057644694883,0.04643039122318151,0.3749743838772662,1.0,0.37874245134219986,0.344799685877518,0.09767301071179196,0.11305885509106003,0.14849173524848225,0.8045639556363051,1.0,0.8152295475896106,0.03492667533151032,0.7513784686799734,0.7697264764504322,0.8149434179816809,0.8560331049575993,0.9187583623871677,0.8053153524811633,0.017954185845475323,0.780024649579194,0.7830068588836426,0.8076644256154368,0.8211198490723608,0.8398851800241024,0.4076147737948053,0.01746333766575516,0.3756892343399867,0.3848632382252161,0.40747170899084045,0.42801655247879966,0.45937918119358384,0.40265767624058163,0.008977092922737661,0.390012324789597,0.3915034294418213,0.4038322128077184,0.4105599245361804,0.4199425900120512,0.4076147737948053,0.01746333766575516,0.3756892343399867,0.3848632382252161,0.40747170899084045,0.42801655247879966,0.45937918119358384,0.40265767624058163,0.008977092922737661,0.390012324789597,0.3915034294418213,0.4038322128077184,0.4105599245361804,0.4199425900120512
mobius_disabled,nq_19,50,True,15,5,2.0,1.0,5,0;9;11;18;27,0;1;2;3;4;5;6;8;9;11;12;13;15;17;18;21;23;27;31;32;36;43;45;47;49,1,1,14,5,4.934066199304034,0.9868132398608068,10,7.83209567562719,3.916047837813595,3.916047837813595,-1.0180183614904394,-51.01801836149044,-47.10197052367684,-47.10197052367685,True,-1.0180183614904394,0.0,3003,0.834889412523544,0.15337692187017973,0.5857389427525248,0.61462042134446,0.9120099556145781,0.9942853231964713,1.0,0.9868132398608068,0.012327564831334098,0.9672293455038817,0.9727435475887043,0.9860393932702867,0.9999130439255711,1.0,0.8042214599012174,0.05533367125014969,0.6852700868056046,0.7422133379634208,0.7961197326348654,0.8726681313635367,0.9607198672584023,0.783209567562719,0.036250093886057246,0.7052118429451573,0.7364224596726064,0.7926605039990331,0.8169935005380164,0.8364373648259474,0.4021107299506087,0.027666835625074843,0.3426350434028023,0.3711066689817104,0.3980598663174327,0.43633406568176836,0.48035993362920115,0.3916047837813595,0.018125046943028623,0.35260592147257863,0.3682112298363032,0.39633025199951655,0.4084967502690082,0.4182186824129737,0.4021107299506087,0.027666835625074843,0.3426350434028023,0.3711066689817104,0.3980598663174327,0.43633406568176836,0.48035993362920115,0.3916047837813595,0.018125046943028623,0.35260592147257863,0.3682112298363032,0.39633025199951655,0.4084967502690082,0.4182186824129737
mobius_disabled,nq_20,50,True,15,5,2.0,1.0,5,0;6;9;30;42,0;21;42;48,1,1,4,2,1.835181676421668,0.3670363352843336,10,8.389580345605077,4.194790172802539,4.194790172802539,2.359608496380871,-47.64039150361913,-43.44560133081659,-43.44560133081659,True,2.359608496380871,0.0,3003,0.12836435043567926,0.26289758511116973,3.089860688252585e-05,0.0001852546936059319,0.0029887390139422894,0.3533134101339004,1.0,0.3670363352843336,0.34835435087947564,0.0029887390139422894,0.07310679241298063,0.19516014401906065,0.7834995683508509,1.0,0.8584620281536771,0.03852168527806289,0.7567086688072092,0.8128852222132589,0.8608854598803558,0.9069636486781257,0.9833612363511843,0.8389580345605078,0.04368054969029562,0.7567086688072092,0.7750986961532339,0.8474875505183059,0.875069017554743,0.9130452554345058,0.42923101407683856,0.019260842639031446,0.3783543344036046,0.40644261110662944,0.4304427299401779,0.45348182433906287,0.49168061817559217,0.4194790172802539,0.02184027484514781,0.3783543344036046,0.38754934807661695,0.42374377525915297,0.4375345087773715,0.4565226277172529,0.42923101407683856,0.019260842639031446,0.3783543344036046,0.40644261110662944,0.4304427299401779,0.45348182433906287,0.49168061817559217,0.4194790172802539,0.02184027484514781,0.3783543344036046,0.38754934807661695,0.42374377525915297,0.4375345087773715,0.4565226277172529
mobius_disabled,nq_21,50,True,15,5,2.0,1.0,5,0;1;3;25;48,0;1;3;16,1,1,4,3,2.023293489889535,0.404658697977907,10,6.604867223791133,3.3024336118955664,3.3024336118955664,1.2791401220060314,-48.720859877993966,-45.41842626609841,-45.4184262660984,True,1.2791401220060314,0.0,3003,0.14107293565172008,0.3159501698046642,0.0009190956788062148,0.0014504074310666471,0.0077470374689247576,0.5818261858282185,1.0,0.404658697977907,0.441661608891698,0.0015317577658026783,0.00401786964705151,0.13291315482332916,0.9524406159325914,1.0,0.6682120749456636,0.0902621133301983,0.48737675803338143,0.5314564219883379,0.6763840830102625,0.7587789175851242,0.9300924316791355,0.6604867223791133,0.1304374023652668,0.48737675803338143,0.5293295010112413,0.628105346763106,0.8180793571265226,0.9300924316791355,0.3341060374728318,0.04513105666509915,0.24368837901669071,0.26572821099416893,0.33819204150513127,0.3793894587925621,0.46504621583956773,0.33024336118955666,0.0652187011826334,0.24368837901669071,0.26466475050562066,0.314052673381553,0.4090396785632613,0.46504621583956773,0.3341060374728318,0.04513105666509915,0.24368837901669071,0.26572821099416893,0.33819204150513127,0.3793894587925621,0.46504621583956773,0.33024336118955666,0.0652187011826334,0.24368837901669071,0.26466475050562066,0.314052673381553,0.4090396785632613,0.46504621583956773
mobius_disabled,nq_22,50,True,15,5,2.0,1.0,5,0;3;5;26;30,0;3;5;12;17;22;24;26;28;31;34;48,1,1,9,4,3.9168099562395193,0.7833619912479038,10,7.779250985182057,3.8896254925910285,3.8896254925910285,-0.02718446364849081,-50.02718446364849,-46.137558971057466,-46.13755897105746,True,-0.02718446364849081,0.0,3003,0.4663939921617695,0.29074850658762286,0.18000368944503914,0.19219023330626983,0.35053350442203085,0.970556242091465,1.0,0.7833619912479038,0.2500338102335794,0.3691553898481414,0.469494523287999,0.9301728183734529,0.9989914098280559,1.0,0.7717241875242173,0.07890030771256175,0.624808113535255,0.6823605008221161,0.7516551904641169,0.912568745066179,0.9763227270039844,0.7779250985182056,0.1050571459027654,0.6627960183337469,0.6704093264649122,0.7665825813818857,0.9030742004271732,0.9763227270039844,0.38586209376210867,0.039450153856280874,0.3124040567676275,0.34118025041105804,0.37582759523205844,0.4562843725330895,0.4881613635019922,0.3889625492591028,0.0525285729513827,0.33139800916687345,0.3352046632324561,0.38329129069094287,0.4515371002135866,0.4881613635019922,0.38586209376210867,0.039450153856280874,0.3124040567676275,0.34118025041105804,0.37582759523205844,0.4562843725330895,0.4881613635019922,0.3889625492591028,0.0525285729513827,0.33139800916687345,0.3352046632324561,0.38329129069094287,0.4515371002135866,0.4881613635019922
mobius_disabled,nq_23,50,True,15,5,2.0,1.0,5,5;7;8;33;34,5;8;31;33,1,1,4,3,4.975225691185964,0.9950451382371928,10,8.251881144429756,4.125940572214878,4.125940572214878,-0.8492851189710855,-50.84928511897108,-46.72334454675621,-46.72334454675621,True,-0.8492851189710855,0.0,3003,0.7507447675220594,0.24828956432739166,0.33691533701965687,0.3706689950389776,0.747557583242082,0.9981547893163213,1.0,0.9950451382371928,0.00517652377621711,0.985627269342099,0.9888355804256012,0.9970771777974237,0.9995492787982345,1.0,0.836330826979516,0.04365658435366459,0.7527573902845481,0.7847001749816079,0.8286640385253552,0.9056339522141035,0.9326124124819022,0.8251881144429758,0.046539723800880325,0.7710822631795677,0.7742269275097748,0.8143493195749083,0.8838417374166585,0.9265952218029283,0.418165413489758,0.021828292176832294,0.37637869514227407,0.39235008749080397,0.4143320192626776,0.45281697610705174,0.4663062062409511,0.4125940572214879,0.023269861900440163,0.38554113158978387,0.3871134637548874,0.40717465978745415,0.44192086870832925,0.46329761090146415,0.418165413489758,0.021828292176832294,0.37637869514227407,0.39235008749080397,0.4143320192626776,0.45281697610705174,0.4663062062409511,0.4125940572214879,0.023269861900440163,0.38554113158978387,0.3871134637548874,0.40717465978745415,0.44192086870832925,0.46329761090146415
mobius_disabled,nq_24,50,True,15,5,2.0,1.0,5,0;1;2;4;7,0;2;4;7,1,1,4,4,4.799399813523605,0.9598799627047212,10,9.102010331457288,4.551005165728644,4.551005165728644,-0.248394647794961,-50.24839464779496,-45.69738948206631,-45.69738948206632,True,-0.248394647794961,0.0,3003,0.36910450325593136,0.4463964184866513,0.0021646328049644307,0.0033922230263529586,0.014892892961310479,0.9976131067705598,1.0,0.9598799627047212,0.07559291261409196,0.808725166878413,0.8836153293341622,0.9961066870294212,0.9994469546391942,1.0,0.8103232650275454,0.06992408805889677,0.6545802474284361,0.7063350359124521,0.8148282687560893,0.9006586420856272,0.9928394773274056,0.9102010331457286,0.03274099815975174,0.8764364835091011,0.880561811392627,0.9026524724683546,0.9432574437778863,0.9928394773274056,0.4051616325137727,0.034962044029448386,0.32729012371421806,0.35316751795622603,0.40741413437804463,0.4503293210428136,0.4964197386637028,0.4551005165728643,0.01637049907987587,0.43821824175455054,0.4402809056963135,0.4513262362341773,0.47162872188894317,0.4964197386637028,0.4051616325137727,0.034962044029448386,0.32729012371421806,0.35316751795622603,0.40741413437804463,0.4503293210428136,0.4964197386637028,0.4551005165728643,0.01637049907987587,0.43821824175455054,0.4402809056963135,0.4513262362341773,0.47162872188894317,0.4964197386637028
mobius_disabled,nq_25,50,True,15,5,2.0,1.0,5,7;15;19;24;43,0;3;5;15;19;24;34;37;41;42;43;45,1,1,8,4,2.775772143902786,0.5551544287805572,10,7.718850651428917,3.8594253257144584,3.8594253257144584,1.0836531818116724,-48.91634681818833,-45.056921492473876,-45.05692149247387,True,1.0836531818116724,0.0,3003,0.28673695700351237,0.2641449169472779,0.08223251580252831,0.08957053461402542,0.15750701680110116,0.6555375255222347,1.0,0.5551544287805572,0.3043602096923626,0.24014238116827652,0.2700953962916766,0.384126903662024,0.9345911760382835,1.0,0.8054760571231461,0.05282117110789357,0.7061812074376752,0.7432686369016485,0.7976930166604819,0.8631720022685551,0.9644144907837168,0.7718850651428917,0.04377499046359293,0.7061812074376752,0.7186566963542707,0.7662608350743592,0.8428789783677398,0.849015955979171,0.40273802856157304,0.026410585553946785,0.3530906037188376,0.37163431845082423,0.39884650833024093,0.43158600113427753,0.4822072453918584,0.38594253257144584,0.021887495231796464,0.3530906037188376,0.3593283481771353,0.3831304175371796,0.4214394891838699,0.4245079779895855,0.40273802856157304,0.026410585553946785,0.3530906037188376,0.37163431845082423,0.39884650833024093,0.43158600113427753,0.4822072453918584,0.38594253257144584,0.021887495231796464,0.3530906037188376,0.3593283481771353,0.3831304175371796,0.4214394891838699,0.4245079779895855
mobius_disabled,nq_26,50,True,15,5,2.0,1.0,5,8;23;29;45;46,,0,0,0,0,2.121553989416201,0.4243107978832402,10,6.7274156580008535,3.3637078290004268,3.3637078290004268,1.2421538395842258,-48.757846160415774,-45.39413833141535,-45.39413833141535,True,1.2421538395842258,0.0,3003,0.16533667246641356,0.25767760385077765,0.011494954684073872,0.014085325677308535,0.037702903035325336,0.40548408609663555,1.0,0.4243107978832402,0.3113310878713211,0.1398823528696895,0.17024733563936306,0.2702100497747364,0.7982667107911607,1.0,0.6854720812645261,0.06156359434057325,0.5120357580545339,0.6056491496444653,0.6913996795406004,0.763682866344862,0.8071053609353325,0.6727415658000854,0.0486356660378534,0.5933203550883271,0.6064977436695099,0.6830811854709264,0.723065006272703,0.7361726600395357,0.34273604063226304,0.030781797170286625,0.25601787902726697,0.30282457482223263,0.3456998397703002,0.381841433172431,0.40355268046766624,0.3363707829000427,0.0243178330189267,0.2966601775441636,0.30324887183475496,0.3415405927354632,0.3615325031363515,0.36808633001976787,0.34273604063226304,0.030781797170286625,0.25601787902726697,0.30282457482223263,0.3456998397703002,0.381841433172431,0.40355268046766624,0.3363707829000427,0.0243178330189267,0.2966601775441636,0.30324887183475496,0.3415405927354632,0.3615325031363515,0.36808633001976787
mobius_disabled,nq_27,50,True,15,5,2.0,1.0,5,0;13;14;20;29,0,1,1,1,1,1.3869545106647316,0.27739090213294637,10,6.411275353263262,3.205637676631631,3.205637676631631,1.8186831659668994,-48.1813168340331,-44.975679157401466,-44.97567915740147,True,1.8186831659668994,0.0,3003,0.09480811112232826,0.26002735071785216,0.00019080281988457896,0.0002471728893008277,0.0007222663957482359,0.23892887171579122,1.0,0.27739090213294637,0.39086585833325777,0.00019080281988457896,0.0003621882328473622,0.0006469440291963784,0.7541989989853437,1.0,0.6749185367627637,0.0691947343993817,0.49418419433855076,0.6064982918958368,0.6682690087720599,0.7493175420217332,0.926695339507379,0.6411275353263263,0.07817961483418762,0.49418419433855076,0.5775291994955882,0.6374378180539524,0.7075093737166877,0.8045433906870663,0.33745926838138185,0.03459736719969085,0.24709209716927538,0.3032491459479184,0.33413450438602993,0.3746587710108666,0.4633476697536895,0.32056376766316313,0.03908980741709381,0.24709209716927538,0.2887645997477941,0.3187189090269762,0.3537546868583438,0.40227169534353313,0.33745926838138185,0.03459736719969085,0.24709209716927538,0.3032491459479184,0.33413450438602993,0.3746587710108666,0.4633476697536895,0.32056376766316313,0.03908980741709381,0.24709209716927538,0.2887645997477941,0.3187189090269762,0.3537546868583438,0.40227169534353313
mobius_disabled,nq_28,50,True,15,5,2.0,1.0,5,14;31;32;35;40,0;1;3;11;14;15;18;25;28;31;32;35;40;45,1,1,10,5,4.9930864887400315,0.9986172977480061,10,8.423135163671047,4.211567581835523,4.211567581835523,-0.7815189069045081,-50.78151890690451,-46.569951325068985,-46.569951325068985,True,-0.7815189069045081,0.0,3003,0.7949709843727217,0.284894693066483,0.26740832045743973,0.3030743015777061,0.9972936063693785,0.9999977349361738,1.0,0.9986172977480061,0.001061733088697729,0.9972936063693785,0.9973645624740806,0.9989723763062304,0.9997392077038874,0.9999970196528603,0.8549964811619327,0.04669820908577827,0.7573698638998101,0.7995302025851869,0.8503699329954374,0.9136746412383325,0.993528228238419,0.8423135163671047,0.05544683712935106,0.7985202554687765,0.7996780450996331,0.8190234167633348,0.8814155204734545,0.9934554844056915,0.42749824058096636,0.023349104542889135,0.37868493194990505,0.39976510129259346,0.4251849664977187,0.45683732061916626,0.4967641141192095,0.42115675818355236,0.02772341856467553,0.39926012773438824,0.39983902254981657,0.4095117083816674,0.44070776023672725,0.49672774220284577,0.42749824058096636,0.023349104542889135,0.37868493194990505,0.39976510129259346,0.4251849664977187,0.45683732061916626,0.4967641141192095,0.42115675818355236,0.02772341856467553,0.39926012773438824,0.39983902254981657,0.4095117083816674,0.44070776023672725,0.49672774220284577
mobius_disabled,nq_29,50,True,15,5,2.0,1.0,5,2;4;9;10;22,1;2,1,1,2,1,2.7579169733478777,0.5515833946695754,10,8.54679389984977,4.273396949924885,4.273396949924885,1.5154799765770077,-48.484520023422995,-44.2111230734981,-44.21112307349811,True,1.5154799765770077,0.0,3003,0.259646865280563,0.2674362145844589,0.02388676940415537,0.03623385278064051,0.1328601750427932,0.5913549525403377,1.0,0.5515833946695754,0.26607826950588737,0.2799219707929895,0.308266693101534,0.4248589152699229,0.8809409242882458,1.0,0.8660041491906013,0.050187146127116576,0.716088608679798,0.7845717249775574,0.8747340253442412,0.9240740800761139,0.9428035632273248,0.8546793899849771,0.049223668108567736,0.7607982256085692,0.7761817259190584,0.868919594343032,0.9005301268696916,0.9203128769218178,0.43300207459530066,0.025093573063558288,0.358044304339899,0.3922858624887787,0.4373670126721206,0.46203704003805696,0.4714017816136624,0.42733969499248853,0.024611834054283868,0.3803991128042846,0.3880908629595292,0.434459797171516,0.4502650634348458,0.4601564384609089,0.43300207459530066,0.025093573063558288,0.358044304339899,0.3922858624887787,0.4373670126721206,0.46203704003805696,0.4714017816136624,0.42733969499248853,0.024611834054283868,0.3803991128042846,0.3880908629595292,0.434459797171516,0.4502650634348458,0.4601564384609089
mobius_disabled,nq_30,50,True,15,5,2.0,1.0,5,0;1;25;27;33,0;1;3;6;10;25;27;29,1,1,6,4,3.3758250044626807,0.6751650008925362,10,7.933957345585538,3.966978672792769,3.966978672792769,0.5911536683300884,-49.40884633166991,-45.44186765887714,-45.44186765887714,True,0.5911536683300884,0.0,3003,0.2633682597518741,0.35814773369276554,0.013371341942503528,0.01500144697719938,0.04326505757603461,0.87138614975744,1.0,0.6751650008925362,0.35017884009539435,0.020050081078188887,0.26977581347753843,0.7773007851365876,0.9736438904685366,1.0,0.7982289269353908,0.07586581846824546,0.6125713516560192,0.6866829786379565,0.8152504426852613,0.8895463079121726,0.9477852254155247,0.7933957345585538,0.09011605905196321,0.6768597748541418,0.6813232141873294,0.8137842492781611,0.8778151077616124,0.9477852254155247,0.3991144634676954,0.03793290923412273,0.3062856758280096,0.34334148931897823,0.40762522134263063,0.4447731539560863,0.47389261270776234,0.3966978672792769,0.045058029525981605,0.3384298874270709,0.3406616070936647,0.40689212463908053,0.4389075538808062,0.47389261270776234,0.3991144634676954,0.03793290923412273,0.3062856758280096,0.34334148931897823,0.40762522134263063,0.4447731539560863,0.47389261270776234,0.3966978672792769,0.045058029525981605,0.3384298874270709,0.3406616070936647,0.40689212463908053,0.4389075538808062,0.47389261270776234
mobius_disabled,nq_31,50,True,15,5,2.0,1.0,5,0;3;5;6;44,0,1,1,1,1,2.774005721982603,0.5548011443965206,10,8.118790882970668,4.059395441485334,4.059395441485334,1.285389719502731,-48.71461028049727,-44.65521483901193,-44.65521483901193,True,1.285389719502731,0.0,3003,0.1910439178241231,0.35004776188379105,0.001521647276085501,0.003083618961044088,0.01616084892095139,0.841500217678973,1.0,0.5548011443965206,0.41110574025927,0.030075959915959426,0.07348276146742583,0.6085093064211884,0.9987309967403318,1.0,0.7597123413486297,0.06454945456285147,0.6405324400920127,0.6850975031230356,0.7513120070009254,0.8348138598418589,1.0,0.8118790882970668,0.1148319652782668,0.6755333986115426,0.6776554000798461,0.8189363573849594,0.9618248900629738,0.9851905059022481,0.3798561706743149,0.03227472728142573,0.32026622004600636,0.3425487515615178,0.3756560035004627,0.4174069299209294,0.5,0.4059395441485334,0.0574159826391334,0.3377666993057713,0.3388277000399231,0.4094681786924797,0.4809124450314869,0.49259525295112405,0.3798561706743149,0.03227472728142573,0.32026622004600636,0.3425487515615178,0.3756560035004627,0.4174069299209294,0.5,0.4059395441485334,0.0574159826391334,0.3377666993057713,0.3388277000399231,0.4094681786924797,0.4809124450314869,0.49259525295112405
mobius_disabled,nq_32,50,True,15,5,2.0,1.0,5,3;5;15;19;32,,0,0,0,0,4.754475675595298,0.9508951351190597,10,7.884039045177902,3.942019522588951,3.942019522588951,-0.8124561530063472,-50.812456153006345,-46.87043663041739,-46.870436630417394,True,-0.8124561530063472,0.0,3003,0.6995815005463472,0.23989088212721255,0.20115025015396373,0.43791857216837904,0.6736564441988904,0.9940117675851071,1.0,0.9508951351190597,0.08261332541792876,0.7862747818672942,0.8650004477172667,0.985277003781801,0.9999339773815912,1.0,0.8072129452692665,0.05539814944748499,0.6819043800791291,0.7406240011556884,0.8003005389905975,0.8749534327896858,0.9951525436247781,0.7884039045177901,0.049133309267554756,0.6819043800791291,0.7264670999662873,0.7915512910350033,0.8385656875201886,0.855806162441956,0.40360647263463323,0.027699074723742494,0.34095219003956456,0.3703120005778442,0.40015026949529875,0.4374767163948429,0.49757627181238906,0.39420195225889504,0.024566654633777378,0.34095219003956456,0.36323354998314367,0.39577564551750166,0.4192828437600943,0.427903081220978,0.40360647263463323,0.027699074723742494,0.34095219003956456,0.3703120005778442,0.40015026949529875,0.4374767163948429,0.49757627181238906,0.39420195225889504,0.024566654633777378,0.34095219003956456,0.36323354998314367,0.39577564551750166,0.4192828437600943,0.427903081220978
mobius_disabled,nq_33,50,True,15,5,2.0,1.0,5,5;28;31;39;47,0;6,1,0,2,0,1.2300992047129007,0.24601984094258014,10,6.037403700293252,3.018701850146626,3.018701850146626,1.7886026454337254,-48.21139735456627,-45.192695504419646,-45.192695504419646,True,1.7886026454337254,0.0,3003,0.08347363853224035,0.2514528237394525,1.8270208570063746e-05,1.977890556867553e-05,0.00042724440620863467,0.1401384887455082,1.0,0.24601984094258014,0.3873553144784852,2.0164799976933592e-05,2.8303237720035453e-05,0.00014837068404571917,0.6919560633338173,1.0,0.6622540021369535,0.11245446719387417,0.5057952209542509,0.5516594523844564,0.6376555444490543,0.8794803135247378,0.9314832836022618,0.6037403700293253,0.117113246031696,0.5057952209542509,0.5103784896975443,0.5588921975154315,0.707626508184416,0.9211445596747128,0.33112700106847676,0.056227233596937085,0.25289761047712545,0.2758297261922282,0.31882777222452713,0.4397401567623689,0.4657416418011309,0.3018701850146627,0.058556623015848,0.25289761047712545,0.25518924484877215,0.27944609875771576,0.353813254092208,0.4605722798373564,0.33112700106847676,0.056227233596937085,0.25289761047712545,0.2758297261922282,0.31882777222452713,0.4397401567623689,0.4657416418011309,0.3018701850146627,0.058556623015848,0.25289761047712545,0.25518924484877215,0.27944609875771576,0.353813254092208,0.4605722798373564
mobius_disabled,nq_34,50,True,15,5,2.0,1.0,5,2;6;7;8;31,1;4;8;13;31,1,1,5,2,4.9860102208989,0.9972020441797801,10,8.244662323566812,4.122331161783406,4.122331161783406,-0.8636790591154941,-50.8636790591155,-46.74134789733209,-46.74134789733209,True,-0.8636790591154941,0.0,3003,0.7420913479480303,0.344221717550784,0.1434909917012017,0.18636777993479192,0.9630323597990139,0.9997065763222435,1.0,0.9972020441797801,0.0031568957263782044,0.9918928208478788,0.9932691965278341,0.9987865010450462,0.9999988555832833,1.0,0.830179913941522,0.0462260663223047,0.7525212681558764,0.7853419742671847,0.8177787435105062,0.901615159976112,0.9838110073825619,0.8244662323566813,0.059634649461069646,0.7594405071375887,0.7627662629732915,0.8088667624750217,0.8608429072547712,0.9838110073825619,0.415089956970761,0.02311303316115235,0.3762606340779382,0.39267098713359233,0.4088893717552531,0.450807579988056,0.49190550369128094,0.41223311617834063,0.029817324730534823,0.37972025356879435,0.38138313148664577,0.4044333812375108,0.4304214536273856,0.49190550369128094,0.415089956970761,0.02311303316115235,0.3762606340779382,0.39267098713359233,0.4088893717552531,0.450807579988056,0.49190550369128094,0.41223311617834063,0.029817324730534823,0.37972025356879435,0.38138313148664577,0.4044333812375108,0.4304214536273856,0.49190550369128094
mobius_disabled,nq_35,50,True,15,5,2.0,1.0,5,3;5;6;11;15,3;5;6,1,1,3,3,3.8917988597479978,0.7783597719495996,10,9.007959164971728,4.503979582485864,4.503979582485864,0.6121807227378664,-49.38781927726213,-44.88383969477627,-44.88383969477627,True,0.6121807227378664,0.0,3003,0.2898679268804874,0.38000600417092056,0.014722419727773276,0.023612264083877187,0.04690624083204889,0.997442254911628,1.0,0.7783597719495996,0.27165455804597854,0.3892864251968178,0.4369583796647335,0.9949270949955803,0.9996476112755972,1.0,0.8162749092827407,0.06784981947965385,0.669618924414143,0.7322697311721307,0.8168417954414511,0.8972743587877341,1.0,0.900795916497173,0.05227868571973919,0.8262996203661307,0.85032781136599,0.8909587513399411,0.9680920471987644,0.994325666766258,0.40813745464137036,0.033924909739826925,0.3348094622070715,0.36613486558606534,0.40842089772072554,0.44863717939386705,0.5,0.4503979582485865,0.026139342859869595,0.41314981018306535,0.425163905682995,0.44547937566997053,0.4840460235993822,0.497162833383129,0.40813745464137036,0.033924909739826925,0.3348094622070715,0.36613486558606534,0.40842089772072554,0.44863717939386705,0.5,0.4503979582485865,0.026139342859869595,0.41314981018306535,0.425163905682995,0.44547937566997053,0.4840460235993822,0.497162833383129
mobius_disabled,nq_36,50,True,15,5,2.0,1.0,5,3;17;20;27;31,5;7,1,0,2,0,1.7750659077830901,0.355013181556618,10,7.486184147000069,3.7430920735000344,3.7430920735000344,1.9680261657169442,-48.03197383428306,-44.28888176078302,-44.28888176078302,True,1.9680261657169442,0.0,3003,0.15548492325141597,0.26342596692357073,0.01804831410913509,0.02671003592876883,0.03540578707676514,0.42188585860156236,1.0,0.355013181556618,0.37828918941377576,0.01804831410913509,0.04267083964743985,0.10463539532920806,0.82911102815594,1.0,0.82061206065399,0.07562018492584212,0.6315943312965909,0.713257980186055,0.8356448150203857,0.9111157418922184,0.9618676427390258,0.7486184147000068,0.06257247960557843,0.6933482477639039,0.6994861330783522,0.7151516836034495,0.8205859940441882,0.9003538185054402,0.410306030326995,0.03781009246292106,0.31579716564829546,0.3566289900930275,0.41782240751019284,0.4555578709461092,0.4809338213695129,0.3743092073500034,0.03128623980278922,0.34667412388195196,0.3497430665391761,0.35757584180172475,0.4102929970220941,0.4501769092527201,0.410306030326995,0.03781009246292106,0.31579716564829546,0.3566289900930275,0.41782240751019284,0.4555578709461092,0.4809338213695129,0.3743092073500034,0.03128623980278922,0.34667412388195196,0.3497430665391761,0.35757584180172475,0.4102929970220941,0.4501769092527201
mobius_disabled,nq_37,50,True,15,5,2.0,1.0,5,0;3;17;30;33,0;3;23;30,1,1,3,3,3.3002181450110157,0.6600436290022031,10,7.393257980810526,3.696628990405263,3.696628990405263,0.3964108453942474,-49.60358915460575,-45.906960164200484,-45.90696016420049,True,0.3964108453942474,0.0,3003,0.2807282174562324,0.3422841615176813,0.03103827881771497,0.03157297571771724,0.15394718138594857,0.9394572245933027,1.0,0.6600436290022031,0.3594992484251549,0.19301527612957856,0.2191064302608522,0.8495929993045096,0.9997466832476659,1.0,0.7298329141301496,0.06682281755659202,0.5747405347673046,0.6668266282749001,0.7204142392770725,0.8261738131200157,0.9216692486229623,0.7393257980810526,0.09375077224334087,0.5924404992720992,0.6589938477904123,0.7140237469101149,0.8609062028528548,0.9216692486229623,0.3649164570650748,0.03341140877829601,0.2873702673836523,0.33341331413745007,0.36020711963853624,0.41308690656000785,0.46083462431148114,0.3696628990405263,0.046875386121670436,0.2962202496360496,0.32949692389520613,0.35701187345505747,0.4304531014264274,0.46083462431148114,0.3649164570650748,0.03341140877829601,0.2873702673836523,0.33341331413745007,0.36020711963853624,0.41308690656000785,0.46083462431148114,0.3696628990405263,0.046875386121670436,0.2962202496360496,0.32949692389520613,0.35701187345505747,0.4304531014264274,0.46083462431148114
mobius_disabled,nq_38,50,True,15,5,2.0,1.0,5,0;5;6;8;11,0;1;2;3;4;5;6;7;8;11;17;19;25;26;31;33;45;47,1,1,15,5,4.56826899721508,0.9136537994430161,10,8.587860043478145,4.293930021739072,4.293930021739072,-0.2743389754760077,-50.274338975476006,-45.98040895373694,-45.980408953736934,True,-0.2743389754760077,0.0,3003,0.49006622372708536,0.3517442024774396,0.03882999010163419,0.07014248922133512,0.43417249523661416,0.9634123531198893,1.0,0.9136537994430161,0.0841939097758362,0.7719825489588368,0.817990968054228,0.9107867890773398,0.9993984249926355,1.0,0.852644236098058,0.04850966864535422,0.7511672601531357,0.7949144993283592,0.8564502455827572,0.9121764704462508,0.9878484784859262,0.8587860043478145,0.05793940266294754,0.7769626385069662,0.7848017348506778,0.8650180666667349,0.9044535972635569,0.9878484784859262,0.426322118049029,0.02425483432267711,0.37558363007656786,0.3974572496641796,0.4282251227913786,0.4560882352231254,0.4939242392429631,0.42939300217390725,0.02896970133147377,0.3884813192534831,0.3924008674253389,0.43250903333336743,0.45222679863177845,0.4939242392429631,0.426322118049029,0.02425483432267711,0.37558363007656786,0.3974572496641796,0.4282251227913786,0.4560882352231254,0.4939242392429631,0.42939300217390725,0.02896970133147377,0.3884813192534831,0.3924008674253389,0.43250903333336743,0.45222679863177845,0.4939242392429631
mobius_disabled,nq_39,50,True,15,5,2.0,1.0,5,0;1;27;41;47,2;3;4;6;8;10;11;15;16;19;23;33;38;40;43;44;45;47,1,1,8,1,4.692962626592501,0.9385925253185002,10,8.500325287756468,4.250162643878234,4.250162643878234,-0.44279998271426724,-50.44279998271427,-46.19263733883603,-46.192637338836036,True,-0.44279998271426724,0.0,3003,0.7616325292989787,0.1818635584550805,0.44179100323897424,0.4837756398004381,0.8138167495567322,0.955409254035782,1.0,0.9385925253185002,0.04269656789140742,0.8936890051200281,0.8960576416638442,0.9219428047998028,0.9910880880772406,1.0,0.8622900926824496,0.05276632386955162,0.7296388336053895,0.7964272860231201,0.8591258784919027,0.9406635466016948,0.9701003071413852,0.8500325287756467,0.03820141846036514,0.791255382796923,0.8148265511120764,0.8422519278062155,0.9095692523487761,0.9207753488865875,0.4311450463412248,0.02638316193477581,0.36481941680269475,0.39821364301156004,0.42956293924595135,0.4703317733008474,0.4850501535706926,0.42501626438782336,0.01910070923018257,0.3956276913984615,0.4074132755560382,0.42112596390310775,0.45478462617438803,0.46038767444329376,0.4311450463412248,0.02638316193477581,0.36481941680269475,0.39821364301156004,0.42956293924595135,0.4703317733008474,0.4850501535706926,0.42501626438782336,0.01910070923018257,0.3956276913984615,0.4074132755560382,0.42112596390310775,0.45478462617438803,0.46038767444329376
mobius_disabled,nq_40,50,True,15,5,2.0,1.0,5,1;6;13;30;34,,0,0,0,0,4.128041013555297,0.8256082027110596,10,8.86337336104519,4.431686680522595,4.431686680522595,0.3036456669672978,-49.6963543330327,-45.264667652510106,-45.264667652510106,True,0.3036456669672978,0.0,3003,0.40098101852178536,0.33592408915820343,0.0733510016476158,0.07556141603491237,0.2502682183605743,0.9733070154966512,1.0,0.8256082027110596,0.20716831804087843,0.4615600657448096,0.5680856940121193,0.9492853567089555,0.9957285818753794,1.0,0.8728578134204888,0.03454862357418073,0.7654346630284025,0.826699613545478,0.8762298319604421,0.9157206672412831,0.9435299184595061,0.8863373361045189,0.019571600874911693,0.8414803837477999,0.8687112542533697,0.8911691074313665,0.9050062365538187,0.9132556977593554,0.4364289067102444,0.017274311787090366,0.38271733151420123,0.413349806772739,0.43811491598022106,0.45786033362064155,0.47176495922975303,0.44316866805225946,0.009785800437455847,0.42074019187389994,0.43435562712668485,0.44558455371568323,0.45250311827690937,0.4566278488796777,0.4364289067102444,0.017274311787090366,0.38271733151420123,0.413349806772739,0.43811491598022106,0.45786033362064155,0.47176495922975303,0.44316866805225946,0.009785800437455847,0.42074019187389994,0.43435562712668485,0.44558455371568323,0.45250311827690937,0.4566278488796777
mobius_disabled,nq_41,50,True,15,5,2.0,1.0,5,8;12;17;31;42,,0,0,0,0,1.4354384896634054,0.2870876979326811,10,8.029609282684909,4.0148046413424545,4.0148046413424545,2.579366151679049,-47.42063384832095,-43.405829206978495,-43.405829206978495,True,2.579366151679049,0.0,3003,0.11155777367428805,0.24544349308052352,0.004066000132087808,0.005019798031304377,0.02079348088499579,0.2013027567766853,1.0,0.2870876979326811,0.3652417518062726,0.02079348088499579,0.023376484294343206,0.1556682742267091,0.6926902980573345,1.0,0.8207491464689466,0.04639669206875713,0.7017447830175803,0.7610041658145558,0.8245424582715183,0.8659370421957732,0.9979269220183202,0.8029609282684909,0.04943359304413242,0.7017447830175803,0.7340278885538198,0.8084318700275067,0.8608664454805075,0.862236782956441,0.4103745732344733,0.023198346034378564,0.3508723915087901,0.3805020829072779,0.41227122913575914,0.4329685210978866,0.4989634610091601,0.40148046413424543,0.02471679652206621,0.3508723915087901,0.3670139442769099,0.40421593501375336,0.43043322274025375,0.4311183914782205,0.4103745732344733,0.023198346034378564,0.3508723915087901,0.3805020829072779,0.41227122913575914,0.4329685210978866,0.4989634610091601,0.40148046413424543,0.02471679652206621,0.3508723915087901,0.3670139442769099,0.40421593501375336,0.43043322274025375,0.4311183914782205
mobius_disabled,nq_42,50,True,15,5,2.0,1.0,5,0;13;14;17;21,0;14;21;29,1,1,4,3,4.752438773689272,0.9504877547378545,10,8.090624904723967,4.0453124523619834,4.0453124523619834,-0.7071263213272889,-50.70712632132729,-46.66181386896531,-46.661813868965304,True,-0.7071263213272889,0.0,3003,0.6226762567343006,0.33821109612196043,0.013348642360912762,0.14338689534167315,0.7645628947985844,0.9589793451310777,1.0,0.9504877547378545,0.034452927962938217,0.8935789444804229,0.9136307189299204,0.9505576201586586,0.9858375313784096,1.0,0.8230620763780979,0.056310589637365405,0.7006544533727264,0.7534161255319717,0.8221172831498527,0.8895689403091531,0.9960040639598509,0.8090624904723966,0.05266751241373544,0.7235527145358642,0.7554095520752075,0.8016660325369938,0.8736415995401111,0.9062698630899018,0.41153103818904896,0.028155294818682702,0.3503272266863632,0.37670806276598584,0.41105864157492633,0.44478447015457656,0.49800203197992543,0.4045312452361983,0.02633375620686772,0.3617763572679321,0.3777047760376038,0.4008330162684969,0.43682079977005556,0.4531349315449509,0.41153103818904896,0.028155294818682702,0.3503272266863632,0.37670806276598584,0.41105864157492633,0.44478447015457656,0.49800203197992543,0.4045312452361983,0.02633375620686772,0.3617763572679321,0.3777047760376038,0.4008330162684969,0.43682079977005556,0.4531349315449509
mobius_disabled,nq_43,50,True,15,5,2.0,1.0,5,8;26;34;35;36,,0,0,0,0,1.050378585090471,0.2100757170180942,10,6.789006493212653,3.3945032466063263,3.3945032466063263,2.3441246615158553,-47.655875338484144,-44.26137209187782,-44.26137209187782,True,2.3441246615158553,0.0,3003,0.07581274248220522,0.24710400561972432,0.003892341097987937,0.004291075276528871,0.007457085021110518,0.025799168094368406,1.0,0.2100757170180942,0.3949837331865177,0.007457085021110518,0.00789240406738094,0.0168063475474908,0.6070279079540333,1.0,0.7275027627665309,0.05175440818881016,0.6286555406887996,0.6647967800858011,0.7241880967381179,0.787131280776798,0.9930370706456553,0.6789006493212653,0.03242798087113077,0.6443526407852209,0.6455175212481891,0.6657480344830562,0.7163617220892445,0.7494765327280788,0.36375138138326546,0.02587720409440508,0.3143277703443998,0.33239839004290056,0.36209404836905895,0.393565640388399,0.49651853532282764,0.33945032466063263,0.016213990435565383,0.32217632039261046,0.32275876062409453,0.3328740172415281,0.35818086104462227,0.3747382663640394,0.36375138138326546,0.02587720409440508,0.3143277703443998,0.33239839004290056,0.36209404836905895,0.393565640388399,0.49651853532282764,0.33945032466063263,0.016213990435565383,0.32217632039261046,0.32275876062409453,0.3328740172415281,0.35818086104462227,0.3747382663640394
mobius_disabled,nq_44,50,True,15,5,2.0,1.0,5,0;5;25;41;44,47,0,0,0,0,2.167692392974435,0.4335384785948871,10,8.5913875443638,4.2956937721819,4.2956937721819,2.128001379207465,-47.87199862079254,-43.57630484861064,-43.57630484861063,True,2.128001379207465,0.0,3003,0.2345903323885867,0.2390186954226553,0.056706299187680574,0.07576670358535306,0.17400889678673861,0.4590055577812289,1.0,0.4335384785948871,0.32326929693076173,0.08869175361083383,0.13853805142884035,0.30205163471710866,0.8254566025962571,1.0,0.8905559376230471,0.03953634983866424,0.7671220927202687,0.8164073397072447,0.8985936465515634,0.9304133452201436,0.9604907647764178,0.85913875443638,0.050373377800001666,0.7671220927202687,0.7987466755426728,0.863865042910339,0.9227531346259106,0.9300586520784595,0.44527796881152354,0.01976817491933212,0.38356104636013433,0.40820366985362233,0.4492968232757817,0.4652066726100718,0.4802453823882089,0.42956937721819,0.025186688900000833,0.38356104636013433,0.3993733377713364,0.4319325214551695,0.4613765673129553,0.46502932603922975,0.44527796881152354,0.01976817491933212,0.38356104636013433,0.40820366985362233,0.4492968232757817,0.4652066726100718,0.4802453823882089,0.42956937721819,0.025186688900000833,0.38356104636013433,0.3993733377713364,0.4319325214551695,0.4613765673129553,0.46502932603922975
mobius_disabled,nq_45,50,True,15,5,2.0,1.0,5,6;11;35;40;49,0;1;2;3;4;5;6;7;8;10;11;13;14;15;16;17;19;20;23;24;25;26;27;28;29;30;31;32;33;35;36;37;39;40;41;43;44;45;46;47;48;49,1,1,15,5,4.99606033146742,0.9992120662934839,10,8.518551726209793,4.259275863104897,4.259275863104897,-0.7367844683625231,-50.73678446836252,-46.477508605257626,-46.477508605257626,True,-0.7367844683625231,0.0,3003,0.9992720857135269,0.0012462911617858612,0.9951952674018574,0.9981079219573388,0.9997852390389154,0.9999898669543758,1.0,0.9992120662934839,0.0008740141991700565,0.9978691397175095,0.9981079219573388,0.9998675551330752,0.9999359591516543,0.9999647131587671,0.8965673873950656,0.03170772472414702,0.8219356055003086,0.8547069803793711,0.902762339083756,0.935069839366316,0.9533146059223175,0.8518551726209793,0.026453335462866823,0.8219356055003086,0.8225386329949347,0.8433211654861383,0.8825827222308867,0.9105372616088514,0.4482836936975328,0.01585386236207351,0.4109678027501543,0.42735349018968555,0.451381169541878,0.467534919683158,0.47665730296115877,0.42592758631048966,0.013226667731433411,0.4109678027501543,0.41126931649746734,0.42166058274306917,0.44129136111544337,0.4552686308044257,0.4482836936975328,0.01585386236207351,0.4109678027501543,0.42735349018968555,0.451381169541878,0.467534919683158,0.47665730296115877,0.42592758631048966,0.013226667731433411,0.4109678027501543,0.41126931649746734,0.42166058274306917,0.44129136111544337,0.4552686308044257
mobius_disabled,nq_46,50,True,15,5,2.0,1.0,5,10;20;22;28;29,8;9;12,1,0,3,0,4.946537712654796,0.9893075425309592,10,8.46292831698153,4.231464158490765,4.231464158490765,-0.7150735541640305,-50.71507355416403,-46.48360939567327,-46.48360939567326,True,-0.7150735541640305,0.0,3003,0.992019548872579,0.013292169049330995,0.9505861102637396,0.9774702267835319,0.9982695028626256,0.9999580817916982,1.0,0.9893075425309592,0.01936760323413537,0.9505861102637396,0.969659467303294,0.9985713711886216,0.9995557456780574,0.999557271710669,0.8883264192005226,0.030517353134334253,0.8105155264124326,0.852226628968179,0.8910942422804693,0.9248559603600404,0.9788476870467662,0.8462928316981531,0.01916220943976381,0.8105155264124326,0.8114949328578668,0.8520368684979677,0.8641977923707129,0.866134138307158,0.4441632096002613,0.015258676567167126,0.4052577632062163,0.4261133144840895,0.44554712114023465,0.4624279801800202,0.4894238435233831,0.42314641584907653,0.009581104719881906,0.4052577632062163,0.4057474664289334,0.42601843424898383,0.43209889618535646,0.433067069153579,0.4441632096002613,0.015258676567167126,0.4052577632062163,0.4261133144840895,0.44554712114023465,0.4624279801800202,0.4894238435233831,0.42314641584907653,0.009581104719881906,0.4052577632062163,0.4057474664289334,0.42601843424898383,0.43209889618535646,0.433067069153579
mobius_disabled,nq_47,50,True,15,5,2.0,1.0,5,2;16;19;29;36,2;6;9;22;36;38;40;43,1,1,3,2,4.099135489793822,0.8198270979587644,10,8.723644402056744,4.361822201028372,4.361822201028372,0.2626867112345499,-49.73731328876545,-45.375491087737075,-45.375491087737075,True,0.2626867112345499,0.0,3003,0.4596264396558828,0.2970570386104761,0.11040292289787214,0.12556905441314833,0.33715496616445384,0.8722210954253253,1.0,0.8198270979587644,0.12385385553361843,0.6824672117566136,0.6873791503939432,0.804658181935186,0.9669052151008339,1.0,0.8867764846553409,0.0356857391672401,0.7963446111201722,0.8386936303420846,0.892193678132366,0.9314880588485855,0.9731882327161061,0.8723644402056745,0.04323543229226439,0.7971885689135815,0.8184721369335404,0.8765647243374859,0.9182425599548255,0.9524649647784204,0.44338824232767043,0.01784286958362005,0.3981723055600861,0.4193468151710423,0.446096839066183,0.46574402942429277,0.48659411635805305,0.43618222010283725,0.021617716146132195,0.39859428445679074,0.4092360684667702,0.43828236216874294,0.45912127997741276,0.4762324823892102,0.44338824232767043,0.01784286958362005,0.3981723055600861,0.4193468151710423,0.446096839066183,0.46574402942429277,0.48659411635805305,0.43618222010283725,0.021617716146132195,0.39859428445679074,0.4092360684667702,0.43828236216874294,0.45912127997741276,0.4762324823892102
mobius_disabled,nq_48,50,True,15,5,2.0,1.0,5,1;2;3;25;34,0;1;2;4;6;7;9;16;18;41;47,1,1,5,2,4.693445346019639,0.9386890692039278,10,7.677023478348123,3.8385117391740615,3.8385117391740615,-0.8549336068455777,-50.85493360684558,-47.01642186767151,-47.01642186767152,True,-0.8549336068455777,0.0,3003,0.612725422888045,0.3155680860964632,0.1915452425138488,0.23740946501758528,0.5084659531721255,0.9863449565299348,1.0,0.9386890692039278,0.09200355054363607,0.7559986128670868,0.840136517223272,0.9815852955353337,0.9958072255438676,1.0,0.7819894069464378,0.07051438975096905,0.6490571293701062,0.6916282871391205,0.7831699098710627,0.8714807734677534,0.9808060948898776,0.7677023478348123,0.08303096662575861,0.6490571293701062,0.6617405537187151,0.769876015244507,0.8783479181651637,0.90927162593952,0.3909947034732189,0.035257194875484524,0.3245285646850531,0.34581414356956025,0.39158495493553136,0.4357403867338767,0.4904030474449388,0.38385117391740614,0.041515483312879305,0.3245285646850531,0.33087027685935755,0.3849380076222535,0.43917395908258183,0.45463581296976,0.3909947034732189,0.035257194875484524,0.3245285646850531,0.34581414356956025,0.39158495493553136,0.4357403867338767,0.4904030474449388,0.38385117391740614,0.041515483312879305,0.3245285646850531,0.33087027685935755,0.3849380076222535,0.43917395908258183,0.45463581296976
mobius_disabled,nq_49,50,True,15,5,2.0,1.0,5,1;6;35;41;45,10;21;45,1,1,1,1,1.492200364806064,0.2984400729612128,10,7.955556703109785,3.9777783515548926,3.9777783515548926,2.4855779867488286,-47.51442201325117,-43.53664366169628,-43.53664366169628,True,2.4855779867488286,0.0,3003,0.11698380047380484,0.2468064378349838,0.0034416468792690487,0.005008742668745945,0.012683794243680931,0.20294404321154036,1.0,0.2984400729612128,0.3579551790492989,0.004878433995599947,0.04388399133391776,0.16602100136011755,0.6875634408435809,1.0,0.8208419753260272,0.06359713261281733,0.7065565725144864,0.754900085664502,0.7988707592903137,0.9175893592084834,0.9665222867031614,0.7955556703109785,0.050679367335298146,0.7354802107870636,0.7411858032607266,0.7844386225236117,0.8675735598892056,0.8890551987382156,0.4104209876630136,0.03179856630640866,0.3532782862572432,0.377450042832251,0.39943537964515685,0.4587946796042417,0.4832611433515807,0.39777783515548926,0.025339683667649073,0.3677401053935318,0.3705929016303633,0.39221931126180587,0.4337867799446028,0.4445275993691078,0.4104209876630136,0.03179856630640866,0.3532782862572432,0.377450042832251,0.39943537964515685,0.4587946796042417,0.4832611433515807,0.39777783515548926,0.025339683667649073,0.3677401053935318,0.3705929016303633,0.39221931126180587,0.4337867799446028,0.4445275993691078
mobius_disabled,nq_50,50,True,15,5,2.0,1.0,5,3;12;17;28;29,,0,0,0,0,2.5551099194747704,0.5110219838949541,10,7.594973493197577,3.7974867465987887,3.7974867465987887,1.2423768271240183,-48.75762317287598,-44.96013642627719,-44.960136426277195,True,1.2423768271240183,0.0,3003,0.1941964277486892,0.32181536800114163,0.0007412936282503081,0.0014668975746271295,0.00914917272576137,0.7180994228409607,1.0,0.5110219838949541,0.3892892378460222,0.0007412936282503081,0.08724178220636768,0.4216312181141248,0.9662979570635407,1.0,0.8188306649843569,0.07674335948131802,0.6020596657462578,0.6928291798979012,0.8379275774860966,0.9047311890280384,0.9362915590605765,0.7594973493197578,0.09785140792595586,0.6020596657462578,0.6711791624615217,0.7397378202625664,0.8686703351327852,0.9362915590605765,0.40941533249217843,0.03837167974065901,0.3010298328731289,0.3464145899489506,0.4189637887430483,0.4523655945140192,0.46814577953028824,0.3797486746598789,0.04892570396297793,0.3010298328731289,0.3355895812307608,0.3698689101312832,0.4343351675663926,0.46814577953028824,0.40941533249217843,0.03837167974065901,0.3010298328731289,0.3464145899489506,0.4189637887430483,0.4523655945140192,0.46814577953028824,0.3797486746598789,0.04892570396297793,0.3010298328731289,0.3355895812307608,0.3698689101312832,0.4343351675663926,0.46814577953028824
mobius_disabled,nq_51,50,True,15,5,2.0,1.0,5,31;34;42;43;49,2;3;4;5;6;15;17;19;20;21;22;25;26;28;29;37;38;40;42;43;45,1,1,8,2,4.891629251218168,0.9783258502436338,10,8.41789576007506,4.20894788003753,4.20894788003753,-0.6826813711806379,-50.682681371180635,-46.47373349114311,-46.47373349114311,True,-0.6826813711806379,0.0,3003,0.5870355282833698,0.3356586883279225,0.1064972079227494,0.17660850589012458,0.5566874793785468,0.9847315457964532,1.0,0.9783258502436338,0.01685329087955977,0.9498374749954576,0.9597908622383037,0.9775547703781495,0.9958064250967956,1.0,0.862697379280991,0.0438497922796168,0.7650829750332,0.8214472439865762,0.8500463076252761,0.9378917937355004,0.9747096197402245,0.841789576007506,0.040955819907576206,0.7721583280138364,0.8218296319307087,0.8381807479935695,0.8549039675882321,0.9486004185024541,0.4313486896404955,0.0219248961398084,0.3825414875166,0.4107236219932881,0.42502315381263805,0.4689458968677502,0.48735480987011226,0.420894788003753,0.020477909953788103,0.3860791640069182,0.41091481596535434,0.4190903739967847,0.42745198379411603,0.47430020925122707,0.4313486896404955,0.0219248961398084,0.3825414875166,0.4107236219932881,0.42502315381263805,0.4689458968677502,0.48735480987011226,0.420894788003753,0.020477909953788103,0.3860791640069182,0.41091481596535434,0.4190903739967847,0.42745198379411603,0.47430020925122707
mobius_disabled,nq_52,50,True,15,5,2.0,1.0,5,11;23;26;34;39,,0,0,0,0,1.3968321913391848,0.27936643826783697,10,6.580139092928325,3.2900695464641627,3.2900695464641627,1.893237355124978,-48.10676264487502,-44.816693098410866,-44.81669309841086,True,1.893237355124978,0.0,3003,0.10186716210505416,0.24550411937708616,0.004663460369438572,0.006298719419950407,0.009735224935458791,0.15637614912164616,1.0,0.27936643826783697,0.36500832258989485,0.005742532691427073,0.04147165755962812,0.10619219574925294,0.6759328472146301,1.0,0.7191150369243071,0.06619746622492065,0.5880771985929996,0.640336851187307,0.7197019095791692,0.7970327075731451,0.9640358779516777,0.6580139092928325,0.06865532237745296,0.5901092547151223,0.5935581370846827,0.6539406778135024,0.7116648810691838,0.8279800863571871,0.35955751846215356,0.033098733112460324,0.2940385992964998,0.3201684255936535,0.3598509547895846,0.3985163537865726,0.48201793897583883,0.32900695464641627,0.03432766118872648,0.29505462735756116,0.2967790685423414,0.3269703389067512,0.3558324405345919,0.41399004317859356,0.35955751846215356,0.033098733112460324,0.2940385992964998,0.3201684255936535,0.3598509547895846,0.3985163537865726,0.48201793897583883,0.32900695464641627,0.03432766118872648,0.29505462735756116,0.2967790685423414,0.3269703389067512,0.3558324405345919,0.41399004317859356
mobius_disabled,nq_53,50,True,15,5,2.0,1.0,5,16;17;41;43;44,0;3;4;7;9;11;13;14;22;28;34;37;41;43;44;45;46,1,1,11,3,1.1746234275758927,0.23492468551517853,10,7.091926641087197,3.5459633205435983,3.5459633205435983,2.371339892967706,-47.628660107032296,-44.0826967864887,-44.0826967864887,True,2.371339892967706,0.0,3003,0.09003233322710384,0.24458242497168464,0.004959694137032807,0.006922627547463185,0.01732804302380945,0.08539796583857778,1.0,0.23492468551517853,0.38431839677386154,0.006780734441526732,0.007463451193743026,0.05107567124400649,0.6433117982273169,1.0,0.7741979642051647,0.06328596323558185,0.5722299638779541,0.6792103188293375,0.7890810531915614,0.8463618740778938,0.9030358508903149,0.7091926641087197,0.05161108125308554,0.6369714160021454,0.644451272710258,0.7097410174282655,0.7619523547155256,0.7981891108223838,0.38709898210258237,0.03164298161779092,0.28611498193897705,0.33960515941466873,0.3945405265957807,0.4231809370389469,0.45151792544515745,0.35459633205435986,0.02580554062654277,0.3184857080010727,0.322225636355129,0.3548705087141327,0.3809761773577628,0.3990945554111919,0.38709898210258237,0.03164298161779092,0.28611498193897705,0.33960515941466873,0.3945405265957807,0.4231809370389469,0.45151792544515745,0.35459633205435986,0.02580554062654277,0.3184857080010727,0.322225636355129,0.3548705087141327,0.3809761773577628,0.3990945554111919
mobius_disabled,nq_54,50,True,15,5,2.0,1.0,5,2;21;22;40;42,1;13;34;42;47,1,1,3,1,1.5065204010756492,0.3013040802151298,10,8.342245564672472,4.171122782336236,4.171122782336236,2.664602381260587,-47.335397618739414,-43.16427483640317,-43.16427483640317,True,2.664602381260587,0.0,3003,0.11609229776835119,0.24796306781101485,0.002048460275956406,0.003226307884120652,0.025885281777527774,0.24040714685034723,1.0,0.3013040802151298,0.36304425543080204,0.005125358549433111,0.01955095128039878,0.17858137219636985,0.7126497319811996,1.0,0.8756690806250961,0.05889213023272524,0.7558263161476708,0.803605243320556,0.8708893356791242,0.9491220907472673,0.9785048694943257,0.8342245564672472,0.05062073881695944,0.7558263161476708,0.7627305199777489,0.8391027047449607,0.8847673115611531,0.9347370945143906,0.43783454031254804,0.02944606511636262,0.3779131580738354,0.401802621660278,0.4354446678395621,0.47456104537363364,0.48925243474716285,0.4171122782336236,0.02531036940847972,0.3779131580738354,0.38136525998887444,0.41955135237248037,0.44238365578057653,0.4673685472571953,0.43783454031254804,0.02944606511636262,0.3779131580738354,0.401802621660278,0.4354446678395621,0.47456104537363364,0.48925243474716285,0.4171122782336236,0.02531036940847972,0.3779131580738354,0.38136525998887444,0.41955135237248037,0.44238365578057653,0.4673685472571953
mobius_disabled,nq_55,50,True,15,5,2.0,1.0,5,3;15;27;46;47,3;13;15;18;26;37,1,1,4,2,1.3461112479014088,0.26922224958028174,10,7.9296474198526266,3.9648237099263133,3.9648237099263133,2.6187124620249045,-47.3812875379751,-43.41646382804879,-43.416463828048784,True,2.6187124620249045,0.0,3003,0.09635928357615238,0.2527506258880702,0.0015187987150046636,0.0022786182368154887,0.008747038585822167,0.19652206574424624,1.0,0.26922224958028174,0.38294922837295214,0.002095530558919436,0.0048946753560147535,0.026961886517450358,0.7231841753093526,1.0,0.83622963147877,0.057302554076237196,0.699544048015416,0.763304368431574,0.8293001031841913,0.9117903768303625,0.9664707232113178,0.7929647419852627,0.054480573498344204,0.699544048015416,0.7395804985017179,0.7919346350861942,0.8464083405201812,0.9108070179411039,0.418114815739385,0.028651277038118598,0.349772024007708,0.381652184215787,0.41465005159209567,0.45589518841518123,0.4832353616056589,0.39648237099263134,0.027240286749172102,0.349772024007708,0.36979024925085896,0.3959673175430971,0.4232041702600906,0.45540350897055193,0.418114815739385,0.028651277038118598,0.349772024007708,0.381652184215787,0.41465005159209567,0.45589518841518123,0.4832353616056589,0.39648237099263134,0.027240286749172102,0.349772024007708,0.36979024925085896,0.3959673175430971,0.4232041702600906,0.45540350897055193
mobius_disabled,nq_56,50,True,15,5,2.0,1.0,5,26;28;36;40;48,,0,0,0,0,4.878788657160266,0.9757577314320534,10,7.388401911112721,3.6942009555563606,3.6942009555563606,-1.1845877016039053,-51.1845877016039,-47.49038674604754,-47.49038674604755,True,-1.1845877016039053,0.0,3003,0.9330376583913169,0.08424694526351437,0.7328951097589123,0.7909748507143421,0.9802181988883992,0.9998922333247666,1.0,0.9757577314320534,0.022165126385171745,0.9319392052275471,0.951250802691888,0.9886235227129061,0.9890374588040707,0.9891718333575253,0.7801170865830731,0.05663150425026204,0.686772415119918,0.7143807978709626,0.7731920331391495,0.8438760540419769,0.9983127565088373,0.7388401911112722,0.0339754100949111,0.6939255541777549,0.7011002353695107,0.740592137416953,0.7814091707343835,0.8004325698201402,0.39005854329153655,0.02831575212513102,0.343386207559959,0.3571903989354813,0.38659601656957476,0.4219380270209884,0.49915637825441866,0.3694200955556361,0.01698770504745555,0.34696277708887746,0.35055011768475536,0.3702960687084765,0.39070458536719177,0.4002162849100701,0.39005854329153655,0.02831575212513102,0.343386207559959,0.3571903989354813,0.38659601656957476,0.4219380270209884,0.49915637825441866,0.3694200955556361,0.01698770504745555,0.34696277708887746,0.35055011768475536,0.3702960687084765,0.39070458536719177,0.4002162849100701
mobius_disabled,nq_57,50,True,15,5,2.0,1.0,5,0;1;2;4;6,0;1;2;4;5;38,1,1,6,4,4.295273099019019,0.8590546198038039,10,8.261734202623845,4.130867101311923,4.130867101311923,-0.16440599770709596,-50.16440599770709,-46.03353889639517,-46.03353889639517,True,-0.16440599770709596,0.0,3003,0.33664318130954857,0.41646741062494014,0.0005886777008341649,0.0017217040523661146,0.062494200583217765,0.9997169710320923,1.0,0.8590546198038039,0.27972805696359354,0.29960490136142665,0.578313201163702,0.9992927852109713,0.9999999046318025,1.0,0.7457573293022316,0.09976947572417909,0.548500771000665,0.6352987568766357,0.7196518679806604,0.8827119302455589,0.9698371188148246,0.8261734202623845,0.11055296487891056,0.6625845642301942,0.6716219013623713,0.8783079535144473,0.9564020056334983,0.9698371188148246,0.3728786646511158,0.049884737862089544,0.2742503855003325,0.31764937843831786,0.3598259339903302,0.44135596512277947,0.4849185594074123,0.41308671013119225,0.05527648243945528,0.3312922821150971,0.33581095068118566,0.4391539767572237,0.47820100281674915,0.4849185594074123,0.3728786646511158,0.049884737862089544,0.2742503855003325,0.31764937843831786,0.3598259339903302,0.44135596512277947,0.4849185594074123,0.41308671013119225,0.05527648243945528,0.3312922821150971,0.33581095068118566,0.4391539767572237,0.47820100281674915,0.4849185594074123
mobius_disabled,nq_58,50,True,15,5,2.0,1.0,5,0;1;19;34;45,,0,0,0,0,1.6298472887449684,0.32596945774899366,10,6.135741339489021,3.0678706697445106,3.0678706697445106,1.4380233809995422,-48.56197661900046,-45.49410594925594,-45.494105949255946,True,1.4380233809995422,0.0,3003,0.11378637139801435,0.2836573169000572,3.736677388009636e-05,4.033527485326801e-05,0.0003521159600495683,0.4049778179298474,1.0,0.32596945774899366,0.4159826316546985,3.736677388009636e-05,3.880868640843784e-05,9.588139552528754e-05,0.8518692276081449,1.0,0.6559633152437442,0.08401948358951677,0.5017713540105238,0.5776558610054511,0.6352909750649791,0.7719168287596966,0.9976584480528609,0.6135741339489021,0.07220989133755834,0.5304742709161109,0.544293208793268,0.6016499203045167,0.6734799915882045,0.7938241560409302,0.3279816576218721,0.04200974179475839,0.2508856770052619,0.28882793050272554,0.31764548753248956,0.3859584143798483,0.49882922402643043,0.3067870669744511,0.03610494566877917,0.26523713545805544,0.272146604396634,0.30082496015225835,0.33673999579410224,0.3969120780204651,0.3279816576218721,0.04200974179475839,0.2508856770052619,0.28882793050272554,0.31764548753248956,0.3859584143798483,0.49882922402643043,0.3067870669744511,0.03610494566877917,0.26523713545805544,0.272146604396634,0.30082496015225835,0.33673999579410224,0.3969120780204651
mobius_disabled,nq_59,50,True,15,5,2.0,1.0,5,4;21;32;33;35,,0,0,0,0,1.5602162330421083,0.31204324660842164,10,6.484230710338081,3.2421153551690405,3.2421153551690405,1.6818991221269322,-48.318100877873064,-45.07598552270402,-45.07598552270403,True,1.6818991221269322,0.0,3003,0.13691854479062776,0.2394743803242535,0.014666967948930375,0.014944113649669858,0.0626387534623279,0.21458654531291338,1.0,0.31204324660842164,0.34983612332621783,0.07382275757699291,0.07741034198065928,0.15165086643253378,0.7007803561785693,1.0,0.6889816111741396,0.07192947058078938,0.5663927547171717,0.6149624112615621,0.6812028232655992,0.7427394750625719,0.992185945396101,0.6484230710338081,0.03473109715882176,0.5965575903801702,0.6064848298318793,0.6442379745256284,0.689897680014901,0.6992520287091352,0.3444908055870698,0.03596473529039469,0.2831963773585858,0.3074812056307811,0.3406014116327996,0.37136973753128594,0.4960929726980505,0.32421153551690407,0.01736554857941088,0.2982787951900851,0.3032424149159397,0.3221189872628142,0.3449488400074505,0.3496260143545676,0.3444908055870698,0.03596473529039469,0.2831963773585858,0.3074812056307811,0.3406014116327996,0.37136973753128594,0.4960929726980505,0.32421153551690407,0.01736554857941088,0.2982787951900851,0.3032424149159397,0.3221189872628142,0.3449488400074505,0.3496260143545676
mobius_disabled,nq_60,50,True,15,5,2.0,1.0,5,1;3;17;30;35,1;3;4;5;6;17;18;22;28;35;37,1,1,10,4,4.083064488620652,0.8166128977241301,10,7.980892725757036,3.990446362878518,3.990446362878518,-0.0926181257421339,-50.092618125742135,-46.10217176286362,-46.10217176286361,True,-0.0926181257421339,0.0,3003,0.3630352501971397,0.34208048709798694,0.06580839063279133,0.0864670901481911,0.18767570962843036,0.9314323152315512,1.0,0.8166128977241301,0.17244046327215623,0.5630064128684596,0.6014886332650696,0.925376759518865,0.9741877409493368,1.0,0.774001375739864,0.05368977616675289,0.6721219432363235,0.7117178973506056,0.7612566654890717,0.8562043833981864,0.8880517670525634,0.7980892725757035,0.05426566977677834,0.7260190973878825,0.7419053158136333,0.7848609533427751,0.8793780336569614,0.8880517670525634,0.387000687869932,0.026844888083376445,0.33606097161816173,0.3558589486753028,0.38062833274453584,0.4281021916990932,0.4440258835262817,0.39904463628785175,0.02713283488838917,0.36300954869394125,0.37095265790681664,0.39243047667138753,0.4396890168284807,0.4440258835262817,0.387000687869932,0.026844888083376445,0.33606097161816173,0.3558589486753028,0.38062833274453584,0.4281021916990932,0.4440258835262817,0.39904463628785175,0.02713283488838917,0.36300954869394125,0.37095265790681664,0.39243047667138753,0.4396890168284807,0.4440258835262817
mobius_disabled,nq_61,50,True,15,5,2.0,1.0,5,4;7;17;36;47,3;4;7;10;24;34;36;47,1,1,8,4,4.823144249449946,0.9646288498899891,10,7.56257556051863,3.781287780259315,3.781287780259315,-1.0418564691906314,-51.041856469190634,-47.260568688931315,-47.260568688931315,True,-1.0418564691906314,0.0,3003,0.5593220164383835,0.3545072140739862,0.011181847429252934,0.16138616349779006,0.43729660856426794,0.9886801612931131,1.0,0.9646288498899891,0.03522271040100186,0.9072362217516751,0.9211156273232602,0.9785190695873325,0.99818168897212,1.0,0.7840019399605376,0.10672176167345412,0.599373129050258,0.6364079235544853,0.7738143929272955,0.9265802852145447,0.9707162506225401,0.7562575560518631,0.10886137921613452,0.6450744965303035,0.6454575553407762,0.7241350997489913,0.9061669270105176,0.9567208131694749,0.3920009699802688,0.05336088083672706,0.299686564525129,0.31820396177724264,0.38690719646364774,0.46329014260727236,0.48535812531127004,0.37812877802593153,0.05443068960806726,0.32253724826515173,0.3227287776703881,0.36206754987449563,0.4530834635052588,0.47836040658473744,0.3920009699802688,0.05336088083672706,0.299686564525129,0.31820396177724264,0.38690719646364774,0.46329014260727236,0.48535812531127004,0.37812877802593153,0.05443068960806726,0.32253724826515173,0.3227287776703881,0.36206754987449563,0.4530834635052588,0.47836040658473744
mobius_disabled,nq_62,50,True,15,5,2.0,1.0,5,6;11;14;19;20,2;11;19;20,1,1,4,3,4.476601534765985,0.8953203069531972,10,8.016470547823154,4.008235273911577,4.008235273911577,-0.4683662608544079,-50.46836626085441,-46.46013098694283,-46.46013098694283,True,-0.4683662608544079,0.0,3003,0.5458061794779917,0.35330991595074146,0.024998272678825838,0.06317659404118108,0.5195237198227572,0.9764125102876366,1.0,0.8953203069531972,0.10951785698322646,0.7266290453472534,0.7591175016598027,0.9443043584321323,0.9991271779431892,1.0,0.8438524276840391,0.06083883999658039,0.7091776699071598,0.7665908188555381,0.8490689052601512,0.9212088893455812,0.95087316079755,0.8016470547823156,0.05560248137040467,0.7091776699071598,0.7443850448958191,0.7916229238368484,0.8693943468167202,0.8888128751680502,0.42192621384201956,0.030419419998290197,0.3545888349535799,0.3832954094277691,0.4245344526300756,0.4606044446727906,0.475436580398775,0.4008235273911578,0.027801240685202334,0.3545888349535799,0.37219252244790957,0.3958114619184242,0.4346971734083601,0.4444064375840251,0.42192621384201956,0.030419419998290197,0.3545888349535799,0.3832954094277691,0.4245344526300756,0.4606044446727906,0.475436580398775,0.4008235273911578,0.027801240685202334,0.3545888349535799,0.37219252244790957,0.3958114619184242,0.4346971734083601,0.4444064375840251
mobius_disabled,nq_63,50,True,15,5,2.0,1.0,5,0;4;12;13;15,0;18;49,1,1,2,1,3.374293117780343,0.6748586235560686,10,8.14030960665535,4.070154803327675,4.070154803327675,0.6958616855473321,-49.304138314452665,-45.233983511125004,-45.23398351112499,True,0.6958616855473321,0.0,3003,0.25368501580406944,0.3777941260465684,0.0076128599539524765,0.00861700339644005,0.022626165372483784,0.9652296775182783,1.0,0.6748586235560686,0.39073572848259097,0.008764055797618821,0.18491976221434717,0.922978832838462,0.9973587629219289,1.0,0.8244890228105759,0.06294815643142061,0.6600717970565935,0.740458318446794,0.8283640177686649,0.9078740005205611,0.9422032580631636,0.814030960665535,0.06272978251316406,0.7113582502398696,0.7335336210159706,0.8297554024630844,0.8769219412559844,0.9097591609884985,0.41224451140528795,0.031474078215710306,0.33003589852829673,0.370229159223397,0.41418200888433243,0.45393700026028055,0.4711016290315818,0.4070154803327675,0.03136489125658203,0.3556791251199348,0.3667668105079853,0.4148777012315422,0.4384609706279922,0.45487958049424926,0.41224451140528795,0.031474078215710306,0.33003589852829673,0.370229159223397,0.41418200888433243,0.45393700026028055,0.4711016290315818,0.4070154803327675,0.03136489125658203,0.3556791251199348,0.3667668105079853,0.4148777012315422,0.4384609706279922,0.45487958049424926
mobius_disabled,nq_64,50,True,15,5,2.0,1.0,5,0;12;25;36;47,0;1;3;4;7;9;10;12;29;32;36,1,1,11,3,4.82950624630286,0.9659012492605721,10,8.371888670370181,4.1859443351850905,4.1859443351850905,-0.6435619111177697,-50.64356191111777,-46.45761757593267,-46.45761757593268,True,-0.6435619111177697,0.0,3003,0.6750381581548139,0.3229697235151125,0.02597320994464736,0.23695415628287708,0.8479928818190589,0.9907023462807926,1.0,0.9659012492605721,0.03394437326998962,0.9170803882050143,0.9238546770268099,0.9817175121110647,0.9986768942909111,1.0,0.843917273969167,0.04729052685596076,0.7180343528058756,0.7870964364060743,0.8470879491759854,0.900445935034592,0.9365598334087873,0.8371888670370181,0.05272533782212858,0.7400844120733862,0.7852313569972023,0.8527218093982487,0.8871800637424565,0.9128865616539765,0.4219586369845835,0.02364526342798038,0.3590171764029378,0.39354821820303715,0.4235439745879927,0.450222967517296,0.4682799167043937,0.41859443351850906,0.02636266891106429,0.3700422060366931,0.39261567849860113,0.42636090469912435,0.44359003187122825,0.45644328082698826,0.4219586369845835,0.02364526342798038,0.3590171764029378,0.39354821820303715,0.4235439745879927,0.450222967517296,0.4682799167043937,0.41859443351850906,0.02636266891106429,0.3700422060366931,0.39261567849860113,0.42636090469912435,0.44359003187122825,0.45644328082698826
mobius_disabled,nq_65,50,True,15,5,2.0,1.0,5,0;3;6;9;37,0;3;4;5;6;7;9;37,1,1,8,5,4.809435886596704,0.9618871773193408,10,9.032599662622463,4.5162998313112315,4.5162998313112315,-0.2931360552854727,-50.29313605528547,-45.77683622397424,-45.77683622397424,True,-0.2931360552854727,0.0,3003,0.4910185692486752,0.41737840413291766,0.03169958165499073,0.03656765300107745,0.6605418276417427,0.9740260123240815,1.0,0.9618871773193408,0.028495356957551808,0.9183781891501285,0.9303429104419753,0.9581730535800844,0.9938378605946985,1.0,0.8867563658459126,0.03453191962352143,0.8290595965422194,0.844728319952915,0.8803100068655021,0.9388345893968091,0.9621318896970212,0.9032599662622465,0.03106407752781642,0.8489819271730679,0.8638565863417491,0.9064467494467239,0.9442445100323379,0.9599934102825345,0.4433781829229563,0.017265959811760715,0.4145297982711097,0.4223641599764575,0.44015500343275105,0.46941729469840454,0.4810659448485106,0.45162998313112324,0.01553203876390821,0.42449096358653393,0.43192829317087456,0.45322337472336194,0.47212225501616895,0.47999670514126724,0.4433781829229563,0.017265959811760715,0.4145297982711097,0.4223641599764575,0.44015500343275105,0.46941729469840454,0.4810659448485106,0.45162998313112324,0.01553203876390821,0.42449096358653393,0.43192829317087456,0.45322337472336194,0.47212225501616895,0.47999670514126724
mobius_disabled,nq_66,50,True,15,5,2.0,1.0,5,9;13;16;20;26,0;3;9;11;13;16;24;26;31;34;38,1,1,7,4,4.594721764992725,0.9189443529985448,10,7.807348065027465,3.9036740325137327,3.9036740325137327,-0.6910477324789923,-50.69104773247899,-46.787373699965265,-46.78737369996526,True,-0.6910477324789923,0.0,3003,0.4786638020578787,0.40648388535320057,0.015248912208777672,0.031864343427443084,0.293382890871856,0.99342168364769,1.0,0.9189443529985448,0.09469021702619149,0.7778602602358975,0.7995943045269907,0.9868899831411394,0.9991104602608228,1.0,0.831379165148673,0.08033925558809381,0.6531270598420962,0.7107937633874678,0.8360222307347205,0.9325259386211805,0.96290219040953,0.7807348065027465,0.04251233520875122,0.6960115143792851,0.7310546333411015,0.785744452713673,0.820401296067739,0.8408623100021911,0.4156895825743365,0.040169627794046904,0.3265635299210481,0.3553968816937339,0.41801111536736024,0.46626296931059025,0.481451095204765,0.39036740325137326,0.02125616760437561,0.34800575718964255,0.3655273166705508,0.3928722263568365,0.4102006480338695,0.42043115500109557,0.4156895825743365,0.040169627794046904,0.3265635299210481,0.3553968816937339,0.41801111536736024,0.46626296931059025,0.481451095204765,0.39036740325137326,0.02125616760437561,0.34800575718964255,0.3655273166705508,0.3928722263568365,0.4102006480338695,0.42043115500109557
mobius_disabled,nq_67,50,True,15,5,2.0,1.0,5,1;6;7;9;31,,0,0,0,0,1.722841432987692,0.3445682865975384,10,7.000849449073352,3.500424724536676,3.500424724536676,1.7775832915489842,-48.222416708451014,-44.72199198391435,-44.72199198391434,True,1.7775832915489842,0.0,3003,0.12283722306211063,0.2574230219954393,0.0008435461869508295,0.00177362497386915,0.011612525261100293,0.3288723676853604,1.0,0.3445682865975384,0.3531345629981438,0.003470657231903175,0.03930713822529867,0.23456490969438865,0.7566976025384033,1.0,0.720652836230283,0.09526656519442252,0.5416212232810725,0.6168641128666634,0.6982580968995594,0.8607046426519508,0.9821879902845941,0.7000849449073352,0.10569184414003611,0.5829328169584659,0.590441270042626,0.6657452676163498,0.8443161535162401,0.9057067898428386,0.3603264181151415,0.04763328259721126,0.27081061164053627,0.3084320564333317,0.3491290484497797,0.4303523213259754,0.49109399514229707,0.3500424724536676,0.05284592207001806,0.29146640847923294,0.295220635021313,0.3328726338081749,0.42215807675812006,0.4528533949214193,0.3603264181151415,0.04763328259721126,0.27081061164053627,0.3084320564333317,0.3491290484497797,0.4303523213259754,0.49109399514229707,0.3500424724536676,0.05284592207001806,0.29146640847923294,0.295220635021313,0.3328726338081749,0.42215807675812006,0.4528533949214193
mobius_disabled,nq_68,50,True,15,5,2.0,1.0,5,0;2;16;33;47,4;11,0,0,0,0,1.4776379488234224,0.29552758976468446,10,8.462476448964228,4.231238224482114,4.231238224482114,2.753600275658692,-47.24639972434131,-43.015161499859204,-43.0151614998592,True,2.753600275658692,0.0,3003,0.11106838076487202,0.2473668177074037,0.004085790780574578,0.005189102472718863,0.021976417758114944,0.20843025818446198,1.0,0.29552758976468446,0.3633667716811458,0.004085790780574578,0.03925416833323245,0.10248497921957518,0.7116241776644214,1.0,0.8544596726620374,0.042258283754034086,0.7405657847932803,0.8027119402069898,0.8501613614929202,0.9072406118781472,0.9716964205091411,0.8462476448964228,0.04616259780921161,0.7726178858974553,0.793587017510354,0.847706915414201,0.9041107452295682,0.9358053741959718,0.4272298363310187,0.021129141877017043,0.37028289239664014,0.4013559701034949,0.4250806807464601,0.4536203059390736,0.48584821025457053,0.4231238224482114,0.023081298904605804,0.38630894294872764,0.396793508755177,0.4238534577071005,0.4520553726147841,0.4679026870979859,0.4272298363310187,0.021129141877017043,0.37028289239664014,0.4013559701034949,0.4250806807464601,0.4536203059390736,0.48584821025457053,0.4231238224482114,0.023081298904605804,0.38630894294872764,0.396793508755177,0.4238534577071005,0.4520553726147841,0.4679026870979859
mobius_disabled,nq_69,50,True,15,5,2.0,1.0,5,3;8;9;23;34,,0,0,0,0,2.9309044403171507,0.5861808880634303,10,6.787632268143693,3.3938161340718467,3.3938161340718467,0.462911693754696,-49.5370883062453,-46.143272172173454,-46.14327217217346,True,0.462911693754696,0.0,3003,0.209751533223185,0.32717413276627905,0.007914686794378538,0.009232325411485574,0.02608366840111751,0.7759667066568146,1.0,0.5861808880634303,0.3289680973394484,0.18812962295642427,0.21521103883936815,0.5809914308067547,0.9623800895560752,1.0,0.6845476034281823,0.08851542631096772,0.5330621242241766,0.6041144646829295,0.6668117782067542,0.8080387195538904,0.931255446751043,0.6787632268143693,0.06146337047087696,0.5677572957056466,0.6264487093711874,0.6675742180844184,0.7507828709219658,0.8054517472724566,0.34227380171409116,0.04425771315548386,0.2665310621120883,0.30205723234146475,0.3334058891033771,0.4040193597769452,0.4656277233755215,0.33938161340718465,0.03073168523543848,0.2838786478528233,0.3132243546855937,0.3337871090422092,0.3753914354609829,0.4027258736362283,0.34227380171409116,0.04425771315548386,0.2665310621120883,0.30205723234146475,0.3334058891033771,0.4040193597769452,0.4656277233755215,0.33938161340718465,0.03073168523543848,0.2838786478528233,0.3132243546855937,0.3337871090422092,0.3753914354609829,0.4027258736362283
mobius_disabled,nq_70,50,True,15,5,2.0,1.0,5,2;40;42;43;45,7;24,1,0,1,0,1.7823949426095185,0.3564789885219037,10,7.029385790640857,3.5146928953204286,3.5146928953204286,1.7322979527109101,-48.26770204728909,-44.753009151968655,-44.75300915196866,True,1.7322979527109101,0.0,3003,0.15631408623070273,0.24641854643598735,0.014453827727273855,0.016011208658681907,0.06414581532100096,0.32727521118586755,1.0,0.3564789885219037,0.3429297043357278,0.03034493608921114,0.05840914026146637,0.3182576240720369,0.7333147743713686,1.0,0.7693154302058377,0.0861716105924454,0.6088122521373979,0.6630451239875471,0.7600555316121794,0.894015822772316,0.9230323585886782,0.7029385790640859,0.06822080181281823,0.6124014363238487,0.6322535146518009,0.6929388379427683,0.7701717912663937,0.8612181281543223,0.38465771510291885,0.0430858052962227,0.30440612606869893,0.33152256199377356,0.3800277658060897,0.447007911386158,0.4615161792943391,0.35146928953204293,0.034110400906409113,0.30620071816192435,0.31612675732590045,0.34646941897138417,0.38508589563319684,0.43060906407716115,0.38465771510291885,0.0430858052962227,0.30440612606869893,0.33152256199377356,0.3800277658060897,0.447007911386158,0.4615161792943391,0.35146928953204293,0.034110400906409113,0.30620071816192435,0.31612675732590045,0.34646941897138417,0.38508589563319684,0.43060906407716115
mobius_disabled,nq_71,50,True,15,5,2.0,1.0,5,2;23;29;31;39,0;3;5;12;14;18;22;23;29,1,1,3,2,2.980859568168547,0.5961719136337094,10,8.704958373298915,4.352479186649457,4.352479186649457,1.3716196184809104,-48.62838038151909,-44.27590119486963,-44.27590119486963,True,1.3716196184809104,0.0,3003,0.2551146833633208,0.2899830705922579,0.06291111309801382,0.07069584515295878,0.09579688290310395,0.7022227361883007,1.0,0.5961719136337094,0.2777715890852565,0.23611922848094125,0.3009855885435559,0.5282519522088798,0.9272813035364993,1.0,0.8934424353513876,0.05973805336600915,0.7578737244721891,0.798304287032579,0.9122821096180855,0.9593858761603562,0.9725259696156057,0.8704958373298914,0.054556933114687615,0.8058049952223254,0.8063145433528932,0.8831756420312048,0.9239369956309198,0.9597263805368883,0.4467212176756938,0.029869026683004576,0.3789368622360946,0.3991521435162895,0.45614105480904277,0.4796929380801781,0.48626298480780283,0.4352479186649457,0.027278466557343808,0.4029024976111627,0.4031572716764466,0.4415878210156024,0.4619684978154599,0.47986319026844415,0.4467212176756938,0.029869026683004576,0.3789368622360946,0.3991521435162895,0.45614105480904277,0.4796929380801781,0.48626298480780283,0.4352479186649457,0.027278466557343808,0.4029024976111627,0.4031572716764466,0.4415878210156024,0.4619684978154599,0.47986319026844415
mobius_disabled,nq_72,50,True,15,5,2.0,1.0,5,0;1;10;17;43,0;1;2;3;4;11;14;43,1,1,8,3,2.369470297454111,0.47389405949082225,10,7.4012682114977695,3.7006341057488847,3.7006341057488847,1.3311638082947739,-48.668836191705225,-44.96820208595635,-44.96820208595634,True,1.3311638082947739,0.0,3003,0.16464073490661837,0.3196980740869202,9.217856822192136e-05,9.498426440900413e-05,0.002144740580673852,0.6963970504296462,1.0,0.47389405949082225,0.40264748745663487,9.217856822192136e-05,0.011802373405308679,0.53804610752662,0.9207857382793322,1.0,0.7442388257562879,0.07985486305446554,0.5589411379130895,0.6600123398396006,0.7367257881617606,0.8597996288431209,0.9603900642861072,0.7401268211497769,0.08896156988723136,0.633054450170849,0.6597323602320312,0.7012634749167248,0.874443834685534,0.8888547734845879,0.37211941287814393,0.03992743152723277,0.27947056895654476,0.3300061699198003,0.3683628940808803,0.42989981442156044,0.4801950321430536,0.37006341057488845,0.04448078494361568,0.3165272250854245,0.3298661801160156,0.3506317374583624,0.437221917342767,0.44442738674229393,0.37211941287814393,0.03992743152723277,0.27947056895654476,0.3300061699198003,0.3683628940808803,0.42989981442156044,0.4801950321430536,0.37006341057488845,0.04448078494361568,0.3165272250854245,0.3298661801160156,0.3506317374583624,0.437221917342767,0.44442738674229393
mobius_disabled,nq_73,50,True,15,5,2.0,1.0,5,0;1;4;12;43,0;1;4,1,1,3,3,3.3132643397754595,0.6626528679550919,10,7.36322536899798,3.68161268449899,3.68161268449899,0.3683483447235303,-49.63165165527647,-45.95003897077748,-45.95003897077748,True,0.3683483447235303,0.0,3003,0.24305043615356456,0.3406328104596875,0.00456475841378493,0.0056511348018422865,0.03493845461507784,0.7801529783928233,1.0,0.6626528679550919,0.28250144167472724,0.15718118869637587,0.3388063681492841,0.7337521492871945,0.924434745785297,1.0,0.6950555412447774,0.05747998318275233,0.5796001897910623,0.640520974959473,0.6856068237864458,0.7487674027438153,0.9835149911374702,0.7363225368997981,0.07682314771868522,0.6541108222754324,0.6609095396439177,0.7082766852705185,0.8557951488587232,0.8917617871142135,0.3475277706223887,0.028739991591376166,0.28980009489553116,0.3202604874797365,0.3428034118932229,0.37438370137190763,0.4917574955687351,0.36816126844989905,0.03841157385934261,0.3270554111377162,0.33045476982195887,0.35413834263525923,0.4278975744293616,0.44588089355710675,0.3475277706223887,0.028739991591376166,0.28980009489553116,0.3202604874797365,0.3428034118932229,0.37438370137190763,0.4917574955687351,0.36816126844989905,0.03841157385934261,0.3270554111377162,0.33045476982195887,0.35413834263525923,0.4278975744293616,0.44588089355710675
mobius_disabled,nq_74,50,True,15,5,2.0,1.0,5,4;9;11;40;47,9;40;41,1,1,2,2,4.653888198221401,0.9307776396442803,10,8.103143524869306,4.051571762434653,4.051571762434653,-0.6023164357867481,-50.60231643578675,-46.5507446733521,-46.55074467335209,True,-0.6023164357867481,0.0,3003,0.46108938105963476,0.41522887139784936,0.02788645354438728,0.033993430033089016,0.2777035937021963,0.9797436468667902,1.0,0.9307776396442803,0.0668502253339549,0.8454324370985218,0.8507597868237197,0.9503966148001375,0.9997233339644901,1.0,0.7805476346822244,0.07887278600912076,0.6454990734990449,0.6964594385515571,0.7619494970354507,0.9196206795718935,0.9976602803740957,0.8103143524869306,0.06716699309486737,0.7291048907783162,0.7426227975000114,0.8080689616488317,0.8877526910026092,0.9540841899477889,0.3902738173411122,0.03943639300456038,0.32274953674952245,0.34822971927577856,0.38097474851772534,0.45981033978594676,0.49883014018704785,0.4051571762434653,0.033583496547433686,0.3645524453891581,0.3713113987500057,0.40403448082441584,0.4438763455013046,0.47704209497389444,0.3902738173411122,0.03943639300456038,0.32274953674952245,0.34822971927577856,0.38097474851772534,0.45981033978594676,0.49883014018704785,0.4051571762434653,0.033583496547433686,0.3645524453891581,0.3713113987500057,0.40403448082441584,0.4438763455013046,0.47704209497389444
mobius_disabled,nq_75,50,True,15,5,2.0,1.0,5,0;1;2;10;24,0;1;2;24,1,1,4,4,4.13181676559427,0.8263633531188541,10,7.895018737987642,3.947509368993821,3.947509368993821,-0.18430739660044937,-50.18430739660045,-46.236798027606625,-46.23679802760663,True,-0.18430739660044937,0.0,3003,0.2952482910643329,0.41696999633897397,0.006526262838898013,0.010609858654771683,0.028829837959037742,0.9997134828649941,1.0,0.8263633531188541,0.31044596277253367,0.20822888510196683,0.4946589050225043,0.9992844224420099,0.9999998092587934,1.0,0.7538870370376015,0.07645486059788857,0.622897768477879,0.6623498760393935,0.7568314016383781,0.8342295576269709,0.9952675829556491,0.7895018737987641,0.09356467242507026,0.6706016930016894,0.6800464586050822,0.8054831966672336,0.8716912320136571,0.9952675829556491,0.37694351851880076,0.038227430298944286,0.3114488842389395,0.3311749380196968,0.37841570081918907,0.41711477881348547,0.49763379147782455,0.39475093689938207,0.04678233621253513,0.3353008465008447,0.3400232293025411,0.4027415983336168,0.43584561600682853,0.49763379147782455,0.37694351851880076,0.038227430298944286,0.3114488842389395,0.3311749380196968,0.37841570081918907,0.41711477881348547,0.49763379147782455,0.39475093689938207,0.04678233621253513,0.3353008465008447,0.3400232293025411,0.4027415983336168,0.43584561600682853,0.49763379147782455
mobius_disabled,nq_76,50,True,15,5,2.0,1.0,5,0;1;3;7;10,0;1;3;10,1,1,4,4,4.160480623281103,0.8320961246562206,10,8.91446078220962,4.45723039110481,4.45723039110481,0.296749767823707,-49.703250232176295,-45.24601984107149,-45.24601984107149,True,0.296749767823707,0.0,3003,0.2787915679172483,0.41327625727267353,7.16842108585149e-05,0.00011870955435390316,0.004923800144849366,0.9661552129297224,1.0,0.8320961246562206,0.23055847068383653,0.38256997621779,0.5734501191317641,0.9236448760331497,0.997798175010975,1.0,0.7369783551136985,0.07935055736859108,0.560506957535375,0.6579008767997147,0.7222891284183051,0.8727764110957537,0.9828476913985371,0.8914460782209618,0.037628398104763656,0.8232521576975089,0.86467818965682,0.8859341089055727,0.9350431079002058,0.971748252683081,0.36848917755684923,0.03967527868429554,0.2802534787676875,0.3289504383998573,0.36114456420915253,0.43638820554787683,0.49142384569926856,0.4457230391104809,0.018814199052381828,0.41162607884875446,0.43233909482841,0.44296705445278634,0.4675215539501029,0.4858741263415405,0.36848917755684923,0.03967527868429554,0.2802534787676875,0.3289504383998573,0.36114456420915253,0.43638820554787683,0.49142384569926856,0.4457230391104809,0.018814199052381828,0.41162607884875446,0.43233909482841,0.44296705445278634,0.4675215539501029,0.4858741263415405
mobius_disabled,nq_77,50,True,15,5,2.0,1.0,5,10;18;32;44;47,,0,0,0,0,1.0035866122076043,0.20071732244152085,10,6.263210278858168,3.131605139429084,3.131605139429084,2.1280185272214798,-47.87198147277852,-44.74037633334944,-44.74037633334944,True,2.1280185272214798,0.0,3003,0.0679879307536166,0.24909894429742696,0.0004458226625796475,0.00046557294499074547,0.0007903207351970449,0.006105840721554064,1.0,0.20071732244152085,0.39964153997238466,0.0004894314381070378,0.0005557256479378969,0.0007911840532882158,0.60066033190141,1.0,0.7031597433977556,0.06484194149360267,0.5717955066355039,0.6252438856099898,0.702289825174537,0.7795443688911834,0.9617283123206698,0.6263210278858169,0.03586861978131205,0.5751645971971603,0.5903689459189468,0.6211041790089488,0.6465397342497282,0.7186413444849697,0.3515798716988778,0.032420970746801336,0.28589775331775197,0.3126219428049949,0.3511449125872685,0.3897721844455917,0.4808641561603349,0.31316051394290845,0.017934309890656024,0.28758229859858014,0.2951844729594734,0.3105520895044744,0.3232698671248641,0.3593206722424849,0.3515798716988778,0.032420970746801336,0.28589775331775197,0.3126219428049949,0.3511449125872685,0.3897721844455917,0.4808641561603349,0.31316051394290845,0.017934309890656024,0.28758229859858014,0.2951844729594734,0.3105520895044744,0.3232698671248641,0.3593206722424849
mobius_disabled,nq_78,50,True,15,5,2.0,1.0,5,0;13;23;28;38,0;16;19;25;28,1,1,5,2,4.0424335851818185,0.8084867170363637,10,8.174135103336928,4.087067551668464,4.087067551668464,0.04463396648664553,-49.95536603351336,-45.86829848184489,-45.86829848184489,True,0.04463396648664553,0.0,3003,0.3939536831841171,0.3183217571186517,0.07567986344147014,0.0869572283041766,0.25120853015749417,0.907807400288652,1.0,0.8084867170363637,0.17489413788971994,0.5240953428895345,0.6106477593565777,0.794548573262164,0.993325313989191,1.0,0.8128695239824947,0.060971067013371225,0.712778694575816,0.7443822495082242,0.7986264156001938,0.8985896873065106,0.9915280976422803,0.8174135103336928,0.03707821371142914,0.7453321036601522,0.7746448104221051,0.8204976979287877,0.8604096191663348,0.8632239165768341,0.40643476199124734,0.030485533506685612,0.356389347287908,0.3721911247541121,0.3993132078000969,0.4492948436532553,0.49576404882114017,0.4087067551668464,0.01853910685571457,0.3726660518300761,0.38732240521105255,0.41024884896439384,0.4302048095831674,0.43161195828841703,0.40643476199124734,0.030485533506685612,0.356389347287908,0.3721911247541121,0.3993132078000969,0.4492948436532553,0.49576404882114017,0.4087067551668464,0.01853910685571457,0.3726660518300761,0.38732240521105255,0.41024884896439384,0.4302048095831674,0.43161195828841703
mobius_disabled,nq_79,50,True,15,5,2.0,1.0,5,0;1;9;21;45,0;1;2;37,1,1,3,2,3.3633408671290583,0.6726681734258118,10,8.260598644210681,4.130299322105341,4.130299322105341,0.7669584549762822,-49.23304154502372,-45.10274222291838,-45.10274222291838,True,0.7669584549762822,0.0,3003,0.32106894564243726,0.30980382161081166,0.004240662928717743,0.015733119702036683,0.2613122566915081,0.8007193250629694,1.0,0.6726681734258118,0.2680318904260894,0.37735295674433295,0.41861470662165423,0.5128451115264205,0.9970541869682676,1.0,0.7919932949480412,0.07836522273249409,0.5907939037175113,0.6935017475736357,0.7984566304394476,0.9010016760146387,0.9445360015674811,0.8260598644210679,0.07295922506230179,0.7593157400778993,0.759598148259013,0.7872743499617031,0.9422829816278312,0.9445360015674811,0.3959966474740206,0.039182611366247046,0.29539695185875564,0.34675087378681785,0.3992283152197238,0.4505008380073193,0.47226800078374054,0.41302993221053397,0.036479612531150896,0.37965787003894963,0.3797990741295065,0.39363717498085155,0.4711414908139156,0.47226800078374054,0.3959966474740206,0.039182611366247046,0.29539695185875564,0.34675087378681785,0.3992283152197238,0.4505008380073193,0.47226800078374054,0.41302993221053397,0.036479612531150896,0.37965787003894963,0.3797990741295065,0.39363717498085155,0.4711414908139156,0.47226800078374054
mobius_disabled,nq_80,50,True,15,5,2.0,1.0,5,3;4;8;13;31,0;2;3;4;7;8;13;14,1,1,8,4,4.815651579859343,0.9631303159718685,10,8.094359123819027,4.0471795619095134,4.0471795619095134,-0.7684720179498292,-50.76847201794983,-46.72129245604031,-46.72129245604032,True,-0.7684720179498292,0.0,3003,0.605366098075679,0.4612928052543007,0.0018861885145819673,0.002634943101520106,0.9851962266539164,0.9996807194074975,1.0,0.9631303159718685,0.06962091784208266,0.8239310351462142,0.8922807579650783,0.9979150555289834,0.9995485103950692,0.9997422579938053,0.8039183760078268,0.073880133101064,0.5757846434577208,0.7088759217133251,0.8171810900701715,0.8963301134728731,0.9734202165681397,0.8094359123819027,0.0643987513852555,0.7028151678774731,0.711504649478598,0.8340802309473812,0.8701002269964723,0.9051889582242167,0.4019591880039134,0.036940066550532,0.2878923217288604,0.35443796085666257,0.40859054503508574,0.44816505673643653,0.48671010828406985,0.40471795619095136,0.03219937569262775,0.35140758393873656,0.355752324739299,0.4170401154736906,0.43505011349823614,0.45259447911210837,0.4019591880039134,0.036940066550532,0.2878923217288604,0.35443796085666257,0.40859054503508574,0.44816505673643653,0.48671010828406985,0.40471795619095136,0.03219937569262775,0.35140758393873656,0.355752324739299,0.4170401154736906,0.43505011349823614,0.45259447911210837
mobius_disabled,nq_81,50,True,15,5,2.0,1.0,5,5;8;14;32;47,0;1;2;3;4;5;7;8;9;10;11;12;13;15;18;23;25;26;27;28;29;31;33;35;36;37;39;41;43;45;47,1,1,12,3,4.911815300115798,0.9823630600231595,10,8.295594145236377,4.1477970726181885,4.1477970726181885,-0.7640182274976093,-50.76401822749761,-46.616221154879426,-46.61622115487942,True,-0.7640182274976093,0.0,3003,0.9556360351259511,0.043820349129728896,0.8378110580897445,0.9147917900107647,0.9653097996784124,0.9962009105768258,1.0,0.9823630600231595,0.026246415042360714,0.9303171827315633,0.9545898418110819,0.9922636828833858,0.9992942416281956,1.0,0.8572666963609441,0.042879942052637746,0.7488755089810861,0.8122464366343091,0.850743662243188,0.9146220074462911,0.9576486150335077,0.8295594145236377,0.04264972628941637,0.7488755089810861,0.7804642830542943,0.8273603016781196,0.8723996971392604,0.9056556011653755,0.42863334818047205,0.021439971026318873,0.37443775449054306,0.40612321831715453,0.425371831121594,0.45731100372314554,0.47882430751675387,0.41477970726181884,0.021324863144708186,0.37443775449054306,0.39023214152714714,0.4136801508390598,0.4361998485696302,0.45282780058268773,0.42863334818047205,0.021439971026318873,0.37443775449054306,0.40612321831715453,0.425371831121594,0.45731100372314554,0.47882430751675387,0.41477970726181884,0.021324863144708186,0.37443775449054306,0.39023214152714714,0.4136801508390598,0.4361998485696302,0.45282780058268773
mobius_disabled,nq_82,50,True,15,5,2.0,1.0,5,3;12;18;27;44,3;5;35,1,1,2,1,2.229149693877236,0.44582993877544724,10,7.609242606668382,3.804621303334191,3.804621303334191,1.575471609456955,-48.424528390543045,-44.61990708720886,-44.61990708720886,True,1.575471609456955,0.0,3003,0.22197186688458775,0.24780546734839207,0.04542897127785119,0.05181697865119579,0.144107765186718,0.4788738009026159,1.0,0.44582993877544724,0.3207190292184745,0.04542897127785119,0.12812506539519314,0.40028554357145696,0.8125063889826888,1.0,0.7964309358553798,0.0565330081241583,0.6497148408830132,0.709129756767814,0.8086739878230855,0.8600678425568058,0.8987229663099201,0.7609242606668382,0.05537303509769637,0.681514053209018,0.699797538864177,0.7646716094550619,0.8411115389432673,0.8532685246854209,0.3982154679276899,0.02826650406207915,0.3248574204415066,0.354564878383907,0.40433699391154276,0.4300339212784029,0.44936148315496005,0.3804621303334191,0.027686517548848186,0.340757026604509,0.3498987694320885,0.3823358047275309,0.42055576947163364,0.42663426234271046,0.3982154679276899,0.02826650406207915,0.3248574204415066,0.354564878383907,0.40433699391154276,0.4300339212784029,0.44936148315496005,0.3804621303334191,0.027686517548848186,0.340757026604509,0.3498987694320885,0.3823358047275309,0.42055576947163364,0.42663426234271046
mobius_disabled,nq_83,50,True,15,5,2.0,1.0,5,6;25;40;41;46,,0,0,0,0,2.330211822603827,0.4660423645207653,10,7.450482060652504,3.725241030326252,3.725241030326252,1.3950292077224251,-48.60497079227758,-44.87972976195134,-44.879729761951324,True,1.3950292077224251,0.0,3003,0.2093567843581715,0.30115717760505367,0.01147543194462421,0.01372970208680191,0.08697339557571879,0.6537380090718189,1.0,0.4660423645207653,0.4077821572363804,0.05921964846128936,0.07305871262933966,0.2628345504242715,0.9657361259347403,1.0,0.7986306786778249,0.061376185779037674,0.7024610736520251,0.7330102696221371,0.7855581899670803,0.8971004383398523,0.9804067090823206,0.7450482060652505,0.0262738030538209,0.7161534578648674,0.7226121006972733,0.7345261472272264,0.7741362796261654,0.8055835193333333,0.39931533933891245,0.030688092889518837,0.3512305368260126,0.36650513481106856,0.39277909498354013,0.44855021916992616,0.4902033545411603,0.37252410303262523,0.01313690152691045,0.3580767289324337,0.36130605034863666,0.3672630736136132,0.3870681398130827,0.40279175966666664,0.39931533933891245,0.030688092889518837,0.3512305368260126,0.36650513481106856,0.39277909498354013,0.44855021916992616,0.4902033545411603,0.37252410303262523,0.01313690152691045,0.3580767289324337,0.36130605034863666,0.3672630736136132,0.3870681398130827,0.40279175966666664
mobius_disabled,nq_84,50,True,15,5,2.0,1.0,5,28;30;35;36;42,25,1,0,1,0,1.001997143021794,0.2003994286043588,10,7.135132356946623,3.5675661784733115,3.5675661784733115,2.5655690354515173,-47.43443096454848,-43.866864786075176,-43.86686478607517,True,2.5655690354515173,0.0,3003,0.06901067468827236,0.24883166251332517,0.0001717044602358762,0.00023939384855203052,0.0012548051709961713,0.00777649151789833,1.0,0.2003994286043588,0.3998004790794696,0.0001717044602358762,0.00020052175688318972,0.00032688568870769185,0.6005019220683986,1.0,0.7894621795582725,0.08070312189893128,0.653025674704045,0.7015565217091704,0.7605507169506329,0.9210535135547608,0.9549124593024526,0.7135132356946622,0.04258531730955798,0.653025674704045,0.6817440865552259,0.6953121613168507,0.7651056165960171,0.8040923347323066,0.39473108977913623,0.04035156094946564,0.3265128373520225,0.3507782608545852,0.38027535847531646,0.4605267567773804,0.4774562296512263,0.3567566178473311,0.02129265865477899,0.3265128373520225,0.34087204327761295,0.34765608065842535,0.38255280829800853,0.4020461673661533,0.39473108977913623,0.04035156094946564,0.3265128373520225,0.3507782608545852,0.38027535847531646,0.4605267567773804,0.4774562296512263,0.3567566178473311,0.02129265865477899,0.3265128373520225,0.34087204327761295,0.34765608065842535,0.38255280829800853,0.4020461673661533
mobius_disabled,nq_85,50,True,15,5,2.0,1.0,5,4;7;18;35;37,1;3;8;37;39,1,1,4,1,4.757869935122138,0.9515739870244276,10,8.338389629969738,4.169194814984869,4.169194814984869,-0.5886751201372693,-50.58867512013727,-46.4194803051524,-46.4194803051524,True,-0.5886751201372693,0.0,3003,0.608798044890444,0.2741006917221734,0.24529432948201832,0.294930384024283,0.5424175285606994,0.9801817113211501,1.0,0.9515739870244276,0.0544375712956486,0.8472748570456359,0.8897832443672757,0.9702392015745502,0.9947240204608867,1.0,0.8353978242713452,0.04339205435951928,0.7464401163217447,0.783131816375846,0.829265150852083,0.8945067868123951,0.9695955161727549,0.8338389629969738,0.03676219216295404,0.776077022880982,0.7877281557228666,0.8382134385505781,0.8708011101849854,0.8968046070724546,0.4176989121356726,0.02169602717975964,0.37322005816087234,0.391565908187923,0.4146325754260415,0.4472533934061976,0.48479775808637743,0.4169194814984869,0.01838109608147702,0.388038511440491,0.3938640778614333,0.41910671927528903,0.4354005550924927,0.4484023035362273,0.4176989121356726,0.02169602717975964,0.37322005816087234,0.391565908187923,0.4146325754260415,0.4472533934061976,0.48479775808637743,0.4169194814984869,0.01838109608147702,0.388038511440491,0.3938640778614333,0.41910671927528903,0.4354005550924927,0.4484023035362273
mobius_disabled,nq_86,50,True,15,5,2.0,1.0,5,0;11;17;39;45,0;12;14;16;31;35;39,1,1,6,2,1.2126098760756636,0.24252197521513272,10,6.870064431662727,3.4350322158313635,3.4350322158313635,2.2224223397557,-47.7775776602443,-44.342545444412934,-44.342545444412934,True,2.2224223397557,0.0,3003,0.09212889957298769,0.2437943857643593,0.004409155906447194,0.004733800067022125,0.023644470746828284,0.07820265467155704,1.0,0.24252197521513272,0.3793990483054995,0.023644470746828284,0.02958918907099901,0.06036414295695542,0.63603799832585,1.0,0.7096300453051817,0.05355412928088199,0.6059545947349008,0.6326268575863112,0.71660229274466,0.7622797165868472,0.9661662618098993,0.6870064431662728,0.05028066848579377,0.6059545947349008,0.6269221914986111,0.7078615173245408,0.7422119174843317,0.7513175047689582,0.35481502265259085,0.026777064640440995,0.3029772973674504,0.3163134287931556,0.35830114637233,0.3811398582934236,0.48308313090494964,0.3435032215831364,0.025140334242896883,0.3029772973674504,0.31346109574930553,0.3539307586622704,0.37110595874216584,0.3756587523844791,0.35481502265259085,0.026777064640440995,0.3029772973674504,0.3163134287931556,0.35830114637233,0.3811398582934236,0.48308313090494964,0.3435032215831364,0.025140334242896883,0.3029772973674504,0.31346109574930553,0.3539307586622704,0.37110595874216584,0.3756587523844791
mobius_disabled,nq_87,50,True,15,5,2.0,1.0,5,0;1;4;37;49,0;1;4;12;30,1,1,3,3,3.0200441773185416,0.6040088354637083,10,7.217692124377784,3.608846062188892,3.608846062188892,0.5888018848703505,-49.41119811512965,-45.80235205294076,-45.802352052940755,True,0.5888018848703505,0.0,3003,0.20552516730999779,0.3917575142731872,0.00020712656356826705,0.0002456149907434459,0.0015365596948333788,0.9856468647777336,1.0,0.6040088354637083,0.47112492479384305,0.0007025523255278143,0.022189821881120043,0.9665283724468482,0.9993570105326629,1.0,0.7380659413004786,0.08339786503716505,0.5652469298057227,0.6389652145961875,0.7314328754375733,0.8531205985164613,0.922670357022529,0.7217692124377784,0.08861899131467033,0.5891786739766923,0.6294120394589826,0.7123433893203917,0.8142197487734457,0.9017270695001425,0.3690329706502393,0.041698932518582525,0.28262346490286133,0.31948260729809375,0.36571643771878665,0.42656029925823064,0.4613351785112645,0.3608846062188892,0.04430949565733516,0.29458933698834616,0.3147060197294913,0.3561716946601958,0.40710987438672286,0.45086353475007124,0.3690329706502393,0.041698932518582525,0.28262346490286133,0.31948260729809375,0.36571643771878665,0.42656029925823064,0.4613351785112645,0.3608846062188892,0.04430949565733516,0.29458933698834616,0.3147060197294913,0.3561716946601958,0.40710987438672286,0.45086353475007124
mobius_disabled,nq_88,50,True,15,5,2.0,1.0,5,2;4;11;13;15,2;4;31,1,1,2,2,2.0398713165246916,0.4079742633049383,10,9.009832539235969,4.5049162696179845,4.5049162696179845,2.465044953093293,-47.53495504690671,-43.03003877728872,-43.03003877728872,True,2.465044953093293,0.0,3003,0.15352783926381985,0.25353059511850806,0.0031350495632384468,0.00940792917439104,0.0412701753316534,0.3447592709651559,1.0,0.4079742633049383,0.3082070417748457,0.10970681124941407,0.16685612956433854,0.3089568398898773,0.74745102333947,1.0,0.9020234126641986,0.024255364311340646,0.8463907534449229,0.870909369042614,0.9003820025191577,0.934998667637622,0.9876473621272401,0.9009832539235971,0.013505435404447857,0.8877832751012422,0.8901396059667157,0.895444590409537,0.920700477349085,0.9304580826783527,0.4510117063320993,0.012127682155670323,0.42319537672246144,0.435454684521307,0.45019100125957884,0.467499333818811,0.49382368106362007,0.45049162696179856,0.006752717702223928,0.4438916375506211,0.44506980298335785,0.4477222952047685,0.4603502386745425,0.46522904133917636,0.4510117063320993,0.012127682155670323,0.42319537672246144,0.435454684521307,0.45019100125957884,0.467499333818811,0.49382368106362007,0.45049162696179856,0.006752717702223928,0.4438916375506211,0.44506980298335785,0.4477222952047685,0.4603502386745425,0.46522904133917636
mobius_disabled,nq_89,50,True,15,5,2.0,1.0,5,6;20;27;30;35,14;22;23;25;40,1,0,1,0,3.663532636287755,0.732706527257551,10,8.466505197747969,4.233252598873984,4.233252598873984,0.5697199625862295,-49.43028003741377,-45.19702743853979,-45.19702743853979,True,0.5697199625862295,0.0,3003,0.3065805495403599,0.33376927874238554,0.03183053847653056,0.03600546398628747,0.12865250444405416,0.8760738722713859,1.0,0.732706527257551,0.22978488048889323,0.44347400219722954,0.45444763240011443,0.8670823078013209,0.9528272994339051,1.0,0.8409754050248991,0.03868514467179248,0.7503727839549656,0.7932080632346411,0.8370337629623088,0.8904913810089008,0.9834188980011093,0.8466505197747969,0.03987942658443191,0.7983203753827163,0.8057207611198545,0.840517558224066,0.903278604095362,0.9219697855224427,0.42048770251244955,0.01934257233589624,0.3751863919774828,0.39660403161732055,0.4185168814811544,0.4452456905044504,0.49170944900055463,0.42332525988739844,0.019939713292215954,0.39916018769135814,0.40286038055992723,0.420258779112033,0.451639302047681,0.46098489276122134,0.42048770251244955,0.01934257233589624,0.3751863919774828,0.39660403161732055,0.4185168814811544,0.4452456905044504,0.49170944900055463,0.42332525988739844,0.019939713292215954,0.39916018769135814,0.40286038055992723,0.420258779112033,0.451639302047681,0.46098489276122134
mobius_disabled,nq_90,50,True,15,5,2.0,1.0,5,0;3;17;37;40,0;10;17,1,1,2,2,2.1801531117161046,0.43603062234322093,10,6.4796463354557945,3.2398231677278972,3.2398231677278972,1.0596700560117926,-48.94032994398821,-45.70050677626031,-45.70050677626031,True,1.0596700560117926,0.0,3003,0.1678514457326642,0.28960198380410385,0.015735436272346182,0.016436261831939823,0.03214352472174815,0.5856276612930239,1.0,0.43603062234322093,0.37783312106931805,0.015735436272346182,0.0297390430766135,0.4128813600171117,0.8803167448574529,1.0,0.629304068449633,0.06414387452175682,0.5306693767927331,0.5505911974319244,0.6206368430613721,0.7026826563890033,0.8820244351589457,0.6479646335455794,0.1392477407663347,0.5306693767927331,0.5369511150019084,0.5685603902827381,0.8598292747430062,0.8820244351589457,0.3146520342248165,0.03207193726087841,0.26533468839636654,0.2752955987159622,0.31031842153068606,0.35134132819450165,0.44101221757947284,0.3239823167727897,0.06962387038316735,0.26533468839636654,0.2684755575009542,0.28428019514136904,0.4299146373715031,0.44101221757947284,0.3146520342248165,0.03207193726087841,0.26533468839636654,0.2752955987159622,0.31031842153068606,0.35134132819450165,0.44101221757947284,0.3239823167727897,0.06962387038316735,0.26533468839636654,0.2684755575009542,0.28428019514136904,0.4299146373715031,0.44101221757947284
mobius_disabled,nq_91,50,True,15,5,2.0,1.0,5,0;5;7;9;42,,0,0,0,0,4.012780179290184,0.8025560358580368,10,8.367339007437034,4.183669503718517,4.183669503718517,0.17088932442833293,-49.82911067557167,-45.64544117185315,-45.64544117185315,True,0.17088932442833293,0.0,3003,0.2739381659973322,0.4354490602993926,0.0039030096866564884,0.004205304035051234,0.015173702973075473,0.999446708813492,1.0,0.8025560358580368,0.38679853101302186,0.029043561605460892,0.4113721817119829,0.9993809733714113,0.9997962129766182,1.0,0.7841991045297706,0.0731754319342203,0.6213983510756239,0.6913342196001321,0.7864933517526329,0.8956837170186083,0.9439160576211183,0.8367339007437036,0.0746070981527284,0.7349168748060746,0.7431096071438079,0.8379942589190978,0.9205119579457034,0.928465223666087,0.3920995522648853,0.03658771596711015,0.31069917553781196,0.34566710980006604,0.39324667587631645,0.44784185850930414,0.47195802881055915,0.4183669503718518,0.0373035490763642,0.3674584374030373,0.37155480357190396,0.4189971294595489,0.4602559789728517,0.4642326118330435,0.3920995522648853,0.03658771596711015,0.31069917553781196,0.34566710980006604,0.39324667587631645,0.44784185850930414,0.47195802881055915,0.4183669503718518,0.0373035490763642,0.3674584374030373,0.37155480357190396,0.4189971294595489,0.4602559789728517,0.4642326118330435
mobius_disabled,nq_92,50,True,15,5,2.0,1.0,5,0;6;14;15;20,,0,0,0,0,1.5304056742120913,0.3060811348424183,10,7.839237658246305,3.9196188291231526,3.9196188291231526,2.3892131549110616,-47.61078684508894,-43.69116801596579,-43.691168015965786,True,2.3892131549110616,0.0,3003,0.1220623751401824,0.2537216947783233,0.0006290177622452876,0.0006786177840847291,0.007114913086397264,0.28227302637213053,1.0,0.3060811348424183,0.3707431741091673,0.0006290177622452876,0.0006494899405625832,0.17592424286476943,0.7412688861508152,1.0,0.8631957414701328,0.08642600545717981,0.6623872755399656,0.7260945712639066,0.8936372209055877,0.9495557173203011,0.9682958237601474,0.7839237658246304,0.10135865626639042,0.6623872755399656,0.7031939547807864,0.7395183867896014,0.9405229866818448,0.9497060186334092,0.4315978707350664,0.043213002728589904,0.3311936377699828,0.3630472856319533,0.44681861045279386,0.47477785866015054,0.4841479118800737,0.3919618829123152,0.05067932813319521,0.3311936377699828,0.3515969773903932,0.3697591933948007,0.4702614933409224,0.4748530093167046,0.4315978707350664,0.043213002728589904,0.3311936377699828,0.3630472856319533,0.44681861045279386,0.47477785866015054,0.4841479118800737,0.3919618829123152,0.05067932813319521,0.3311936377699828,0.3515969773903932,0.3697591933948007,0.4702614933409224,0.4748530093167046
mobius_disabled,nq_93,50,True,15,5,2.0,1.0,5,0;3;14;31;39,,0,0,0,0,1.0055996326969479,0.20111992653938957,10,6.628492892941423,3.3142464464707113,3.3142464464707113,2.3086468137737635,-47.69135318622624,-44.37710673975553,-44.377106739755526,True,2.3086468137737635,0.0,3003,0.06728167586146676,0.24928141754668623,0.0001275768515013083,0.00014312704715769455,0.0004057404089092263,0.0029181452744308388,1.0,0.20111992653938957,0.39944281591988423,0.00013630837133079554,0.00024440201810511036,0.0008005558516453542,0.6017024903942821,1.0,0.695599331023633,0.07168998652998865,0.5651726995929294,0.6289931089925979,0.6854908017453895,0.7840249064598763,0.9206090355894723,0.6628492892941422,0.06982899631471665,0.5749087096153641,0.583915537069239,0.6573471481393978,0.7206091217785335,0.8274763502352551,0.3477996655118165,0.035844993264994324,0.2825863497964647,0.31449655449629893,0.3427454008726947,0.39201245322993816,0.46030451779473613,0.3314246446470711,0.03491449815735832,0.28745435480768206,0.2919577685346195,0.3286735740696989,0.36030456088926677,0.41373817511762756,0.3477996655118165,0.035844993264994324,0.2825863497964647,0.31449655449629893,0.3427454008726947,0.39201245322993816,0.46030451779473613,0.3314246446470711,0.03491449815735832,0.28745435480768206,0.2919577685346195,0.3286735740696989,0.36030456088926677,0.41373817511762756
mobius_disabled,nq_94,50,True,15,5,2.0,1.0,5,0;2;19;22;42,0;2,1,1,2,2,1.2727098263332963,0.25454196526665923,10,7.324300789918518,3.662150394959259,3.662150394959259,2.3894405686259628,-47.610559431374035,-43.94840903641479,-43.94840903641478,True,2.3894405686259628,0.0,3003,0.0962623294881197,0.24479423044928142,0.00196237750899428,0.0030760157110679047,0.012043880682518134,0.12889464686657243,1.0,0.25454196526665923,0.37641203003879903,0.008699034034177973,0.010036972693514038,0.11142750051693806,0.6562157644398648,1.0,0.7748833417374595,0.0632458198733966,0.5965856313761436,0.6799470695272062,0.787375597955326,0.8467087394289218,0.8928032000283351,0.7324300789918519,0.064658998217579,0.619976507833113,0.6260143184262951,0.7557775757045289,0.7915491489349777,0.8194067906135885,0.38744167086872977,0.0316229099366983,0.2982928156880718,0.3399735347636031,0.393687798977663,0.4233543697144609,0.44640160001416757,0.36621503949592593,0.0323294991087895,0.3099882539165565,0.31300715921314753,0.37788878785226443,0.39577457446748887,0.4097033953067942,0.38744167086872977,0.0316229099366983,0.2982928156880718,0.3399735347636031,0.393687798977663,0.4233543697144609,0.44640160001416757,0.36621503949592593,0.0323294991087895,0.3099882539165565,0.31300715921314753,0.37788878785226443,0.39577457446748887,0.4097033953067942
mobius_disabled,nq_95,50,True,15,5,2.0,1.0,5,0;3;4;8;26,0;3;4;8;23;26;29;35;38;43;49,1,1,7,5,4.800861419032948,0.9601722838065896,10,9.343623713911285,4.671811856955642,4.671811856955642,-0.12904956207730578,-50.129049562077306,-45.45723770512166,-45.45723770512166,True,-0.12904956207730578,0.0,3003,0.4499389182657781,0.4208036198770902,0.019456776949728347,0.021023315094440026,0.22991967813942857,0.9999148835994937,1.0,0.9601722838065896,0.04900645344246132,0.891956531411018,0.8988069234397831,0.9998927104195298,0.9999718662877878,1.0,0.8718118059685195,0.04388818983093583,0.7777511278870038,0.8135503232203728,0.8706309746305245,0.9279790552012843,0.9831956873074224,0.9343623713911284,0.027174118051365045,0.9023803745024108,0.9035197621248928,0.9233151938853921,0.9647447142514948,0.9831956873074224,0.43590590298425974,0.021944094915467914,0.3888755639435019,0.4067751616101864,0.43531548731526226,0.46398952760064216,0.4915978436537112,0.4671811856955642,0.013587059025682522,0.4511901872512054,0.4517598810624464,0.46165759694269604,0.4823723571257474,0.4915978436537112,0.43590590298425974,0.021944094915467914,0.3888755639435019,0.4067751616101864,0.43531548731526226,0.46398952760064216,0.4915978436537112,0.4671811856955642,0.013587059025682522,0.4511901872512054,0.4517598810624464,0.46165759694269604,0.4823723571257474,0.4915978436537112
mobius_disabled,nq_96,50,True,15,5,2.0,1.0,5,1;8;10;25;36,0;1;25;36,1,1,4,3,4.83700344674578,0.967400689349156,10,7.6301882933491765,3.8150941466745882,3.8150941466745882,-1.0219093000711919,-51.021909300071194,-47.206815153396605,-47.206815153396605,True,-1.0219093000711919,0.0,3003,0.5922237128014785,0.3922507862279482,0.005015525610173189,0.03720062056597274,0.547771826825136,0.9999867676315284,1.0,0.967400689349156,0.04995135869126137,0.8709848246387456,0.9090597132052429,0.9998571857889281,0.9999957561052469,1.0,0.7804162595005537,0.08274413014758472,0.617840137230315,0.6821626911554209,0.7694551060320218,0.8845839543388604,0.997466443872652,0.7630188293349177,0.08942810161907229,0.6812127971396399,0.6899414475972876,0.7244782894973638,0.8888877542259571,0.9748595644992462,0.39020812975027686,0.04137206507379236,0.3089200686151575,0.34108134557771047,0.3847275530160109,0.4422919771694302,0.498733221936326,0.38150941466745886,0.044714050809536145,0.34060639856981995,0.3449707237986438,0.3622391447486819,0.44444387711297856,0.4874297822496231,0.39020812975027686,0.04137206507379236,0.3089200686151575,0.34108134557771047,0.3847275530160109,0.4422919771694302,0.498733221936326,0.38150941466745886,0.044714050809536145,0.34060639856981995,0.3449707237986438,0.3622391447486819,0.44444387711297856,0.4874297822496231
mobius_disabled,nq_97,50,True,15,5,2.0,1.0,5,25;29;35;47;49,8;13;47,1,1,2,1,4.791482239793574,0.9582964479587147,10,8.26671142596369,4.133355712981845,4.133355712981845,-0.6581265268117287,-50.65812652681173,-46.52477081382989,-46.52477081382988,True,-0.6581265268117287,0.0,3003,0.5072949758534023,0.4006914013368117,0.025381839255273556,0.032202740645079636,0.6336003784076718,0.985255045840248,1.0,0.9582964479587147,0.04258213153674458,0.88355174977808,0.9060612045523901,0.9780400807036751,0.9960260090391853,1.0,0.8052104378904669,0.05744845759248502,0.6789276389128291,0.7358026792670478,0.80750328701561,0.8632444786703638,0.9881148490765469,0.826671142596369,0.03248062979803875,0.7668763564899084,0.79061733588753,0.833417998840688,0.8600722512402396,0.8883167699892744,0.40260521894523343,0.02872422879624251,0.3394638194564146,0.3679013396335239,0.403751643507805,0.4316222393351819,0.49405742453827345,0.4133355712981845,0.016240314899019375,0.3834381782449542,0.395308667943765,0.416708999420344,0.4300361256201198,0.4441583849946372,0.40260521894523343,0.02872422879624251,0.3394638194564146,0.3679013396335239,0.403751643507805,0.4316222393351819,0.49405742453827345,0.4133355712981845,0.016240314899019375,0.3834381782449542,0.395308667943765,0.416708999420344,0.4300361256201198,0.4441583849946372
mobius_disabled,nq_98,50,True,15,5,2.0,1.0,5,0;2;33;47;48,0;1;7;10;11;18;24;25;26;28;36;48,1,1,6,2,4.764337059377114,0.9528674118754228,10,8.701348965660696,4.350674482830348,4.350674482830348,-0.4136625765467663,-50.41366257654677,-46.06298809371642,-46.06298809371642,True,-0.4136625765467663,0.0,3003,0.7596453987798134,0.21623918573337425,0.2978016024292032,0.4189708469160525,0.8093224481033867,0.9816230249239002,1.0,0.9528674118754228,0.05929229543130177,0.836351273116668,0.8884515048103092,0.9760366771095231,0.9941389027200607,1.0,0.8473783222547717,0.06420245587558346,0.691823105801683,0.7459739636439225,0.8577743970889474,0.9126450939236039,0.9872169784526059,0.8701348965660698,0.043503807823230656,0.8111826289719761,0.8162131450843422,0.8733366417765577,0.9011729877517287,0.9740740363352033,0.42368916112738586,0.03210122793779173,0.3459115529008415,0.37298698182196127,0.4288871985444737,0.45632254696180197,0.49360848922630296,0.4350674482830349,0.021751903911615328,0.40559131448598806,0.4081065725421711,0.43666832088827884,0.45058649387586436,0.48703701816760164,0.42368916112738586,0.03210122793779173,0.3459115529008415,0.37298698182196127,0.4288871985444737,0.45632254696180197,0.49360848922630296,0.4350674482830349,0.021751903911615328,0.40559131448598806,0.4081065725421711,0.43666832088827884,0.45058649387586436,0.48703701816760164
mobius_disabled,nq_99,50,True,15,5,2.0,1.0,5,0;3;4;5;19,0;4,1,1,2,2,4.9396428992032,0.98792857984064,10,8.00688057073935,4.003440285369675,4.003440285369675,-0.9362026138335251,-50.93620261383352,-46.93276232846385,-46.93276232846385,True,-0.9362026138335251,0.0,3003,0.67855468247091,0.36315597750752193,0.03741863061879674,0.11260353512644623,0.9369945290794064,0.999428148515819,1.0,0.98792857984064,0.017586366404105113,0.9541898310460976,0.9672190180984633,0.9989300658611759,0.9999040814475657,1.0,0.7930932110649732,0.06841648581073818,0.6551480587521715,0.7050828430153541,0.793287501338147,0.879714727346467,0.9709415144267747,0.800688057073935,0.058315539606348984,0.7264019138185014,0.7462913075079787,0.8045543170037428,0.8527734468615313,0.9391750900171506,0.3965466055324866,0.03420824290536909,0.32757402937608576,0.35254142150767703,0.3966437506690735,0.4398573636732335,0.48547075721338734,0.4003440285369675,0.029157769803174492,0.3632009569092507,0.37314565375398934,0.4022771585018714,0.42638672343076567,0.4695875450085753,0.3965466055324866,0.03420824290536909,0.32757402937608576,0.35254142150767703,0.3966437506690735,0.4398573636732335,0.48547075721338734,0.4003440285369675,0.029157769803174492,0.3632009569092507,0.37314565375398934,0.4022771585018714,0.42638672343076567,0.4695875450085753
mobius_disabled,nq_100,50,True,15,5,2.0,1.0,5,5;7;17;32;45,0;2;5;17;39;43;45,1,1,5,3,4.780645436526982,0.9561290873053965,10,8.360494764035819,4.180247382017909,4.180247382017909,-0.600398054509073,-50.60039805450907,-46.420150672491175,-46.42015067249116,True,-0.600398054509073,0.0,3003,0.7191453900235066,0.2367701298918463,0.31255580486386814,0.3484939146272226,0.8051359309499638,0.9946989183301934,1.0,0.9561290873053965,0.04866329393524173,0.8954466281165624,0.8965093003211646,0.9877919076960882,0.9997214368345054,1.0,0.8041491194365281,0.048210489000885114,0.6933827796383994,0.7505463317147919,0.7987934387069648,0.8677958997987149,0.9578761861889349,0.8360494764035818,0.04302781318101012,0.768488612925863,0.786276074397419,0.8322202977330599,0.8940836538513821,0.8941857977769782,0.40207455971826406,0.024105244500442557,0.3466913898191997,0.37527316585739595,0.3993967193534824,0.4338979498993574,0.47893809309446744,0.4180247382017909,0.02151390659050506,0.3842443064629315,0.3931380371987095,0.41611014886652997,0.44704182692569105,0.4470928988884891,0.40207455971826406,0.024105244500442557,0.3466913898191997,0.37527316585739595,0.3993967193534824,0.4338979498993574,0.47893809309446744,0.4180247382017909,0.02151390659050506,0.3842443064629315,0.3931380371987095,0.41611014886652997,0.44704182692569105,0.4470928988884891
mobius_disabled,nq_101,50,True,15,5,2.0,1.0,5,1;2;10;20;32,1;2;13;23;24;26;31;40;45,1,1,6,2,2.0648433857175825,0.4129686771435165,10,7.53955012035682,3.76977506017841,3.76977506017841,1.7049316744608274,-48.29506832553917,-44.525293265360766,-44.52529326536076,True,1.7049316744608274,0.0,3003,0.19327397163466128,0.252228580277619,0.03943428533971966,0.04252275159071339,0.10697658523473387,0.4497147656187402,1.0,0.4129686771435165,0.3355372511923225,0.10697658523473387,0.10783137844659611,0.29768586856167606,0.8204269454627133,1.0,0.7647534491606705,0.06899501536192512,0.6399230433936187,0.677891324154167,0.7671998068778154,0.8663302760602708,0.9451302941011872,0.7539550120356822,0.07448222708980437,0.6399230433936187,0.6668123010467606,0.7588292091095012,0.8447612355756368,0.8980061862856934,0.3823767245803352,0.03449750768096256,0.31996152169680936,0.3389456620770835,0.3835999034389077,0.4331651380301354,0.4725651470505936,0.3769775060178411,0.037241113544902185,0.31996152169680936,0.3334061505233803,0.3794146045547506,0.4223806177878184,0.4490030931428467,0.3823767245803352,0.03449750768096256,0.31996152169680936,0.3389456620770835,0.3835999034389077,0.4331651380301354,0.4725651470505936,0.3769775060178411,0.037241113544902185,0.31996152169680936,0.3334061505233803,0.3794146045547506,0.4223806177878184,0.4490030931428467
mobius_disabled,nq_102,50,True,15,5,2.0,1.0,5,2;6;24;26;44,0;2;6;16;17;26;29,1,1,7,3,4.946713485582468,0.9893426971164935,10,7.597615634251295,3.7988078171256476,3.7988078171256476,-1.1479056684568207,-51.14790566845682,-47.34909785133118,-47.34909785133117,True,-1.1479056684568207,0.0,3003,0.7644370560721933,0.3284605360491508,0.11752600750912115,0.1720558795117691,0.9750080298920527,0.9976115008267608,1.0,0.9893426971164935,0.009061547089709446,0.9750080298920527,0.9782494807537033,0.9929583759262516,0.9982541690871938,1.0,0.7756658798060669,0.04917925523858299,0.6795386244844723,0.7131206511634169,0.781077650351873,0.8154682036494004,0.9974146080589823,0.7597615634251296,0.029469678833682882,0.7132294133021223,0.72616799045711,0.7625434862239764,0.7928727487555854,0.8116996261916256,0.38783293990303347,0.024589627619291496,0.33976931224223617,0.35656032558170847,0.3905388251759365,0.4077341018247002,0.49870730402949115,0.3798807817125648,0.014734839416841441,0.35661470665106115,0.363083995228555,0.3812717431119882,0.3964363743777927,0.4058498130958128,0.38783293990303347,0.024589627619291496,0.33976931224223617,0.35656032558170847,0.3905388251759365,0.4077341018247002,0.49870730402949115,0.3798807817125648,0.014734839416841441,0.35661470665106115,0.363083995228555,0.3812717431119882,0.3964363743777927,0.4058498130958128
mobius_disabled,nq_103,50,True,15,5,2.0,1.0,5,4;5;19;24;27,10,1,0,1,0,2.135743163379528,0.4271486326759056,10,7.577268664444704,3.788634332222352,3.788634332222352,1.652891168842824,-48.34710883115718,-44.55847449893483,-44.55847449893483,True,1.652891168842824,0.0,3003,0.1667672666741565,0.2855112183250532,0.010168098435829082,0.0113648178376814,0.02139078934233463,0.5617192042567969,1.0,0.4271486326759056,0.3731514581464579,0.016471987686117746,0.0248329025330044,0.43709468138624236,0.8579208878015334,1.0,0.7748647611044713,0.052964093242887804,0.6804518754158876,0.7238705806381217,0.7674113375217785,0.8243022887555809,0.9417273216323256,0.7577268664444704,0.05458125464500414,0.7154592596070913,0.7223712334517529,0.7444462848772573,0.7748973681289171,0.9173206446533536,0.38743238055223567,0.026482046621443902,0.3402259377079438,0.36193529031906085,0.38370566876088924,0.41215114437779043,0.4708636608161628,0.3788634332222352,0.02729062732250207,0.35772962980354567,0.36118561672587646,0.37222314243862864,0.38744868406445854,0.4586603223266768,0.38743238055223567,0.026482046621443902,0.3402259377079438,0.36193529031906085,0.38370566876088924,0.41215114437779043,0.4708636608161628,0.3788634332222352,0.02729062732250207,0.35772962980354567,0.36118561672587646,0.37222314243862864,0.38744868406445854,0.4586603223266768
mobius_disabled,nq_104,50,True,15,5,2.0,1.0,5,1;20;21;29;40,1,1,1,1,1,4.931376225968595,0.986275245193719,10,8.686048803550268,4.343024401775134,4.343024401775134,-0.5883518241934613,-50.58835182419346,-46.24532742241833,-46.24532742241833,True,-0.5883518241934613,0.0,3003,0.8653798943988658,0.13692039700813682,0.6110393799456951,0.636312433588452,0.9014556188982148,0.9988271561677953,1.0,0.986275245193719,0.021856539911054927,0.9428203464605273,0.9632865333221315,0.9950533465993113,0.9998066877176875,1.0,0.8920041939103138,0.04366779563225168,0.7655183473304308,0.8181306667607797,0.9019082785157315,0.9383825465483211,0.9923842903981945,0.8686048803550269,0.05516594409059463,0.7655183473304308,0.8016848491060639,0.9027789638631155,0.9188531800507096,0.9232070264831331,0.4460020969551569,0.02183389781612584,0.3827591736652154,0.40906533338038986,0.45095413925786576,0.46919127327416055,0.49619214519909727,0.43430244017751346,0.027582972045297315,0.3827591736652154,0.40084242455303193,0.45138948193155776,0.4594265900253548,0.46160351324156657,0.4460020969551569,0.02183389781612584,0.3827591736652154,0.40906533338038986,0.45095413925786576,0.46919127327416055,0.49619214519909727,0.43430244017751346,0.027582972045297315,0.3827591736652154,0.40084242455303193,0.45138948193155776,0.4594265900253548,0.46160351324156657
mobius_disabled,nq_105,50,True,15,5,2.0,1.0,5,14;30;32;46;48,0;1;2;3;4;5;6;7;8;12;13;14;15;16;17;18;19;20;22;23;25;26;27;28;29;30;32;35;36;37;38;40;41;42;44;45;46;47;48;49,1,1,15,5,4.85779502041054,0.971559004082108,10,7.93148969370737,3.965744846853685,3.965744846853685,-0.8920501735568553,-50.892050173556854,-46.92630532670317,-46.92630532670317,True,-0.8920501735568553,0.0,3003,0.9087006519200245,0.05748405502639286,0.8395116343471074,0.8406068408866954,0.8847299237781446,0.9822721888834586,1.0,0.971559004082108,0.028739709929089672,0.9162177486264043,0.9407868470343309,0.9804493869964528,0.993394956056585,1.0,0.8080291972474652,0.035429553297146144,0.7371430657742133,0.7666638988716886,0.8028937904891409,0.854083482449498,0.9250268674566254,0.793148969370737,0.02352837253161006,0.7643305311163766,0.7706110891789676,0.7893108466656381,0.8290131246286037,0.8429141197675376,0.4040145986237326,0.017714776648573072,0.36857153288710665,0.3833319494358443,0.40144689524457045,0.427041741224749,0.4625134337283127,0.3965744846853685,0.01176418626580503,0.3821652655581883,0.3853055445894838,0.39465542333281906,0.41450656231430183,0.4214570598837688,0.4040145986237326,0.017714776648573072,0.36857153288710665,0.3833319494358443,0.40144689524457045,0.427041741224749,0.4625134337283127,0.3965744846853685,0.01176418626580503,0.3821652655581883,0.3853055445894838,0.39465542333281906,0.41450656231430183,0.4214570598837688
mobius_disabled,nq_106,50,True,15,5,2.0,1.0,5,9;14;19;34;46,,0,0,0,0,3.4589606680551968,0.6917921336110393,10,7.688059856294476,3.844029928147238,3.844029928147238,0.38506926009204134,-49.61493073990796,-45.770900811760725,-45.77090081176072,True,0.38506926009204134,0.0,3003,0.3683421901262161,0.276906640089737,0.07546925919913577,0.11099507674557993,0.31859840302704484,0.7834682432762873,1.0,0.6917921336110393,0.22781880441839225,0.442244165191045,0.47473961212325916,0.5623599446462775,0.9723495102785176,1.0,0.8045476632154026,0.08270334755527611,0.6337514878766473,0.6862956221500037,0.8225834289288917,0.9066108779327603,0.936762204474901,0.7688059856294476,0.08074453007266909,0.6493836380771572,0.6858332304080715,0.7681366605707267,0.8562119772549842,0.9237400527475278,0.4022738316077013,0.04135167377763806,0.31687574393832363,0.34314781107500186,0.41129171446444585,0.45330543896638015,0.4683811022374505,0.3844029928147238,0.040372265036334544,0.3246918190385786,0.34291661520403577,0.38406833028536336,0.4281059886274921,0.4618700263737639,0.4022738316077013,0.04135167377763806,0.31687574393832363,0.34314781107500186,0.41129171446444585,0.45330543896638015,0.4683811022374505,0.3844029928147238,0.040372265036334544,0.3246918190385786,0.34291661520403577,0.38406833028536336,0.4281059886274921,0.4618700263737639
mobius_disabled,nq_107,50,True,15,5,2.0,1.0,5,0;1;2;5;8,,0,0,0,0,4.136882267619166,0.8273764535238332,10,8.576747965199193,4.288373982599596,4.288373982599596,0.15149171498043046,-49.84850828501957,-45.56013430241997,-45.560134302419975,True,0.15149171498043046,0.0,3003,0.3477731260632542,0.3779855966987202,0.00998938027533149,0.012694666256391289,0.08677870782993737,0.9802914292034962,1.0,0.8273764535238332,0.20952802094372938,0.4610909816837443,0.5665814355016647,0.9514653631031466,0.9998035226414917,1.0,0.7760727199438856,0.06883266276960569,0.6000539502766651,0.6910300842722445,0.7722387899984385,0.8645964688653693,0.9916280881735122,0.8576747965199193,0.0768901492146683,0.7608231176052893,0.7632856889524305,0.8749205503857103,0.9244096025295424,0.9916280881735122,0.3880363599719428,0.034416331384802844,0.30002697513833254,0.3455150421361223,0.38611939499921927,0.43229823443268467,0.4958140440867561,0.42883739825995965,0.03844507460733415,0.38041155880264466,0.38164284447621527,0.43746027519285513,0.4622048012647712,0.4958140440867561,0.3880363599719428,0.034416331384802844,0.30002697513833254,0.3455150421361223,0.38611939499921927,0.43229823443268467,0.4958140440867561,0.42883739825995965,0.03844507460733415,0.38041155880264466,0.38164284447621527,0.43746027519285513,0.4622048012647712,0.4958140440867561
mobius_disabled,nq_108,50,True,15,5,2.0,1.0,5,2;3;36;47;48,2;3;5;6;12;14;24;29;36;40;42;43,1,1,7,3,3.495253857071667,0.6990507714143334,10,8.449188994420638,4.224594497210319,4.224594497210319,0.729340640138652,-49.27065935986135,-45.04606486265103,-45.04606486265103,True,0.729340640138652,0.0,3003,0.29204983706285315,0.3293755408175072,0.029534239605656466,0.03974136801312949,0.12207667087877781,0.8397560923388458,1.0,0.6990507714143334,0.2683038781299621,0.25887602105321933,0.40183492271950916,0.6615332207042816,0.9834285360380889,1.0,0.8124164576755695,0.055899771153894336,0.7120382855234066,0.7437596477582041,0.8052299790089545,0.8951140834287982,0.9895689487482697,0.8449188994420638,0.07160685710157402,0.7846267877111118,0.7872396139129111,0.8033679627352374,0.9375516610616293,0.9895689487482697,0.40620822883778473,0.027949885576947168,0.3560191427617033,0.37187982387910207,0.40261498950447727,0.4475570417143991,0.49478447437413486,0.4224594497210319,0.03580342855078701,0.3923133938555559,0.39361980695645554,0.4016839813676187,0.4687758305308147,0.49478447437413486,0.40620822883778473,0.027949885576947168,0.3560191427617033,0.37187982387910207,0.40261498950447727,0.4475570417143991,0.49478447437413486,0.4224594497210319,0.03580342855078701,0.3923133938555559,0.39361980695645554,0.4016839813676187,0.4687758305308147,0.49478447437413486
mobius_disabled,nq_109,50,True,15,5,2.0,1.0,5,8;32;39;46;47,,0,0,0,0,1.6689398489604734,0.3337879697920947,10,7.007157105963578,3.503578552981789,3.503578552981789,1.8346387040213155,-48.165361295978684,-44.6617827429969,-44.6617827429969,True,1.8346387040213155,0.0,3003,0.13073658291892917,0.2552121582063475,0.01589050427573627,0.016994536322784505,0.02414699060188423,0.32956524947861665,1.0,0.3337879697920947,0.363983314344369,0.02414699060188423,0.029228660352364794,0.1759988327484265,0.7727771442528308,1.0,0.7461271119998036,0.07158924637331894,0.6295778069802476,0.6620105696605304,0.7367928119396441,0.8379395115984253,0.980411690386959,0.7007157105963577,0.03630050119948158,0.6431475512250093,0.6629592433595356,0.6923496792566705,0.7389911547699842,0.7630799630406812,0.3730635559999018,0.03579462318665947,0.3147889034901238,0.3310052848302652,0.36839640596982204,0.41896975579921264,0.4902058451934795,0.35035785529817887,0.01815025059974079,0.32157377561250466,0.3314796216797678,0.34617483962833523,0.3694955773849921,0.3815399815203406,0.3730635559999018,0.03579462318665947,0.3147889034901238,0.3310052848302652,0.36839640596982204,0.41896975579921264,0.4902058451934795,0.35035785529817887,0.01815025059974079,0.32157377561250466,0.3314796216797678,0.34617483962833523,0.3694955773849921,0.3815399815203406
mobius_disabled,nq_110,50,True,15,5,2.0,1.0,5,4;9;17;34;46,,0,0,0,0,3.7627068739874585,0.7525413747974917,10,7.3573564429972516,3.6786782214986258,3.6786782214986258,-0.08402865248883273,-50.08402865248883,-46.40535043099021,-46.405350430990204,True,-0.08402865248883273,0.0,3003,0.2927005428167433,0.3762604979875084,0.00038472964953570685,0.0004671177866642267,0.07817256448272596,0.8947497128885208,1.0,0.7525413747974917,0.2918341990168787,0.1837801022284581,0.42799974233101423,0.8800441433798525,0.9618213703577199,1.0,0.7991547973589471,0.093940069175562,0.5305377409605346,0.6657293466534465,0.8219981295302569,0.9039825791582151,0.9447310591156499,0.7357356442997252,0.10091007251482473,0.6157371021186072,0.6246311144692803,0.7019997141055168,0.8761068136313264,0.8904083515762987,0.39957739867947356,0.046970034587781,0.2652688704802673,0.33286467332672326,0.41099906476512843,0.45199128957910756,0.47236552955782496,0.3678678221498626,0.050455036257412364,0.3078685510593036,0.31231555723464016,0.3509998570527584,0.4380534068156632,0.44520417578814936,0.39957739867947356,0.046970034587781,0.2652688704802673,0.33286467332672326,0.41099906476512843,0.45199128957910756,0.47236552955782496,0.3678678221498626,0.050455036257412364,0.3078685510593036,0.31231555723464016,0.3509998570527584,0.4380534068156632,0.44520417578814936
mobius_disabled,nq_111,50,True,15,5,2.0,1.0,5,0;13;26;27;45,,0,0,0,0,2.317104668378101,0.4634209336756202,10,8.901095037365003,4.450547518682502,4.450547518682502,2.1334428503044007,-47.8665571496956,-43.4160096310131,-43.4160096310131,True,2.1334428503044007,0.0,3003,0.15927517867515945,0.3218706911988397,0.0013701418964348331,0.002833703468242872,0.007193479650827104,0.6768809815889612,1.0,0.4634209336756202,0.41469738658002436,0.00579245493795838,0.03153179279190716,0.3391093336571296,0.9608248320840731,1.0,0.8999716449509693,0.04289960481531452,0.8106944367052193,0.8370277753114974,0.9074777854538358,0.9521023030715898,0.9919708031434092,0.8901095037365003,0.05598746841656163,0.8106944367052193,0.8209539036064215,0.8897296613408,0.9620747098696171,0.9919708031434092,0.44998582247548463,0.02144980240765726,0.4053472183526097,0.4185138876557487,0.4537388927269179,0.4760511515357949,0.4959854015717046,0.44505475186825016,0.027993734208280815,0.4053472183526097,0.41047695180321075,0.4448648306704,0.48103735493480854,0.4959854015717046,0.44998582247548463,0.02144980240765726,0.4053472183526097,0.4185138876557487,0.4537388927269179,0.4760511515357949,0.4959854015717046,0.44505475186825016,0.027993734208280815,0.4053472183526097,0.41047695180321075,0.4448648306704,0.48103735493480854,0.4959854015717046
mobius_disabled,nq_112,50,True,15,5,2.0,1.0,5,8;17;24;26;33,0;1;2;3;4;5;6;7;8;9;13;15;17;24;26;29;33;38;44;49,1,1,15,5,4.987616034093021,0.9975232068186042,10,8.449998608077905,4.224999304038953,4.224999304038953,-0.7626167300540683,-50.76261673005407,-46.53761742601512,-46.53761742601512,True,-0.7626167300540683,0.0,3003,0.9755034761812209,0.044380130707845675,0.8363278049190872,0.9246085219657167,0.9947178269578703,0.9998373221131466,1.0,0.9975232068186042,0.0023718804249200894,0.993137663738848,0.9948265809105179,0.9978987787344457,0.9996300672663118,0.99971106642815,0.8757041636186611,0.0418004426449842,0.7605402333542253,0.8221032269497137,0.8744233558004565,0.9364839644047368,0.9921991892787042,0.8449998608077905,0.04528236727866227,0.7605402333542253,0.804864041535215,0.8475125797898868,0.9143926783116284,0.9212278434967642,0.43785208180933055,0.0209002213224921,0.38027011667711264,0.41105161347485686,0.43721167790022825,0.4682419822023684,0.4960995946393521,0.4224999304038953,0.022641183639331135,0.38027011667711264,0.4024320207676075,0.4237562898949434,0.4571963391558142,0.4606139217483821,0.43785208180933055,0.0209002213224921,0.38027011667711264,0.41105161347485686,0.43721167790022825,0.4682419822023684,0.4960995946393521,0.4224999304038953,0.022641183639331135,0.38027011667711264,0.4024320207676075,0.4237562898949434,0.4571963391558142,0.4606139217483821
mobius_disabled,nq_113,50,True,15,5,2.0,1.0,5,0;1;4;16;27,0;1;6;40,1,1,3,2,2.2964345022727475,0.4592869004545495,10,7.2541966327612615,3.6270983163806307,3.6270983163806307,1.3306638141078833,-48.669336185892114,-45.04223786951149,-45.04223786951148,True,1.3306638141078833,0.0,3003,0.16155726184758065,0.3369641461078284,0.00036997554755118997,0.0004593204116377362,0.0020799331877933342,0.7166265835856456,1.0,0.4592869004545495,0.45353310255931106,0.0019686530489291506,0.002013165104474824,0.2940248301798458,0.9993444343424717,1.0,0.7039644474531381,0.0782023860035094,0.5563043183901047,0.6251933402851321,0.6894354116656198,0.8354310198522475,0.9613235985851588,0.7254196632761262,0.11336539869599885,0.6210976855482664,0.6259812787964135,0.6709443108800803,0.8660049520747178,0.9613235985851588,0.35198222372656907,0.0391011930017547,0.2781521591950524,0.31259667014256604,0.3447177058328099,0.4177155099261238,0.4806617992925794,0.3627098316380631,0.056682699347999424,0.3105488427741332,0.31299063939820676,0.33547215544004017,0.4330024760373589,0.4806617992925794,0.35198222372656907,0.0391011930017547,0.2781521591950524,0.31259667014256604,0.3447177058328099,0.4177155099261238,0.4806617992925794,0.3627098316380631,0.056682699347999424,0.3105488427741332,0.31299063939820676,0.33547215544004017,0.4330024760373589,0.4806617992925794
mobius_disabled,nq_114,50,True,15,5,2.0,1.0,5,13;19;23;30;37,37,1,1,1,1,3.13502046753814,0.627004093507628,10,8.434680062672811,4.217340031336406,4.217340031336406,1.0823195637982654,-48.917680436201735,-44.70034040486533,-44.70034040486533,True,1.0823195637982654,0.0,3003,0.23579544611054654,0.31634390201210505,0.02346534665774529,0.025694484958988496,0.05538977153387756,0.7171919039665786,1.0,0.627004093507628,0.264905100363975,0.2222096099365955,0.3439939083944075,0.5724619847283633,0.9254714067168223,1.0,0.8477875516269321,0.06590001119386896,0.6998965935956868,0.7586415310126919,0.8468687328173922,0.9334219772080153,0.9762127102218305,0.8434680062672809,0.073270435115607,0.7500344714575196,0.7557286459254849,0.8099352578751808,0.948570074462314,0.9762127102218305,0.42389377581346604,0.03295000559693448,0.3499482967978434,0.37932076550634597,0.4234343664086961,0.46671098860400767,0.48810635511091527,0.42173400313364046,0.0366352175578035,0.3750172357287598,0.37786432296274247,0.4049676289375904,0.474285037231157,0.48810635511091527,0.42389377581346604,0.03295000559693448,0.3499482967978434,0.37932076550634597,0.4234343664086961,0.46671098860400767,0.48810635511091527,0.42173400313364046,0.0366352175578035,0.3750172357287598,0.37786432296274247,0.4049676289375904,0.474285037231157,0.48810635511091527
mobius_disabled,nq_115,50,True,15,5,2.0,1.0,5,0;23;25;28;33,0;7,1,1,2,1,1.0005093418750723,0.20010186837501448,10,7.047744556625268,3.523872278312634,3.523872278312634,2.523362936437562,-47.476637063562436,-43.9527647852498,-43.952764785249805,True,2.523362936437562,0.0,3003,0.06872367772530093,0.24893932920948925,6.607648223160142e-05,0.0001224261482308093,0.00021813130057015166,0.013402202489609324,1.0,0.20010186837501448,0.3999490676643994,6.607648223160142e-05,8.651694896180959e-05,0.00014067582943386408,0.6000741647657399,1.0,0.7614370356914245,0.04826977763029799,0.6217261339034641,0.7080742392299657,0.7554819020811322,0.8240171846348157,0.8896313868731425,0.7047744556625268,0.039771727239375346,0.6217261339034641,0.6696160859108328,0.7051143961694417,0.7528863072303703,0.7763911769878044,0.38071851784571226,0.024134888815148994,0.31086306695173205,0.35403711961498285,0.3777409510405661,0.41200859231740783,0.44481569343657124,0.3523872278312634,0.019885863619687673,0.31086306695173205,0.3348080429554164,0.35255719808472086,0.37644315361518516,0.3881955884939022,0.38071851784571226,0.024134888815148994,0.31086306695173205,0.35403711961498285,0.3777409510405661,0.41200859231740783,0.44481569343657124,0.3523872278312634,0.019885863619687673,0.31086306695173205,0.3348080429554164,0.35255719808472086,0.37644315361518516,0.3881955884939022
mobius_disabled,nq_116,50,True,15,5,2.0,1.0,5,0;1;2;5;8,0;1;2;3;5;8;10;12;13;23;26;27;28;29;31;33;37;39;41;42;44;47,1,1,11,5,4.933234504518438,0.9866469009036875,10,9.464443923215109,4.7322219616075545,4.7322219616075545,-0.20101254291088377,-50.20101254291088,-45.468790581303324,-45.468790581303324,True,-0.20101254291088377,0.0,3003,0.46966752832304476,0.4679010783214761,0.014484186015849736,0.015439668894822291,0.08866860451454658,0.999398150098765,1.0,0.9866469009036875,0.025422853666508243,0.9358085984960068,0.9609382699357355,0.9993886362874821,0.9997617970558481,1.0,0.8752387585708713,0.04518754502438817,0.7767446607240387,0.8195104555689804,0.8690485496376907,0.942026374960045,0.9854059366356722,0.9464443923215111,0.01617538586177685,0.918569528269146,0.9333698919197064,0.9455577352539566,0.95819620921664,0.9854059366356722,0.43761937928543565,0.022593772512194084,0.38837233036201935,0.4097552277844902,0.43452427481884537,0.4710131874800225,0.4927029683178361,0.47322219616075556,0.008087692930888426,0.459284764134573,0.4666849459598532,0.4727788676269783,0.47909810460832,0.4927029683178361,0.43761937928543565,0.022593772512194084,0.38837233036201935,0.4097552277844902,0.43452427481884537,0.4710131874800225,0.4927029683178361,0.47322219616075556,0.008087692930888426,0.459284764134573,0.4666849459598532,0.4727788676269783,0.47909810460832,0.4927029683178361
mobius_disabled,nq_117,50,True,15,5,2.0,1.0,5,10;34;38;40;49,3;4,1,0,2,0,4.8861450686586565,0.9772290137317313,10,8.42361266390849,4.211806331954245,4.211806331954245,-0.6743387367044118,-50.674338736704414,-46.46253240475016,-46.46253240475016,True,-0.6743387367044118,0.0,3003,0.9601557856039219,0.02734800753562284,0.905909027348778,0.933202483702518,0.9612993353516877,0.998893260800834,1.0,0.9772290137317313,0.01760968362597956,0.9612993353516877,0.9613341607642503,0.9661116989502314,0.998893260800834,0.9997710330568838,0.881368955636517,0.03385815262465777,0.7896821334724532,0.8335671489345221,0.8877952500183515,0.9212090139013892,0.946339736052041,0.842361266390849,0.030367424490060725,0.7896821334724532,0.810626069789744,0.8355665199400774,0.8785362532257144,0.893467021349073,0.4406844778182585,0.016929076312328886,0.3948410667362266,0.41678357446726105,0.44389762500917573,0.4606045069506946,0.4731698680260205,0.4211806331954245,0.015183712245030363,0.3948410667362266,0.405313034894872,0.4177832599700387,0.4392681266128572,0.4467335106745365,0.4406844778182585,0.016929076312328886,0.3948410667362266,0.41678357446726105,0.44389762500917573,0.4606045069506946,0.4731698680260205,0.4211806331954245,0.015183712245030363,0.3948410667362266,0.405313034894872,0.4177832599700387,0.4392681266128572,0.4467335106745365
mobius_disabled,nq_118,50,True,15,5,2.0,1.0,5,4;6;17;29;45,,0,0,0,0,2.622333317206454,0.5244666634412908,10,7.283334528893339,3.6416672644466694,3.6416672644466694,1.0193339472402156,-48.98066605275979,-45.33899878831312,-45.33899878831311,True,1.0193339472402156,0.0,3003,0.18762264178957874,0.3002576713811761,0.0049782934094875905,0.007168837583583765,0.021088625477957892,0.6359552032212971,1.0,0.5244666634412908,0.3156294914575896,0.1254670056635393,0.16616797561039467,0.629164626930225,0.8561929016328047,1.0,0.7300195287246094,0.07623429131420834,0.5673611207691618,0.645224062632635,0.7171867831605332,0.8340139038578644,0.9790687313971302,0.7283334528893339,0.11851289246819116,0.6043397373560765,0.6121767534733916,0.6599458010659627,0.8534680765115065,0.9790687313971302,0.3650097643623047,0.03811714565710417,0.2836805603845809,0.3226120313163175,0.3585933915802666,0.4170069519289322,0.4895343656985651,0.36416672644466697,0.05925644623409558,0.30216986867803824,0.3060883767366958,0.32997290053298134,0.42673403825575323,0.4895343656985651,0.3650097643623047,0.03811714565710417,0.2836805603845809,0.3226120313163175,0.3585933915802666,0.4170069519289322,0.4895343656985651,0.36416672644466697,0.05925644623409558,0.30216986867803824,0.3060883767366958,0.32997290053298134,0.42673403825575323,0.4895343656985651
mobius_disabled,nq_119,50,True,15,5,2.0,1.0,5,5;10;11;22;43,0;8;11;15;19,1,1,4,1,4.345748461455251,0.8691496922910502,10,8.427755450798045,4.213877725399023,4.213877725399023,-0.13187073605622857,-50.13187073605623,-45.917993010657206,-45.917993010657206,True,-0.13187073605622857,0.0,3003,0.48443151150653996,0.3390654816976816,0.07379772945245222,0.11806227252409901,0.33693809556027743,0.9846438520179793,1.0,0.8691496922910502,0.18703344084010973,0.5070587044482158,0.6519995376558617,0.9846176485292192,0.9938645284041945,1.0,0.8260689453352488,0.07152321098209778,0.6982513932030232,0.7275913775404095,0.8280311900804084,0.9183759494482234,0.9409461363804982,0.8427755450798046,0.07687768094073962,0.7278356752704729,0.7388144779717648,0.877631200071112,0.9178890979292909,0.918938153842997,0.4130344726676244,0.03576160549104889,0.3491256966015116,0.36379568877020474,0.4140155950402042,0.4591879747241117,0.4704730681902491,0.4213877725399023,0.03843884047036981,0.36391783763523644,0.3694072389858824,0.438815600035556,0.4589445489646454,0.4594690769214985,0.4130344726676244,0.03576160549104889,0.3491256966015116,0.36379568877020474,0.4140155950402042,0.4591879747241117,0.4704730681902491,0.4213877725399023,0.03843884047036981,0.36391783763523644,0.3694072389858824,0.438815600035556,0.4589445489646454,0.4594690769214985
mobius_disabled,nq_120,50,True,15,5,2.0,1.0,5,0;4;11;16;21,0;2;4;5,1,1,4,2,4.263382531644117,0.8526765063288233,10,7.455943281907123,3.7279716409535615,3.7279716409535615,-0.5354108906905557,-50.53541089069056,-46.807439249737,-46.807439249736994,True,-0.5354108906905557,0.0,3003,0.4174640385537879,0.397939150562125,0.004100142127524311,0.004879627169572238,0.4066504191850819,0.9186363890780604,1.0,0.8526765063288233,0.1534572797216814,0.5573465032446157,0.6840068945704673,0.9029336951304664,0.971641940683916,1.0,0.740459260774018,0.0947843491050138,0.5681469049377071,0.6267505922209018,0.7238811877955016,0.8620582110331659,0.9617271293580792,0.7455943281907123,0.1305386128932305,0.6191951638333887,0.6244475416108186,0.6671273377328213,0.9246601243506418,0.9301273523070446,0.370229630387009,0.0473921745525069,0.28407345246885357,0.3133752961104509,0.3619405938977508,0.43102910551658297,0.4808635646790396,0.3727971640953561,0.06526930644661524,0.30959758191669434,0.3122237708054093,0.33356366886641065,0.4623300621753209,0.4650636761535223,0.370229630387009,0.0473921745525069,0.28407345246885357,0.3133752961104509,0.3619405938977508,0.43102910551658297,0.4808635646790396,0.3727971640953561,0.06526930644661524,0.30959758191669434,0.3122237708054093,0.33356366886641065,0.4623300621753209,0.4650636761535223
mobius_disabled,nq_121,50,True,15,5,2.0,1.0,5,10;18;29;34;40,0;7;10;12;17;18;26;28;29;45;46;48;49,1,1,9,3,1.2330984219722798,0.24661968439445597,10,7.792417385228147,3.8962086926140733,3.8962086926140733,2.6631102706417935,-47.336889729358205,-43.44068103674413,-43.44068103674413,True,2.6631102706417935,0.0,3003,0.0929346724282897,0.24474343356014505,0.0024183291090330967,0.002984477050873584,0.0164121501883648,0.10458013117699028,1.0,0.24661968439445597,0.37899022066020394,0.007058395563512069,0.020598721848158745,0.051248422177340824,0.6535529571825194,1.0,0.8076222327966283,0.05546956772642018,0.6860393820640479,0.7446484933476776,0.8001995137886051,0.8796166232953888,0.9415863228291443,0.7792417385228148,0.05096698709936161,0.6913160987044946,0.7064870269832425,0.7735644552633496,0.8269380186651695,0.8755734582126181,0.40381111639831413,0.02773478386321009,0.34301969103202395,0.3723242466738388,0.40009975689430255,0.4398083116476944,0.47079316141457217,0.3896208692614074,0.025483493549680804,0.3456580493522473,0.35324351349162125,0.3867822276316748,0.41346900933258474,0.43778672910630906,0.40381111639831413,0.02773478386321009,0.34301969103202395,0.3723242466738388,0.40009975689430255,0.4398083116476944,0.47079316141457217,0.3896208692614074,0.025483493549680804,0.3456580493522473,0.35324351349162125,0.3867822276316748,0.41346900933258474,0.43778672910630906
mobius_disabled,nq_122,50,True,15,5,2.0,1.0,5,4;12;15;43;48,,0,0,0,0,4.671031293381947,0.9342062586763895,10,7.727713726849235,3.8638568634246173,3.8638568634246173,-0.80717442995733,-50.80717442995733,-46.94331756653271,-46.94331756653271,True,-0.80717442995733,0.0,3003,0.7727469257968945,0.25671615032205103,0.19439358710709084,0.3247913413221294,0.860436622482318,0.9890300330299586,1.0,0.9342062586763895,0.07043706473039502,0.8459046171817557,0.8479974920339136,0.9768194505143311,0.9988681685494841,1.0,0.7901648906054447,0.072939409725899,0.6310334286756183,0.6989586624762082,0.7902543457708887,0.8868326985446339,0.9631666827204768,0.7727713726849235,0.060397785902695914,0.6782833618042647,0.7089785634358622,0.7647348909736098,0.8419438268037984,0.8757234358067554,0.39508244530272235,0.0364697048629495,0.31551671433780915,0.3494793312381041,0.39512717288544436,0.44341634927231693,0.4815833413602384,0.38638568634246173,0.030198892951347957,0.33914168090213237,0.3544892817179311,0.3823674454868049,0.4209719134018992,0.4378617179033777,0.39508244530272235,0.0364697048629495,0.31551671433780915,0.3494793312381041,0.39512717288544436,0.44341634927231693,0.4815833413602384,0.38638568634246173,0.030198892951347957,0.33914168090213237,0.3544892817179311,0.3823674454868049,0.4209719134018992,0.4378617179033777
mobius_disabled,nq_123,50,True,15,5,2.0,1.0,5,4;33;41;45;47,1;2;4;6;7;12,1,1,5,1,4.927561498954739,0.9855122997909478,10,7.669353862106378,3.834676931053189,3.834676931053189,-1.0928845679015495,-51.09288456790155,-47.25820763684837,-47.25820763684836,True,-1.0928845679015495,0.0,3003,0.9771057331281041,0.031594463482709834,0.9045785511701675,0.9218361261931741,0.9940399369402989,0.9999752279961636,1.0,0.9855122997909478,0.01182362154588529,0.9702755623744584,0.9716920012348224,0.9871131935191466,0.998542433414306,1.0,0.8082072502602758,0.06550778209707887,0.6680728568563539,0.739234332273636,0.797728162754541,0.8923828830500101,0.9970386230013386,0.7669353862106378,0.047049443350602356,0.6737058358244998,0.7248450249039731,0.771754800932596,0.80255944216388,0.8568094784073486,0.4041036251301379,0.03275389104853944,0.33403642842817693,0.369617166136818,0.3988640813772705,0.44619144152500506,0.4985193115006693,0.3834676931053189,0.023524721675301178,0.3368529179122499,0.36242251245198653,0.385877400466298,0.40127972108194,0.4284047392036743,0.4041036251301379,0.03275389104853944,0.33403642842817693,0.369617166136818,0.3988640813772705,0.44619144152500506,0.4985193115006693,0.3834676931053189,0.023524721675301178,0.3368529179122499,0.36242251245198653,0.385877400466298,0.40127972108194,0.4284047392036743
mobius_disabled,nq_124,50,True,15,5,2.0,1.0,5,3;4;34;42;47,4,1,1,1,1,1.3758818347740913,0.2751763669548183,10,6.442077852313124,3.221038926156562,3.221038926156562,1.8451570913824709,-48.15484290861753,-44.933803982460965,-44.933803982460965,True,1.8451570913824709,0.0,3003,0.11060923840507528,0.24731897331651193,0.0011137453322666749,0.0016829365843683132,0.007960845625639708,0.19933925528664576,1.0,0.2751763669548183,0.37301309025422635,0.0037318223056712805,0.0038988638739836093,0.1267262493299429,0.6965097347648102,1.0,0.7117931997710003,0.08887905288501573,0.5478489574712018,0.6123681113213606,0.7101846867712447,0.8427363194055688,0.9563186992848302,0.6442077852313124,0.0561268715750012,0.5478489574712018,0.5840798644788081,0.6345401740461822,0.7207571221615181,0.7509974144486006,0.35589659988550015,0.044439526442507864,0.2739244787356009,0.3061840556606803,0.35509234338562234,0.4213681597027844,0.4781593496424151,0.3221038926156562,0.0280634357875006,0.2739244787356009,0.29203993223940405,0.3172700870230911,0.36037856108075905,0.3754987072243003,0.35589659988550015,0.044439526442507864,0.2739244787356009,0.3061840556606803,0.35509234338562234,0.4213681597027844,0.4781593496424151,0.3221038926156562,0.0280634357875006,0.2739244787356009,0.29203993223940405,0.3172700870230911,0.36037856108075905,0.3754987072243003
mobius_disabled,nq_125,50,True,15,5,2.0,1.0,5,0;1;4;26;36,0;1;2;4;5;6;7;8;10;21;40;47,1,1,9,3,2.3090523787832957,0.4618104757566591,10,7.352406580159326,3.676203290079663,3.676203290079663,1.3671509112963673,-48.63284908870363,-44.95664579862397,-44.95664579862397,True,1.3671509112963673,0.0,3003,0.23237735518589883,0.3040358556543738,0.02687253448795135,0.03152286797754232,0.14884255276762895,0.6951829211795486,1.0,0.4618104757566591,0.4372942908897267,0.02687253448795135,0.02780095599205612,0.2830441622436495,0.9879768375213926,1.0,0.8144058526503714,0.11570783883693377,0.5681859951661942,0.6367730970252812,0.8689981981867635,0.9291530731528864,0.9753991722743465,0.7352406580159326,0.13079022754128983,0.5694085805138914,0.6127448544077831,0.7014074989243837,0.9239927527350968,0.933642833013851,0.4072029263251857,0.05785391941846688,0.2840929975830971,0.3183865485126406,0.43449909909338175,0.4645765365764432,0.48769958613717324,0.3676203290079663,0.06539511377064491,0.2847042902569457,0.3063724272038916,0.35070374946219185,0.4619963763675484,0.4668214165069255,0.4072029263251857,0.05785391941846688,0.2840929975830971,0.3183865485126406,0.43449909909338175,0.4645765365764432,0.48769958613717324,0.3676203290079663,0.06539511377064491,0.2847042902569457,0.3063724272038916,0.35070374946219185,0.4619963763675484,0.4668214165069255
mobius_disabled,nq_126,50,True,15,5,2.0,1.0,5,4;7;13;34;42,0;1;4,1,1,3,1,1.789596322985679,0.3579192645971358,10,6.6525584342741935,3.3262792171370967,3.3262792171370967,1.5366828941514177,-48.46331710584858,-45.13703788871149,-45.13703788871148,True,1.5366828941514177,0.0,3003,0.12053017629718858,0.3027432722362889,5.296293592087626e-05,7.139157173981116e-05,0.0008049523559682318,0.4694929638553512,1.0,0.3579192645971358,0.43636503582194586,8.594885844726967e-05,0.00027532809666677086,0.01938811224294999,0.9078251459721143,1.0,0.7076031631199906,0.06358272467029427,0.5940867277311878,0.642817236863241,0.6920216893409713,0.7866984380244163,0.9004376667474548,0.6652558434274194,0.04135170758879058,0.6021937114559259,0.6112782127985487,0.6666841088832078,0.7109310722744762,0.7421919828444444,0.3538015815599953,0.031791362335147136,0.2970433638655939,0.3214086184316205,0.34601084467048565,0.39334921901220815,0.4502188333737274,0.3326279217137097,0.02067585379439529,0.30109685572796296,0.30563910639927433,0.3333420544416039,0.3554655361372381,0.3710959914222222,0.3538015815599953,0.031791362335147136,0.2970433638655939,0.3214086184316205,0.34601084467048565,0.39334921901220815,0.4502188333737274,0.3326279217137097,0.02067585379439529,0.30109685572796296,0.30563910639927433,0.3333420544416039,0.3554655361372381,0.3710959914222222
mobius_disabled,nq_127,50,True,15,5,2.0,1.0,5,0;1;4;24;39,0;1;3;7,1,1,4,2,2.0002469785483528,0.4000493957096706,10,7.377998458095565,3.6889992290477824,3.6889992290477824,1.6887522504994297,-48.31124774950057,-44.622248520452786,-44.622248520452786,True,1.6887522504994297,0.0,3003,0.1352944745049896,0.3386005209944403,0.0001668661548915773,0.0003393866814440576,0.002188893494332321,0.6016011826706299,1.0,0.4000493957096706,0.48866551673510983,0.0006190178848562344,0.0007648753419238296,0.0015667064049841057,0.998831037092395,1.0,0.7678977288231311,0.08858786255726878,0.5942441821797008,0.6395309897930165,0.7906898690153369,0.8721024675171481,0.9973478084735965,0.7377998458095565,0.10097366274054129,0.6183156845883825,0.6560713937903326,0.6949222364960044,0.8545332084228219,0.9696300462263545,0.38394886441156556,0.04429393127863439,0.2971220910898504,0.31976549489650824,0.39534493450766844,0.4360512337585741,0.49867390423679825,0.36889992290477824,0.05048683137027064,0.30915784229419124,0.3280356968951663,0.3474611182480022,0.42726660421141094,0.48481502311317726,0.38394886441156556,0.04429393127863439,0.2971220910898504,0.31976549489650824,0.39534493450766844,0.4360512337585741,0.49867390423679825,0.36889992290477824,0.05048683137027064,0.30915784229419124,0.3280356968951663,0.3474611182480022,0.42726660421141094,0.48481502311317726
mobius_disabled,nq_128,50,True,15,5,2.0,1.0,5,0;4;10;24;35,0;4;9;15;28;33;35;44,1,1,7,3,3.1741635930948178,0.6348327186189635,10,8.123191957317973,4.061595978658986,4.061595978658986,0.8874323855641686,-49.11256761443583,-45.05097163577685,-45.05097163577685,True,0.8874323855641686,0.0,3003,0.3585107855657618,0.29186429503029754,0.06440848321950378,0.07407365690163452,0.2991029748807695,0.792706851197003,1.0,0.6348327186189635,0.30222512762426135,0.2991029748807695,0.34942876807226736,0.45094750822681806,0.9996782608510864,1.0,0.8175521856605814,0.06335374744747609,0.6803080491874545,0.7364698039918876,0.813938265584049,0.9043760803992378,0.9935501234669615,0.8123191957317971,0.06288210304318852,0.7351199813541166,0.7590941033522292,0.7991030011109362,0.874586384168429,0.9651565195156253,0.4087760928302907,0.03167687372373804,0.34015402459372723,0.3682349019959438,0.4069691327920245,0.4521880401996189,0.49677506173348074,0.40615959786589856,0.03144105152159426,0.3675599906770583,0.3795470516761146,0.3995515005554681,0.4372931920842145,0.48257825975781266,0.4087760928302907,0.03167687372373804,0.34015402459372723,0.3682349019959438,0.4069691327920245,0.4521880401996189,0.49677506173348074,0.40615959786589856,0.03144105152159426,0.3675599906770583,0.3795470516761146,0.3995515005554681,0.4372931920842145,0.48257825975781266
mobius_disabled,nq_129,50,True,15,5,2.0,1.0,5,10;25;28;29;33,0;1;5;6;9;10;33;37;48,1,1,7,2,4.660760703205697,0.9321521406411394,10,7.370344831346166,3.685172415673083,3.685172415673083,-0.9755882875326138,-50.97558828753262,-47.29041587185953,-47.29041587185953,True,-0.9755882875326138,0.0,3003,0.726032767970375,0.2713316911452108,0.25740385873359417,0.2969990745466597,0.8536670514062378,0.992433365462912,1.0,0.9321521406411394,0.10482686094811014,0.723242193440845,0.8231873758842863,0.9801338750880231,0.9937117940509523,1.0,0.7878975019638708,0.07815442534439648,0.6335852280971288,0.6935525529076754,0.7785111758778658,0.9029946421861214,0.9936801288767942,0.7370344831346167,0.06316282753022091,0.6435581877508074,0.6570448527464217,0.744867176917925,0.8108102904289591,0.8152285028721084,0.3939487509819354,0.03907721267219824,0.3167926140485644,0.3467762764538377,0.3892555879389329,0.4514973210930607,0.4968400644383971,0.36851724156730836,0.03158141376511046,0.3217790938754037,0.32852242637321083,0.3724335884589625,0.40540514521447957,0.4076142514360542,0.3939487509819354,0.03907721267219824,0.3167926140485644,0.3467762764538377,0.3892555879389329,0.4514973210930607,0.4968400644383971,0.36851724156730836,0.03158141376511046,0.3217790938754037,0.32852242637321083,0.3724335884589625,0.40540514521447957,0.4076142514360542
mobius_disabled,nq_130,50,True,15,5,2.0,1.0,5,4;12;13;14;26,,0,0,0,0,2.3042008360647075,0.4608401672129415,10,7.940226502470022,3.970113251235011,3.970113251235011,1.6659124151703035,-48.334087584829696,-44.36397433359468,-44.36397433359468,True,1.6659124151703035,0.0,3003,0.19982011419261797,0.25710945567721405,0.008943757996292451,0.0145878728772056,0.0948235931831936,0.46443357994998025,1.0,0.4608401672129415,0.29539746377415166,0.16569464833755093,0.19035427021567633,0.4113195543329755,0.7999371721445268,1.0,0.7998135878640841,0.06721462245896619,0.6437680555119764,0.7282461840427294,0.7856693259841177,0.9111098276302199,0.951664219373414,0.7940226502470022,0.07349473236361224,0.68818155973456,0.7273462953917228,0.7835052032537793,0.9196308962523887,0.9265993983859669,0.39990679393204204,0.03360731122948309,0.3218840277559882,0.3641230920213647,0.3928346629920588,0.45555491381510993,0.475832109686707,0.3970113251235011,0.03674736618180612,0.34409077986728,0.3636731476958614,0.39175260162688963,0.45981544812619435,0.46329969919298347,0.39990679393204204,0.03360731122948309,0.3218840277559882,0.3641230920213647,0.3928346629920588,0.45555491381510993,0.475832109686707,0.3970113251235011,0.03674736618180612,0.34409077986728,0.3636731476958614,0.39175260162688963,0.45981544812619435,0.46329969919298347
mobius_disabled,nq_131,50,True,15,5,2.0,1.0,5,4;5;11;34;41,0;4;15;20;23;43;46,1,1,3,1,4.270800105465886,0.8541600210931772,10,8.652190216258505,4.326095108129253,4.326095108129253,0.05529500266336651,-49.944704997336636,-45.61860988920738,-45.61860988920738,True,0.05529500266336651,0.0,3003,0.5655233494143883,0.2862476367603305,0.11519035263283274,0.2081753966035763,0.6855450040487494,0.9172690021685993,1.0,0.8541600210931772,0.11566314432259099,0.6855450040487494,0.7139701792930747,0.8995964669297246,0.9716202769311396,1.0,0.8797235136409316,0.03571759341237051,0.7959539646117659,0.8366266268153536,0.8775960375807187,0.929273799960664,0.9688480227836634,0.8652190216258505,0.03798492864772149,0.8256779144906113,0.8366147426138559,0.8564617240684256,0.8860506997521015,0.9688480227836634,0.4398617568204658,0.017858796706185256,0.39797698230588296,0.4183133134076768,0.43879801879035935,0.464636899980332,0.4844240113918317,0.43260951081292526,0.018992464323860744,0.41283895724530567,0.41830737130692797,0.4282308620342128,0.44302534987605074,0.4844240113918317,0.4398617568204658,0.017858796706185256,0.39797698230588296,0.4183133134076768,0.43879801879035935,0.464636899980332,0.4844240113918317,0.43260951081292526,0.018992464323860744,0.41283895724530567,0.41830737130692797,0.4282308620342128,0.44302534987605074,0.4844240113918317
mobius_disabled,nq_132,50,True,15,5,2.0,1.0,5,0;5;6;20;33,9;18;19;28,1,0,1,0,3.054481261421145,0.6108962522842291,10,8.171247351908738,4.085623675954369,4.085623675954369,1.0311424145332238,-48.96885758546678,-44.883233909512406,-44.88323390951241,True,1.0311424145332238,0.0,3003,0.27543508282938145,0.30541859671714455,0.06372406659065702,0.065596907875041,0.11919355576440786,0.8099805367924442,1.0,0.6108962522842291,0.3238366216622609,0.21009869412399823,0.2228952303645565,0.7569749137530375,0.9381270475274862,1.0,0.8332696261756515,0.05146803467825422,0.7042543745351972,0.7677217778726595,0.8349763219719649,0.8976061766372104,0.9482988845491951,0.8171247351908736,0.03791048203151259,0.7621899341034348,0.7659527808552173,0.8235964236621107,0.8584115720050185,0.8857139526430862,0.41663481308782574,0.02573401733912711,0.3521271872675986,0.38386088893632975,0.41748816098598246,0.4488030883186052,0.47414944227459754,0.4085623675954368,0.018955241015756297,0.3810949670517174,0.38297639042760867,0.41179821183105536,0.42920578600250925,0.4428569763215431,0.41663481308782574,0.02573401733912711,0.3521271872675986,0.38386088893632975,0.41748816098598246,0.4488030883186052,0.47414944227459754,0.4085623675954368,0.018955241015756297,0.3810949670517174,0.38297639042760867,0.41179821183105536,0.42920578600250925,0.4428569763215431
mobius_disabled,nq_133,50,True,15,5,2.0,1.0,5,22;26;28;35;47,2;5;9;31;47,1,1,3,1,4.175987314453165,0.8351974628906328,10,8.272279140830273,4.1361395704151365,4.1361395704151365,-0.03984774403802849,-50.03984774403803,-45.90370817362289,-45.90370817362289,True,-0.03984774403802849,0.0,3003,0.5309028816785147,0.2793006721682103,0.054915312468933775,0.1890774081159971,0.4811045945881705,0.9465786222260879,1.0,0.8351974628906328,0.15526085408153734,0.6477087320044437,0.6497062916211526,0.8938347430770746,0.992696483330172,1.0,0.8701130309315704,0.05778649303630749,0.7177292109942682,0.7845853394149496,0.8838733498857817,0.93510185070449,0.9583413188962053,0.8272279140830273,0.05037158222267714,0.7606368486078732,0.7718417182328212,0.8171484665416247,0.8799270580218275,0.9128807349680146,0.4350565154657852,0.028893246518153747,0.3588646054971341,0.3922926697074748,0.44193667494289085,0.467550925352245,0.47917065944810266,0.41361395704151366,0.02518579111133857,0.3803184243039366,0.3859208591164106,0.4085742332708123,0.43996352901091373,0.4564403674840073,0.4350565154657852,0.028893246518153747,0.3588646054971341,0.3922926697074748,0.44193667494289085,0.467550925352245,0.47917065944810266,0.41361395704151366,0.02518579111133857,0.3803184243039366,0.3859208591164106,0.4085742332708123,0.43996352901091373,0.4564403674840073
mobius_disabled,nq_134,50,True,15,5,2.0,1.0,5,3;6;19;32;48,0;3;5;6,1,1,3,2,2.5185288026116526,0.5037057605223305,10,7.73066629656953,3.865333148284765,3.865333148284765,1.3468043456731125,-48.653195654326886,-44.78786250604212,-44.787862506042124,True,1.3468043456731125,0.0,3003,0.2407901986926572,0.2724214392548438,0.011033945330607305,0.015895527913525307,0.13239973163544613,0.49907073724831513,1.0,0.5037057605223305,0.28171958886493503,0.13239973163544613,0.23673311157418986,0.48333398224012697,0.8038247629015096,1.0,0.8119917372743105,0.067845903314004,0.6477268647415214,0.7243453923005162,0.8100269676038301,0.8958378132231322,0.922921734005161,0.773066629656953,0.0579287123037906,0.7029305147759813,0.7071530794103968,0.7601305346155425,0.8529342504487919,0.8725795026987864,0.40599586863715525,0.033922951657002,0.3238634323707607,0.3621726961502581,0.40501348380191504,0.4479189066115661,0.4614608670025805,0.3865333148284765,0.0289643561518953,0.35146525738799067,0.3535765397051984,0.38006526730777124,0.42646712522439595,0.4362897513493932,0.40599586863715525,0.033922951657002,0.3238634323707607,0.3621726961502581,0.40501348380191504,0.4479189066115661,0.4614608670025805,0.3865333148284765,0.0289643561518953,0.35146525738799067,0.3535765397051984,0.38006526730777124,0.42646712522439595,0.4362897513493932
mobius_disabled,nq_135,50,True,15,5,2.0,1.0,5,4;27;32;43;47,0;20;28;38,0,0,0,0,1.9617325521932325,0.3923465104386465,10,6.3891815905828935,3.1945907952914467,3.1945907952914467,1.2328582430982142,-48.767141756901786,-45.57255096161034,-45.57255096161034,True,1.2328582430982142,0.0,3003,0.17258812874935964,0.2388626456356883,0.024216917858984353,0.03266340222106446,0.09094326165037972,0.3047903949473327,1.0,0.3923465104386465,0.31099414905077827,0.12862403854393262,0.17295594458579974,0.25701215526543525,0.7346570218941058,1.0,0.6432533186407868,0.0673576243230616,0.4860013059499879,0.5739475407163418,0.6470033547628936,0.7173933045560167,0.9025128000210297,0.6389181590582893,0.035341054681181455,0.5810990722449316,0.5990623213198146,0.6411066677079744,0.6820925891990438,0.6937603520520339,0.3216266593203934,0.0336788121615308,0.24300065297499396,0.2869737703581709,0.3235016773814468,0.35869665227800834,0.45125640001051487,0.31945907952914465,0.017670527340590728,0.2905495361224658,0.2995311606599073,0.3205533338539872,0.3410462945995219,0.34688017602601695,0.3216266593203934,0.0336788121615308,0.24300065297499396,0.2869737703581709,0.3235016773814468,0.35869665227800834,0.45125640001051487,0.31945907952914465,0.017670527340590728,0.2905495361224658,0.2995311606599073,0.3205533338539872,0.3410462945995219,0.34688017602601695
mobius_disabled,nq_136,50,True,15,5,2.0,1.0,5,7;16;18;21;35,21,1,1,1,1,1.129135495198706,0.2258270990397412,10,6.164406131801935,3.0822030659009676,3.0822030659009676,1.9530675707022616,-48.04693242929774,-44.96472936339677,-44.96472936339677,True,1.9530675707022616,0.0,3003,0.08540866127738382,0.24611778946435736,0.0006354967978523583,0.0009351419719595577,0.007048332586016178,0.08551701988472522,1.0,0.2258270990397412,0.3894396746787061,0.0010452628561348194,0.003056002210280146,0.007048332586016178,0.6459879154060229,1.0,0.6805768374948642,0.08306175049415065,0.5543002208730707,0.5867111359562063,0.6658138843578943,0.8038568527244521,0.9915545879633123,0.6164406131801936,0.07994964462269062,0.5598699570362982,0.5726936542171482,0.5915773502335883,0.6513856381623828,0.8501100502079367,0.3402884187474321,0.04153087524707533,0.27715011043653537,0.29335556797810314,0.3329069421789472,0.40192842636222603,0.49577729398165615,0.3082203065900968,0.03997482231134531,0.2799349785181491,0.2863468271085741,0.29578867511679413,0.3256928190811914,0.42505502510396836,0.3402884187474321,0.04153087524707533,0.27715011043653537,0.29335556797810314,0.3329069421789472,0.40192842636222603,0.49577729398165615,0.3082203065900968,0.03997482231134531,0.2799349785181491,0.2863468271085741,0.29578867511679413,0.3256928190811914,0.42505502510396836
mobius_disabled,nq_137,50,True,15,5,2.0,1.0,5,0;4;8;43;47,0;3,1,1,2,1,1.214374103623487,0.2428748207246974,10,7.618146121140697,3.8090730605703484,3.8090730605703484,2.5946989569468615,-47.405301043053136,-43.596227982482795,-43.59622798248279,True,2.5946989569468615,0.0,3003,0.08666313573362014,0.24695373737909587,0.0005164160302504147,0.0006114744314680433,0.0022890660566776424,0.11103402727413883,1.0,0.2428748207246974,0.38181734059368794,0.0007108694228925859,0.0018038594652805733,0.07548953264450141,0.6538921428108923,1.0,0.8040239524299553,0.054811896993919786,0.6383006950492887,0.7366889488526548,0.8056469626878479,0.8749470017679504,0.9308384657944926,0.7618146121140696,0.06507462477685506,0.6543773359227791,0.6718427754182928,0.7829089473826523,0.8325410683690525,0.8383824005760893,0.40201197621497764,0.027405948496959893,0.31915034752464433,0.3683444744263274,0.40282348134392393,0.4374735008839752,0.4654192328972463,0.3809073060570348,0.03253731238842753,0.32718866796138957,0.3359213877091464,0.39145447369132613,0.41627053418452625,0.41919120028804463,0.40201197621497764,0.027405948496959893,0.31915034752464433,0.3683444744263274,0.40282348134392393,0.4374735008839752,0.4654192328972463,0.3809073060570348,0.03253731238842753,0.32718866796138957,0.3359213877091464,0.39145447369132613,0.41627053418452625,0.41919120028804463
mobius_disabled,nq_138,50,True,15,5,2.0,1.0,5,5;18;25;26;37,,0,0,0,0,2.8768083580303343,0.5753616716060669,10,7.77208464312489,3.886042321562445,3.886042321562445,1.0092339635321106,-48.99076603646789,-45.10472371490545,-45.10472371490545,True,1.0092339635321106,0.0,3003,0.23585689047769295,0.3221910945913865,0.012668666255575764,0.014007458766647319,0.045000086958027784,0.7542609452502255,1.0,0.5753616716060669,0.35073999374559395,0.10636802485250031,0.21091468782178152,0.43681222645526435,0.9863573697787466,1.0,0.8312089686110741,0.07988477715219627,0.7026277825147341,0.7419128323100712,0.8027610258595522,0.9350960043124703,0.9561082603917681,0.777208464312489,0.05110295555609911,0.7242685227743171,0.733837028444415,0.7605295422088625,0.815563157633117,0.9108714875999945,0.41560448430553704,0.03994238857609814,0.35131389125736706,0.3709564161550356,0.4013805129297761,0.46754800215623515,0.47805413019588405,0.3886042321562445,0.025551477778049555,0.36213426138715854,0.3669185142222075,0.38026477110443124,0.4077815788165585,0.45543574379999724,0.41560448430553704,0.03994238857609814,0.35131389125736706,0.3709564161550356,0.4013805129297761,0.46754800215623515,0.47805413019588405,0.3886042321562445,0.025551477778049555,0.36213426138715854,0.3669185142222075,0.38026477110443124,0.4077815788165585,0.45543574379999724
mobius_disabled,nq_139,50,True,15,5,2.0,1.0,5,0;3;4;6;31,,0,0,0,0,1.311672081223988,0.2623344162447976,10,6.56647186732284,3.28323593366142,3.28323593366142,1.9715638524374322,-48.028436147562566,-44.74520021390114,-44.74520021390115,True,1.9715638524374322,0.0,3003,0.09076044819769034,0.24959267377100589,0.0009597846590648668,0.0011966625226568137,0.0029762231513292396,0.168332383474565,1.0,0.2623344162447976,0.37771513956957425,0.0011082608307377455,0.0014231191509786465,0.08434332391290553,0.6897300359396019,1.0,0.6901124323535359,0.06144393906072254,0.5405516070036795,0.6134447686045037,0.6866315535534394,0.7657090321660616,0.8512689814726672,0.6566471867322841,0.08062913273638295,0.5405516070036795,0.5649717344460168,0.6549074939479216,0.7286963834225453,0.8421008814723643,0.34505621617676796,0.03072196953036127,0.2702758035018398,0.30672238430225185,0.3433157767767197,0.3828545160830308,0.4256344907363336,0.32832359336614203,0.04031456636819147,0.2702758035018398,0.2824858672230084,0.3274537469739608,0.36434819171127264,0.42105044073618214,0.34505621617676796,0.03072196953036127,0.2702758035018398,0.30672238430225185,0.3433157767767197,0.3828545160830308,0.4256344907363336,0.32832359336614203,0.04031456636819147,0.2702758035018398,0.2824858672230084,0.3274537469739608,0.36434819171127264,0.42105044073618214
mobius_disabled,nq_140,50,True,15,5,2.0,1.0,5,1;6;7;16;21,1;6,1,1,2,2,4.005944235030746,0.8011888470061492,10,8.7156232863801,4.35781164319005,4.35781164319005,0.35186740815930406,-49.64813259184069,-45.290320948650646,-45.290320948650646,True,0.35186740815930406,0.0,3003,0.2798776896699914,0.4198785753364698,0.0005436762886783795,0.0009188127992721324,0.013960745363620007,0.9962575067774901,1.0,0.8011888470061492,0.3454555102729359,0.11436781583482536,0.42877796526564294,0.9922621554647041,0.999568429727739,1.0,0.8873674869868267,0.031843134057478545,0.7918473029070647,0.8479018469840616,0.8907552225698214,0.9219308020913017,0.9901216169141247,0.8715623286380101,0.0527821284026391,0.798785067897302,0.8191749895502322,0.8815301519119549,0.9079607764855495,0.9901216169141247,0.44368374349341333,0.015921567028739272,0.39592365145353237,0.4239509234920308,0.4453776112849107,0.46096540104565087,0.49506080845706235,0.43578116431900504,0.02639106420131955,0.399392533948651,0.4095874947751161,0.44076507595597747,0.45398038824277476,0.49506080845706235,0.44368374349341333,0.015921567028739272,0.39592365145353237,0.4239509234920308,0.4453776112849107,0.46096540104565087,0.49506080845706235,0.43578116431900504,0.02639106420131955,0.399392533948651,0.4095874947751161,0.44076507595597747,0.45398038824277476,0.49506080845706235
mobius_disabled,nq_141,50,True,15,5,2.0,1.0,5,14;24;33;35;45,2;3;5;7;11;13;14;16;18;19;20;21;22;23;24;25;26;29;30;31;32;33;34;35;36;37;39;44;45;46;47;48,1,1,13,5,4.892661091017662,0.9785322182035324,10,8.469424092156384,4.234712046078192,4.234712046078192,-0.6579490449394703,-50.65794904493947,-46.423236998861285,-46.42323699886128,True,-0.6579490449394703,0.0,3003,0.8986335915693316,0.09109592852364096,0.729434763613293,0.7437550354074739,0.9299554254892274,0.9833190089556618,1.0,0.9785322182035324,0.013997035940831962,0.9604639553522273,0.9630962153409915,0.9788625462455814,0.9945159936382861,1.0,0.853432237026981,0.057673559493438685,0.7453586960337384,0.786766943100909,0.8402391885499224,0.9417302554270003,0.9819927486907674,0.8469424092156383,0.07036799536014299,0.7648924158360101,0.7688669384090633,0.8119167656579116,0.9261486814160124,0.9616721794023995,0.4267161185134905,0.028836779746719342,0.3726793480168692,0.3933834715504545,0.4201195942749612,0.47086512771350014,0.4909963743453837,0.4234712046078192,0.035183997680071494,0.38244620791800504,0.38443346920453164,0.4059583828289558,0.4630743407080062,0.48083608970119973,0.4267161185134905,0.028836779746719342,0.3726793480168692,0.3933834715504545,0.4201195942749612,0.47086512771350014,0.4909963743453837,0.4234712046078192,0.035183997680071494,0.38244620791800504,0.38443346920453164,0.4059583828289558,0.4630743407080062,0.48083608970119973
mobius_disabled,nq_142,50,True,15,5,2.0,1.0,5,4;6;10;37;41,0;1;2;3;4;5;6;7;8;9;10;11;12;13;14;15;16;17;18;19;20;21;22;23;24;25;26;28;30;31;36;37;39;41;42;43;44;45;47;49,1,1,13,5,3.4879800850106215,0.6975960170021243,10,8.491524205466202,4.245762102733101,4.245762102733101,0.7577820177224797,-49.24221798227752,-44.99645587954441,-44.99645587954442,True,0.7577820177224797,0.0,3003,0.2950009456804049,0.3308609929235955,0.042675789112409296,0.05492281510746219,0.12477146250430379,0.8425482977149593,1.0,0.6975960170021243,0.28644610663007314,0.18269257245086912,0.3742993911465763,0.7179921915340489,0.9702342807342266,1.0,0.8381604740436127,0.050465104705745174,0.7196737027434524,0.7704903165771361,0.8389024987640085,0.906221089509476,0.9481865535637356,0.8491524205466201,0.04087704281747948,0.777889465571484,0.8057178064887889,0.8470796401108545,0.9029918531363081,0.906587297164126,0.41908023702180636,0.025232552352872587,0.3598368513717262,0.38524515828856803,0.41945124938200423,0.453110544754738,0.4740932767818678,0.42457621027331005,0.02043852140873974,0.388944732785742,0.40285890324439444,0.42353982005542723,0.45149592656815407,0.453293648582063,0.41908023702180636,0.025232552352872587,0.3598368513717262,0.38524515828856803,0.41945124938200423,0.453110544754738,0.4740932767818678,0.42457621027331005,0.02043852140873974,0.388944732785742,0.40285890324439444,0.42353982005542723,0.45149592656815407,0.453293648582063
mobius_disabled,nq_143,50,True,15,5,2.0,1.0,5,15;26;34;45;47,6;26;47,1,1,2,2,4.701032771670996,0.9402065543341992,10,7.396299247987199,3.6981496239935994,3.6981496239935994,-1.0028831476773967,-51.002883147677395,-47.304733523683794,-47.304733523683794,True,-1.0028831476773967,0.0,3003,0.8280565472035492,0.10695579091955242,0.6809631886241392,0.7115815204720187,0.8022322444478693,0.9809581168750492,1.0,0.9402065543341992,0.0726234707323341,0.8022322444478693,0.8598934277070971,0.9524553895063185,0.9999839740483478,1.0,0.7343523830445872,0.049615071685461525,0.6519557616170634,0.6806199975597381,0.7343392016497531,0.7668899579810106,0.9936306718343298,0.7396299247987199,0.0918879743661358,0.6526590343255073,0.6591642336250509,0.7278711032606885,0.7826669824577033,0.9936306718343298,0.3671761915222936,0.024807535842730762,0.3259778808085317,0.34030999877986906,0.36716960082487654,0.3834449789905053,0.4968153359171649,0.36981496239935996,0.0459439871830679,0.32632951716275366,0.32958211681252547,0.36393555163034425,0.39133349122885164,0.4968153359171649,0.3671761915222936,0.024807535842730762,0.3259778808085317,0.34030999877986906,0.36716960082487654,0.3834449789905053,0.4968153359171649,0.36981496239935996,0.0459439871830679,0.32632951716275366,0.32958211681252547,0.36393555163034425,0.39133349122885164,0.4968153359171649
mobius_disabled,nq_144,50,True,15,5,2.0,1.0,5,5;28;36;39;43,0;1;3;4;5;6;8;11;12;20;21;22;28;29;36;39;40;41;43;45;48,1,1,15,5,4.9941629473728995,0.9988325894745799,10,8.813945156728405,4.406972578364202,4.406972578364202,-0.587190369008697,-50.587190369008695,-46.180217790644505,-46.18021779064449,True,-0.587190369008697,0.0,3003,0.9988744512554981,0.002487140004167293,0.9907039532235059,0.9967816325677443,0.999817687153195,0.9999924617782676,1.0,0.9988325894745799,0.0018802087852692608,0.9950798790116391,0.9968821103840011,0.9997253677921042,0.999899808445328,0.9999545559734166,0.9140589317475382,0.030028750349439824,0.8453573296123663,0.8743813998176043,0.9143970714565857,0.9547281681607365,0.9746394192898058,0.8813945156728407,0.03271329036051,0.8453573296123663,0.8457954280183184,0.8804139665030717,0.9260025808439545,0.9466881876758046,0.4570294658737691,0.015014375174719912,0.42267866480618316,0.43719069990880216,0.45719853572829283,0.47736408408036823,0.4873197096449029,0.44069725783642033,0.016356645180255,0.42267866480618316,0.4228977140091592,0.44020698325153584,0.46300129042197724,0.4733440938379023,0.4570294658737691,0.015014375174719912,0.42267866480618316,0.43719069990880216,0.45719853572829283,0.47736408408036823,0.4873197096449029,0.44069725783642033,0.016356645180255,0.42267866480618316,0.4228977140091592,0.44020698325153584,0.46300129042197724,0.4733440938379023
mobius_disabled,nq_145,50,True,15,5,2.0,1.0,5,17;18;25;30;33,8,1,0,1,0,1.5550493902140923,0.31100987804281843,10,7.6518199652853225,3.8259099826426612,3.8259099826426612,2.270860592428569,-47.72913940757143,-43.90322942492877,-43.90322942492877,True,2.270860592428569,0.0,3003,0.12411260270206996,0.24982377146084375,0.0003056729738844785,0.0012171470548439191,0.02227293981182955,0.27083600782015677,1.0,0.31100987804281843,0.36403978079305604,0.0003056729738844785,0.005905579770122712,0.2671347927263995,0.7093213938197314,1.0,0.8274344366742253,0.07738775466266151,0.646427216998416,0.7064233772503008,0.8388649040062617,0.9395730587042666,0.9591967432411008,0.7651819965285322,0.07229288847556918,0.646427216998416,0.6876857400683967,0.7578929769149916,0.8608304963136111,0.8692411511876752,0.41371721833711267,0.038693877331330756,0.323213608499208,0.3532116886251504,0.41943245200313084,0.4697865293521333,0.4795983716205504,0.3825909982642661,0.03614644423778459,0.323213608499208,0.34384287003419833,0.3789464884574958,0.43041524815680554,0.4346205755938376,0.41371721833711267,0.038693877331330756,0.323213608499208,0.3532116886251504,0.41943245200313084,0.4697865293521333,0.4795983716205504,0.3825909982642661,0.03614644423778459,0.323213608499208,0.34384287003419833,0.3789464884574958,0.43041524815680554,0.4346205755938376
mobius_disabled,nq_146,50,True,15,5,2.0,1.0,5,9;14;22;27;46,2;6;8;9;14;22;33,1,1,5,3,4.695037659365871,0.9390075318731743,10,7.660852427250855,3.8304262136254277,3.8304262136254277,-0.8646114457404437,-50.864611445740444,-47.03418523211501,-47.034185232115014,True,-0.8646114457404437,0.0,3003,0.7653311039414603,0.21408395373434777,0.37296853192572677,0.45708885741325833,0.7921845573528911,0.999802547391509,1.0,0.9390075318731743,0.08723462142539276,0.7760333488899122,0.8333992393775532,0.9996559691432879,0.9999601064894625,1.0,0.7828119641483741,0.08094721396214288,0.6697226214192107,0.6901274728618221,0.7580477833279421,0.8983281637829361,0.9864698751753629,0.7660852427250855,0.1125318208149339,0.6698701254399899,0.6787075695633875,0.6932477842696874,0.9186430782968752,0.9747838317777738,0.39140598207418703,0.04047360698107144,0.33486131070960534,0.34506373643091104,0.37902389166397105,0.44916408189146806,0.49323493758768144,0.38304262136254275,0.05626591040746695,0.33493506271999496,0.33935378478169376,0.3466238921348437,0.4593215391484376,0.4873919158888869,0.39140598207418703,0.04047360698107144,0.33486131070960534,0.34506373643091104,0.37902389166397105,0.44916408189146806,0.49323493758768144,0.38304262136254275,0.05626591040746695,0.33493506271999496,0.33935378478169376,0.3466238921348437,0.4593215391484376,0.4873919158888869
mobius_disabled,nq_147,50,True,15,5,2.0,1.0,5,6;11;16;40;44,0;6;8;11;40,1,1,5,3,4.8840226329480885,0.9768045265896177,10,7.2915582254642,3.6457791127321,3.6457791127321,-1.2382435202159883,-51.23824352021599,-47.59246440748388,-47.59246440748389,True,-1.2382435202159883,0.0,3003,0.557314833019451,0.3883338321643146,0.08131696746192221,0.13104269657301237,0.39456500475421397,0.9999613731263202,1.0,0.9768045265896177,0.03948089940771547,0.8985244608118397,0.9336598466110314,0.9992290719794727,0.9999613731263202,0.9999945159376874,0.7406681097588647,0.0745522432728761,0.5648604131062104,0.6639248428368125,0.7292899557012426,0.846696415313414,0.9763227270039843,0.7291558225464201,0.10007870351165979,0.6310492070577737,0.6426060714419998,0.6817889761299353,0.8181811106410777,0.9763227270039843,0.37033405487943233,0.03727612163643805,0.2824302065531052,0.33196242141840626,0.3646449778506213,0.423348207656707,0.48816136350199213,0.36457791127321004,0.050039351755829894,0.31552460352888684,0.3213030357209999,0.34089448806496764,0.40909055532053884,0.48816136350199213,0.37033405487943233,0.03727612163643805,0.2824302065531052,0.33196242141840626,0.3646449778506213,0.423348207656707,0.48816136350199213,0.36457791127321004,0.050039351755829894,0.31552460352888684,0.3213030357209999,0.34089448806496764,0.40909055532053884,0.48816136350199213
mobius_disabled,nq_148,50,True,15,5,2.0,1.0,5,0;1;6;11;22,0;1;4;6;17;22,1,1,6,4,4.685166562272632,0.9370333124545264,10,8.889065273481828,4.444532636740914,4.444532636740914,-0.2406339255317178,-50.24063392553172,-45.79610128879081,-45.7961012887908,True,-0.2406339255317178,0.0,3003,0.6179799857533544,0.3340728944869582,0.11693466741634224,0.12814635277625017,0.7777732224502046,0.9759469094205561,1.0,0.9370333124545264,0.05914736209347606,0.8432219580351044,0.8648586266381708,0.9541583769814903,0.9961890390853066,1.0,0.8931260169388795,0.03957495161288062,0.7913731910849913,0.8392608985252691,0.894222745046936,0.94377867520436,0.9688167917829944,0.8889065273481828,0.03278921944226926,0.8468112749900769,0.849962819685914,0.8806210200228415,0.9263391821823442,0.959158651808792,0.44656300846943975,0.01978747580644031,0.39568659554249563,0.41963044926263454,0.447111372523468,0.47188933760218,0.4844083958914972,0.4444532636740914,0.01639460972113463,0.42340563749503846,0.424981409842957,0.44031051001142074,0.4631695910911721,0.479579325904396,0.44656300846943975,0.01978747580644031,0.39568659554249563,0.41963044926263454,0.447111372523468,0.47188933760218,0.4844083958914972,0.4444532636740914,0.01639460972113463,0.42340563749503846,0.424981409842957,0.44031051001142074,0.4631695910911721,0.479579325904396
mobius_disabled,nq_149,50,True,15,5,2.0,1.0,5,2;4;6;12;38,2;4,1,1,2,2,4.7923297644112495,0.9584659528822499,10,8.4902932436603,4.24514662183015,4.24514662183015,-0.5471831425810993,-50.5471831425811,-46.30203652075095,-46.302036520750946,True,-0.5471831425810993,0.0,3003,0.4229209643240577,0.4251651489985974,0.008843538522558075,0.01672354748795166,0.20062836815849822,0.9820693302929886,1.0,0.9584659528822499,0.04297337120871941,0.8823954469571863,0.9112783722194705,0.9556480205585559,0.9998734147130441,1.0,0.8198200419205747,0.060412040595386275,0.6793260575255271,0.7414953744088351,0.8120571310518756,0.8962956907815413,0.9711121483546042,0.8490293243660301,0.05258137910929171,0.7584221970537947,0.8066936376520675,0.8540431216769752,0.8798468704466016,0.9711121483546042,0.40991002096028734,0.030206020297693138,0.33966302876276355,0.37074768720441753,0.4060285655259378,0.4481478453907706,0.4855560741773021,0.42451466218301503,0.026290689554645856,0.37921109852689733,0.40334681882603374,0.4270215608384876,0.4399234352233008,0.4855560741773021,0.40991002096028734,0.030206020297693138,0.33966302876276355,0.37074768720441753,0.4060285655259378,0.4481478453907706,0.4855560741773021,0.42451466218301503,0.026290689554645856,0.37921109852689733,0.40334681882603374,0.4270215608384876,0.4399234352233008,0.4855560741773021
mobius_disabled,nq_150,50,True,15,5,2.0,1.0,5,9;16;29;31;36,,0,0,0,0,1.1349676894856704,0.22699353789713408,10,7.1006759792901555,3.5503379896450777,3.5503379896450777,2.4153703001594073,-47.58462969984059,-44.03429171019552,-44.03429171019552,True,2.4153703001594073,0.0,3003,0.10987726860390075,0.24388636210932857,0.005039609422128048,0.005303840974626208,0.015326905065562422,0.16209952052692136,1.0,0.22699353789713408,0.38845474150042775,0.005516648474309958,0.006981500264907829,0.011308013605275427,0.6435856997821122,1.0,0.7845588176621918,0.08513276651413773,0.5945453816627453,0.6668724607016971,0.7848996603128018,0.907648840657293,0.9589421295367417,0.7100675979290155,0.09760994831523823,0.5946569219166553,0.5962382403882154,0.7315292747963784,0.8265963675111162,0.8685109446962673,0.3922794088310959,0.042566383257068865,0.29727269083137264,0.3334362303508486,0.3924498301564009,0.4538244203286465,0.47947106476837087,0.35503379896450776,0.04880497415761911,0.29732846095832766,0.2981191201941077,0.3657646373981892,0.4132981837555581,0.43425547234813366,0.3922794088310959,0.042566383257068865,0.29727269083137264,0.3334362303508486,0.3924498301564009,0.4538244203286465,0.47947106476837087,0.35503379896450776,0.04880497415761911,0.29732846095832766,0.2981191201941077,0.3657646373981892,0.4132981837555581,0.43425547234813366
mobius_disabled,nq_151,50,True,15,5,2.0,1.0,5,0;1;4;10;22,4;6;18;22;28;38,1,1,4,2,2.962665702484882,0.5925331404969765,10,8.791730666282414,4.395865333141207,4.395865333141207,1.4331996306563246,-48.566800369343675,-44.170935036202465,-44.170935036202465,True,1.4331996306563246,0.0,3003,0.2515590226483344,0.3187507709693027,0.023584364173138552,0.03422704634552414,0.12146612704156688,0.8192370761133249,1.0,0.5925331404969765,0.35501258959908955,0.20338945230735767,0.20624960731718625,0.5500238504701617,0.9994850239501736,1.0,0.8416715816213117,0.05571130595336936,0.7270431795077594,0.7781201700292247,0.8360133475351307,0.9194946371696046,0.9977367541642936,0.8791730666282416,0.04837077192382133,0.8081633607473654,0.8302636952535187,0.8653131544692685,0.9402074879396389,0.9829597755185561,0.42083579081065586,0.02785565297668468,0.3635215897538797,0.38906008501461237,0.41800667376756534,0.4597473185848023,0.4988683770821468,0.4395865333141208,0.024185385961910666,0.4040816803736827,0.41513184762675936,0.43265657723463424,0.47010374396981947,0.49147988775927803,0.42083579081065586,0.02785565297668468,0.3635215897538797,0.38906008501461237,0.41800667376756534,0.4597473185848023,0.4988683770821468,0.4395865333141208,0.024185385961910666,0.4040816803736827,0.41513184762675936,0.43265657723463424,0.47010374396981947,0.49147988775927803
mobius_disabled,nq_152,50,True,15,5,2.0,1.0,5,0;1;2;6;20,0;1,1,1,2,2,4.9625924163572215,0.9925184832714443,10,8.571879021623257,4.2859395108116285,4.2859395108116285,-0.676652905545593,-50.676652905545595,-46.390713394733964,-46.390713394733964,True,-0.676652905545593,0.0,3003,0.3727967064825186,0.4633873044413939,2.960393085685946e-05,4.07468426194983e-05,0.0035953893481641694,0.9997373325309047,1.0,0.9925184832714443,0.008961574274231601,0.9799420711865438,0.9812879528812365,0.999344046587684,0.9999998092638873,1.0,0.7271946935861653,0.08205907423082925,0.5592894755286377,0.6361699980458527,0.7110742173751649,0.8394019367038691,0.9910344755994722,0.8571879021623257,0.05867035772361707,0.7950721740221726,0.8061325744944504,0.8434589716606381,0.9266855785962235,0.9910344755994722,0.36359734679308264,0.04102953711541463,0.27964473776431886,0.31808499902292636,0.3555371086875824,0.41970096835193454,0.4955172377997361,0.4285939510811628,0.029335178861808534,0.3975360870110863,0.4030662872472252,0.42172948583031905,0.46334278929811173,0.4955172377997361,0.36359734679308264,0.04102953711541463,0.27964473776431886,0.31808499902292636,0.3555371086875824,0.41970096835193454,0.4955172377997361,0.4285939510811628,0.029335178861808534,0.3975360870110863,0.4030662872472252,0.42172948583031905,0.46334278929811173,0.4955172377997361
mobius_disabled,nq_153,50,True,15,5,2.0,1.0,5,2;11;12;30;46,0;1;46,1,1,2,1,2.4698590581825766,0.4939718116365153,10,7.1445745778539305,3.5722872889269652,3.5722872889269652,1.1024282307443887,-48.89757176925561,-45.32528448032865,-45.32528448032865,True,1.1024282307443887,0.0,3003,0.24553715540292434,0.2383434650909662,0.026377081041142572,0.048823562033222107,0.16634545871143275,0.44784732411460304,1.0,0.4939718116365153,0.2639830925852277,0.25829984545813234,0.2899917756057043,0.38285200511913087,0.7964710147113006,1.0,0.7187036626200285,0.08140282055003803,0.5048148424709088,0.6316537442851087,0.7076391266879016,0.8360032750192222,0.8810390869623616,0.7144574577853932,0.0576141697114432,0.6368984042278476,0.65686278445668,0.7036665874951893,0.7945279473809401,0.835380112409646,0.35935183131001425,0.040701410275019015,0.2524074212354544,0.31582687214255434,0.3538195633439508,0.4180016375096111,0.4405195434811808,0.3572287288926966,0.0288070848557216,0.3184492021139238,0.32843139222834,0.35183329374759464,0.39726397369047006,0.417690056204823,0.35935183131001425,0.040701410275019015,0.2524074212354544,0.31582687214255434,0.3538195633439508,0.4180016375096111,0.4405195434811808,0.3572287288926966,0.0288070848557216,0.3184492021139238,0.32843139222834,0.35183329374759464,0.39726397369047006,0.417690056204823
mobius_disabled,nq_154,50,True,15,5,2.0,1.0,5,2;9;10;15;42,,0,0,0,0,2.5871914719865066,0.5174382943973013,10,8.810327436942465,4.405163718471233,4.405163718471233,1.817972246484726,-48.18202775351527,-43.77686403504404,-43.77686403504404,True,1.817972246484726,0.0,3003,0.1814584896477531,0.33710132373899143,0.0034474924396700715,0.0037473804985694373,0.015155668986172184,0.7783739461972039,1.0,0.5174382943973013,0.41393628851324205,0.0053147511246182996,0.018351393084908952,0.7400413635236109,0.9215716005251731,1.0,0.8932389919437144,0.03360979848948984,0.8027547226253933,0.8447681988824791,0.8981064181163769,0.9320623652942489,0.9553666742846327,0.8810327436942463,0.04154876484681521,0.8188178041590437,0.8220578409560322,0.8771259336364466,0.9272207819489936,0.9452758521739885,0.4466194959718572,0.01680489924474492,0.40137736131269663,0.42238409944123956,0.44905320905818846,0.46603118264712445,0.47768333714231637,0.44051637184712317,0.020774382423407605,0.40940890207952185,0.4110289204780161,0.4385629668182233,0.4636103909744968,0.47263792608699423,0.4466194959718572,0.01680489924474492,0.40137736131269663,0.42238409944123956,0.44905320905818846,0.46603118264712445,0.47768333714231637,0.44051637184712317,0.020774382423407605,0.40940890207952185,0.4110289204780161,0.4385629668182233,0.4636103909744968,0.47263792608699423
mobius_disabled,nq_155,50,True,15,5,2.0,1.0,5,7;18;22;33;42,,0,0,0,0,2.290929946890881,0.45818598937817623,10,6.725530340256641,3.3627651701283203,3.3627651701283203,1.0718352232374393,-48.92816477676256,-45.56539960663424,-45.565399606634244,True,1.0718352232374393,0.0,3003,0.22837391651800695,0.25286563870568085,0.030590506027212187,0.04448548475518501,0.15057102229247601,0.5085237945745278,1.0,0.45818598937817623,0.3240744710348403,0.07026124773525068,0.1465966030330687,0.33608821665486477,0.849392338608388,1.0,0.7515813625810347,0.09312167544643385,0.5110233614192161,0.6126043878965327,0.7656221219027011,0.8658554404342622,0.9274238675226398,0.672553034025664,0.06596202994552251,0.5618814159050374,0.5949343220654899,0.6847467930925834,0.7553436461401658,0.7678793098015115,0.37579068129051735,0.046560837723216925,0.25551168070960806,0.30630219394826635,0.38281106095135053,0.4329277202171311,0.4637119337613199,0.336276517012832,0.032981014972761256,0.2809407079525187,0.29746716103274495,0.3423733965462917,0.3776718230700829,0.38393965490075577,0.37579068129051735,0.046560837723216925,0.25551168070960806,0.30630219394826635,0.38281106095135053,0.4329277202171311,0.4637119337613199,0.336276517012832,0.032981014972761256,0.2809407079525187,0.29746716103274495,0.3423733965462917,0.3776718230700829,0.38393965490075577
mobius_disabled,nq_156,50,True,15,5,2.0,1.0,5,1;3;7;9;16,0;3;4;5;6;7;8;14;16;17;24;27;39;42;43;49,1,1,9,3,4.221852057700074,0.8443704115400148,10,8.82560056660679,4.412800283303395,4.412800283303395,0.1909482256033206,-49.80905177439668,-45.39625149109329,-45.39625149109328,True,0.1909482256033206,0.0,3003,0.5815967265198887,0.22365916861279994,0.2927789513050607,0.3340258336591213,0.6100862307598982,0.9214012431620898,1.0,0.8443704115400148,0.13166259226460358,0.6533110272326749,0.6934728861610736,0.8374698519307332,0.9909422015931977,1.0,0.8922785237705871,0.03297303973774005,0.8153574152719382,0.8548566094741983,0.8918023866897363,0.9363756687554643,0.9825039947372144,0.8825600566606789,0.03998233422298085,0.8267192456776074,0.8582995155859825,0.8654012339453423,0.9160537883535783,0.9825039947372144,0.44613926188529357,0.016486519868870026,0.4076787076359691,0.42742830473709914,0.44590119334486816,0.46818783437773215,0.4912519973686072,0.44128002833033947,0.019991167111490425,0.4133596228388037,0.42914975779299125,0.43270061697267115,0.45802689417678916,0.4912519973686072,0.44613926188529357,0.016486519868870026,0.4076787076359691,0.42742830473709914,0.44590119334486816,0.46818783437773215,0.4912519973686072,0.44128002833033947,0.019991167111490425,0.4133596228388037,0.42914975779299125,0.43270061697267115,0.45802689417678916,0.4912519973686072
mobius_disabled,nq_157,50,True,15,5,2.0,1.0,5,0;1;10;31;49,0;1;49,1,1,3,3,2.4982886367059853,0.49965772734119707,10,7.270359531888193,3.6351797659440965,3.6351797659440965,1.1368911292381112,-48.86310887076189,-45.22792910481779,-45.22792910481779,True,1.1368911292381112,0.0,3003,0.17067528132945584,0.3433223457599231,0.00013413633987799533,0.00014242084793599302,0.0003713879954406442,0.7786627241862369,1.0,0.49965772734119707,0.4367304912529087,0.00016771669010873247,0.02063165136899927,0.44706647895443963,0.9998907550696409,1.0,0.7792767775240517,0.08097977801733548,0.6221584460005143,0.6731265175940514,0.7719640171161876,0.8977909002554887,0.9616185129263017,0.7270359531888194,0.08296566272583206,0.6221584460005143,0.63023008327096,0.707300227769631,0.8114072026566874,0.9182237780245253,0.38963838876202583,0.04048988900866774,0.31107922300025714,0.3365632587970257,0.3859820085580938,0.44889545012774434,0.48080925646315087,0.3635179765944097,0.04148283136291603,0.31107922300025714,0.31511504163548,0.3536501138848155,0.4057036013283437,0.45911188901226263,0.38963838876202583,0.04048988900866774,0.31107922300025714,0.3365632587970257,0.3859820085580938,0.44889545012774434,0.48080925646315087,0.3635179765944097,0.04148283136291603,0.31107922300025714,0.31511504163548,0.3536501138848155,0.4057036013283437,0.45911188901226263
mobius_disabled,nq_158,50,True,15,5,2.0,1.0,5,14;22;25;45;47,,0,0,0,0,1.3242459923116507,0.2648491984623301,10,6.668412624453531,3.3342063122267653,3.3342063122267653,2.0099603199151144,-47.990039680084884,-44.65583336785812,-44.65583336785812,True,2.0099603199151144,0.0,3003,0.10318927859221882,0.2457696504455646,0.002469679774676407,0.0034947388701065305,0.010028775180068976,0.15870290868838938,1.0,0.2648491984623301,0.3736206490882823,0.0035046071338657317,0.007461783504851251,0.12851696790741965,0.6715307476836144,1.0,0.7112631417759978,0.05051479510382131,0.6052635170362864,0.6456398949773373,0.7130995439335466,0.7739635928319156,0.8621464264262653,0.666841262445353,0.04363813545864167,0.6052635170362864,0.6121934071114303,0.6496358898005655,0.7275119967685497,0.7296466939627988,0.3556315708879989,0.025257397551910653,0.3026317585181432,0.32281994748866866,0.3565497719667733,0.3869817964159578,0.43107321321313263,0.3334206312226765,0.021819067729320834,0.3026317585181432,0.30609670355571517,0.32481794490028276,0.36375599838427486,0.3648233469813994,0.3556315708879989,0.025257397551910653,0.3026317585181432,0.32281994748866866,0.3565497719667733,0.3869817964159578,0.43107321321313263,0.3334206312226765,0.021819067729320834,0.3026317585181432,0.30609670355571517,0.32481794490028276,0.36375599838427486,0.3648233469813994
mobius_disabled,nq_159,50,True,15,5,2.0,1.0,5,15;17;25;27;40,32;49,1,0,2,0,3.2077251772009245,0.6415450354401849,10,7.145377569418241,3.5726887847091207,3.5726887847091207,0.3649636075081961,-49.635036392491806,-46.062347607782684,-46.062347607782684,True,0.3649636075081961,0.0,3003,0.23057642021766858,0.3631921347003938,0.0010955206300150302,0.0018765715841142722,0.04535864862495994,0.9193531366140518,1.0,0.6415450354401849,0.374131101820571,0.06944143504358874,0.1776227888916534,0.7984010844104972,0.9999951352332354,1.0,0.7487187848738004,0.0658540143016545,0.6273761698050032,0.6764903075717983,0.7374083291104443,0.8193208436823994,0.9608526390611256,0.7145377569418241,0.0778386506906023,0.6470141282636521,0.662901236958293,0.6917301051093766,0.7640420157741374,0.9335939959605442,0.3743593924369002,0.03292700715082725,0.3136880849025016,0.33824515378589914,0.36870416455522215,0.4096604218411997,0.4804263195305628,0.35726887847091204,0.03891932534530115,0.32350706413182606,0.3314506184791465,0.3458650525546883,0.3820210078870687,0.4667969979802721,0.3743593924369002,0.03292700715082725,0.3136880849025016,0.33824515378589914,0.36870416455522215,0.4096604218411997,0.4804263195305628,0.35726887847091204,0.03891932534530115,0.32350706413182606,0.3314506184791465,0.3458650525546883,0.3820210078870687,0.4667969979802721
mobius_disabled,nq_160,50,True,15,5,2.0,1.0,5,4;12;25;41;48,4,1,1,1,1,4.886625539303988,0.9773251078607975,10,7.405512967891585,3.7027564839457927,3.7027564839457927,-1.183869055358195,-51.183869055358194,-47.481112571412396,-47.4811125714124,True,-1.183869055358195,0.0,3003,0.6724235181201619,0.38051543195572585,0.034820770640464925,0.11829725017245708,0.9294152460755838,0.9962200185881596,1.0,0.9773251078607975,0.02590692414362409,0.9333141735735867,0.945022379661635,0.9910799378692812,0.9998586956269647,1.0,0.7850406476889297,0.05638773399453914,0.6482330586020736,0.7243136213051051,0.7820778338062148,0.8660579921766297,0.9363065129736569,0.7405512967891585,0.03772558062384105,0.6901429339884184,0.6926089618223573,0.7477740764956926,0.7844804178855215,0.7890870099270134,0.39252032384446484,0.02819386699726957,0.3241165293010368,0.36215681065255256,0.3910389169031074,0.43302899608831485,0.46815325648682843,0.37027564839457927,0.018862790311920525,0.3450714669942092,0.34630448091117866,0.3738870382478463,0.39224020894276074,0.3945435049635067,0.39252032384446484,0.02819386699726957,0.3241165293010368,0.36215681065255256,0.3910389169031074,0.43302899608831485,0.46815325648682843,0.37027564839457927,0.018862790311920525,0.3450714669942092,0.34630448091117866,0.3738870382478463,0.39224020894276074,0.3945435049635067
mobius_disabled,nq_161,50,True,15,5,2.0,1.0,5,2;27;39;42;46,2;12;21;25;32,1,1,1,1,1.005912011757505,0.20118240235150103,10,8.25161957552727,4.125809787763635,4.125809787763635,3.11989777600613,-46.88010222399387,-42.75429243623023,-42.75429243623023,True,3.11989777600613,0.0,3003,0.06906437959453653,0.24881712456737873,0.000630016956097572,0.000769263663682933,0.0016198313700177657,0.009042843010858056,1.0,0.20118240235150103,0.3994094568097246,0.000630016956097572,0.0007482794414492999,0.0016198313700177657,0.6010945961047652,1.0,0.8596783570227259,0.03706217568140949,0.7919276767736331,0.8149986396765583,0.8548446832528194,0.9171492249686387,0.9550085302784225,0.8251619575527271,0.01841027132074047,0.7919276767736331,0.8015503986472767,0.8272363891045994,0.847835705812563,0.84847393976097,0.42983917851136294,0.018531087840704744,0.39596383838681654,0.40749931983827914,0.4274223416264097,0.45857461248431935,0.47750426513921124,0.41258097877636357,0.009205135660370236,0.39596383838681654,0.40077519932363836,0.4136181945522997,0.4239178529062815,0.424236969880485,0.42983917851136294,0.018531087840704744,0.39596383838681654,0.40749931983827914,0.4274223416264097,0.45857461248431935,0.47750426513921124,0.41258097877636357,0.009205135660370236,0.39596383838681654,0.40077519932363836,0.4136181945522997,0.4239178529062815,0.424236969880485
mobius_disabled,nq_162,50,True,15,5,2.0,1.0,5,1;4;6;17;46,1;4;17;46,1,1,4,4,4.857751288991583,0.9715502577983166,10,7.827820481251692,3.913910240625846,3.913910240625846,-0.9438410483657371,-50.94384104836574,-47.02993080773989,-47.02993080773989,True,-0.9438410483657371,0.0,3003,0.39041113007728645,0.42620279260797733,0.0011365155774563835,0.0020143454713683426,0.1582706612009516,0.9819886174275877,1.0,0.9715502577983166,0.02775039380923773,0.9186238682843512,0.9418046063481825,0.9777120346519688,0.9939358690445335,1.0,0.7548650018283111,0.07714397528277192,0.5896063754312288,0.6578535817275231,0.7515632823314772,0.8518503312101091,0.9954629919022873,0.7827820481251692,0.05953050591802624,0.7329971636696736,0.7395273609368274,0.7570365714630587,0.8949817310475899,0.9039489850659316,0.37743250091415553,0.03857198764138596,0.2948031877156144,0.32892679086376153,0.3757816411657386,0.42592516560505456,0.49773149595114363,0.3913910240625846,0.02976525295901312,0.3664985818348368,0.3697636804684137,0.37851828573152935,0.44749086552379497,0.4519744925329658,0.37743250091415553,0.03857198764138596,0.2948031877156144,0.32892679086376153,0.3757816411657386,0.42592516560505456,0.49773149595114363,0.3913910240625846,0.02976525295901312,0.3664985818348368,0.3697636804684137,0.37851828573152935,0.44749086552379497,0.4519744925329658
mobius_disabled,nq_163,50,True,15,5,2.0,1.0,5,1;2;4;30;34,,0,0,0,0,2.88902709883366,0.5778054197667319,10,7.0016096071529965,3.5008048035764983,3.5008048035764983,0.6117777047428383,-49.388222295257165,-45.887417491680665,-45.887417491680665,True,0.6117777047428383,0.0,3003,0.19595370638359325,0.38374713271595556,0.0005152305801931336,0.000639129121277501,0.004577705251586932,0.952175286980478,1.0,0.5778054197667319,0.47225678999029175,0.0005743606957782214,0.000849201848260212,0.9006973887803048,0.9945975543122374,1.0,0.6989293213645643,0.06511001969891886,0.5860111247961509,0.6170083665258072,0.6888025320000364,0.7739113348816331,0.9877180006845907,0.7001609607152998,0.12945591127449552,0.5893546303883794,0.6093005781559705,0.6355403772477239,0.8624917694152274,0.9877180006845907,0.34946466068228216,0.03255500984945943,0.29300556239807546,0.3085041832629036,0.3444012660000182,0.38695566744081655,0.49385900034229535,0.3500804803576499,0.06472795563724776,0.2946773151941897,0.30465028907798525,0.31777018862386197,0.4312458847076137,0.49385900034229535,0.34946466068228216,0.03255500984945943,0.29300556239807546,0.3085041832629036,0.3444012660000182,0.38695566744081655,0.49385900034229535,0.3500804803576499,0.06472795563724776,0.2946773151941897,0.30465028907798525,0.31777018862386197,0.4312458847076137,0.49385900034229535
mobius_disabled,nq_164,50,True,15,5,2.0,1.0,5,4;30;32;40;49,4;32,1,1,2,2,2.7295165062672355,0.5459033012534471,10,7.2770348874884165,3.6385174437442083,3.6385174437442083,0.9090009374769727,-49.090999062523025,-45.45248161877882,-45.45248161877882,True,0.9090009374769727,0.0,3003,0.2045694902626543,0.323310832340771,0.011139950312932526,0.012579076618976759,0.02651765227280469,0.7599249549417914,1.0,0.5459033012534471,0.37073867559587415,0.020198607439025348,0.11448926002313196,0.5605532050777977,0.9571357819404482,1.0,0.7500124484474293,0.07560162236657539,0.6173826887918505,0.6776379769180325,0.7331198078650751,0.8220845596416996,0.9916811686892356,0.7277034887488416,0.056446954465889716,0.6352919124058442,0.6547634135639803,0.7298958857683595,0.7986957482793761,0.809163786533612,0.37500622422371466,0.037800811183287694,0.30869134439592527,0.33881898845901626,0.36655990393253757,0.4110422798208498,0.4958405843446178,0.3638517443744208,0.028223477232944858,0.3176459562029221,0.32738170678199013,0.36494794288417975,0.39934787413968803,0.404581893266806,0.37500622422371466,0.037800811183287694,0.30869134439592527,0.33881898845901626,0.36655990393253757,0.4110422798208498,0.4958405843446178,0.3638517443744208,0.028223477232944858,0.3176459562029221,0.32738170678199013,0.36494794288417975,0.39934787413968803,0.404581893266806
mobius_disabled,nq_165,50,True,15,5,2.0,1.0,5,3;5;6;12;17,0;3;5;12,1,1,3,3,1.6489847049185253,0.32979694098370504,10,7.214671432407011,3.6073357162035053,3.6073357162035053,1.95835101128498,-48.04164898871502,-44.43431327251152,-44.43431327251152,True,1.95835101128498,0.0,3003,0.1501542834265738,0.2456609834196955,0.004720885430980973,0.0068135388547102115,0.06276019924031784,0.2758858586116637,1.0,0.32979694098370504,0.3477522095158827,0.02026529265887943,0.06520129317017595,0.18711178756136498,0.7236009323044641,1.0,0.751740938820087,0.07800611366381933,0.5226861652345332,0.6551528103206042,0.7462699592080996,0.8567089868410367,0.9338345467186335,0.721467143240701,0.09029630488830429,0.5683768249936224,0.6374218410914443,0.7231923754861866,0.8426954342752668,0.8499249150447876,0.3758704694100435,0.03900305683190967,0.2613430826172666,0.3275764051603021,0.3731349796040498,0.42835449342051835,0.46691727335931676,0.3607335716203505,0.04514815244415214,0.2841884124968112,0.31871092054572214,0.3615961877430933,0.4213477171376334,0.4249624575223938,0.3758704694100435,0.03900305683190967,0.2613430826172666,0.3275764051603021,0.3731349796040498,0.42835449342051835,0.46691727335931676,0.3607335716203505,0.04514815244415214,0.2841884124968112,0.31871092054572214,0.3615961877430933,0.4213477171376334,0.4249624575223938
mobius_disabled,nq_166,50,True,15,5,2.0,1.0,5,0;4;11;12;16,0;1;2,1,1,3,1,4.810567859281019,0.9621135718562035,10,8.020173145914969,4.010086572957484,4.010086572957484,-0.8004812863235342,-50.80048128632353,-46.79039471336604,-46.79039471336605,True,-0.8004812863235342,0.0,3003,0.755797133699925,0.2716932288532567,0.3437491730022812,0.37105048053731426,0.9166120165284214,0.9999151181799467,1.0,0.9621135718562035,0.07078881894690056,0.8205688928263416,0.8905848304144831,0.9962864203726686,0.999241523714125,1.0,0.8088640854735055,0.08321957638377386,0.6291248901665408,0.6933834249554589,0.8126822018604885,0.9125383061123451,0.9556729270077785,0.8020173145914968,0.05954121538266888,0.692344786167408,0.721445829931658,0.8116879880124301,0.8618453259685886,0.8828780049991715,0.40443204273675276,0.04160978819188693,0.3145624450832704,0.34669171247772945,0.4063411009302442,0.45626915305617255,0.47783646350388925,0.4010086572957484,0.02977060769133444,0.346172393083704,0.360722914965829,0.40584399400621507,0.4309226629842943,0.44143900249958573,0.40443204273675276,0.04160978819188693,0.3145624450832704,0.34669171247772945,0.4063411009302442,0.45626915305617255,0.47783646350388925,0.4010086572957484,0.02977060769133444,0.346172393083704,0.360722914965829,0.40584399400621507,0.4309226629842943,0.44143900249958573
mobius_disabled,nq_167,50,True,15,5,2.0,1.0,5,2;4;24;26;27,4;5;24,1,1,2,2,2.6863229211826494,0.5372645842365299,10,8.129930450157557,4.064965225078779,4.064965225078779,1.3786423038961293,-48.62135769610387,-44.556392471025084,-44.55639247102509,True,1.3786423038961293,0.0,3003,0.25453794722965434,0.26984438656008153,0.02418463331023555,0.024956148652466252,0.12121462280521023,0.5841620376524802,1.0,0.5372645842365299,0.27873639244241066,0.16715818558508816,0.25219990776778717,0.4973965454047746,0.8568022796603804,1.0,0.8322207448884084,0.05849788799378659,0.6938682475133668,0.7536660363251334,0.8405831433283681,0.9105851875642701,0.9529026361001262,0.8129930450157558,0.05860276652358264,0.7351050369040439,0.7440745975383558,0.7935466878382915,0.8771963674248109,0.9128246267573507,0.4161103724442042,0.029248943996893297,0.3469341237566834,0.3768330181625667,0.42029157166418407,0.45529259378213505,0.4764513180500631,0.4064965225078779,0.02930138326179132,0.36755251845202197,0.3720372987691779,0.39677334391914576,0.43859818371240544,0.4564123133786753,0.4161103724442042,0.029248943996893297,0.3469341237566834,0.3768330181625667,0.42029157166418407,0.45529259378213505,0.4764513180500631,0.4064965225078779,0.02930138326179132,0.36755251845202197,0.3720372987691779,0.39677334391914576,0.43859818371240544,0.4564123133786753
mobius_disabled,nq_168,50,True,15,5,2.0,1.0,5,4;5;14;21;31,0;4;17;19;39,1,1,2,1,3.557211370466202,0.7114422740932403,10,8.11975466054936,4.05987733027468,4.05987733027468,0.502665959808478,-49.497334040191525,-45.437456709916844,-45.437456709916844,True,0.502665959808478,0.0,3003,0.32174294050281105,0.3317797290972354,0.027728236088190594,0.035202116203621965,0.1742870885760845,0.9300289816784321,1.0,0.7114422740932403,0.29233180952308674,0.3454214978513081,0.3543330668405731,0.8821234484791087,0.9847864015245258,1.0,0.8128805946009044,0.06650306863440167,0.6946427724112643,0.7268672532540325,0.8062494487840295,0.901693813278429,0.9657506973859467,0.811975466054936,0.04161783643024335,0.728437009749651,0.7801923308680471,0.8086283526078699,0.8743132329983948,0.8808364611203667,0.4064402973004522,0.033251534317200834,0.34732138620563213,0.3634336266270162,0.40312472439201474,0.4508469066392145,0.4828753486929733,0.405987733027468,0.020808918215121677,0.3642185048748255,0.39009616543402353,0.40431417630393496,0.4371566164991974,0.44041823056018337,0.4064402973004522,0.033251534317200834,0.34732138620563213,0.3634336266270162,0.40312472439201474,0.4508469066392145,0.4828753486929733,0.405987733027468,0.020808918215121677,0.3642185048748255,0.39009616543402353,0.40431417630393496,0.4371566164991974,0.44041823056018337
mobius_disabled,nq_169,50,True,15,5,2.0,1.0,5,10;14;22;28;48,0;1;4;6;8;15;17;18;19;20;22;25;31;33;41;44;46,1,1,5,1,1.038144697470931,0.2076289394941862,10,8.388943975212301,4.194471987606151,4.194471987606151,3.15632729013522,-46.84367270986478,-42.64920072225863,-42.64920072225863,True,3.15632729013522,0.0,3003,0.07523690971979276,0.2473381613156507,0.0009743533210876814,0.001002652197261667,0.0050150482032775435,0.03196606424898575,1.0,0.2076289394941862,0.39629025603554496,0.0009925230721951172,0.001002652197261667,0.010197864411249985,0.6103745856410498,1.0,0.875869422548533,0.04832137964091608,0.791457358103162,0.8186717344908219,0.8690412582466355,0.9474781633158292,0.9660161799223285,0.8388943975212302,0.034110283819084236,0.8051553820784922,0.8116778301599394,0.8271454697259851,0.8959503680343458,0.911457161482653,0.4379347112742665,0.02416068982045804,0.395728679051581,0.40933586724541093,0.43452062912331774,0.4737390816579146,0.48300808996116423,0.4194471987606151,0.017055141909542118,0.4025776910392461,0.4058389150799697,0.41357273486299256,0.4479751840171729,0.4557285807413265,0.4379347112742665,0.02416068982045804,0.395728679051581,0.40933586724541093,0.43452062912331774,0.4737390816579146,0.48300808996116423,0.4194471987606151,0.017055141909542118,0.4025776910392461,0.4058389150799697,0.41357273486299256,0.4479751840171729,0.4557285807413265
mobius_disabled,nq_170,50,True,15,5,2.0,1.0,5,0;2;4;7;30,0;1;5;8;21;45,1,1,3,1,2.91725852558361,0.583451705116722,10,8.395563012593872,4.197781506296936,4.197781506296936,1.280522980713326,-48.71947701928667,-44.52169551298974,-44.52169551298974,True,1.280522980713326,0.0,3003,0.3100843568947596,0.2572541652536244,0.06664844630114276,0.09094923664059261,0.22879399614449672,0.6514707006352598,1.0,0.583451705116722,0.26928702862503134,0.24253901042895468,0.3189154393312053,0.46636479423392213,0.9099498552944607,1.0,0.8411819635711434,0.05161753666155131,0.7179803244458146,0.7765171393718094,0.8359088607451124,0.9131673799509389,0.9460750558885074,0.8395563012593872,0.054792655291906696,0.7549269412947006,0.7778250901272686,0.8401463215832488,0.9076280984087258,0.9194617257089497,0.4205909817855717,0.025808768330775656,0.3589901622229073,0.3882585696859047,0.4179544303725562,0.45658368997546944,0.4730375279442537,0.4197781506296936,0.027396327645953348,0.3774634706473503,0.3889125450636343,0.4200731607916244,0.4538140492043629,0.45973086285447484,0.4205909817855717,0.025808768330775656,0.3589901622229073,0.3882585696859047,0.4179544303725562,0.45658368997546944,0.4730375279442537,0.4197781506296936,0.027396327645953348,0.3774634706473503,0.3889125450636343,0.4200731607916244,0.4538140492043629,0.45973086285447484
mobius_disabled,nq_171,50,True,15,5,2.0,1.0,5,2;16;24;27;32,2;4;6;15;24;32;42;44,1,1,5,3,4.952187763961222,0.9904375527922443,10,8.652156225826884,4.326078112913442,4.326078112913442,-0.6261096510477797,-50.62610965104778,-46.300031538134334,-46.300031538134334,True,-0.6261096510477797,0.0,3003,0.651241017617741,0.33829736010112316,0.15565346649467782,0.19351230232010216,0.7600811415827733,0.9981222685633553,1.0,0.9904375527922443,0.010010207954209288,0.9746941088952367,0.9778770308503696,0.9960868617434374,0.9995021518157914,1.0,0.8531441206088378,0.0460596733383513,0.7634389776519799,0.79179441767225,0.8496399333994461,0.9128849980098804,0.9702498312973658,0.8652156225826886,0.041006098607231235,0.8078715259163067,0.8251886079274048,0.8619309386688628,0.9215362851561544,0.951300948590752,0.4265720603044189,0.02302983666917565,0.38171948882598994,0.395897208836125,0.42481996669972305,0.4564424990049402,0.4851249156486829,0.4326078112913443,0.020503049303615618,0.40393576295815337,0.4125943039637024,0.4309654693344314,0.4607681425780772,0.475650474295376,0.4265720603044189,0.02302983666917565,0.38171948882598994,0.395897208836125,0.42481996669972305,0.4564424990049402,0.4851249156486829,0.4326078112913443,0.020503049303615618,0.40393576295815337,0.4125943039637024,0.4309654693344314,0.4607681425780772,0.475650474295376
mobius_disabled,nq_172,50,True,15,5,2.0,1.0,5,8;34;46;47;49,,0,0,0,0,1.5174932417694282,0.3034986483538856,10,6.488765919871286,3.244382959935643,3.244382959935643,1.7268897181662146,-48.27311028183379,-45.028727321898145,-45.028727321898145,True,1.7268897181662146,0.0,3003,0.10939874812089476,0.2539748928683284,0.0023982544785807747,0.0040649903458498315,0.00940668185307255,0.2511819377527653,1.0,0.3034986483538856,0.3698105471601479,0.00940668185307255,0.030929758148834967,0.07870687320780399,0.7464661256464293,1.0,0.7048966445920558,0.07129208780537877,0.5911141483097001,0.6401538459935171,0.6875701617168434,0.7682915296718004,0.9969754560720111,0.6488765919871285,0.03000395666738658,0.5911141483097001,0.6270168886458447,0.6464837415484554,0.6704494428770643,0.7172726577236617,0.3524483222960279,0.035646043902689384,0.29555707415485005,0.32007692299675855,0.3437850808584217,0.3841457648359002,0.49848772803600555,0.3244382959935643,0.01500197833369329,0.29555707415485005,0.31350844432292235,0.3232418707742277,0.33522472143853216,0.35863632886183083,0.3524483222960279,0.035646043902689384,0.29555707415485005,0.32007692299675855,0.3437850808584217,0.3841457648359002,0.49848772803600555,0.3244382959935643,0.01500197833369329,0.29555707415485005,0.31350844432292235,0.3232418707742277,0.33522472143853216,0.35863632886183083
mobius_disabled,nq_173,50,True,15,5,2.0,1.0,5,0;1;2;3;29,0;1,1,1,2,2,4.53462624014615,0.90692524802923,10,8.904616751255249,4.4523083756276245,4.4523083756276245,-0.08231786451852585,-50.08231786451853,-45.630009488890906,-45.6300094888909,True,-0.08231786451852585,0.0,3003,0.385166133544154,0.4143384828472574,0.0010541744921162433,0.001201978338112118,0.059243585744546426,0.9918751734643501,1.0,0.90692524802923,0.12062870922383769,0.6863143015635821,0.7592381113808491,0.9796884701057073,0.9999998569480447,1.0,0.7535083613428193,0.10852498070889781,0.46777604025552594,0.5831640426213212,0.7652210392541802,0.8979447899252743,0.9680288452773953,0.8904616751255249,0.019606578444068247,0.8634984398777981,0.8639543807125508,0.8887696861255454,0.9106441335135206,0.929908210278519,0.37675418067140964,0.054262490354448904,0.23388802012776297,0.2915820213106606,0.3826105196270901,0.44897239496263713,0.48401442263869765,0.44523083756276244,0.009803289222034123,0.43174921993889903,0.4319771903562754,0.4443848430627727,0.4553220667567603,0.4649541051392595,0.37675418067140964,0.054262490354448904,0.23388802012776297,0.2915820213106606,0.3826105196270901,0.44897239496263713,0.48401442263869765,0.44523083756276244,0.009803289222034123,0.43174921993889903,0.4319771903562754,0.4443848430627727,0.4553220667567603,0.4649541051392595
mobius_disabled,nq_174,50,True,15,5,2.0,1.0,5,0;3;6;10;12,0;2;6;8;9;12;17;28;45,1,1,9,3,4.607213046768014,0.9214426093536028,10,8.10577575546342,4.05288787773171,4.05288787773171,-0.5543251690363045,-50.554325169036304,-46.501437291304605,-46.5014372913046,True,-0.5543251690363045,0.0,3003,0.4779679689651118,0.3889876444695494,0.005039432597780507,0.017048503415197674,0.35276404101393605,0.9710321068932269,1.0,0.9214426093536028,0.0930790188044277,0.7415583613692994,0.8151729662750133,0.9650189008292557,0.9900163643743498,1.0,0.7903577827152498,0.07124311295985061,0.6308860146265095,0.6767467148006031,0.7981602579591793,0.8645351208836027,0.9455594165375784,0.8105775755463419,0.02598637180790643,0.7754033213980045,0.7776269357153576,0.8030447900119524,0.845223791234104,0.8537075646829089,0.3951788913576249,0.035621556479925306,0.31544300731325475,0.33837335740030156,0.39908012897958967,0.43226756044180137,0.4727797082687892,0.40528878777317096,0.012993185903953215,0.38770166069900225,0.3888134678576788,0.4015223950059762,0.422611895617052,0.42685378234145444,0.3951788913576249,0.035621556479925306,0.31544300731325475,0.33837335740030156,0.39908012897958967,0.43226756044180137,0.4727797082687892,0.40528878777317096,0.012993185903953215,0.38770166069900225,0.3888134678576788,0.4015223950059762,0.422611895617052,0.42685378234145444
mobius_disabled,nq_175,50,True,15,5,2.0,1.0,5,8;13;17;22;25,0;1;2;3;4;5;6;8;17;22;23;44,1,1,12,3,4.924036949602333,0.9848073899204666,10,7.173403260561949,3.5867016302809747,3.5867016302809747,-1.3373353193213582,-51.337335319321355,-47.750633689040384,-47.750633689040384,True,-1.3373353193213582,0.0,3003,0.9678097231587203,0.046080067862175805,0.8482272034943366,0.8947471160113001,0.9893884463474932,0.9998435962456865,1.0,0.9848073899204666,0.012724938439452159,0.9606025261023887,0.9701319493587214,0.9893884463474932,0.9950340496693515,0.9959304625282962,0.7762028330676103,0.07486420762285174,0.6392264766505563,0.6814213531590031,0.7689081682482372,0.8692967422975614,1.0,0.7173403260561949,0.04374027484539841,0.6602358289191556,0.6679885405933921,0.7168868607906334,0.7628478091828491,0.8102620497470028,0.38810141653380514,0.03743210381142587,0.31961323832527816,0.34071067657950155,0.3844540841241186,0.4346483711487807,0.5,0.35867016302809746,0.021870137422699203,0.3301179144595778,0.33399427029669604,0.3584434303953167,0.38142390459142456,0.4051310248735014,0.38810141653380514,0.03743210381142587,0.31961323832527816,0.34071067657950155,0.3844540841241186,0.4346483711487807,0.5,0.35867016302809746,0.021870137422699203,0.3301179144595778,0.33399427029669604,0.3584434303953167,0.38142390459142456,0.4051310248735014
mobius_disabled,nq_176,50,True,15,5,2.0,1.0,5,0;2;8;36;47,,0,0,0,0,2.0610392768951975,0.4122078553790395,10,7.713437931181258,3.856718965590629,3.856718965590629,1.7956796886954316,-48.20432031130457,-44.34760134571394,-44.34760134571394,True,1.7956796886954316,0.0,3003,0.15082021322246966,0.3262513604827629,0.0005784646408086106,0.0012779134150372768,0.012073513230037936,0.6066127839458347,1.0,0.4122078553790395,0.4641280927070041,0.009952872213105209,0.012475412426920846,0.07534236245574338,0.9837939277914818,1.0,0.7816334544490998,0.05325046658705546,0.663125187019704,0.7211555355196824,0.7751455792703017,0.8434927414561454,0.9831320228850794,0.7713437931181258,0.08921142975756717,0.663125187019704,0.6717145288451892,0.7564701765449658,0.8444135251875022,0.9831320228850794,0.3908167272245499,0.02662523329352773,0.331562593509852,0.3605777677598412,0.38757278963515085,0.4217463707280727,0.4915660114425397,0.3856718965590629,0.044605714878783585,0.331562593509852,0.3358572644225946,0.3782350882724829,0.4222067625937511,0.4915660114425397,0.3908167272245499,0.02662523329352773,0.331562593509852,0.3605777677598412,0.38757278963515085,0.4217463707280727,0.4915660114425397,0.3856718965590629,0.044605714878783585,0.331562593509852,0.3358572644225946,0.3782350882724829,0.4222067625937511,0.4915660114425397
mobius_disabled,nq_177,50,True,15,5,2.0,1.0,5,8;12;15;17;36,5;7;12;13;18;20;21;31;34;37;39;43;47,1,1,4,1,3.2143136160894827,0.6428627232178965,10,8.027199888648651,4.0135999443243255,4.0135999443243255,0.7992863282348428,-49.20071367176516,-45.18711372744083,-45.18711372744083,True,0.7992863282348428,0.0,3003,0.2940412423891971,0.3110578987180622,0.06313196891004454,0.06653724296427513,0.1660009395602586,0.8587814578680485,1.0,0.6428627232178965,0.31999206901223715,0.2181764474013443,0.25393639377742655,0.771775276699523,0.9667142314588263,1.0,0.8087493394285205,0.048730093190758265,0.6906372899031764,0.7509978419490114,0.8064656317250551,0.8676389343357523,0.9814526124195154,0.802719988864865,0.0320093065073217,0.7608741932582744,0.7710018945214795,0.8012047542402282,0.8460138231613412,0.8685688467260383,0.4043746697142602,0.024365046595379133,0.3453186449515882,0.3754989209745057,0.40323281586252757,0.43381946716787617,0.4907263062097577,0.4013599944324325,0.01600465325366085,0.3804370966291372,0.38550094726073975,0.4006023771201141,0.4230069115806706,0.43428442336301915,0.4043746697142602,0.024365046595379133,0.3453186449515882,0.3754989209745057,0.40323281586252757,0.43381946716787617,0.4907263062097577,0.4013599944324325,0.01600465325366085,0.3804370966291372,0.38550094726073975,0.4006023771201141,0.4230069115806706,0.43428442336301915
mobius_disabled,nq_178,50,True,15,5,2.0,1.0,5,2;24;37;40;46,2;5;17;21;24;26;28;34;46,1,1,6,3,3.6354862176153993,0.7270972435230798,10,8.32698252625508,4.16349126312754,4.16349126312754,0.5280050455121406,-49.47199495448786,-45.308503691360315,-45.30850369136032,True,0.5280050455121406,0.0,3003,0.4400199107133694,0.2577027830403125,0.12468857167922484,0.18232281086492316,0.38241944168863096,0.8551608028588726,1.0,0.7270972435230798,0.21903637551893596,0.44181396604441464,0.4734384364505878,0.742587314239048,0.9720839181088357,1.0,0.8727392846438551,0.06148251329599745,0.6855386692074714,0.7601710268306819,0.8856001143183827,0.9280311916363377,0.9608096216794502,0.832698252625508,0.07599885727521484,0.7274597682158596,0.73373071165687,0.8537216408698334,0.9247221945926319,0.9608096216794502,0.43636964232192754,0.030741256647998726,0.3427693346037357,0.38008551341534097,0.44280005715919135,0.46401559581816887,0.4804048108397251,0.416349126312754,0.03799942863760742,0.3637298841079298,0.366865355828435,0.4268608204349167,0.46236109729631597,0.4804048108397251,0.43636964232192754,0.030741256647998726,0.3427693346037357,0.38008551341534097,0.44280005715919135,0.46401559581816887,0.4804048108397251,0.416349126312754,0.03799942863760742,0.3637298841079298,0.366865355828435,0.4268608204349167,0.46236109729631597,0.4804048108397251
mobius_disabled,nq_179,50,True,15,5,2.0,1.0,5,3;20;28;29;36,,0,0,0,0,1.0066692786750728,0.20133385573501456,10,6.667270105069407,3.3336350525347034,3.3336350525347034,2.3269657738596305,-47.673034226140366,-44.33939917360567,-44.33939917360567,True,2.3269657738596305,0.0,3003,0.06778493814989266,0.2491472897998189,0.0002474418406160379,0.0004593556259699065,0.0007020185965363528,0.003783904413214909,1.0,0.20133385573501456,0.39933451896958794,0.0005480920328847855,0.0005839102564015243,0.0019815484635676748,0.6014008002347776,1.0,0.7094113157534089,0.04794959338408136,0.5842075905476081,0.6459444708176633,0.7125951705462165,0.7640206489023265,0.828604235344252,0.6667270105069406,0.05260811189852852,0.5842075905476081,0.6148992167329536,0.6596162591620061,0.7414922108176878,0.7728240796907412,0.35470565787670444,0.02397479669204068,0.29210379527380403,0.32297223540883163,0.35629758527310823,0.38201032445116323,0.414302117672126,0.3333635052534703,0.02630405594926426,0.29210379527380403,0.3074496083664768,0.32980812958100303,0.3707461054088439,0.3864120398453706,0.35470565787670444,0.02397479669204068,0.29210379527380403,0.32297223540883163,0.35629758527310823,0.38201032445116323,0.414302117672126,0.3333635052534703,0.02630405594926426,0.29210379527380403,0.3074496083664768,0.32980812958100303,0.3707461054088439,0.3864120398453706
mobius_disabled,nq_180,50,True,15,5,2.0,1.0,5,10;13;14;38;42,1;5;13;41,1,1,3,1,4.972552594584754,0.9945105189169509,10,8.274921466995517,4.1374607334977584,4.1374607334977584,-0.8350918610869957,-50.835091861086994,-46.69763112758923,-46.69763112758923,True,-0.8350918610869957,0.0,3003,0.9957791418140481,0.003912210215128224,0.9891170623516706,0.9899113212695677,0.9975258246923956,0.9999856213597679,1.0,0.9945105189169509,0.0037274960634066795,0.9896686012381866,0.9905957970040008,0.9934376291348541,0.9989706991969155,0.9999339488665954,0.8759221492643516,0.04641413461978819,0.775536584144969,0.8195378192133799,0.8756937551752871,0.9422634860874212,0.9719446373616691,0.8274921466995517,0.05955515896664693,0.775536584144969,0.7783414039397912,0.8071672269729124,0.9397504274923408,0.9448579894325054,0.4379610746321758,0.023207067309894094,0.3877682920724845,0.40976890960668994,0.43784687758764357,0.4711317430437106,0.48597231868083457,0.41374607334977587,0.029777579483323467,0.3877682920724845,0.3891707019698956,0.4035836134864562,0.4698752137461704,0.4724289947162527,0.4379610746321758,0.023207067309894094,0.3877682920724845,0.40976890960668994,0.43784687758764357,0.4711317430437106,0.48597231868083457,0.41374607334977587,0.029777579483323467,0.3877682920724845,0.3891707019698956,0.4035836134864562,0.4698752137461704,0.4724289947162527
mobius_disabled,nq_181,50,True,15,5,2.0,1.0,5,5;17;30;42;48,17;30,1,1,2,2,3.0622917643991716,0.6124583528798344,10,7.808408263231524,3.904204131615762,3.904204131615762,0.8419123672165902,-49.158087632783406,-45.25388350116765,-45.25388350116765,True,0.8419123672165902,0.0,3003,0.22751660114509792,0.32893159423636675,0.009976124787162857,0.013864149244307362,0.03583732772204152,0.7966462875125462,1.0,0.6124583528798344,0.31599580229288515,0.16150424476190792,0.2386045195413677,0.6563663262173884,0.9560665046837273,1.0,0.7896814437952419,0.05612247253673101,0.6907405727705249,0.7296015279011461,0.7825147168040926,0.8637835382777291,0.9962307642458018,0.7808408263231523,0.06401528693282724,0.731191527903169,0.7347818403889212,0.7699792190119652,0.8088938866081287,0.9631256282932871,0.3948407218976209,0.028061236268365507,0.34537028638526246,0.36480076395057304,0.3912573584020463,0.43189176913886457,0.4981153821229009,0.39042041316157616,0.03200764346641362,0.3655957639515845,0.3673909201944606,0.3849896095059826,0.40444694330406433,0.48156281414664354,0.3948407218976209,0.028061236268365507,0.34537028638526246,0.36480076395057304,0.3912573584020463,0.43189176913886457,0.4981153821229009,0.39042041316157616,0.03200764346641362,0.3655957639515845,0.3673909201944606,0.3849896095059826,0.40444694330406433,0.48156281414664354
mobius_disabled,nq_182,50,True,15,5,2.0,1.0,5,1;3;35;36;39,,0,0,0,0,4.963170326392718,0.9926340652785438,10,6.806500050880309,3.4032500254401543,3.4032500254401543,-1.5599203009525637,-51.55992030095256,-48.15667027551241,-48.15667027551241,True,-1.5599203009525637,0.0,3003,0.9942516889073626,0.008355602831916104,0.974859585928369,0.9804642336516942,0.999068683690197,0.999951955904653,1.0,0.9926340652785438,0.00954769200196513,0.974859585928369,0.9810592055292332,0.998898562290544,0.9996183892079263,0.9999848595530793,0.74416474750175,0.07415492533998352,0.625388138827592,0.6613880272692205,0.7262852640397822,0.8495384783445482,0.9962264504719673,0.680650005088031,0.06849451839202951,0.6319615526860222,0.6353600404069845,0.6517038305486882,0.729202133902106,0.8746125533955563,0.372082373750875,0.03707746266999176,0.312694069413796,0.33069401363461026,0.3631426320198911,0.4247692391722741,0.49811322523598367,0.3403250025440155,0.034247259196014755,0.3159807763430111,0.31768002020349223,0.3258519152743441,0.364601066951053,0.43730627669777816,0.372082373750875,0.03707746266999176,0.312694069413796,0.33069401363461026,0.3631426320198911,0.4247692391722741,0.49811322523598367,0.3403250025440155,0.034247259196014755,0.3159807763430111,0.31768002020349223,0.3258519152743441,0.364601066951053,0.43730627669777816
mobius_disabled,nq_183,50,True,15,5,2.0,1.0,5,2;17;21;38;43,12;27;29;49,1,0,1,0,1.847502936738838,0.3695005873477676,10,6.278008647688827,3.1390043238444134,3.1390043238444134,1.2915013871055754,-48.708498612894424,-45.56949428905001,-45.56949428905001,True,1.2915013871055754,0.0,3003,0.14176797507753375,0.2648389863080882,0.016035280621141602,0.017321802307024046,0.025497062606866183,0.3903036841767201,1.0,0.3695005873477676,0.3638030827805681,0.016035280621141602,0.06237405015125516,0.14723793413021188,0.8209390070164237,1.0,0.6620918068628784,0.08831575455407248,0.5089884565547277,0.5530517877004992,0.6574909596590299,0.7810987163272636,0.9636865476485716,0.6278008647688827,0.08789508726303272,0.5222554752686903,0.5296201440681239,0.617121323217528,0.7200954596827964,0.8149103521189447,0.3310459034314392,0.04415787727703624,0.25449422827736384,0.2765258938502496,0.32874547982951496,0.3905493581636318,0.4818432738242858,0.3139004323844414,0.04394754363151636,0.26112773763434516,0.2648100720340619,0.308560661608764,0.3600477298413982,0.40745517605947235,0.3310459034314392,0.04415787727703624,0.25449422827736384,0.2765258938502496,0.32874547982951496,0.3905493581636318,0.4818432738242858,0.3139004323844414,0.04394754363151636,0.26112773763434516,0.2648100720340619,0.308560661608764,0.3600477298413982,0.40745517605947235
mobius_disabled,nq_184,50,True,15,5,2.0,1.0,5,0;2;15;28;36,0;2;4;9,1,1,4,2,3.118788996243619,0.6237577992487238,10,8.289451448847501,4.1447257244237505,4.1447257244237505,1.0259367281801315,-48.974063271819865,-44.82933754739613,-44.82933754739612,True,1.0259367281801315,0.0,3003,0.23114564344682711,0.30762909811286937,0.005972537797005182,0.011969566813629404,0.053189897548749906,0.6701995128777096,1.0,0.6237577992487238,0.22664704814834313,0.3403776885556173,0.38651467441403675,0.6170758990704591,0.8822461021663508,1.0,0.784979756975742,0.06645168237776253,0.6241596846106072,0.7059066872251408,0.7905351624388081,0.8704872491327056,0.9935238292823434,0.8289451448847499,0.05107942371885979,0.7712460796280212,0.789120778715008,0.8044845561683313,0.9107963806425216,0.9336981821084636,0.392489878487871,0.033225841188881264,0.3120798423053036,0.3529533436125704,0.39526758121940403,0.4352436245663528,0.4967619146411717,0.41447257244237495,0.025539711859429895,0.3856230398140106,0.394560389357504,0.4022422780841656,0.4553981903212608,0.4668490910542318,0.392489878487871,0.033225841188881264,0.3120798423053036,0.3529533436125704,0.39526758121940403,0.4352436245663528,0.4967619146411717,0.41447257244237495,0.025539711859429895,0.3856230398140106,0.394560389357504,0.4022422780841656,0.4553981903212608,0.4668490910542318
mobius_disabled,nq_185,50,True,15,5,2.0,1.0,5,20;25;37;43;48,,0,0,0,0,1.664934584179525,0.332986916835905,10,6.993636784822675,3.4968183924113374,3.4968183924113374,1.8318838082318125,-48.168116191768185,-44.67129779935685,-44.67129779935685,True,1.8318838082318125,0.0,3003,0.11735166193912017,0.2522913969174978,0.0037025860712918933,0.004010259778746642,0.009834926345833099,0.2701041015937351,1.0,0.332986916835905,0.34794128145091,0.019760197486447417,0.06560694311508178,0.1818714674364567,0.731570343079435,1.0,0.7426361534831516,0.06846902373447918,0.56072046401286,0.6478288317386502,0.7612724397684623,0.8131771743287904,0.9686841064890898,0.6993636784822674,0.07284522866797562,0.5825945189584022,0.5920758808232258,0.7175484757699019,0.7685039945795401,0.8187251929024747,0.3713180767415758,0.03423451186723959,0.28036023200643,0.3239144158693251,0.38063621988423113,0.4065885871643952,0.4843420532445449,0.3496818392411337,0.03642261433398781,0.2912972594792011,0.2960379404116129,0.35877423788495094,0.38425199728977005,0.40936259645123735,0.3713180767415758,0.03423451186723959,0.28036023200643,0.3239144158693251,0.38063621988423113,0.4065885871643952,0.4843420532445449,0.3496818392411337,0.03642261433398781,0.2912972594792011,0.2960379404116129,0.35877423788495094,0.38425199728977005,0.40936259645123735
mobius_disabled,nq_186,50,True,15,5,2.0,1.0,5,2;6;7;22;23,0;2;6;7;13;15;18;22;34;38;49,1,1,8,4,4.900224304979085,0.980044860995817,10,8.177049319898,4.088524659949,4.088524659949,-0.8116996450300853,-50.81169964503009,-46.72317498508109,-46.72317498508109,True,-0.8116996450300853,0.0,3003,0.8818332823262004,0.11540995273142134,0.6523326258345071,0.715492236679057,0.9389633922635613,0.9914998646527383,1.0,0.980044860995817,0.014331894388859859,0.962531594236021,0.9636218062981009,0.9825295306239975,0.9959624222911385,1.0,0.8486696374478822,0.04386473822756434,0.7110169338648752,0.7935894756359209,0.8473178662957584,0.9018287900983148,0.9470220094397225,0.8177049319897998,0.039344800119913474,0.750261190608375,0.7577717371258819,0.8223532009015129,0.8683923391596229,0.882152918886229,0.4243348187239411,0.02193236911378217,0.3555084669324376,0.39679473781796043,0.4236589331478792,0.4509143950491574,0.47351100471986124,0.4088524659948999,0.019672400059956737,0.3751305953041875,0.37888586856294093,0.41117660045075644,0.43419616957981144,0.4410764594431145,0.4243348187239411,0.02193236911378217,0.3555084669324376,0.39679473781796043,0.4236589331478792,0.4509143950491574,0.47351100471986124,0.4088524659948999,0.019672400059956737,0.3751305953041875,0.37888586856294093,0.41117660045075644,0.43419616957981144,0.4410764594431145
mobius_disabled,nq_187,50,True,15,5,2.0,1.0,5,0;2;9;12;30,0;5;17,1,1,2,1,3.2308272416378596,0.646165448327572,10,7.784468621893892,3.892234310946946,3.892234310946946,0.6614070693090865,-49.338592930690915,-45.44635861974397,-45.44635861974397,True,0.6614070693090865,0.0,3003,0.23038567751767325,0.37254537380042735,0.0013185817402846189,0.0021296256537053837,0.020454153910547966,0.9425949261321978,1.0,0.646165448327572,0.3948285353520062,0.020454153910547966,0.14867631835401382,0.8951159374633084,0.9896990340979163,1.0,0.7814856103539912,0.05256510438775167,0.658915839617631,0.7094988296434929,0.7804392082132934,0.8480232373511889,0.9418952722938317,0.7784468621893893,0.06740154282888126,0.6678225029220137,0.6957648317235396,0.7844421881530106,0.8536212441628819,0.8762502394473445,0.3907428051769956,0.026282552193875836,0.3294579198088155,0.35474941482174643,0.3902196041066467,0.42401161867559445,0.47094763614691587,0.38922343109469465,0.03370077141444063,0.33391125146100686,0.3478824158617698,0.3922210940765053,0.42681062208144094,0.43812511972367224,0.3907428051769956,0.026282552193875836,0.3294579198088155,0.35474941482174643,0.3902196041066467,0.42401161867559445,0.47094763614691587,0.38922343109469465,0.03370077141444063,0.33391125146100686,0.3478824158617698,0.3922210940765053,0.42681062208144094,0.43812511972367224
mobius_disabled,nq_188,50,True,15,5,2.0,1.0,5,8;25;33;38;40,40,1,1,1,1,1.0024302216208807,0.20048604432417613,10,6.682250384102587,3.3411251920512934,3.3411251920512934,2.3386949704304127,-47.66130502956959,-44.320179837518296,-44.320179837518296,True,2.3386949704304127,0.0,3003,0.06707420968616544,0.24933541839438123,3.46017424409155e-05,5.100650497353183e-05,0.00023514677329520946,0.0015634845869884188,1.0,0.20048604432417613,0.3997572502891622,3.46017424409155e-05,7.659223310906844e-05,0.0011211036364123274,0.6004539753091666,1.0,0.7558671760091187,0.09088548832684044,0.561846716979215,0.648119806876233,0.7422953673541692,0.8718140227572765,0.9344287261181643,0.6682250384102588,0.061443826478335926,0.561846716979215,0.590719922019858,0.6624135829014983,0.7459841843341155,0.7791835371536322,0.37793358800455934,0.04544274416342022,0.2809233584896075,0.3240599034381165,0.3711476836770846,0.43590701137863824,0.46721436305908215,0.3341125192051294,0.030721913239167963,0.2809233584896075,0.295359961009929,0.33120679145074916,0.37299209216705775,0.3895917685768161,0.37793358800455934,0.04544274416342022,0.2809233584896075,0.3240599034381165,0.3711476836770846,0.43590701137863824,0.46721436305908215,0.3341125192051294,0.030721913239167963,0.2809233584896075,0.295359961009929,0.33120679145074916,0.37299209216705775,0.3895917685768161
mobius_disabled,nq_189,50,True,15,5,2.0,1.0,5,0;1;2;19;29,,0,0,0,0,1.9855484472870935,0.3971096894574187,10,6.510085577313013,3.2550427886565063,3.2550427886565063,1.2694943413694129,-48.730505658630584,-45.47546286997408,-45.47546286997408,True,1.2694943413694129,0.0,3003,0.13329904745622448,0.33699252667723717,1.7785387668592137e-05,3.15237702504615e-05,9.758779585816644e-05,0.5954116588526022,1.0,0.3971096894574187,0.48608147929585743,3.5663416596916944e-05,6.0433168301416744e-05,0.0006024340965124087,0.9939251047912504,1.0,0.6919537512714714,0.07629402624939295,0.539617305514358,0.5976188942811844,0.697555825375988,0.7672445978823808,0.9926413947884674,0.6510085577313012,0.12571398893494418,0.5566457274668415,0.5599545894006822,0.5920466431005631,0.7396444191094951,0.9926413947884674,0.3459768756357357,0.038147013124696476,0.269808652757179,0.2988094471405922,0.348777912687994,0.3836222989411904,0.4963206973942337,0.3255042788656506,0.06285699446747209,0.27832286373342074,0.2799772947003411,0.29602332155028155,0.36982220955474754,0.4963206973942337,0.3459768756357357,0.038147013124696476,0.269808652757179,0.2988094471405922,0.348777912687994,0.3836222989411904,0.4963206973942337,0.3255042788656506,0.06285699446747209,0.27832286373342074,0.2799772947003411,0.29602332155028155,0.36982220955474754,0.4963206973942337
mobius_disabled,nq_190,50,True,15,5,2.0,1.0,5,0;3;15;19;41,0;3;15;17,1,1,4,3,4.824221676193318,0.9648443352386634,10,8.298663797050786,4.149331898525393,4.149331898525393,-0.674889777667925,-50.67488977766793,-46.52555787914254,-46.52555787914253,True,-0.674889777667925,0.0,3003,0.409014951190571,0.43735039575577245,0.00132700387355926,0.00473739131794714,0.08401513331972152,0.9972018940264097,1.0,0.9648443352386634,0.047341062071766804,0.8762878217227301,0.9077405022213175,0.9930335243721173,0.9999923228517085,1.0,0.8071136483231164,0.06068707753944346,0.6886223996290819,0.7289936481664998,0.8013249510481002,0.8924071360769221,0.9802686933800855,0.8298663797050784,0.06311199286276192,0.7603330293976294,0.7808362009519375,0.7990642135489398,0.893036721232062,0.9802686933800855,0.4035568241615582,0.03034353876972173,0.34431119981454095,0.3644968240832499,0.4006624755240501,0.44620356803846106,0.49013434669004274,0.4149331898525392,0.03155599643138096,0.3801665146988147,0.39041810047596875,0.3995321067744699,0.446518360616031,0.49013434669004274,0.4035568241615582,0.03034353876972173,0.34431119981454095,0.3644968240832499,0.4006624755240501,0.44620356803846106,0.49013434669004274,0.4149331898525392,0.03155599643138096,0.3801665146988147,0.39041810047596875,0.3995321067744699,0.446518360616031,0.49013434669004274
mobius_disabled,nq_191,50,True,15,5,2.0,1.0,5,0;8;29;36;47,0;2;6;8;9;30;35;36;47,1,1,8,4,4.825034657983528,0.9650069315967056,10,7.913629567748726,3.956814783874363,3.956814783874363,-0.8682198741091649,-50.868219874109165,-46.911405090234794,-46.9114050902348,True,-0.8682198741091649,0.0,3003,0.8860718435563272,0.15380032757103038,0.5589092573657104,0.6094553217096726,0.9706383589024273,0.9986608978481035,1.0,0.9650069315967056,0.04881152714163363,0.8696102174686642,0.9100214740421695,0.9870983699941195,0.9990750846473266,1.0,0.838372960436664,0.06329204399781746,0.6513965732261001,0.7520984457534418,0.8514782885332562,0.9063050650853296,0.950210876696935,0.7913629567748726,0.06749658458290095,0.6640118913609583,0.7126139891097103,0.8099805788096242,0.8603913146055989,0.8808266821062378,0.419186480218332,0.03164602199890873,0.32569828661305006,0.3760492228767209,0.4257391442666281,0.4531525325426648,0.4751054383484675,0.3956814783874363,0.033748292291450474,0.33200594568047914,0.35630699455485515,0.4049902894048121,0.43019565730279946,0.4404133410531189,0.419186480218332,0.03164602199890873,0.32569828661305006,0.3760492228767209,0.4257391442666281,0.4531525325426648,0.4751054383484675,0.3956814783874363,0.033748292291450474,0.33200594568047914,0.35630699455485515,0.4049902894048121,0.43019565730279946,0.4404133410531189
mobius_disabled,nq_192,50,True,15,5,2.0,1.0,5,0;3;6;13;37,3;11;22,1,1,3,1,1.9542509836729094,0.3908501967345819,10,7.762841816988372,3.881420908494186,3.881420908494186,1.9271699248212766,-48.07283007517872,-44.19140916668454,-44.19140916668454,True,1.9271699248212766,0.0,3003,0.14430088051580234,0.3031830452190974,0.003250597256065685,0.004076001336977908,0.017374292874895978,0.5369068168980936,1.0,0.3908501967345819,0.42885580929773853,0.003872266656092638,0.009273077143613974,0.11447918793529319,0.9274100944826511,1.0,0.8117167797592921,0.055032519209374145,0.6336708821690412,0.7375392126281956,0.8215084330880476,0.8667801245201116,0.9282989067069218,0.7762841816988372,0.06696776870339574,0.6336708821690412,0.7117629682467431,0.7796887096045608,0.8351210760079764,0.8861784256323648,0.40585838987964606,0.027516259604687072,0.3168354410845206,0.3687696063140978,0.4107542165440238,0.4333900622600558,0.4641494533534609,0.3881420908494186,0.03348388435169787,0.3168354410845206,0.35588148412337156,0.3898443548022804,0.4175605380039882,0.4430892128161824,0.40585838987964606,0.027516259604687072,0.3168354410845206,0.3687696063140978,0.4107542165440238,0.4333900622600558,0.4641494533534609,0.3881420908494186,0.03348388435169787,0.3168354410845206,0.35588148412337156,0.3898443548022804,0.4175605380039882,0.4430892128161824
mobius_disabled,nq_193,50,True,15,5,2.0,1.0,5,5;8;29;31;41,,0,0,0,0,1.9492009203025176,0.3898401840605036,10,7.9725342969492425,3.9862671484746213,3.9862671484746213,2.0370662281721037,-47.9629337718279,-43.976666623353275,-43.976666623353275,True,2.0370662281721037,0.0,3003,0.15225003052805963,0.26133478658846815,0.0026815559412576937,0.002948962574423075,0.054674011144015315,0.40301738248234575,1.0,0.3898401840605036,0.3423533667949841,0.08518430106042374,0.0988759976832484,0.21872231746209625,0.810352303665005,1.0,0.8293139549958383,0.06546379415721089,0.6664616877247251,0.7469626323031171,0.8184856375518921,0.9110222935150468,0.9606280645615027,0.7972534296949243,0.05251397513317958,0.7280277928605742,0.7438111592636352,0.7898664524259311,0.8587962741058879,0.9057319459115851,0.41465697749791913,0.032731897078605444,0.33323084386236257,0.37348131615155855,0.40924281877594604,0.4555111467575234,0.48031403228075137,0.39862671484746215,0.02625698756658979,0.3640138964302871,0.3719055796318176,0.39493322621296556,0.42939813705294394,0.45286597295579256,0.41465697749791913,0.032731897078605444,0.33323084386236257,0.37348131615155855,0.40924281877594604,0.4555111467575234,0.48031403228075137,0.39862671484746215,0.02625698756658979,0.3640138964302871,0.3719055796318176,0.39493322621296556,0.42939813705294394,0.45286597295579256
mobius_disabled,nq_194,50,True,15,5,2.0,1.0,5,0;1;15;19;40,0;1;19,1,1,3,3,2.9579913947709304,0.5915982789541862,10,7.197537680083782,3.598768840041891,3.598768840041891,0.6407774452709605,-49.35922255472904,-45.760453714687145,-45.760453714687145,True,0.6407774452709605,0.0,3003,0.19889853996873313,0.392047906923256,0.00025783971147591545,0.00036549925451448217,0.0037286003431412757,0.9791826624019266,1.0,0.5915982789541862,0.47934830775867016,0.0002760074379971123,0.0040452539776688525,0.9481354786276381,0.9999523139672476,1.0,0.7269382192822506,0.062987034280679,0.6176098455120703,0.6619028116434199,0.7203710146810354,0.8011492959699319,0.9943174468111927,0.7197537680083783,0.10035961128334694,0.6437493216649084,0.6440794051415545,0.6738526099344726,0.7997391001724067,0.9858582577058477,0.3634691096411253,0.0314935171403395,0.30880492275603516,0.33095140582170995,0.3601855073405177,0.40057464798496595,0.49715872340559636,0.35987688400418916,0.05017980564167347,0.3218746608324542,0.32203970257077724,0.3369263049672363,0.39986955008620334,0.49292912885292384,0.3634691096411253,0.0314935171403395,0.30880492275603516,0.33095140582170995,0.3601855073405177,0.40057464798496595,0.49715872340559636,0.35987688400418916,0.05017980564167347,0.3218746608324542,0.32203970257077724,0.3369263049672363,0.39986955008620334,0.49292912885292384
mobius_disabled,nq_195,50,True,15,5,2.0,1.0,5,8;10;22;30;40,,0,0,0,0,1.8542219335881223,0.37084438671762443,10,9.412237308935344,4.706118654467672,4.706118654467672,2.85189672087955,-47.14810327912045,-42.44198462465278,-42.441984624652775,True,2.85189672087955,0.0,3003,0.16526835809746687,0.23734610744672022,0.016220548785174118,0.017620285112330988,0.09319303465162122,0.2673380195157178,1.0,0.37084438671762443,0.3197200621594834,0.10990113831259306,0.15130675814386288,0.25602672457569575,0.7099515531236265,1.0,0.9388646973439227,0.015801677950436646,0.8907180944202108,0.9204245923749419,0.9388147009452671,0.9587827613761741,0.9740944859292562,0.9412237308935344,0.012603699391947063,0.9255738342555417,0.9281598374174822,0.9402520224130534,0.9594938151152488,0.9607241427584309,0.4694323486719614,0.007900838975218323,0.4453590472101054,0.46021229618747095,0.46940735047263354,0.47939138068808707,0.4870472429646281,0.4706118654467672,0.006301849695973531,0.46278691712777087,0.4640799187087411,0.4701260112065267,0.4797469075576244,0.48036207137921544,0.4694323486719614,0.007900838975218323,0.4453590472101054,0.46021229618747095,0.46940735047263354,0.47939138068808707,0.4870472429646281,0.4706118654467672,0.006301849695973531,0.46278691712777087,0.4640799187087411,0.4701260112065267,0.4797469075576244,0.48036207137921544
mobius_disabled,nq_196,50,True,15,5,2.0,1.0,5,0;11;12;16;46,0;1;5;6;10;12;15;16;22;26;37;38;45;46,1,1,9,4,4.1094968113042665,0.8218993622608535,10,7.703895960752088,3.851947980376044,3.851947980376044,-0.25754883092822256,-50.25754883092822,-46.405600850552176,-46.405600850552176,True,-0.25754883092822256,0.0,3003,0.3323353608344203,0.37189723668737973,0.03488359424570146,0.05950999066551177,0.13610943825519342,0.9677275443467585,1.0,0.8218993622608535,0.22823311323770792,0.3895951092491136,0.550890178885258,0.9425690344132441,0.9937999537209738,1.0,0.79924348349028,0.07418704489338092,0.618390669546667,0.7068031524849783,0.8050191415473004,0.8734435705010325,0.9850395099358101,0.7703895960752087,0.09067057163151057,0.625473691476947,0.6502011591014749,0.7700821330923476,0.8181768796556028,0.9850395099358101,0.39962174174514,0.03709352244669046,0.3091953347733335,0.35340157624248913,0.4025095707736502,0.43672178525051625,0.49251975496790507,0.38519479803760437,0.045335285815755286,0.3127368457384735,0.32510057955073746,0.3850410665461738,0.4090884398278014,0.49251975496790507,0.39962174174514,0.03709352244669046,0.3091953347733335,0.35340157624248913,0.4025095707736502,0.43672178525051625,0.49251975496790507,0.38519479803760437,0.045335285815755286,0.3127368457384735,0.32510057955073746,0.3850410665461738,0.4090884398278014,0.49251975496790507
mobius_disabled,nq_197,50,True,15,5,2.0,1.0,5,1;3;4;12;32,1,1,1,1,1,3.0338340488706748,0.606766809774135,10,8.366675199396592,4.183337599698296,4.183337599698296,1.1495035508276215,-48.850496449172375,-44.667158849474085,-44.667158849474085,True,1.1495035508276215,0.0,3003,0.21113519399242398,0.3538172841919341,0.0008733009033719595,0.0009191803675002943,0.0041187091405731156,0.8485090712449073,1.0,0.606766809774135,0.3731487503582529,0.0009471358810006885,0.14365172148626473,0.7829895830620031,0.956875492013404,1.0,0.8307665565404094,0.07054647893343914,0.6375313092742788,0.7430644305543633,0.8274012824483625,0.9199940046067858,0.982304086126195,0.8366675199396593,0.09463757303228476,0.670603613411473,0.7425779432583413,0.8422637125680097,0.947913252057957,0.982304086126195,0.4153832782702047,0.03527323946671957,0.3187656546371394,0.37153221527718167,0.41370064122418126,0.4599970023033929,0.4911520430630975,0.41833375996982963,0.04731878651614238,0.3353018067057365,0.3712889716291706,0.42113185628400485,0.4739566260289785,0.4911520430630975,0.4153832782702047,0.03527323946671957,0.3187656546371394,0.37153221527718167,0.41370064122418126,0.4599970023033929,0.4911520430630975,0.41833375996982963,0.04731878651614238,0.3353018067057365,0.3712889716291706,0.42113185628400485,0.4739566260289785,0.4911520430630975
mobius_disabled,nq_198,50,True,15,5,2.0,1.0,5,4;20;21;37;45,0;1;4;5;11;12;15;16;18;20;21;37;45;48,1,1,14,5,4.497473374262016,0.8994946748524033,10,8.340737711705756,4.170368855852878,4.170368855852878,-0.3271045184091381,-50.327104518409136,-46.15673566255626,-46.15673566255626,True,-0.3271045184091381,0.0,3003,0.6499456578317321,0.25683409253129325,0.0018002793060133023,0.3655438491040355,0.6751944472390685,0.9021866522169233,1.0,0.8994946748524033,0.05572441662860671,0.8472670770938318,0.8488869300664178,0.8857355018440469,0.9652616343195364,1.0,0.8376567060035737,0.06394880555391799,0.6754218006813958,0.7280425946102972,0.8468137040246383,0.9090377762987205,0.9428151480186957,0.8340737711705755,0.04342894269914589,0.7791128757121243,0.7910324719436175,0.8305096541511331,0.8763603060088531,0.9379473969300774,0.41882835300178684,0.031974402776958996,0.3377109003406979,0.3640212973051486,0.42340685201231915,0.45451888814936026,0.47140757400934785,0.41703688558528773,0.021714471349572946,0.38955643785606214,0.39551623597180874,0.41525482707556655,0.43818015300442653,0.4689736984650387,0.41882835300178684,0.031974402776958996,0.3377109003406979,0.3640212973051486,0.42340685201231915,0.45451888814936026,0.47140757400934785,0.41703688558528773,0.021714471349572946,0.38955643785606214,0.39551623597180874,0.41525482707556655,0.43818015300442653,0.4689736984650387
mobius_disabled,nq_199,50,True,15,5,2.0,1.0,5,7;10;19;29;34,1;7;9;11;16;17;19;45,1,1,7,2,4.879598961921775,0.975919792384355,10,7.783596190717228,3.891798095358614,3.891798095358614,-0.9878008665631608,-50.98780086656316,-47.096002771204546,-47.096002771204546,True,-0.9878008665631608,0.0,3003,0.8524995835907525,0.2691780077071182,0.2093888624277644,0.3705173904337835,0.980031651558279,0.9997929716959272,1.0,0.975919792384355,0.02046722456636078,0.9393299537378131,0.9524588814599443,0.980031651558279,0.9952065902016465,0.9998627838431488,0.8320263269285668,0.06655562124422776,0.672332835355094,0.746093257836076,0.8334738437990069,0.9166084779775862,0.9906435147351497,0.7783596190717228,0.05631549708361128,0.7163282353438636,0.7213320396291322,0.7650616930222687,0.8353670037972669,0.9167755073305484,0.4160131634642834,0.03327781062211388,0.336166417677547,0.373046628918038,0.41673692189950345,0.4583042389887931,0.49532175736757483,0.3891798095358614,0.02815774854180564,0.3581641176719318,0.3606660198145661,0.38253084651113434,0.41768350189863346,0.4583877536652742,0.4160131634642834,0.03327781062211388,0.336166417677547,0.373046628918038,0.41673692189950345,0.4583042389887931,0.49532175736757483,0.3891798095358614,0.02815774854180564,0.3581641176719318,0.3606660198145661,0.38253084651113434,0.41768350189863346,0.4583877536652742
