question_id,tau,pool_size,K,gold_pool_count,control_gold_hits,oracle_gold_hits,oracle_gap,gold_hits,gold_recall,uncertainty_mean,uncertainty_gold_mean,uncertainty_non_gold_mean,selection_changed,selected_gold_gain,oracle_gap_closed,redundancy
nq_0,0.0,15,5,3,2,3,1,2,0.6666666666666666,0.6382506442002476,0.23714189265756647,0.7385278320859179,False,0,0,0.8541128623045979
nq_0,0.05,15,5,3,2,3,1,2,0.6666666666666666,0.6382506442002476,0.23714189265756647,0.7385278320859179,False,0,0,0.8541128623045979
nq_0,0.1,15,5,3,2,3,1,2,0.6666666666666666,0.6382506442002476,0.23714189265756647,0.7385278320859179,False,0,0,0.8541128623045979
nq_0,0.2,15,5,3,2,3,1,2,0.6666666666666666,0.6382506442002476,0.23714189265756647,0.7385278320859179,False,0,0,0.8541128623045979
nq_0,0.5,15,5,3,2,3,1,0,0.0,0.6382506442002476,0.23714189265756647,0.7385278320859179,True,-2,0,0.8084080633914767
nq_0,1.0,15,5,3,2,3,1,0,0.0,0.6382506442002476,0.23714189265756647,0.7385278320859179,True,-2,0,0.8038578070665195
nq_0,2.0,15,5,3,2,3,1,0,0.0,0.6382506442002476,0.23714189265756647,0.7385278320859179,True,-2,0,0.8038578070665195
nq_1,0.0,15,5,5,2,5,3,2,0.4,0.3628565698247968,0.01559706518301296,0.5364863221456886,False,0,0,0.7231898500225278
nq_1,0.05,15,5,5,2,5,3,2,0.4,0.3628565698247968,0.01559706518301296,0.5364863221456886,False,0,0,0.7231898500225278
nq_1,0.1,15,5,5,2,5,3,2,0.4,0.3628565698247968,0.01559706518301296,0.5364863221456886,True,0,0,0.714293183364005
nq_1,0.2,15,5,5,2,5,3,2,0.4,0.3628565698247968,0.01559706518301296,0.5364863221456886,True,0,0,0.714293183364005
nq_1,0.5,15,5,5,2,5,3,1,0.2,0.3628565698247968,0.01559706518301296,0.5364863221456886,True,-1,0,0.7039633519313621
nq_1,1.0,15,5,5,2,5,3,1,0.2,0.3628565698247968,0.01559706518301296,0.5364863221456886,True,-1,0,0.7039633519313621
nq_1,2.0,15,5,5,2,5,3,1,0.2,0.3628565698247968,0.01559706518301296,0.5364863221456886,True,-1,0,0.7039633519313621
nq_10,0.0,15,5,7,4,5,1,4,0.5714285714285714,0.7929025494728885,0.6877713393665227,0.8848923583159587,False,0,0,0.7949576893064805
nq_10,0.05,15,5,7,4,5,1,4,0.5714285714285714,0.7929025494728885,0.6877713393665227,0.8848923583159587,False,0,0,0.7949576893064805
nq_10,0.1,15,5,7,4,5,1,4,0.5714285714285714,0.7929025494728885,0.6877713393665227,0.8848923583159587,False,0,0,0.7949576893064805
nq_10,0.2,15,5,7,4,5,1,4,0.5714285714285714,0.7929025494728885,0.6877713393665227,0.8848923583159587,False,0,0,0.7949576893064805
nq_10,0.5,15,5,7,4,5,1,3,0.42857142857142855,0.7929025494728885,0.6877713393665227,0.8848923583159587,True,-1,0,0.7275108213752853
nq_10,1.0,15,5,7,4,5,1,2,0.2857142857142857,0.7929025494728885,0.6877713393665227,0.8848923583159587,True,-2,0,0.7211025131854963
nq_10,2.0,15,5,7,4,5,1,2,0.2857142857142857,0.7929025494728885,0.6877713393665227,0.8848923583159587,True,-2,0,0.7211025131854963
nq_100,0.0,15,5,5,3,5,2,3,0.6,0.5836608144897734,0.42897335318995183,0.6610045451396843,False,0,0,0.8360494764035818
nq_100,0.05,15,5,5,3,5,2,2,0.4,0.5836608144897734,0.42897335318995183,0.6610045451396843,True,-1,0,0.7995190113295526
nq_100,0.1,15,5,5,3,5,2,2,0.4,0.5836608144897734,0.42897335318995183,0.6610045451396843,True,-1,0,0.7995190113295526
nq_100,0.2,15,5,5,3,5,2,1,0.2,0.5836608144897734,0.42897335318995183,0.6610045451396843,True,-2,0,0.7848401266736204
nq_100,0.5,15,5,5,3,5,2,1,0.2,0.5836608144897734,0.42897335318995183,0.6610045451396843,True,-2,0,0.7683243007506491
nq_100,1.0,15,5,5,3,5,2,0,0.0,0.5836608144897734,0.42897335318995183,0.6610045451396843,True,-3,0,0.7614497981883742
nq_100,2.0,15,5,5,3,5,2,0,0.0,0.5836608144897734,0.42897335318995183,0.6610045451396843,True,-3,0,0.7614497981883742
nq_101,0.0,15,5,6,2,5,3,2,0.3333333333333333,0.3691995472574486,0.3064421671928828,0.4110378006338256,False,0,0,0.7539550120356822
nq_101,0.05,15,5,6,2,5,3,2,0.3333333333333333,0.3691995472574486,0.3064421671928828,0.4110378006338256,False,0,0,0.7539550120356822
nq_101,0.1,15,5,6,2,5,3,2,0.3333333333333333,0.3691995472574486,0.3064421671928828,0.4110378006338256,False,0,0,0.7539550120356822
nq_101,0.2,15,5,6,2,5,3,2,0.3333333333333333,0.3691995472574486,0.3064421671928828,0.4110378006338256,False,0,0,0.7539550120356822
nq_101,0.5,15,5,6,2,5,3,2,0.3333333333333333,0.3691995472574486,0.3064421671928828,0.4110378006338256,True,0,0,0.7923239439869783
nq_101,1.0,15,5,6,2,5,3,3,0.5,0.3691995472574486,0.3064421671928828,0.4110378006338256,True,1,1,0.804727689362131
nq_101,2.0,15,5,6,2,5,3,1,0.16666666666666666,0.3691995472574486,0.3064421671928828,0.4110378006338256,True,-1,0,0.7229676610658697
nq_102,0.0,15,5,7,3,5,2,3,0.42857142857142855,0.28874687853670483,0.17833176371728424,0.3853601040036979,False,0,0,0.7597615634251296
nq_102,0.05,15,5,7,3,5,2,3,0.42857142857142855,0.28874687853670483,0.17833176371728424,0.3853601040036979,False,0,0,0.7597615634251296
nq_102,0.1,15,5,7,3,5,2,3,0.42857142857142855,0.28874687853670483,0.17833176371728424,0.3853601040036979,False,0,0,0.7597615634251296
nq_102,0.2,15,5,7,3,5,2,3,0.42857142857142855,0.28874687853670483,0.17833176371728424,0.3853601040036979,True,0,0,0.7480586404353844
nq_102,0.5,15,5,7,3,5,2,2,0.2857142857142857,0.28874687853670483,0.17833176371728424,0.3853601040036979,True,-1,0,0.7382555260870106
nq_102,1.0,15,5,7,3,5,2,2,0.2857142857142857,0.28874687853670483,0.17833176371728424,0.3853601040036979,True,-1,0,0.7382555260870106
nq_102,2.0,15,5,7,3,5,2,1,0.14285714285714285,0.28874687853670483,0.17833176371728424,0.3853601040036979,True,-2,0,0.7256516162509793
nq_103,0.0,15,5,1,0,1,1,0,0.0,0.22975715860292423,0.21733311380472,0.23064459037422452,False,0,0,0.7577268664444704
nq_103,0.05,15,5,1,0,1,1,0,0.0,0.22975715860292423,0.21733311380472,0.23064459037422452,True,0,0,0.7852451859106861
nq_103,0.1,15,5,1,0,1,1,0,0.0,0.22975715860292423,0.21733311380472,0.23064459037422452,True,0,0,0.7852451859106861
nq_103,0.2,15,5,1,0,1,1,0,0.0,0.22975715860292423,0.21733311380472,0.23064459037422452,True,0,0,0.7852451859106861
nq_103,0.5,15,5,1,0,1,1,0,0.0,0.22975715860292423,0.21733311380472,0.23064459037422452,True,0,0,0.7852451859106861
nq_103,1.0,15,5,1,0,1,1,0,0.0,0.22975715860292423,0.21733311380472,0.23064459037422452,True,0,0,0.8007718339191431
nq_103,2.0,15,5,1,0,1,1,0,0.0,0.22975715860292423,0.21733311380472,0.23064459037422452,True,0,0,0.8007718339191431
nq_104,0.0,15,5,1,1,1,0,1,1.0,0.3910013506088316,0.0,0.41893001850946243,False,0,0,0.8686048803550269
nq_104,0.05,15,5,1,1,1,0,1,1.0,0.3910013506088316,0.0,0.41893001850946243,False,0,0,0.8686048803550269
nq_104,0.1,15,5,1,1,1,0,1,1.0,0.3910013506088316,0.0,0.41893001850946243,True,0,0,0.8538066138735825
nq_104,0.2,15,5,1,1,1,0,0,0.0,0.3910013506088316,0.0,0.41893001850946243,True,-1,0,0.8383248322907402
nq_104,0.5,15,5,1,1,1,0,0,0.0,0.3910013506088316,0.0,0.41893001850946243,True,-1,0,0.8307838925954434
nq_104,1.0,15,5,1,1,1,0,0,0.0,0.3910013506088316,0.0,0.41893001850946243,True,-1,0,0.8307838925954434
nq_104,2.0,15,5,1,1,1,0,0,0.0,0.3910013506088316,0.0,0.41893001850946243,True,-1,0,0.8307838925954434
nq_105,0.0,15,5,15,5,5,0,5,0.3333333333333333,0.3186374421514787,0.3186374421514787,0.0,False,0,0,0.793148969370737
nq_105,0.05,15,5,15,5,5,0,5,0.3333333333333333,0.3186374421514787,0.3186374421514787,0.0,False,0,0,0.793148969370737
nq_105,0.1,15,5,15,5,5,0,5,0.3333333333333333,0.3186374421514787,0.3186374421514787,0.0,False,0,0,0.793148969370737
nq_105,0.2,15,5,15,5,5,0,5,0.3333333333333333,0.3186374421514787,0.3186374421514787,0.0,True,0,0,0.7755804409173683
nq_105,0.5,15,5,15,5,5,0,5,0.3333333333333333,0.3186374421514787,0.3186374421514787,0.0,True,0,0,0.7686897121998746
nq_105,1.0,15,5,15,5,5,0,5,0.3333333333333333,0.3186374421514787,0.3186374421514787,0.0,True,0,0,0.7686897121998746
nq_105,2.0,15,5,15,5,5,0,5,0.3333333333333333,0.3186374421514787,0.3186374421514787,0.0,True,0,0,0.7686897121998746
nq_106,0.0,15,5,0,0,0,0,0,0.0,0.6239557350938058,0.0,0.6239557350938058,False,0,0,0.7688059856294476
nq_106,0.05,15,5,0,0,0,0,0,0.0,0.6239557350938058,0.0,0.6239557350938058,False,0,0,0.7688059856294476
nq_106,0.1,15,5,0,0,0,0,0,0.0,0.6239557350938058,0.0,0.6239557350938058,False,0,0,0.7688059856294476
nq_106,0.2,15,5,0,0,0,0,0,0.0,0.6239557350938058,0.0,0.6239557350938058,False,0,0,0.7688059856294476
nq_106,0.5,15,5,0,0,0,0,0,0.0,0.6239557350938058,0.0,0.6239557350938058,False,0,0,0.7688059856294476
nq_106,1.0,15,5,0,0,0,0,0,0.0,0.6239557350938058,0.0,0.6239557350938058,True,0,0,0.750707815484408
nq_106,2.0,15,5,0,0,0,0,0,0.0,0.6239557350938058,0.0,0.6239557350938058,True,0,0,0.7277428142886377
nq_107,0.0,15,5,0,0,0,0,0,0.0,0.33581547015903407,0.0,0.33581547015903407,False,0,0,0.8576747965199193
nq_107,0.05,15,5,0,0,0,0,0,0.0,0.33581547015903407,0.0,0.33581547015903407,False,0,0,0.8576747965199193
nq_107,0.1,15,5,0,0,0,0,0,0.0,0.33581547015903407,0.0,0.33581547015903407,False,0,0,0.8576747965199193
nq_107,0.2,15,5,0,0,0,0,0,0.0,0.33581547015903407,0.0,0.33581547015903407,False,0,0,0.8576747965199193
nq_107,0.5,15,5,0,0,0,0,0,0.0,0.33581547015903407,0.0,0.33581547015903407,True,0,0,0.8185202319348572
nq_107,1.0,15,5,0,0,0,0,0,0.0,0.33581547015903407,0.0,0.33581547015903407,True,0,0,0.8037085997796124
nq_107,2.0,15,5,0,0,0,0,0,0.0,0.33581547015903407,0.0,0.33581547015903407,True,0,0,0.8037085997796124
nq_108,0.0,15,5,7,3,5,2,3,0.42857142857142855,0.39307393138235486,0.4332026505933268,0.35796130207275445,False,0,0,0.8449188994420638
nq_108,0.05,15,5,7,3,5,2,3,0.42857142857142855,0.39307393138235486,0.4332026505933268,0.35796130207275445,False,0,0,0.8449188994420638
nq_108,0.1,15,5,7,3,5,2,3,0.42857142857142855,0.39307393138235486,0.4332026505933268,0.35796130207275445,False,0,0,0.8449188994420638
nq_108,0.2,15,5,7,3,5,2,3,0.42857142857142855,0.39307393138235486,0.4332026505933268,0.35796130207275445,False,0,0,0.8449188994420638
nq_108,0.5,15,5,7,3,5,2,3,0.42857142857142855,0.39307393138235486,0.4332026505933268,0.35796130207275445,False,0,0,0.8449188994420638
nq_108,1.0,15,5,7,3,5,2,3,0.42857142857142855,0.39307393138235486,0.4332026505933268,0.35796130207275445,False,0,0,0.8449188994420638
nq_108,2.0,15,5,7,3,5,2,3,0.42857142857142855,0.39307393138235486,0.4332026505933268,0.35796130207275445,True,0,0,0.7852267219168858
nq_109,0.0,15,5,0,0,0,0,0,0.0,0.1940451324370775,0.0,0.1940451324370775,False,0,0,0.7007157105963577
nq_109,0.05,15,5,0,0,0,0,0,0.0,0.1940451324370775,0.0,0.1940451324370775,True,0,0,0.7176035754780792
nq_109,0.1,15,5,0,0,0,0,0,0.0,0.1940451324370775,0.0,0.1940451324370775,True,0,0,0.7176035754780792
nq_109,0.2,15,5,0,0,0,0,0,0.0,0.1940451324370775,0.0,0.1940451324370775,True,0,0,0.7176035754780792
nq_109,0.5,15,5,0,0,0,0,0,0.0,0.1940451324370775,0.0,0.1940451324370775,True,0,0,0.7176035754780792
nq_109,1.0,15,5,0,0,0,0,0,0.0,0.1940451324370775,0.0,0.1940451324370775,True,0,0,0.7176035754780792
nq_109,2.0,15,5,0,0,0,0,0,0.0,0.1940451324370775,0.0,0.1940451324370775,True,0,0,0.7176035754780792
nq_11,0.0,15,5,4,3,4,1,3,0.75,0.05779714685194102,0.0014078137207447453,0.07830235889964875,False,0,0,0.7769646693458948
nq_11,0.05,15,5,4,3,4,1,3,0.75,0.05779714685194102,0.0014078137207447453,0.07830235889964875,False,0,0,0.7769646693458948
nq_11,0.1,15,5,4,3,4,1,3,0.75,0.05779714685194102,0.0014078137207447453,0.07830235889964875,False,0,0,0.7769646693458948
nq_11,0.2,15,5,4,3,4,1,3,0.75,0.05779714685194102,0.0014078137207447453,0.07830235889964875,False,0,0,0.7769646693458948
nq_11,0.5,15,5,4,3,4,1,3,0.75,0.05779714685194102,0.0014078137207447453,0.07830235889964875,False,0,0,0.7769646693458948
nq_11,1.0,15,5,4,3,4,1,3,0.75,0.05779714685194102,0.0014078137207447453,0.07830235889964875,False,0,0,0.7769646693458948
nq_11,2.0,15,5,4,3,4,1,3,0.75,0.05779714685194102,0.0014078137207447453,0.07830235889964875,False,0,0,0.7769646693458948
nq_110,0.0,15,5,0,0,0,0,0,0.0,0.26181989082287715,0.0,0.26181989082287715,False,0,0,0.735735644299725
nq_110,0.05,15,5,0,0,0,0,0,0.0,0.26181989082287715,0.0,0.26181989082287715,False,0,0,0.735735644299725
nq_110,0.1,15,5,0,0,0,0,0,0.0,0.26181989082287715,0.0,0.26181989082287715,False,0,0,0.735735644299725
nq_110,0.2,15,5,0,0,0,0,0,0.0,0.26181989082287715,0.0,0.26181989082287715,False,0,0,0.735735644299725
nq_110,0.5,15,5,0,0,0,0,0,0.0,0.26181989082287715,0.0,0.26181989082287715,False,0,0,0.735735644299725
nq_110,1.0,15,5,0,0,0,0,0,0.0,0.26181989082287715,0.0,0.26181989082287715,True,0,0,0.7642029659344278
nq_110,2.0,15,5,0,0,0,0,0,0.0,0.26181989082287715,0.0,0.26181989082287715,True,0,0,0.7303452306148865
nq_111,0.0,15,5,0,0,0,0,0,0.0,0.12122341712134659,0.0,0.12122341712134659,False,0,0,0.8901095037365003
nq_111,0.05,15,5,0,0,0,0,0,0.0,0.12122341712134659,0.0,0.12122341712134659,False,0,0,0.8901095037365003
nq_111,0.1,15,5,0,0,0,0,0,0.0,0.12122341712134659,0.0,0.12122341712134659,False,0,0,0.8901095037365003
nq_111,0.2,15,5,0,0,0,0,0,0.0,0.12122341712134659,0.0,0.12122341712134659,False,0,0,0.8901095037365003
nq_111,0.5,15,5,0,0,0,0,0,0.0,0.12122341712134659,0.0,0.12122341712134659,True,0,0,0.8960536862526371
nq_111,1.0,15,5,0,0,0,0,0,0.0,0.12122341712134659,0.0,0.12122341712134659,True,0,0,0.8960536862526371
nq_111,2.0,15,5,0,0,0,0,0,0.0,0.12122341712134659,0.0,0.12122341712134659,True,0,0,0.8960536862526371
nq_112,0.0,15,5,15,5,5,0,5,0.3333333333333333,0.08770739255171851,0.08770739255171851,0.0,False,0,0,0.8449998608077903
nq_112,0.05,15,5,15,5,5,0,5,0.3333333333333333,0.08770739255171851,0.08770739255171851,0.0,True,0,0,0.8413066549164203
nq_112,0.1,15,5,15,5,5,0,5,0.3333333333333333,0.08770739255171851,0.08770739255171851,0.0,True,0,0,0.8413066549164203
nq_112,0.2,15,5,15,5,5,0,5,0.3333333333333333,0.08770739255171851,0.08770739255171851,0.0,True,0,0,0.8413066549164203
nq_112,0.5,15,5,15,5,5,0,5,0.3333333333333333,0.08770739255171851,0.08770739255171851,0.0,True,0,0,0.83836740247925
nq_112,1.0,15,5,15,5,5,0,5,0.3333333333333333,0.08770739255171851,0.08770739255171851,0.0,True,0,0,0.83836740247925
nq_112,2.0,15,5,15,5,5,0,5,0.3333333333333333,0.08770739255171851,0.08770739255171851,0.0,True,0,0,0.83836740247925
nq_113,0.0,15,5,3,2,3,1,2,0.6666666666666666,0.08764670891886003,0.12939789015005712,0.07720891361106076,False,0,0,0.7254196632761262
nq_113,0.05,15,5,3,2,3,1,2,0.6666666666666666,0.08764670891886003,0.12939789015005712,0.07720891361106076,False,0,0,0.7254196632761262
nq_113,0.1,15,5,3,2,3,1,2,0.6666666666666666,0.08764670891886003,0.12939789015005712,0.07720891361106076,False,0,0,0.7254196632761262
nq_113,0.2,15,5,3,2,3,1,2,0.6666666666666666,0.08764670891886003,0.12939789015005712,0.07720891361106076,False,0,0,0.7254196632761262
nq_113,0.5,15,5,3,2,3,1,3,1.0,0.08764670891886003,0.12939789015005712,0.07720891361106076,True,1,1,0.7627766677275435
nq_113,1.0,15,5,3,2,3,1,3,1.0,0.08764670891886003,0.12939789015005712,0.07720891361106076,True,1,1,0.7627766677275435
nq_113,2.0,15,5,3,2,3,1,3,1.0,0.08764670891886003,0.12939789015005712,0.07720891361106076,True,1,1,0.765209462715708
nq_114,0.0,15,5,1,1,1,0,1,1.0,0.32048995745532227,0.9789970430769058,0.27345373705378057,False,0,0,0.8434680062672811
nq_114,0.05,15,5,1,1,1,0,1,1.0,0.32048995745532227,0.9789970430769058,0.27345373705378057,False,0,0,0.8434680062672811
nq_114,0.1,15,5,1,1,1,0,1,1.0,0.32048995745532227,0.9789970430769058,0.27345373705378057,False,0,0,0.8434680062672811
nq_114,0.2,15,5,1,1,1,0,1,1.0,0.32048995745532227,0.9789970430769058,0.27345373705378057,False,0,0,0.8434680062672811
nq_114,0.5,15,5,1,1,1,0,1,1.0,0.32048995745532227,0.9789970430769058,0.27345373705378057,False,0,0,0.8434680062672811
nq_114,1.0,15,5,1,1,1,0,1,1.0,0.32048995745532227,0.9789970430769058,0.27345373705378057,False,0,0,0.8434680062672811
nq_114,2.0,15,5,1,1,1,0,1,1.0,0.32048995745532227,0.9789970430769058,0.27345373705378057,False,0,0,0.8434680062672811
nq_115,0.0,15,5,2,1,2,1,1,0.5,0.008119776871757769,0.00407375874104102,0.008742241199560345,False,0,0,0.7047744556625268
nq_115,0.05,15,5,2,1,2,1,1,0.5,0.008119776871757769,0.00407375874104102,0.008742241199560345,False,0,0,0.7047744556625268
nq_115,0.1,15,5,2,1,2,1,1,0.5,0.008119776871757769,0.00407375874104102,0.008742241199560345,False,0,0,0.7047744556625268
nq_115,0.2,15,5,2,1,2,1,1,0.5,0.008119776871757769,0.00407375874104102,0.008742241199560345,False,0,0,0.7047744556625268
nq_115,0.5,15,5,2,1,2,1,1,0.5,0.008119776871757769,0.00407375874104102,0.008742241199560345,True,0,0,0.7146861400596694
nq_115,1.0,15,5,2,1,2,1,1,0.5,0.008119776871757769,0.00407375874104102,0.008742241199560345,True,0,0,0.7146861400596694
nq_115,2.0,15,5,2,1,2,1,1,0.5,0.008119776871757769,0.00407375874104102,0.008742241199560345,True,0,0,0.7146861400596694
nq_116,0.0,15,5,11,5,5,0,5,0.45454545454545453,0.12059408827026646,0.1235444511424846,0.11248059037166658,False,0,0,0.9464443923215111
nq_116,0.05,15,5,11,5,5,0,5,0.45454545454545453,0.12059408827026646,0.1235444511424846,0.11248059037166658,True,0,0,0.9332606301016233
nq_116,0.1,15,5,11,5,5,0,5,0.45454545454545453,0.12059408827026646,0.1235444511424846,0.11248059037166658,True,0,0,0.9332606301016233
nq_116,0.2,15,5,11,5,5,0,5,0.45454545454545453,0.12059408827026646,0.1235444511424846,0.11248059037166658,True,0,0,0.9274760621789419
nq_116,0.5,15,5,11,5,5,0,5,0.45454545454545453,0.12059408827026646,0.1235444511424846,0.11248059037166658,True,0,0,0.9274760621789419
nq_116,1.0,15,5,11,5,5,0,5,0.45454545454545453,0.12059408827026646,0.1235444511424846,0.11248059037166658,True,0,0,0.9274760621789419
nq_116,2.0,15,5,11,5,5,0,5,0.45454545454545453,0.12059408827026646,0.1235444511424846,0.11248059037166658,True,0,0,0.9274760621789419
nq_117,0.0,15,5,2,0,2,2,0,0.0,0.150034957836276,0.010002767318653216,0.17157837176206414,False,0,0,0.842361266390849
nq_117,0.05,15,5,2,0,2,2,0,0.0,0.150034957836276,0.010002767318653216,0.17157837176206414,False,0,0,0.842361266390849
nq_117,0.1,15,5,2,0,2,2,0,0.0,0.150034957836276,0.010002767318653216,0.17157837176206414,False,0,0,0.842361266390849
nq_117,0.2,15,5,2,0,2,2,0,0.0,0.150034957836276,0.010002767318653216,0.17157837176206414,True,0,0,0.8373421491129477
nq_117,0.5,15,5,2,0,2,2,0,0.0,0.150034957836276,0.010002767318653216,0.17157837176206414,True,0,0,0.8364025276819655
nq_117,1.0,15,5,2,0,2,2,0,0.0,0.150034957836276,0.010002767318653216,0.17157837176206414,True,0,0,0.8364025276819655
nq_117,2.0,15,5,2,0,2,2,0,0.0,0.150034957836276,0.010002767318653216,0.17157837176206414,True,0,0,0.8364025276819655
nq_118,0.0,15,5,0,0,0,0,0,0.0,0.24906286741692737,0.0,0.24906286741692737,False,0,0,0.7283334528893339
nq_118,0.05,15,5,0,0,0,0,0,0.0,0.24906286741692737,0.0,0.24906286741692737,False,0,0,0.7283334528893339
nq_118,0.1,15,5,0,0,0,0,0,0.0,0.24906286741692737,0.0,0.24906286741692737,False,0,0,0.7283334528893339
nq_118,0.2,15,5,0,0,0,0,0,0.0,0.24906286741692737,0.0,0.24906286741692737,False,0,0,0.7283334528893339
nq_118,0.5,15,5,0,0,0,0,0,0.0,0.24906286741692737,0.0,0.24906286741692737,False,0,0,0.7283334528893339
nq_118,1.0,15,5,0,0,0,0,0,0.0,0.24906286741692737,0.0,0.24906286741692737,False,0,0,0.7283334528893339
nq_118,2.0,15,5,0,0,0,0,0,0.0,0.24906286741692737,0.0,0.24906286741692737,False,0,0,0.7283334528893339
nq_119,0.0,15,5,4,1,4,3,1,0.25,0.5391688851485925,0.4631604997927724,0.5668082980052545,False,0,0,0.8427755450798046
nq_119,0.05,15,5,4,1,4,3,1,0.25,0.5391688851485925,0.4631604997927724,0.5668082980052545,False,0,0,0.8427755450798046
nq_119,0.1,15,5,4,1,4,3,1,0.25,0.5391688851485925,0.4631604997927724,0.5668082980052545,False,0,0,0.8427755450798046
nq_119,0.2,15,5,4,1,4,3,1,0.25,0.5391688851485925,0.4631604997927724,0.5668082980052545,False,0,0,0.8427755450798046
nq_119,0.5,15,5,4,1,4,3,1,0.25,0.5391688851485925,0.4631604997927724,0.5668082980052545,True,0,0,0.8030485352553086
nq_119,1.0,15,5,4,1,4,3,1,0.25,0.5391688851485925,0.4631604997927724,0.5668082980052545,True,0,0,0.7684696263461622
nq_119,2.0,15,5,4,1,4,3,1,0.25,0.5391688851485925,0.4631604997927724,0.5668082980052545,True,0,0,0.7684696263461622
nq_12,0.0,15,5,2,1,2,1,1,0.5,0.45108053325768693,0.010546810635551417,0.5188549521226309,False,0,0,0.7706736545523187
nq_12,0.05,15,5,2,1,2,1,1,0.5,0.45108053325768693,0.010546810635551417,0.5188549521226309,False,0,0,0.7706736545523187
nq_12,0.1,15,5,2,1,2,1,1,0.5,0.45108053325768693,0.010546810635551417,0.5188549521226309,False,0,0,0.7706736545523187
nq_12,0.2,15,5,2,1,2,1,1,0.5,0.45108053325768693,0.010546810635551417,0.5188549521226309,True,0,0,0.7655655377668547
nq_12,0.5,15,5,2,1,2,1,1,0.5,0.45108053325768693,0.010546810635551417,0.5188549521226309,True,0,0,0.7423995767279863
nq_12,1.0,15,5,2,1,2,1,0,0.0,0.45108053325768693,0.010546810635551417,0.5188549521226309,True,-1,0,0.6935301767003947
nq_12,2.0,15,5,2,1,2,1,0,0.0,0.45108053325768693,0.010546810635551417,0.5188549521226309,True,-1,0,0.6646325864338144
nq_120,0.0,15,5,4,2,4,2,2,0.5,0.3393289900721753,0.49479658945831884,0.2827953175681231,False,0,0,0.7455943281907123
nq_120,0.05,15,5,4,2,4,2,2,0.5,0.3393289900721753,0.49479658945831884,0.2827953175681231,False,0,0,0.7455943281907123
nq_120,0.1,15,5,4,2,4,2,2,0.5,0.3393289900721753,0.49479658945831884,0.2827953175681231,False,0,0,0.7455943281907123
nq_120,0.2,15,5,4,2,4,2,1,0.25,0.3393289900721753,0.49479658945831884,0.2827953175681231,True,-1,0,0.7191400227973495
nq_120,0.5,15,5,4,2,4,2,1,0.25,0.3393289900721753,0.49479658945831884,0.2827953175681231,True,-1,0,0.7191400227973495
nq_120,1.0,15,5,4,2,4,2,1,0.25,0.3393289900721753,0.49479658945831884,0.2827953175681231,True,-1,0,0.7124661444724245
nq_120,2.0,15,5,4,2,4,2,1,0.25,0.3393289900721753,0.49479658945831884,0.2827953175681231,True,-1,0,0.7124661444724245
nq_121,0.0,15,5,9,3,5,2,3,0.3333333333333333,0.09759388327250824,0.10495701332360495,0.08654918819586317,False,0,0,0.7792417385228148
nq_121,0.05,15,5,9,3,5,2,3,0.3333333333333333,0.09759388327250824,0.10495701332360495,0.08654918819586317,False,0,0,0.7792417385228148
nq_121,0.1,15,5,9,3,5,2,3,0.3333333333333333,0.09759388327250824,0.10495701332360495,0.08654918819586317,False,0,0,0.7792417385228148
nq_121,0.2,15,5,9,3,5,2,3,0.3333333333333333,0.09759388327250824,0.10495701332360495,0.08654918819586317,False,0,0,0.7792417385228148
nq_121,0.5,15,5,9,3,5,2,3,0.3333333333333333,0.09759388327250824,0.10495701332360495,0.08654918819586317,True,0,0,0.8018661542328944
nq_121,1.0,15,5,9,3,5,2,3,0.3333333333333333,0.09759388327250824,0.10495701332360495,0.08654918819586317,True,0,0,0.8018661542328944
nq_121,2.0,15,5,9,3,5,2,3,0.3333333333333333,0.09759388327250824,0.10495701332360495,0.08654918819586317,True,0,0,0.8018661542328944
nq_122,0.0,15,5,0,0,0,0,0,0.0,0.4388237305286776,0.0,0.4388237305286776,False,0,0,0.7727713726849235
nq_122,0.05,15,5,0,0,0,0,0,0.0,0.4388237305286776,0.0,0.4388237305286776,False,0,0,0.7727713726849235
nq_122,0.1,15,5,0,0,0,0,0,0.0,0.4388237305286776,0.0,0.4388237305286776,False,0,0,0.7727713726849235
nq_122,0.2,15,5,0,0,0,0,0,0.0,0.4388237305286776,0.0,0.4388237305286776,True,0,0,0.7524625866558179
nq_122,0.5,15,5,0,0,0,0,0,0.0,0.4388237305286776,0.0,0.4388237305286776,True,0,0,0.7243386510151024
nq_122,1.0,15,5,0,0,0,0,0,0.0,0.4388237305286776,0.0,0.4388237305286776,True,0,0,0.7163429375878616
nq_122,2.0,15,5,0,0,0,0,0,0.0,0.4388237305286776,0.0,0.4388237305286776,True,0,0,0.7163429375878616
nq_123,0.0,15,5,5,1,5,4,1,0.2,0.08548763717413609,0.042275386440066655,0.10709376254117083,False,0,0,0.7669353862106378
nq_123,0.05,15,5,5,1,5,4,1,0.2,0.08548763717413609,0.042275386440066655,0.10709376254117083,False,0,0,0.7669353862106378
nq_123,0.1,15,5,5,1,5,4,1,0.2,0.08548763717413609,0.042275386440066655,0.10709376254117083,False,0,0,0.7669353862106378
nq_123,0.2,15,5,5,1,5,4,1,0.2,0.08548763717413609,0.042275386440066655,0.10709376254117083,True,0,0,0.7592455142076948
nq_123,0.5,15,5,5,1,5,4,1,0.2,0.08548763717413609,0.042275386440066655,0.10709376254117083,True,0,0,0.7564632677320946
nq_123,1.0,15,5,5,1,5,4,1,0.2,0.08548763717413609,0.042275386440066655,0.10709376254117083,True,0,0,0.7564632677320946
nq_123,2.0,15,5,5,1,5,4,1,0.2,0.08548763717413609,0.042275386440066655,0.10709376254117083,True,0,0,0.7564632677320946
nq_124,0.0,15,5,1,1,1,0,1,1.0,0.14883264088876386,0.0,0.15946354380938985,False,0,0,0.6442077852313124
nq_124,0.05,15,5,1,1,1,0,1,1.0,0.14883264088876386,0.0,0.15946354380938985,False,0,0,0.6442077852313124
nq_124,0.1,15,5,1,1,1,0,1,1.0,0.14883264088876386,0.0,0.15946354380938985,False,0,0,0.6442077852313124
nq_124,0.2,15,5,1,1,1,0,1,1.0,0.14883264088876386,0.0,0.15946354380938985,True,0,0,0.6823289729415191
nq_124,0.5,15,5,1,1,1,0,1,1.0,0.14883264088876386,0.0,0.15946354380938985,True,0,0,0.6823289729415191
nq_124,1.0,15,5,1,1,1,0,1,1.0,0.14883264088876386,0.0,0.15946354380938985,True,0,0,0.7539301704604083
nq_124,2.0,15,5,1,1,1,0,1,1.0,0.14883264088876386,0.0,0.15946354380938985,True,0,0,0.7539301704604083
nq_125,0.0,15,5,9,3,5,2,3,0.3333333333333333,0.34376127383687294,0.3459647981137015,0.3404559874216302,False,0,0,0.7352406580159325
nq_125,0.05,15,5,9,3,5,2,3,0.3333333333333333,0.34376127383687294,0.3459647981137015,0.3404559874216302,False,0,0,0.7352406580159325
nq_125,0.1,15,5,9,3,5,2,3,0.3333333333333333,0.34376127383687294,0.3459647981137015,0.3404559874216302,False,0,0,0.7352406580159325
nq_125,0.2,15,5,9,3,5,2,3,0.3333333333333333,0.34376127383687294,0.3459647981137015,0.3404559874216302,False,0,0,0.7352406580159325
nq_125,0.5,15,5,9,3,5,2,3,0.3333333333333333,0.34376127383687294,0.3459647981137015,0.3404559874216302,True,0,0,0.7853649874657799
nq_125,1.0,15,5,9,3,5,2,4,0.4444444444444444,0.34376127383687294,0.3459647981137015,0.3404559874216302,True,1,1,0.9008238566901083
nq_125,2.0,15,5,9,3,5,2,2,0.2222222222222222,0.34376127383687294,0.3459647981137015,0.3404559874216302,True,-1,0,0.8802346416453221
nq_126,0.0,15,5,3,1,3,2,1,0.3333333333333333,0.05739665605848597,0.24720659417022442,0.009944171530551356,False,0,0,0.6652558434274194
nq_126,0.05,15,5,3,1,3,2,1,0.3333333333333333,0.05739665605848597,0.24720659417022442,0.009944171530551356,False,0,0,0.6652558434274194
nq_126,0.1,15,5,3,1,3,2,1,0.3333333333333333,0.05739665605848597,0.24720659417022442,0.009944171530551356,False,0,0,0.6652558434274194
nq_126,0.2,15,5,3,1,3,2,1,0.3333333333333333,0.05739665605848597,0.24720659417022442,0.009944171530551356,False,0,0,0.6652558434274194
nq_126,0.5,15,5,3,1,3,2,1,0.3333333333333333,0.05739665605848597,0.24720659417022442,0.009944171530551356,False,0,0,0.6652558434274194
nq_126,1.0,15,5,3,1,3,2,1,0.3333333333333333,0.05739665605848597,0.24720659417022442,0.009944171530551356,False,0,0,0.6652558434274194
nq_126,2.0,15,5,3,1,3,2,1,0.3333333333333333,0.05739665605848597,0.24720659417022442,0.009944171530551356,True,0,0,0.6746134310771267
nq_127,0.0,15,5,4,2,4,2,2,0.5,0.009358267422807598,0.017456697516768007,0.006413383752276539,False,0,0,0.7377998458095565
nq_127,0.05,15,5,4,2,4,2,2,0.5,0.009358267422807598,0.017456697516768007,0.006413383752276539,False,0,0,0.7377998458095565
nq_127,0.1,15,5,4,2,4,2,2,0.5,0.009358267422807598,0.017456697516768007,0.006413383752276539,False,0,0,0.7377998458095565
nq_127,0.2,15,5,4,2,4,2,2,0.5,0.009358267422807598,0.017456697516768007,0.006413383752276539,False,0,0,0.7377998458095565
nq_127,0.5,15,5,4,2,4,2,2,0.5,0.009358267422807598,0.017456697516768007,0.006413383752276539,False,0,0,0.7377998458095565
nq_127,1.0,15,5,4,2,4,2,3,0.75,0.009358267422807598,0.017456697516768007,0.006413383752276539,True,1,1,0.7420960036908232
nq_127,2.0,15,5,4,2,4,2,3,0.75,0.009358267422807598,0.017456697516768007,0.006413383752276539,True,1,1,0.7420960036908232
nq_128,0.0,15,5,7,3,5,2,3,0.42857142857142855,0.5791841419409984,0.6376020750143496,0.528068450501816,False,0,0,0.8123191957317971
nq_128,0.05,15,5,7,3,5,2,3,0.42857142857142855,0.5791841419409984,0.6376020750143496,0.528068450501816,False,0,0,0.8123191957317971
nq_128,0.1,15,5,7,3,5,2,3,0.42857142857142855,0.5791841419409984,0.6376020750143496,0.528068450501816,False,0,0,0.8123191957317971
nq_128,0.2,15,5,7,3,5,2,4,0.5714285714285714,0.5791841419409984,0.6376020750143496,0.528068450501816,True,1,1,0.8244780516456011
nq_128,0.5,15,5,7,3,5,2,3,0.42857142857142855,0.5791841419409984,0.6376020750143496,0.528068450501816,True,0,0,0.799889244112651
nq_128,1.0,15,5,7,3,5,2,3,0.42857142857142855,0.5791841419409984,0.6376020750143496,0.528068450501816,True,0,0,0.7775292611044684
nq_128,2.0,15,5,7,3,5,2,3,0.42857142857142855,0.5791841419409984,0.6376020750143496,0.528068450501816,True,0,0,0.771045235216648
nq_129,0.0,15,5,7,2,5,3,2,0.2857142857142857,0.5011532047357224,0.39811895308533796,0.5913081749298089,False,0,0,0.7370344831346168
nq_129,0.05,15,5,7,2,5,3,2,0.2857142857142857,0.5011532047357224,0.39811895308533796,0.5913081749298089,False,0,0,0.7370344831346168
nq_129,0.1,15,5,7,2,5,3,2,0.2857142857142857,0.5011532047357224,0.39811895308533796,0.5913081749298089,False,0,0,0.7370344831346168
nq_129,0.2,15,5,7,2,5,3,2,0.2857142857142857,0.5011532047357224,0.39811895308533796,0.5913081749298089,False,0,0,0.7370344831346168
nq_129,0.5,15,5,7,2,5,3,3,0.42857142857142855,0.5011532047357224,0.39811895308533796,0.5913081749298089,True,1,1,0.7249579209879861
nq_129,1.0,15,5,7,2,5,3,1,0.14285714285714285,0.5011532047357224,0.39811895308533796,0.5913081749298089,True,-1,0,0.6951899608571277
nq_129,2.0,15,5,7,2,5,3,1,0.14285714285714285,0.5011532047357224,0.39811895308533796,0.5913081749298089,True,-1,0,0.6951899608571277
nq_13,0.0,15,5,7,5,5,0,5,0.7142857142857143,0.1697464911425106,0.17810470901745354,0.16243305050193557,False,0,0,0.8473733470427754
nq_13,0.05,15,5,7,5,5,0,5,0.7142857142857143,0.1697464911425106,0.17810470901745354,0.16243305050193557,False,0,0,0.8473733470427754
nq_13,0.1,15,5,7,5,5,0,5,0.7142857142857143,0.1697464911425106,0.17810470901745354,0.16243305050193557,False,0,0,0.8473733470427754
nq_13,0.2,15,5,7,5,5,0,5,0.7142857142857143,0.1697464911425106,0.17810470901745354,0.16243305050193557,False,0,0,0.8473733470427754
nq_13,0.5,15,5,7,5,5,0,5,0.7142857142857143,0.1697464911425106,0.17810470901745354,0.16243305050193557,True,0,0,0.8432613098364949
nq_13,1.0,15,5,7,5,5,0,4,0.5714285714285714,0.1697464911425106,0.17810470901745354,0.16243305050193557,True,-1,0,0.7784191027620284
nq_13,2.0,15,5,7,5,5,0,4,0.5714285714285714,0.1697464911425106,0.17810470901745354,0.16243305050193557,True,-1,0,0.7784191027620284
nq_130,0.0,15,5,0,0,0,0,0,0.0,0.3751470558321352,0.0,0.3751470558321352,False,0,0,0.7940226502470021
nq_130,0.05,15,5,0,0,0,0,0,0.0,0.3751470558321352,0.0,0.3751470558321352,False,0,0,0.7940226502470021
nq_130,0.1,15,5,0,0,0,0,0,0.0,0.3751470558321352,0.0,0.3751470558321352,False,0,0,0.7940226502470021
nq_130,0.2,15,5,0,0,0,0,0,0.0,0.3751470558321352,0.0,0.3751470558321352,False,0,0,0.7940226502470021
nq_130,0.5,15,5,0,0,0,0,0,0.0,0.3751470558321352,0.0,0.3751470558321352,True,0,0,0.816334345520449
nq_130,1.0,15,5,0,0,0,0,0,0.0,0.3751470558321352,0.0,0.3751470558321352,True,0,0,0.816334345520449
nq_130,2.0,15,5,0,0,0,0,0,0.0,0.3751470558321352,0.0,0.3751470558321352,True,0,0,0.7752512503635505
nq_131,0.0,15,5,3,1,3,2,1,0.3333333333333333,0.6550759245225835,0.6366199798004417,0.6596899107031189,False,0,0,0.8652190216258505
nq_131,0.05,15,5,3,1,3,2,1,0.3333333333333333,0.6550759245225835,0.6366199798004417,0.6596899107031189,False,0,0,0.8652190216258505
nq_131,0.1,15,5,3,1,3,2,1,0.3333333333333333,0.6550759245225835,0.6366199798004417,0.6596899107031189,False,0,0,0.8652190216258505
nq_131,0.2,15,5,3,1,3,2,1,0.3333333333333333,0.6550759245225835,0.6366199798004417,0.6596899107031189,False,0,0,0.8652190216258505
nq_131,0.5,15,5,3,1,3,2,0,0.0,0.6550759245225835,0.6366199798004417,0.6596899107031189,True,-1,0,0.8617547240671459
nq_131,1.0,15,5,3,1,3,2,0,0.0,0.6550759245225835,0.6366199798004417,0.6596899107031189,True,-1,0,0.8382849900266327
nq_131,2.0,15,5,3,1,3,2,0,0.0,0.6550759245225835,0.6366199798004417,0.6596899107031189,True,-1,0,0.8374807186240039
nq_132,0.0,15,5,1,0,1,1,0,0.0,0.4251603150219338,0.24180674801503668,0.4382569983795693,False,0,0,0.8171247351908738
nq_132,0.05,15,5,1,0,1,1,0,0.0,0.4251603150219338,0.24180674801503668,0.4382569983795693,False,0,0,0.8171247351908738
nq_132,0.1,15,5,1,0,1,1,0,0.0,0.4251603150219338,0.24180674801503668,0.4382569983795693,False,0,0,0.8171247351908738
nq_132,0.2,15,5,1,0,1,1,0,0.0,0.4251603150219338,0.24180674801503668,0.4382569983795693,False,0,0,0.8171247351908738
nq_132,0.5,15,5,1,0,1,1,0,0.0,0.4251603150219338,0.24180674801503668,0.4382569983795693,False,0,0,0.8171247351908738
nq_132,1.0,15,5,1,0,1,1,0,0.0,0.4251603150219338,0.24180674801503668,0.4382569983795693,False,0,0,0.8171247351908738
nq_132,2.0,15,5,1,0,1,1,0,0.0,0.4251603150219338,0.24180674801503668,0.4382569983795693,False,0,0,0.8171247351908738
nq_133,0.0,15,5,3,1,3,2,1,0.3333333333333333,0.6841445857213985,0.6300076407426162,0.6976788219660941,False,0,0,0.8272279140830273
nq_133,0.05,15,5,3,1,3,2,1,0.3333333333333333,0.6841445857213985,0.6300076407426162,0.6976788219660941,False,0,0,0.8272279140830273
nq_133,0.1,15,5,3,1,3,2,1,0.3333333333333333,0.6841445857213985,0.6300076407426162,0.6976788219660941,False,0,0,0.8272279140830273
nq_133,0.2,15,5,3,1,3,2,1,0.3333333333333333,0.6841445857213985,0.6300076407426162,0.6976788219660941,False,0,0,0.8272279140830273
nq_133,0.5,15,5,3,1,3,2,1,0.3333333333333333,0.6841445857213985,0.6300076407426162,0.6976788219660941,True,0,0,0.8126987395763825
nq_133,1.0,15,5,3,1,3,2,1,0.3333333333333333,0.6841445857213985,0.6300076407426162,0.6976788219660941,True,0,0,0.8089492805301999
nq_133,2.0,15,5,3,1,3,2,1,0.3333333333333333,0.6841445857213985,0.6300076407426162,0.6976788219660941,True,0,0,0.8067602096082073
nq_134,0.0,15,5,3,2,3,1,2,0.6666666666666666,0.43438735336210926,0.5837296880773016,0.3970517696833112,False,0,0,0.773066629656953
nq_134,0.05,15,5,3,2,3,1,2,0.6666666666666666,0.43438735336210926,0.5837296880773016,0.3970517696833112,True,0,0,0.8151428496104943
nq_134,0.1,15,5,3,2,3,1,2,0.6666666666666666,0.43438735336210926,0.5837296880773016,0.3970517696833112,True,0,0,0.8250622533998406
nq_134,0.2,15,5,3,2,3,1,2,0.6666666666666666,0.43438735336210926,0.5837296880773016,0.3970517696833112,True,0,0,0.8250622533998406
nq_134,0.5,15,5,3,2,3,1,2,0.6666666666666666,0.43438735336210926,0.5837296880773016,0.3970517696833112,True,0,0,0.8250622533998406
nq_134,1.0,15,5,3,2,3,1,2,0.6666666666666666,0.43438735336210926,0.5837296880773016,0.3970517696833112,True,0,0,0.8151428496104943
nq_134,2.0,15,5,3,2,3,1,2,0.6666666666666666,0.43438735336210926,0.5837296880773016,0.3970517696833112,False,0,0,0.773066629656953
nq_135,0.0,15,5,0,0,0,0,0,0.0,0.34298441233629473,0.0,0.34298441233629473,False,0,0,0.6389181590582893
nq_135,0.05,15,5,0,0,0,0,0,0.0,0.34298441233629473,0.0,0.34298441233629473,False,0,0,0.6389181590582893
nq_135,0.1,15,5,0,0,0,0,0,0.0,0.34298441233629473,0.0,0.34298441233629473,False,0,0,0.6389181590582893
nq_135,0.2,15,5,0,0,0,0,0,0.0,0.34298441233629473,0.0,0.34298441233629473,False,0,0,0.6389181590582893
nq_135,0.5,15,5,0,0,0,0,0,0.0,0.34298441233629473,0.0,0.34298441233629473,False,0,0,0.6389181590582893
nq_135,1.0,15,5,0,0,0,0,0,0.0,0.34298441233629473,0.0,0.34298441233629473,False,0,0,0.6389181590582893
nq_135,2.0,15,5,0,0,0,0,0,0.0,0.34298441233629473,0.0,0.34298441233629473,True,0,0,0.6277822235092808
nq_136,0.0,15,5,1,1,1,0,1,1.0,0.07016022226146883,0.40700694497544027,0.046099742067613726,False,0,0,0.6164406131801936
nq_136,0.05,15,5,1,1,1,0,1,1.0,0.07016022226146883,0.40700694497544027,0.046099742067613726,False,0,0,0.6164406131801936
nq_136,0.1,15,5,1,1,1,0,1,1.0,0.07016022226146883,0.40700694497544027,0.046099742067613726,True,0,0,0.6352372974651957
nq_136,0.2,15,5,1,1,1,0,1,1.0,0.07016022226146883,0.40700694497544027,0.046099742067613726,True,0,0,0.6352372974651957
nq_136,0.5,15,5,1,1,1,0,1,1.0,0.07016022226146883,0.40700694497544027,0.046099742067613726,True,0,0,0.6352372974651957
nq_136,1.0,15,5,1,1,1,0,1,1.0,0.07016022226146883,0.40700694497544027,0.046099742067613726,True,0,0,0.6352372974651957
nq_136,2.0,15,5,1,1,1,0,1,1.0,0.07016022226146883,0.40700694497544027,0.046099742067613726,True,0,0,0.6665974475211572
nq_137,0.0,15,5,2,1,2,1,1,0.5,0.07266595293173128,0.109694873255352,0.06696919595886655,False,0,0,0.7618146121140696
nq_137,0.05,15,5,2,1,2,1,2,1.0,0.07266595293173128,0.109694873255352,0.06696919595886655,True,1,1,0.7745203457840191
nq_137,0.1,15,5,2,1,2,1,2,1.0,0.07266595293173128,0.109694873255352,0.06696919595886655,True,1,1,0.7745203457840191
nq_137,0.2,15,5,2,1,2,1,2,1.0,0.07266595293173128,0.109694873255352,0.06696919595886655,True,1,1,0.7745203457840191
nq_137,0.5,15,5,2,1,2,1,2,1.0,0.07266595293173128,0.109694873255352,0.06696919595886655,True,1,1,0.7745203457840191
nq_137,1.0,15,5,2,1,2,1,2,1.0,0.07266595293173128,0.109694873255352,0.06696919595886655,True,1,1,0.7745203457840191
nq_137,2.0,15,5,2,1,2,1,2,1.0,0.07266595293173128,0.109694873255352,0.06696919595886655,True,1,1,0.7882257194483644
nq_138,0.0,15,5,0,0,0,0,0,0.0,0.305685265031563,0.0,0.305685265031563,False,0,0,0.777208464312489
nq_138,0.05,15,5,0,0,0,0,0,0.0,0.305685265031563,0.0,0.305685265031563,True,0,0,0.8073466658349732
nq_138,0.1,15,5,0,0,0,0,0,0.0,0.305685265031563,0.0,0.305685265031563,True,0,0,0.8073466658349732
nq_138,0.2,15,5,0,0,0,0,0,0.0,0.305685265031563,0.0,0.305685265031563,True,0,0,0.8073466658349732
nq_138,0.5,15,5,0,0,0,0,0,0.0,0.305685265031563,0.0,0.305685265031563,True,0,0,0.8073466658349732
nq_138,1.0,15,5,0,0,0,0,0,0.0,0.305685265031563,0.0,0.305685265031563,True,0,0,0.8073466658349732
nq_138,2.0,15,5,0,0,0,0,0,0.0,0.305685265031563,0.0,0.305685265031563,True,0,0,0.7703680648516313
nq_139,0.0,15,5,0,0,0,0,0,0.0,0.08090594576193975,0.0,0.08090594576193975,False,0,0,0.6566471867322841
nq_139,0.05,15,5,0,0,0,0,0,0.0,0.08090594576193975,0.0,0.08090594576193975,False,0,0,0.6566471867322841
nq_139,0.1,15,5,0,0,0,0,0,0.0,0.08090594576193975,0.0,0.08090594576193975,True,0,0,0.657531385478303
nq_139,0.2,15,5,0,0,0,0,0,0.0,0.08090594576193975,0.0,0.08090594576193975,True,0,0,0.657531385478303
nq_139,0.5,15,5,0,0,0,0,0,0.0,0.08090594576193975,0.0,0.08090594576193975,True,0,0,0.6635614949268261
nq_139,1.0,15,5,0,0,0,0,0,0.0,0.08090594576193975,0.0,0.08090594576193975,True,0,0,0.6635614949268261
nq_139,2.0,15,5,0,0,0,0,0,0.0,0.08090594576193975,0.0,0.08090594576193975,True,0,0,0.6635614949268261
nq_14,0.0,15,5,5,1,5,4,1,0.2,0.06873090536912779,6.87571324339581e-05,0.10306197948747471,False,0,0,0.7280395526872178
nq_14,0.05,15,5,5,1,5,4,1,0.2,0.06873090536912779,6.87571324339581e-05,0.10306197948747471,False,0,0,0.7280395526872178
nq_14,0.1,15,5,5,1,5,4,1,0.2,0.06873090536912779,6.87571324339581e-05,0.10306197948747471,False,0,0,0.7280395526872178
nq_14,0.2,15,5,5,1,5,4,1,0.2,0.06873090536912779,6.87571324339581e-05,0.10306197948747471,False,0,0,0.7280395526872178
nq_14,0.5,15,5,5,1,5,4,1,0.2,0.06873090536912779,6.87571324339581e-05,0.10306197948747471,False,0,0,0.7280395526872178
nq_14,1.0,15,5,5,1,5,4,1,0.2,0.06873090536912779,6.87571324339581e-05,0.10306197948747471,False,0,0,0.7280395526872178
nq_14,2.0,15,5,5,1,5,4,1,0.2,0.06873090536912779,6.87571324339581e-05,0.10306197948747471,False,0,0,0.7280395526872178
nq_140,0.0,15,5,2,2,2,0,2,1.0,0.10099260187358336,0.0021555232000562315,0.11619830628489523,False,0,0,0.8715623286380101
nq_140,0.05,15,5,2,2,2,0,2,1.0,0.10099260187358336,0.0021555232000562315,0.11619830628489523,False,0,0,0.8715623286380101
nq_140,0.1,15,5,2,2,2,0,2,1.0,0.10099260187358336,0.0021555232000562315,0.11619830628489523,False,0,0,0.8715623286380101
nq_140,0.2,15,5,2,2,2,0,2,1.0,0.10099260187358336,0.0021555232000562315,0.11619830628489523,False,0,0,0.8715623286380101
nq_140,0.5,15,5,2,2,2,0,2,1.0,0.10099260187358336,0.0021555232000562315,0.11619830628489523,False,0,0,0.8715623286380101
nq_140,1.0,15,5,2,2,2,0,2,1.0,0.10099260187358336,0.0021555232000562315,0.11619830628489523,False,0,0,0.8715623286380101
nq_140,2.0,15,5,2,2,2,0,2,1.0,0.10099260187358336,0.0021555232000562315,0.11619830628489523,False,0,0,0.8715623286380101
nq_141,0.0,15,5,13,5,5,0,5,0.38461538461538464,0.33117116591580414,0.30162416814283255,0.5232266514401199,False,0,0,0.8469424092156383
nq_141,0.05,15,5,13,5,5,0,5,0.38461538461538464,0.33117116591580414,0.30162416814283255,0.5232266514401199,False,0,0,0.8469424092156383
nq_141,0.1,15,5,13,5,5,0,4,0.3076923076923077,0.33117116591580414,0.30162416814283255,0.5232266514401199,True,-1,0,0.8217681295696181
nq_141,0.2,15,5,13,5,5,0,5,0.38461538461538464,0.33117116591580414,0.30162416814283255,0.5232266514401199,True,0,0,0.8127217639725293
nq_141,0.5,15,5,13,5,5,0,5,0.38461538461538464,0.33117116591580414,0.30162416814283255,0.5232266514401199,True,0,0,0.7988114578729486
nq_141,1.0,15,5,13,5,5,0,5,0.38461538461538464,0.33117116591580414,0.30162416814283255,0.5232266514401199,True,0,0,0.7988114578729486
nq_141,2.0,15,5,13,5,5,0,5,0.38461538461538464,0.33117116591580414,0.30162416814283255,0.5232266514401199,True,0,0,0.7988114578729486
nq_142,0.0,15,5,13,5,5,0,5,0.38461538461538464,0.3940255643587368,0.3851463981370004,0.4517401448000231,False,0,0,0.8491524205466202
nq_142,0.05,15,5,13,5,5,0,5,0.38461538461538464,0.3940255643587368,0.3851463981370004,0.4517401448000231,False,0,0,0.8491524205466202
nq_142,0.1,15,5,13,5,5,0,5,0.38461538461538464,0.3940255643587368,0.3851463981370004,0.4517401448000231,False,0,0,0.8491524205466202
nq_142,0.2,15,5,13,5,5,0,5,0.38461538461538464,0.3940255643587368,0.3851463981370004,0.4517401448000231,False,0,0,0.8491524205466202
nq_142,0.5,15,5,13,5,5,0,5,0.38461538461538464,0.3940255643587368,0.3851463981370004,0.4517401448000231,False,0,0,0.8491524205466202
nq_142,1.0,15,5,13,5,5,0,5,0.38461538461538464,0.3940255643587368,0.3851463981370004,0.4517401448000231,False,0,0,0.8491524205466202
nq_142,2.0,15,5,13,5,5,0,4,0.3076923076923077,0.3940255643587368,0.3851463981370004,0.4517401448000231,True,-1,0,0.7992316766569888
nq_143,0.0,15,5,2,2,2,0,2,1.0,0.523757442502634,8.012654787158137e-05,0.6043231834187514,False,0,0,0.7396299247987199
nq_143,0.05,15,5,2,2,2,0,2,1.0,0.523757442502634,8.012654787158137e-05,0.6043231834187514,True,0,0,0.7367971694392382
nq_143,0.1,15,5,2,2,2,0,2,1.0,0.523757442502634,8.012654787158137e-05,0.6043231834187514,True,0,0,0.7367971694392382
nq_143,0.2,15,5,2,2,2,0,1,0.5,0.523757442502634,8.012654787158137e-05,0.6043231834187514,True,-1,0,0.7069602750764536
nq_143,0.5,15,5,2,2,2,0,0,0.0,0.523757442502634,8.012654787158137e-05,0.6043231834187514,True,-2,0,0.6898412967245975
nq_143,1.0,15,5,2,2,2,0,0,0.0,0.523757442502634,8.012654787158137e-05,0.6043231834187514,True,-2,0,0.6898412967245975
nq_143,2.0,15,5,2,2,2,0,0,0.0,0.523757442502634,8.012654787158137e-05,0.6043231834187514,True,-2,0,0.6898412967245975
nq_144,0.0,15,5,15,5,5,0,5,0.3333333333333333,0.004472384076501029,0.004472384076501029,0.0,False,0,0,0.8813945156728404
nq_144,0.05,15,5,15,5,5,0,5,0.3333333333333333,0.004472384076501029,0.004472384076501029,0.0,True,0,0,0.8798856033453581
nq_144,0.1,15,5,15,5,5,0,5,0.3333333333333333,0.004472384076501029,0.004472384076501029,0.0,True,0,0,0.8798856033453581
nq_144,0.2,15,5,15,5,5,0,5,0.3333333333333333,0.004472384076501029,0.004472384076501029,0.0,True,0,0,0.8798856033453581
nq_144,0.5,15,5,15,5,5,0,5,0.3333333333333333,0.004472384076501029,0.004472384076501029,0.0,True,0,0,0.8798856033453581
nq_144,1.0,15,5,15,5,5,0,5,0.3333333333333333,0.004472384076501029,0.004472384076501029,0.0,True,0,0,0.8798856033453581
nq_144,2.0,15,5,15,5,5,0,5,0.3333333333333333,0.004472384076501029,0.004472384076501029,0.0,True,0,0,0.8798856033453581
nq_145,0.0,15,5,1,0,1,1,0,0.0,0.18518699106267278,0.10462491707336212,0.19094142491905214,False,0,0,0.7651819965285322
nq_145,0.05,15,5,1,0,1,1,0,0.0,0.18518699106267278,0.10462491707336212,0.19094142491905214,False,0,0,0.7651819965285322
nq_145,0.1,15,5,1,0,1,1,0,0.0,0.18518699106267278,0.10462491707336212,0.19094142491905214,False,0,0,0.7651819965285322
nq_145,0.2,15,5,1,0,1,1,0,0.0,0.18518699106267278,0.10462491707336212,0.19094142491905214,False,0,0,0.7651819965285322
nq_145,0.5,15,5,1,0,1,1,0,0.0,0.18518699106267278,0.10462491707336212,0.19094142491905214,True,0,0,0.8182779761026812
nq_145,1.0,15,5,1,0,1,1,0,0.0,0.18518699106267278,0.10462491707336212,0.19094142491905214,True,0,0,0.8182779761026812
nq_145,2.0,15,5,1,0,1,1,0,0.0,0.18518699106267278,0.10462491707336212,0.19094142491905214,True,0,0,0.8801306528060067
nq_146,0.0,15,5,5,3,5,2,3,0.6,0.5350698641387024,0.10494618546780594,0.7501317034741506,False,0,0,0.7660852427250855
nq_146,0.05,15,5,5,3,5,2,3,0.6,0.5350698641387024,0.10494618546780594,0.7501317034741506,False,0,0,0.7660852427250855
nq_146,0.1,15,5,5,3,5,2,3,0.6,0.5350698641387024,0.10494618546780594,0.7501317034741506,False,0,0,0.7660852427250855
nq_146,0.2,15,5,5,3,5,2,2,0.4,0.5350698641387024,0.10494618546780594,0.7501317034741506,True,-1,0,0.7321100452534518
nq_146,0.5,15,5,5,3,5,2,1,0.2,0.5350698641387024,0.10494618546780594,0.7501317034741506,True,-2,0,0.7080714136541169
nq_146,1.0,15,5,5,3,5,2,1,0.2,0.5350698641387024,0.10494618546780594,0.7501317034741506,True,-2,0,0.706797504619415
nq_146,2.0,15,5,5,3,5,2,1,0.2,0.5350698641387024,0.10494618546780594,0.7501317034741506,True,-2,0,0.706797504619415
nq_147,0.0,15,5,5,3,5,2,3,0.6,0.3836473788501216,0.09454941201918604,0.5281963622655894,False,0,0,0.7291558225464201
nq_147,0.05,15,5,5,3,5,2,3,0.6,0.3836473788501216,0.09454941201918604,0.5281963622655894,False,0,0,0.7291558225464201
nq_147,0.1,15,5,5,3,5,2,3,0.6,0.3836473788501216,0.09454941201918604,0.5281963622655894,False,0,0,0.7291558225464201
nq_147,0.2,15,5,5,3,5,2,3,0.6,0.3836473788501216,0.09454941201918604,0.5281963622655894,True,0,0,0.7142403325580163
nq_147,0.5,15,5,5,3,5,2,3,0.6,0.3836473788501216,0.09454941201918604,0.5281963622655894,True,0,0,0.7142403325580163
nq_147,1.0,15,5,5,3,5,2,2,0.4,0.3836473788501216,0.09454941201918604,0.5281963622655894,True,-1,0,0.7050181151234083
nq_147,2.0,15,5,5,3,5,2,1,0.2,0.3836473788501216,0.09454941201918604,0.5281963622655894,True,-2,0,0.6622216059501153
nq_148,0.0,15,5,6,4,5,1,4,0.6666666666666666,0.4979040965229759,0.3980573031727142,0.5644686254231503,False,0,0,0.8889065273481828
nq_148,0.05,15,5,6,4,5,1,4,0.6666666666666666,0.4979040965229759,0.3980573031727142,0.5644686254231503,False,0,0,0.8889065273481828
nq_148,0.1,15,5,6,4,5,1,4,0.6666666666666666,0.4979040965229759,0.3980573031727142,0.5644686254231503,False,0,0,0.8889065273481828
nq_148,0.2,15,5,6,4,5,1,3,0.5,0.4979040965229759,0.3980573031727142,0.5644686254231503,True,-1,0,0.8621091961654711
nq_148,0.5,15,5,6,4,5,1,2,0.3333333333333333,0.4979040965229759,0.3980573031727142,0.5644686254231503,True,-2,0,0.8618811788345848
nq_148,1.0,15,5,6,4,5,1,2,0.3333333333333333,0.4979040965229759,0.3980573031727142,0.5644686254231503,True,-2,0,0.8618811788345848
nq_148,2.0,15,5,6,4,5,1,2,0.3333333333333333,0.4979040965229759,0.3980573031727142,0.5644686254231503,True,-2,0,0.8381323955793059
nq_149,0.0,15,5,2,2,2,0,2,1.0,0.253173673345069,0.0873053871323152,0.2786918712239542,False,0,0,0.8490293243660301
nq_149,0.05,15,5,2,2,2,0,2,1.0,0.253173673345069,0.0873053871323152,0.2786918712239542,False,0,0,0.8490293243660301
nq_149,0.1,15,5,2,2,2,0,2,1.0,0.253173673345069,0.0873053871323152,0.2786918712239542,False,0,0,0.8490293243660301
nq_149,0.2,15,5,2,2,2,0,1,0.5,0.253173673345069,0.0873053871323152,0.2786918712239542,True,-1,0,0.8285246645543014
nq_149,0.5,15,5,2,2,2,0,1,0.5,0.253173673345069,0.0873053871323152,0.2786918712239542,True,-1,0,0.8285246645543014
nq_149,1.0,15,5,2,2,2,0,0,0.0,0.253173673345069,0.0873053871323152,0.2786918712239542,True,-2,0,0.8132323921460511
nq_149,2.0,15,5,2,2,2,0,0,0.0,0.253173673345069,0.0873053871323152,0.2786918712239542,True,-2,0,0.8100033912292783
nq_15,0.0,15,5,0,0,0,0,0,0.0,0.1458273383583786,0.0,0.1458273383583786,False,0,0,0.6727730841400222
nq_15,0.05,15,5,0,0,0,0,0,0.0,0.1458273383583786,0.0,0.1458273383583786,False,0,0,0.6727730841400222
nq_15,0.1,15,5,0,0,0,0,0,0.0,0.1458273383583786,0.0,0.1458273383583786,False,0,0,0.6727730841400222
nq_15,0.2,15,5,0,0,0,0,0,0.0,0.1458273383583786,0.0,0.1458273383583786,False,0,0,0.6727730841400222
nq_15,0.5,15,5,0,0,0,0,0,0.0,0.1458273383583786,0.0,0.1458273383583786,True,0,0,0.6952022496850265
nq_15,1.0,15,5,0,0,0,0,0,0.0,0.1458273383583786,0.0,0.1458273383583786,True,0,0,0.6952022496850265
nq_15,2.0,15,5,0,0,0,0,0,0.0,0.1458273383583786,0.0,0.1458273383583786,True,0,0,0.6952022496850265
nq_150,0.0,15,5,0,0,0,0,0,0.0,0.15329478730049786,0.0,0.15329478730049786,False,0,0,0.7100675979290155
nq_150,0.05,15,5,0,0,0,0,0,0.0,0.15329478730049786,0.0,0.15329478730049786,True,0,0,0.7560419387875472
nq_150,0.1,15,5,0,0,0,0,0,0.0,0.15329478730049786,0.0,0.15329478730049786,True,0,0,0.7560419387875472
nq_150,0.2,15,5,0,0,0,0,0,0.0,0.15329478730049786,0.0,0.15329478730049786,True,0,0,0.7805139875577072
nq_150,0.5,15,5,0,0,0,0,0,0.0,0.15329478730049786,0.0,0.15329478730049786,True,0,0,0.7805139875577072
nq_150,1.0,15,5,0,0,0,0,0,0.0,0.15329478730049786,0.0,0.15329478730049786,True,0,0,0.8234906138150446
nq_150,2.0,15,5,0,0,0,0,0,0.0,0.15329478730049786,0.0,0.15329478730049786,True,0,0,0.8234906138150446
nq_151,0.0,15,5,4,2,4,2,2,0.5,0.34670010711609733,0.5299426042146379,0.28006647180753713,False,0,0,0.8791730666282416
nq_151,0.05,15,5,4,2,4,2,2,0.5,0.34670010711609733,0.5299426042146379,0.28006647180753713,False,0,0,0.8791730666282416
nq_151,0.1,15,5,4,2,4,2,2,0.5,0.34670010711609733,0.5299426042146379,0.28006647180753713,False,0,0,0.8791730666282416
nq_151,0.2,15,5,4,2,4,2,2,0.5,0.34670010711609733,0.5299426042146379,0.28006647180753713,False,0,0,0.8791730666282416
nq_151,0.5,15,5,4,2,4,2,2,0.5,0.34670010711609733,0.5299426042146379,0.28006647180753713,False,0,0,0.8791730666282416
nq_151,1.0,15,5,4,2,4,2,2,0.5,0.34670010711609733,0.5299426042146379,0.28006647180753713,False,0,0,0.8791730666282416
nq_151,2.0,15,5,4,2,4,2,1,0.25,0.34670010711609733,0.5299426042146379,0.28006647180753713,True,-1,0,0.8259696260717723
nq_152,0.0,15,5,2,2,2,0,2,1.0,0.07636611280337748,9.53680108433812e-07,0.08811459882234195,False,0,0,0.8571879021623259
nq_152,0.05,15,5,2,2,2,0,2,1.0,0.07636611280337748,9.53680108433812e-07,0.08811459882234195,False,0,0,0.8571879021623259
nq_152,0.1,15,5,2,2,2,0,2,1.0,0.07636611280337748,9.53680108433812e-07,0.08811459882234195,False,0,0,0.8571879021623259
nq_152,0.2,15,5,2,2,2,0,2,1.0,0.07636611280337748,9.53680108433812e-07,0.08811459882234195,False,0,0,0.8571879021623259
nq_152,0.5,15,5,2,2,2,0,2,1.0,0.07636611280337748,9.53680108433812e-07,0.08811459882234195,True,0,0,0.8386477165946828
nq_152,1.0,15,5,2,2,2,0,2,1.0,0.07636611280337748,9.53680108433812e-07,0.08811459882234195,True,0,0,0.8386477165946828
nq_152,2.0,15,5,2,2,2,0,2,1.0,0.07636611280337748,9.53680108433812e-07,0.08811459882234195,True,0,0,0.8386477165946828
nq_153,0.0,15,5,2,1,2,1,1,0.5,0.5137642134719836,0.8143639145954604,0.4675181056068333,False,0,0,0.7144574577853933
nq_153,0.05,15,5,2,1,2,1,1,0.5,0.5137642134719836,0.8143639145954604,0.4675181056068333,False,0,0,0.7144574577853933
nq_153,0.1,15,5,2,1,2,1,1,0.5,0.5137642134719836,0.8143639145954604,0.4675181056068333,False,0,0,0.7144574577853933
nq_153,0.2,15,5,2,1,2,1,1,0.5,0.5137642134719836,0.8143639145954604,0.4675181056068333,False,0,0,0.7144574577853933
nq_153,0.5,15,5,2,1,2,1,1,0.5,0.5137642134719836,0.8143639145954604,0.4675181056068333,False,0,0,0.7144574577853933
nq_153,1.0,15,5,2,1,2,1,1,0.5,0.5137642134719836,0.8143639145954604,0.4675181056068333,True,0,0,0.694277382038063
nq_153,2.0,15,5,2,1,2,1,0,0.0,0.5137642134719836,0.8143639145954604,0.4675181056068333,True,-1,0,0.6765603949628952
nq_154,0.0,15,5,0,0,0,0,0,0.0,0.1395760148637163,0.0,0.1395760148637163,False,0,0,0.8810327436942466
nq_154,0.05,15,5,0,0,0,0,0,0.0,0.1395760148637163,0.0,0.1395760148637163,False,0,0,0.8810327436942466
nq_154,0.1,15,5,0,0,0,0,0,0.0,0.1395760148637163,0.0,0.1395760148637163,False,0,0,0.8810327436942466
nq_154,0.2,15,5,0,0,0,0,0,0.0,0.1395760148637163,0.0,0.1395760148637163,False,0,0,0.8810327436942466
nq_154,0.5,15,5,0,0,0,0,0,0.0,0.1395760148637163,0.0,0.1395760148637163,False,0,0,0.8810327436942466
nq_154,1.0,15,5,0,0,0,0,0,0.0,0.1395760148637163,0.0,0.1395760148637163,True,0,0,0.8907510453031801
nq_154,2.0,15,5,0,0,0,0,0,0.0,0.1395760148637163,0.0,0.1395760148637163,True,0,0,0.9103907119541521
nq_155,0.0,15,5,0,0,0,0,0,0.0,0.4491129581368058,0.0,0.4491129581368058,False,0,0,0.672553034025664
nq_155,0.05,15,5,0,0,0,0,0,0.0,0.4491129581368058,0.0,0.4491129581368058,False,0,0,0.672553034025664
nq_155,0.1,15,5,0,0,0,0,0,0.0,0.4491129581368058,0.0,0.4491129581368058,False,0,0,0.672553034025664
nq_155,0.2,15,5,0,0,0,0,0,0.0,0.4491129581368058,0.0,0.4491129581368058,False,0,0,0.672553034025664
nq_155,0.5,15,5,0,0,0,0,0,0.0,0.4491129581368058,0.0,0.4491129581368058,True,0,0,0.7211094149312826
nq_155,1.0,15,5,0,0,0,0,0,0.0,0.4491129581368058,0.0,0.4491129581368058,True,0,0,0.7211094149312826
nq_155,2.0,15,5,0,0,0,0,0,0.0,0.4491129581368058,0.0,0.4491129581368058,True,0,0,0.7038688711275665
nq_156,0.0,15,5,9,3,5,2,3,0.3333333333333333,0.7732742020666786,0.868200484403571,0.6308847785613396,False,0,0,0.8825600566606789
nq_156,0.05,15,5,9,3,5,2,3,0.3333333333333333,0.7732742020666786,0.868200484403571,0.6308847785613396,False,0,0,0.8825600566606789
nq_156,0.1,15,5,9,3,5,2,3,0.3333333333333333,0.7732742020666786,0.868200484403571,0.6308847785613396,False,0,0,0.8825600566606789
nq_156,0.2,15,5,9,3,5,2,3,0.3333333333333333,0.7732742020666786,0.868200484403571,0.6308847785613396,False,0,0,0.8825600566606789
nq_156,0.5,15,5,9,3,5,2,2,0.2222222222222222,0.7732742020666786,0.868200484403571,0.6308847785613396,True,-1,0,0.8515108105712695
nq_156,1.0,15,5,9,3,5,2,3,0.3333333333333333,0.7732742020666786,0.868200484403571,0.6308847785613396,True,0,0,0.8506496006078621
nq_156,2.0,15,5,9,3,5,2,3,0.3333333333333333,0.7732742020666786,0.868200484403571,0.6308847785613396,True,0,0,0.8506496006078621
nq_157,0.0,15,5,3,3,3,0,3,1.0,0.094699986297883,0.3299614401136994,0.03588462284392891,False,0,0,0.7270359531888193
nq_157,0.05,15,5,3,3,3,0,3,1.0,0.094699986297883,0.3299614401136994,0.03588462284392891,False,0,0,0.7270359531888193
nq_157,0.1,15,5,3,3,3,0,3,1.0,0.094699986297883,0.3299614401136994,0.03588462284392891,False,0,0,0.7270359531888193
nq_157,0.2,15,5,3,3,3,0,3,1.0,0.094699986297883,0.3299614401136994,0.03588462284392891,False,0,0,0.7270359531888193
nq_157,0.5,15,5,3,3,3,0,3,1.0,0.094699986297883,0.3299614401136994,0.03588462284392891,False,0,0,0.7270359531888193
nq_157,1.0,15,5,3,3,3,0,3,1.0,0.094699986297883,0.3299614401136994,0.03588462284392891,True,0,0,0.7727960271246715
nq_157,2.0,15,5,3,3,3,0,3,1.0,0.094699986297883,0.3299614401136994,0.03588462284392891,True,0,0,0.7727960271246715
nq_158,0.0,15,5,0,0,0,0,0,0.0,0.12855412118280504,0.0,0.12855412118280504,False,0,0,0.666841262445353
nq_158,0.05,15,5,0,0,0,0,0,0.0,0.12855412118280504,0.0,0.12855412118280504,False,0,0,0.666841262445353
nq_158,0.1,15,5,0,0,0,0,0,0.0,0.12855412118280504,0.0,0.12855412118280504,True,0,0,0.6961884779008666
nq_158,0.2,15,5,0,0,0,0,0,0.0,0.12855412118280504,0.0,0.12855412118280504,True,0,0,0.6961884779008666
nq_158,0.5,15,5,0,0,0,0,0,0.0,0.12855412118280504,0.0,0.12855412118280504,True,0,0,0.6961884779008666
nq_158,1.0,15,5,0,0,0,0,0,0.0,0.12855412118280504,0.0,0.12855412118280504,True,0,0,0.6961884779008666
nq_158,2.0,15,5,0,0,0,0,0,0.0,0.12855412118280504,0.0,0.12855412118280504,True,0,0,0.7215760473723191
nq_159,0.0,15,5,2,0,2,2,0,0.0,0.1820096317961788,0.23060910852254002,0.17453278922289248,False,0,0,0.7145377569418241
nq_159,0.05,15,5,2,0,2,2,0,0.0,0.1820096317961788,0.23060910852254002,0.17453278922289248,False,0,0,0.7145377569418241
nq_159,0.1,15,5,2,0,2,2,0,0.0,0.1820096317961788,0.23060910852254002,0.17453278922289248,False,0,0,0.7145377569418241
nq_159,0.2,15,5,2,0,2,2,0,0.0,0.1820096317961788,0.23060910852254002,0.17453278922289248,False,0,0,0.7145377569418241
nq_159,0.5,15,5,2,0,2,2,0,0.0,0.1820096317961788,0.23060910852254002,0.17453278922289248,False,0,0,0.7145377569418241
nq_159,1.0,15,5,2,0,2,2,1,0.5,0.1820096317961788,0.23060910852254002,0.17453278922289248,True,1,1,0.740987556872493
nq_159,2.0,15,5,2,0,2,2,1,0.5,0.1820096317961788,0.23060910852254002,0.17453278922289248,True,1,1,0.740987556872493
nq_16,0.0,15,5,1,1,1,0,1,1.0,0.320419983820221,0.7472227380103316,0.28993407280664174,False,0,0,0.7973541831371616
nq_16,0.05,15,5,1,1,1,0,1,1.0,0.320419983820221,0.7472227380103316,0.28993407280664174,False,0,0,0.7973541831371616
nq_16,0.1,15,5,1,1,1,0,1,1.0,0.320419983820221,0.7472227380103316,0.28993407280664174,False,0,0,0.7973541831371616
nq_16,0.2,15,5,1,1,1,0,1,1.0,0.320419983820221,0.7472227380103316,0.28993407280664174,False,0,0,0.7973541831371616
nq_16,0.5,15,5,1,1,1,0,1,1.0,0.320419983820221,0.7472227380103316,0.28993407280664174,True,0,0,0.8618908111389176
nq_16,1.0,15,5,1,1,1,0,1,1.0,0.320419983820221,0.7472227380103316,0.28993407280664174,True,0,0,0.8618908111389176
nq_16,2.0,15,5,1,1,1,0,0,0.0,0.320419983820221,0.7472227380103316,0.28993407280664174,True,-1,0,0.791988699291666
nq_160,0.0,15,5,1,1,1,0,1,1.0,0.3019125457704543,0.0,0.323477727611201,False,0,0,0.7405512967891584
nq_160,0.05,15,5,1,1,1,0,1,1.0,0.3019125457704543,0.0,0.323477727611201,False,0,0,0.7405512967891584
nq_160,0.1,15,5,1,1,1,0,1,1.0,0.3019125457704543,0.0,0.323477727611201,False,0,0,0.7405512967891584
nq_160,0.2,15,5,1,1,1,0,1,1.0,0.3019125457704543,0.0,0.323477727611201,False,0,0,0.7405512967891584
nq_160,0.5,15,5,1,1,1,0,1,1.0,0.3019125457704543,0.0,0.323477727611201,False,0,0,0.7405512967891584
nq_160,1.0,15,5,1,1,1,0,1,1.0,0.3019125457704543,0.0,0.323477727611201,False,0,0,0.7405512967891584
nq_160,2.0,15,5,1,1,1,0,1,1.0,0.3019125457704543,0.0,0.323477727611201,False,0,0,0.7405512967891584
nq_161,0.0,15,5,1,1,1,0,1,1.0,0.009538118351119331,0.0,0.010219412519056425,False,0,0,0.8251619575527271
nq_161,0.05,15,5,1,1,1,0,1,1.0,0.009538118351119331,0.0,0.010219412519056425,False,0,0,0.8251619575527271
nq_161,0.1,15,5,1,1,1,0,1,1.0,0.009538118351119331,0.0,0.010219412519056425,False,0,0,0.8251619575527271
nq_161,0.2,15,5,1,1,1,0,1,1.0,0.009538118351119331,0.0,0.010219412519056425,False,0,0,0.8251619575527271
nq_161,0.5,15,5,1,1,1,0,1,1.0,0.009538118351119331,0.0,0.010219412519056425,True,0,0,0.8295055751179319
nq_161,1.0,15,5,1,1,1,0,1,1.0,0.009538118351119331,0.0,0.010219412519056425,True,0,0,0.8314282869139893
nq_161,2.0,15,5,1,1,1,0,1,1.0,0.009538118351119331,0.0,0.010219412519056425,True,0,0,0.8314282869139893
nq_162,0.0,15,5,4,4,4,0,4,1.0,0.22536583664889628,0.05959729316622064,0.28564530700623286,False,0,0,0.7827820481251692
nq_162,0.05,15,5,4,4,4,0,4,1.0,0.22536583664889628,0.05959729316622064,0.28564530700623286,False,0,0,0.7827820481251692
nq_162,0.1,15,5,4,4,4,0,4,1.0,0.22536583664889628,0.05959729316622064,0.28564530700623286,False,0,0,0.7827820481251692
nq_162,0.2,15,5,4,4,4,0,4,1.0,0.22536583664889628,0.05959729316622064,0.28564530700623286,False,0,0,0.7827820481251692
nq_162,0.5,15,5,4,4,4,0,4,1.0,0.22536583664889628,0.05959729316622064,0.28564530700623286,False,0,0,0.7827820481251692
nq_162,1.0,15,5,4,4,4,0,3,0.75,0.22536583664889628,0.05959729316622064,0.28564530700623286,True,-1,0,0.756456875265805
nq_162,2.0,15,5,4,4,4,0,3,0.75,0.22536583664889628,0.05959729316622064,0.28564530700623286,True,-1,0,0.7525563676274698
nq_163,0.0,15,5,0,0,0,0,0,0.0,0.041175957881634154,0.0,0.041175957881634154,False,0,0,0.7001609607152997
nq_163,0.05,15,5,0,0,0,0,0,0.0,0.041175957881634154,0.0,0.041175957881634154,False,0,0,0.7001609607152997
nq_163,0.1,15,5,0,0,0,0,0,0.0,0.041175957881634154,0.0,0.041175957881634154,False,0,0,0.7001609607152997
nq_163,0.2,15,5,0,0,0,0,0,0.0,0.041175957881634154,0.0,0.041175957881634154,False,0,0,0.7001609607152997
nq_163,0.5,15,5,0,0,0,0,0,0.0,0.041175957881634154,0.0,0.041175957881634154,False,0,0,0.7001609607152997
nq_163,1.0,15,5,0,0,0,0,0,0.0,0.041175957881634154,0.0,0.041175957881634154,False,0,0,0.7001609607152997
nq_163,2.0,15,5,0,0,0,0,0,0.0,0.041175957881634154,0.0,0.041175957881634154,True,0,0,0.719174016910834
nq_164,0.0,15,5,2,2,2,0,2,1.0,0.23276367842979973,0.19135432542454858,0.23913434812291529,False,0,0,0.7277034887488416
nq_164,0.05,15,5,2,2,2,0,2,1.0,0.23276367842979973,0.19135432542454858,0.23913434812291529,False,0,0,0.7277034887488416
nq_164,0.1,15,5,2,2,2,0,2,1.0,0.23276367842979973,0.19135432542454858,0.23913434812291529,False,0,0,0.7277034887488416
nq_164,0.2,15,5,2,2,2,0,2,1.0,0.23276367842979973,0.19135432542454858,0.23913434812291529,False,0,0,0.7277034887488416
nq_164,0.5,15,5,2,2,2,0,2,1.0,0.23276367842979973,0.19135432542454858,0.23913434812291529,False,0,0,0.7277034887488416
nq_164,1.0,15,5,2,2,2,0,2,1.0,0.23276367842979973,0.19135432542454858,0.23913434812291529,True,0,0,0.7668622136092187
nq_164,2.0,15,5,2,2,2,0,2,1.0,0.23276367842979973,0.19135432542454858,0.23913434812291529,True,0,0,0.7668622136092187
nq_165,0.0,15,5,3,3,3,0,3,1.0,0.26903462328197614,0.43805469373640166,0.22677960566836974,False,0,0,0.721467143240701
nq_165,0.05,15,5,3,3,3,0,3,1.0,0.26903462328197614,0.43805469373640166,0.22677960566836974,False,0,0,0.721467143240701
nq_165,0.1,15,5,3,3,3,0,3,1.0,0.26903462328197614,0.43805469373640166,0.22677960566836974,False,0,0,0.721467143240701
nq_165,0.2,15,5,3,3,3,0,3,1.0,0.26903462328197614,0.43805469373640166,0.22677960566836974,False,0,0,0.721467143240701
nq_165,0.5,15,5,3,3,3,0,3,1.0,0.26903462328197614,0.43805469373640166,0.22677960566836974,True,0,0,0.792136422223213
nq_165,1.0,15,5,3,3,3,0,3,1.0,0.26903462328197614,0.43805469373640166,0.22677960566836974,True,0,0,0.792136422223213
nq_165,2.0,15,5,3,3,3,0,3,1.0,0.26903462328197614,0.43805469373640166,0.22677960566836974,True,0,0,0.787212112330886
nq_166,0.0,15,5,3,1,3,2,1,0.3333333333333333,0.44300246314477854,0.00026946302795454255,0.5536857131739845,False,0,0,0.8020173145914968
nq_166,0.05,15,5,3,1,3,2,1,0.3333333333333333,0.44300246314477854,0.00026946302795454255,0.5536857131739845,False,0,0,0.8020173145914968
nq_166,0.1,15,5,3,1,3,2,1,0.3333333333333333,0.44300246314477854,0.00026946302795454255,0.5536857131739845,False,0,0,0.8020173145914968
nq_166,0.2,15,5,3,1,3,2,1,0.3333333333333333,0.44300246314477854,0.00026946302795454255,0.5536857131739845,False,0,0,0.8020173145914968
nq_166,0.5,15,5,3,1,3,2,0,0.0,0.44300246314477854,0.00026946302795454255,0.5536857131739845,True,-1,0,0.7387324168134233
nq_166,1.0,15,5,3,1,3,2,0,0.0,0.44300246314477854,0.00026946302795454255,0.5536857131739845,True,-1,0,0.6976107767770484
nq_166,2.0,15,5,3,1,3,2,0,0.0,0.44300246314477854,0.00026946302795454255,0.5536857131739845,True,-1,0,0.6976107767770484
nq_167,0.0,15,5,2,2,2,0,2,1.0,0.4677295507671253,0.45966876281729935,0.4689696719901754,False,0,0,0.8129930450157558
nq_167,0.05,15,5,2,2,2,0,2,1.0,0.4677295507671253,0.45966876281729935,0.4689696719901754,False,0,0,0.8129930450157558
nq_167,0.1,15,5,2,2,2,0,2,1.0,0.4677295507671253,0.45966876281729935,0.4689696719901754,False,0,0,0.8129930450157558
nq_167,0.2,15,5,2,2,2,0,2,1.0,0.4677295507671253,0.45966876281729935,0.4689696719901754,False,0,0,0.8129930450157558
nq_167,0.5,15,5,2,2,2,0,2,1.0,0.4677295507671253,0.45966876281729935,0.4689696719901754,True,0,0,0.8579604624637376
nq_167,1.0,15,5,2,2,2,0,2,1.0,0.4677295507671253,0.45966876281729935,0.4689696719901754,True,0,0,0.8579604624637376
nq_167,2.0,15,5,2,2,2,0,1,0.5,0.4677295507671253,0.45966876281729935,0.4689696719901754,True,-1,0,0.7903699123324034
nq_168,0.0,15,5,2,1,2,1,1,0.5,0.4325865283983229,0.11927048183351939,0.48078899710060036,False,0,0,0.811975466054936
nq_168,0.05,15,5,2,1,2,1,1,0.5,0.4325865283983229,0.11927048183351939,0.48078899710060036,False,0,0,0.811975466054936
nq_168,0.1,15,5,2,1,2,1,1,0.5,0.4325865283983229,0.11927048183351939,0.48078899710060036,False,0,0,0.811975466054936
nq_168,0.2,15,5,2,1,2,1,1,0.5,0.4325865283983229,0.11927048183351939,0.48078899710060036,False,0,0,0.811975466054936
nq_168,0.5,15,5,2,1,2,1,1,0.5,0.4325865283983229,0.11927048183351939,0.48078899710060036,False,0,0,0.811975466054936
nq_168,1.0,15,5,2,1,2,1,1,0.5,0.4325865283983229,0.11927048183351939,0.48078899710060036,True,0,0,0.7988891696269187
nq_168,2.0,15,5,2,1,2,1,1,0.5,0.4325865283983229,0.11927048183351939,0.48078899710060036,True,0,0,0.783766519337394
nq_169,0.0,15,5,5,1,5,4,1,0.2,0.03360060437040666,0.045045104971271864,0.02787835406997406,False,0,0,0.8388943975212302
nq_169,0.05,15,5,5,1,5,4,1,0.2,0.03360060437040666,0.045045104971271864,0.02787835406997406,False,0,0,0.8388943975212302
nq_169,0.1,15,5,5,1,5,4,1,0.2,0.03360060437040666,0.045045104971271864,0.02787835406997406,False,0,0,0.8388943975212302
nq_169,0.2,15,5,5,1,5,4,1,0.2,0.03360060437040666,0.045045104971271864,0.02787835406997406,False,0,0,0.8388943975212302
nq_169,0.5,15,5,5,1,5,4,1,0.2,0.03360060437040666,0.045045104971271864,0.02787835406997406,True,0,0,0.8537051107470465
nq_169,1.0,15,5,5,1,5,4,2,0.4,0.03360060437040666,0.045045104971271864,0.02787835406997406,True,1,1,0.861638854014763
nq_169,2.0,15,5,5,1,5,4,2,0.4,0.03360060437040666,0.045045104971271864,0.02787835406997406,True,1,1,0.861638854014763
nq_17,0.0,15,5,3,1,3,2,1,0.3333333333333333,0.5467216176215237,0.6838902116692497,0.5124294691095922,False,0,0,0.8234791843263715
nq_17,0.05,15,5,3,1,3,2,1,0.3333333333333333,0.5467216176215237,0.6838902116692497,0.5124294691095922,False,0,0,0.8234791843263715
nq_17,0.1,15,5,3,1,3,2,1,0.3333333333333333,0.5467216176215237,0.6838902116692497,0.5124294691095922,False,0,0,0.8234791843263715
nq_17,0.2,15,5,3,1,3,2,1,0.3333333333333333,0.5467216176215237,0.6838902116692497,0.5124294691095922,False,0,0,0.8234791843263715
nq_17,0.5,15,5,3,1,3,2,1,0.3333333333333333,0.5467216176215237,0.6838902116692497,0.5124294691095922,True,0,0,0.8196988195091146
nq_17,1.0,15,5,3,1,3,2,1,0.3333333333333333,0.5467216176215237,0.6838902116692497,0.5124294691095922,True,0,0,0.8196988195091146
nq_17,2.0,15,5,3,1,3,2,0,0.0,0.5467216176215237,0.6838902116692497,0.5124294691095922,True,-1,0,0.7796363802453505
nq_170,0.0,15,5,3,1,3,2,1,0.3333333333333333,0.5910093718543354,0.346630465750146,0.6521040983803829,False,0,0,0.8395563012593872
nq_170,0.05,15,5,3,1,3,2,1,0.3333333333333333,0.5910093718543354,0.346630465750146,0.6521040983803829,False,0,0,0.8395563012593872
nq_170,0.1,15,5,3,1,3,2,1,0.3333333333333333,0.5910093718543354,0.346630465750146,0.6521040983803829,False,0,0,0.8395563012593872
nq_170,0.2,15,5,3,1,3,2,1,0.3333333333333333,0.5910093718543354,0.346630465750146,0.6521040983803829,False,0,0,0.8395563012593872
nq_170,0.5,15,5,3,1,3,2,1,0.3333333333333333,0.5910093718543354,0.346630465750146,0.6521040983803829,False,0,0,0.8395563012593872
nq_170,1.0,15,5,3,1,3,2,0,0.0,0.5910093718543354,0.346630465750146,0.6521040983803829,True,-1,0,0.8371990675098298
nq_170,2.0,15,5,3,1,3,2,1,0.3333333333333333,0.5910093718543354,0.346630465750146,0.6521040983803829,True,0,0,0.7818737599867712
nq_171,0.0,15,5,5,3,5,2,3,0.6,0.4507242029542446,0.11180942288585145,0.6201815929884411,False,0,0,0.8652156225826886
nq_171,0.05,15,5,5,3,5,2,3,0.6,0.4507242029542446,0.11180942288585145,0.6201815929884411,False,0,0,0.8652156225826886
nq_171,0.1,15,5,5,3,5,2,2,0.4,0.4507242029542446,0.11180942288585145,0.6201815929884411,True,-1,0,0.8277094288489506
nq_171,0.2,15,5,5,3,5,2,2,0.4,0.4507242029542446,0.11180942288585145,0.6201815929884411,True,-1,0,0.8277094288489506
nq_171,0.5,15,5,5,3,5,2,2,0.4,0.4507242029542446,0.11180942288585145,0.6201815929884411,True,-1,0,0.8094720810028295
nq_171,1.0,15,5,5,3,5,2,2,0.4,0.4507242029542446,0.11180942288585145,0.6201815929884411,True,-1,0,0.8094720810028295
nq_171,2.0,15,5,5,3,5,2,2,0.4,0.4507242029542446,0.11180942288585145,0.6201815929884411,True,-1,0,0.797657198778609
nq_172,0.0,15,5,0,0,0,0,0,0.0,0.13170966329198758,0.0,0.13170966329198758,False,0,0,0.6488765919871285
nq_172,0.05,15,5,0,0,0,0,0,0.0,0.13170966329198758,0.0,0.13170966329198758,False,0,0,0.6488765919871285
nq_172,0.1,15,5,0,0,0,0,0,0.0,0.13170966329198758,0.0,0.13170966329198758,False,0,0,0.6488765919871285
nq_172,0.2,15,5,0,0,0,0,0,0.0,0.13170966329198758,0.0,0.13170966329198758,False,0,0,0.6488765919871285
nq_172,0.5,15,5,0,0,0,0,0,0.0,0.13170966329198758,0.0,0.13170966329198758,False,0,0,0.6488765919871285
nq_172,1.0,15,5,0,0,0,0,0,0.0,0.13170966329198758,0.0,0.13170966329198758,False,0,0,0.6488765919871285
nq_172,2.0,15,5,0,0,0,0,0,0.0,0.13170966329198758,0.0,0.13170966329198758,True,0,0,0.6759015285100073
nq_173,0.0,15,5,2,2,2,0,2,1.0,0.2605472189865356,7.152595204977773e-07,0.30063129648299947,False,0,0,0.8904616751255249
nq_173,0.05,15,5,2,2,2,0,2,1.0,0.2605472189865356,7.152595204977773e-07,0.30063129648299947,False,0,0,0.8904616751255249
nq_173,0.1,15,5,2,2,2,0,2,1.0,0.2605472189865356,7.152595204977773e-07,0.30063129648299947,False,0,0,0.8904616751255249
nq_173,0.2,15,5,2,2,2,0,2,1.0,0.2605472189865356,7.152595204977773e-07,0.30063129648299947,False,0,0,0.8904616751255249
nq_173,0.5,15,5,2,2,2,0,1,0.5,0.2605472189865356,7.152595204977773e-07,0.30063129648299947,True,-1,0,0.8849696774317026
nq_173,1.0,15,5,2,2,2,0,1,0.5,0.2605472189865356,7.152595204977773e-07,0.30063129648299947,True,-1,0,0.8849696774317026
nq_173,2.0,15,5,2,2,2,0,1,0.5,0.2605472189865356,7.152595204977773e-07,0.30063129648299947,True,-1,0,0.8849696774317026
nq_174,0.0,15,5,9,3,5,2,3,0.3333333333333333,0.39281280823403647,0.3477340518866291,0.4604309427551477,False,0,0,0.8105775755463418
nq_174,0.05,15,5,9,3,5,2,3,0.3333333333333333,0.39281280823403647,0.3477340518866291,0.4604309427551477,False,0,0,0.8105775755463418
nq_174,0.1,15,5,9,3,5,2,3,0.3333333333333333,0.39281280823403647,0.3477340518866291,0.4604309427551477,False,0,0,0.8105775755463418
nq_174,0.2,15,5,9,3,5,2,3,0.3333333333333333,0.39281280823403647,0.3477340518866291,0.4604309427551477,False,0,0,0.8105775755463418
nq_174,0.5,15,5,9,3,5,2,4,0.4444444444444444,0.39281280823403647,0.3477340518866291,0.4604309427551477,True,1,1,0.8014887305182128
nq_174,1.0,15,5,9,3,5,2,3,0.3333333333333333,0.39281280823403647,0.3477340518866291,0.4604309427551477,True,0,0,0.8000780376366994
nq_174,2.0,15,5,9,3,5,2,3,0.3333333333333333,0.39281280823403647,0.3477340518866291,0.4604309427551477,True,0,0,0.756337418031086
nq_175,0.0,15,5,12,3,5,2,3,0.25,0.11612276105591478,0.10523399662384098,0.15967781878421003,False,0,0,0.7173403260561949
nq_175,0.05,15,5,12,3,5,2,3,0.25,0.11612276105591478,0.10523399662384098,0.15967781878421003,False,0,0,0.7173403260561949
nq_175,0.1,15,5,12,3,5,2,3,0.25,0.11612276105591478,0.10523399662384098,0.15967781878421003,False,0,0,0.7173403260561949
nq_175,0.2,15,5,12,3,5,2,3,0.25,0.11612276105591478,0.10523399662384098,0.15967781878421003,True,0,0,0.7081579901561776
nq_175,0.5,15,5,12,3,5,2,3,0.25,0.11612276105591478,0.10523399662384098,0.15967781878421003,True,0,0,0.7068261632086352
nq_175,1.0,15,5,12,3,5,2,3,0.25,0.11612276105591478,0.10523399662384098,0.15967781878421003,True,0,0,0.7068261632086352
nq_175,2.0,15,5,12,3,5,2,3,0.25,0.11612276105591478,0.10523399662384098,0.15967781878421003,True,0,0,0.7068261632086352
nq_176,0.0,15,5,0,0,0,0,0,0.0,0.08653410515657897,0.0,0.08653410515657897,False,0,0,0.7713437931181258
nq_176,0.05,15,5,0,0,0,0,0,0.0,0.08653410515657897,0.0,0.08653410515657897,False,0,0,0.7713437931181258
nq_176,0.1,15,5,0,0,0,0,0,0.0,0.08653410515657897,0.0,0.08653410515657897,False,0,0,0.7713437931181258
nq_176,0.2,15,5,0,0,0,0,0,0.0,0.08653410515657897,0.0,0.08653410515657897,False,0,0,0.7713437931181258
nq_176,0.5,15,5,0,0,0,0,0,0.0,0.08653410515657897,0.0,0.08653410515657897,True,0,0,0.7988858384153616
nq_176,1.0,15,5,0,0,0,0,0,0.0,0.08653410515657897,0.0,0.08653410515657897,True,0,0,0.8330938602966157
nq_176,2.0,15,5,0,0,0,0,0,0.0,0.08653410515657897,0.0,0.08653410515657897,True,0,0,0.8330938602966157
nq_177,0.0,15,5,4,1,4,3,1,0.25,0.44329589523407303,0.4735107000268396,0.4323086934912489,False,0,0,0.8027199888648651
nq_177,0.05,15,5,4,1,4,3,1,0.25,0.44329589523407303,0.4735107000268396,0.4323086934912489,False,0,0,0.8027199888648651
nq_177,0.1,15,5,4,1,4,3,1,0.25,0.44329589523407303,0.4735107000268396,0.4323086934912489,False,0,0,0.8027199888648651
nq_177,0.2,15,5,4,1,4,3,1,0.25,0.44329589523407303,0.4735107000268396,0.4323086934912489,False,0,0,0.8027199888648651
nq_177,0.5,15,5,4,1,4,3,1,0.25,0.44329589523407303,0.4735107000268396,0.4323086934912489,False,0,0,0.8027199888648651
nq_177,1.0,15,5,4,1,4,3,0,0.0,0.44329589523407303,0.4735107000268396,0.4323086934912489,True,-1,0,0.7806388476280838
nq_177,2.0,15,5,4,1,4,3,2,0.5,0.44329589523407303,0.4735107000268396,0.4323086934912489,True,1,1,0.7772163511300969
nq_178,0.0,15,5,6,3,5,2,3,0.5,0.7199666580097817,0.6250726125938517,0.783229354953735,False,0,0,0.832698252625508
nq_178,0.05,15,5,6,3,5,2,3,0.5,0.7199666580097817,0.6250726125938517,0.783229354953735,False,0,0,0.832698252625508
nq_178,0.1,15,5,6,3,5,2,3,0.5,0.7199666580097817,0.6250726125938517,0.783229354953735,False,0,0,0.832698252625508
nq_178,0.2,15,5,6,3,5,2,3,0.5,0.7199666580097817,0.6250726125938517,0.783229354953735,False,0,0,0.832698252625508
nq_178,0.5,15,5,6,3,5,2,4,0.6666666666666666,0.7199666580097817,0.6250726125938517,0.783229354953735,True,1,1,0.8279965243158843
nq_178,1.0,15,5,6,3,5,2,2,0.3333333333333333,0.7199666580097817,0.6250726125938517,0.783229354953735,True,-1,0,0.808774271737056
nq_178,2.0,15,5,6,3,5,2,3,0.5,0.7199666580097817,0.6250726125938517,0.783229354953735,True,0,0,0.7988025143556818
nq_179,0.0,15,5,0,0,0,0,0,0.0,0.0044630731812517485,0.0,0.0044630731812517485,False,0,0,0.6667270105069407
nq_179,0.05,15,5,0,0,0,0,0,0.0,0.0044630731812517485,0.0,0.0044630731812517485,False,0,0,0.6667270105069407
nq_179,0.1,15,5,0,0,0,0,0,0.0,0.0044630731812517485,0.0,0.0044630731812517485,False,0,0,0.6667270105069407
nq_179,0.2,15,5,0,0,0,0,0,0.0,0.0044630731812517485,0.0,0.0044630731812517485,False,0,0,0.6667270105069407
nq_179,0.5,15,5,0,0,0,0,0,0.0,0.0044630731812517485,0.0,0.0044630731812517485,False,0,0,0.6667270105069407
nq_179,1.0,15,5,0,0,0,0,0,0.0,0.0044630731812517485,0.0,0.0044630731812517485,False,0,0,0.6667270105069407
nq_179,2.0,15,5,0,0,0,0,0,0.0,0.0044630731812517485,0.0,0.0044630731812517485,False,0,0,0.6667270105069407
nq_18,0.0,15,5,8,1,5,4,1,0.125,0.25397133979115344,0.163280852393037,0.3576176111032865,False,0,0,0.8053153524811633
nq_18,0.05,15,5,8,1,5,4,1,0.125,0.25397133979115344,0.163280852393037,0.3576176111032865,False,0,0,0.8053153524811633
nq_18,0.1,15,5,8,1,5,4,1,0.125,0.25397133979115344,0.163280852393037,0.3576176111032865,False,0,0,0.8053153524811633
nq_18,0.2,15,5,8,1,5,4,1,0.125,0.25397133979115344,0.163280852393037,0.3576176111032865,True,0,0,0.8263849941803085
nq_18,0.5,15,5,8,1,5,4,1,0.125,0.25397133979115344,0.163280852393037,0.3576176111032865,True,0,0,0.8263849941803085
nq_18,1.0,15,5,8,1,5,4,1,0.125,0.25397133979115344,0.163280852393037,0.3576176111032865,True,0,0,0.8263849941803085
nq_18,2.0,15,5,8,1,5,4,1,0.125,0.25397133979115344,0.163280852393037,0.3576176111032865,True,0,0,0.8263849941803085
nq_180,0.0,15,5,3,1,3,2,1,0.3333333333333333,0.016750948613434322,0.00010443584629650412,0.02091257680521878,False,0,0,0.8274921466995517
nq_180,0.05,15,5,3,1,3,2,1,0.3333333333333333,0.016750948613434322,0.00010443584629650412,0.02091257680521878,False,0,0,0.8274921466995517
nq_180,0.1,15,5,3,1,3,2,1,0.3333333333333333,0.016750948613434322,0.00010443584629650412,0.02091257680521878,False,0,0,0.8274921466995517
nq_180,0.2,15,5,3,1,3,2,1,0.3333333333333333,0.016750948613434322,0.00010443584629650412,0.02091257680521878,False,0,0,0.8274921466995517
nq_180,0.5,15,5,3,1,3,2,1,0.3333333333333333,0.016750948613434322,0.00010443584629650412,0.02091257680521878,False,0,0,0.8274921466995517
nq_180,1.0,15,5,3,1,3,2,1,0.3333333333333333,0.016750948613434322,0.00010443584629650412,0.02091257680521878,False,0,0,0.8274921466995517
nq_180,2.0,15,5,3,1,3,2,1,0.3333333333333333,0.016750948613434322,0.00010443584629650412,0.02091257680521878,False,0,0,0.8274921466995517
nq_181,0.0,15,5,2,2,2,0,2,1.0,0.27022721464641003,0.45751675013861137,0.24141343995530212,False,0,0,0.7808408263231523
nq_181,0.05,15,5,2,2,2,0,2,1.0,0.27022721464641003,0.45751675013861137,0.24141343995530212,False,0,0,0.7808408263231523
nq_181,0.1,15,5,2,2,2,0,2,1.0,0.27022721464641003,0.45751675013861137,0.24141343995530212,False,0,0,0.7808408263231523
nq_181,0.2,15,5,2,2,2,0,2,1.0,0.27022721464641003,0.45751675013861137,0.24141343995530212,False,0,0,0.7808408263231523
nq_181,0.5,15,5,2,2,2,0,2,1.0,0.27022721464641003,0.45751675013861137,0.24141343995530212,False,0,0,0.7808408263231523
nq_181,1.0,15,5,2,2,2,0,2,1.0,0.27022721464641003,0.45751675013861137,0.24141343995530212,False,0,0,0.7808408263231523
nq_181,2.0,15,5,2,2,2,0,2,1.0,0.27022721464641003,0.45751675013861137,0.24141343995530212,False,0,0,0.7808408263231523
nq_182,0.0,15,5,0,0,0,0,0,0.0,0.022581807654139828,0.0,0.022581807654139828,False,0,0,0.6806500050880309
nq_182,0.05,15,5,0,0,0,0,0,0.0,0.022581807654139828,0.0,0.022581807654139828,False,0,0,0.6806500050880309
nq_182,0.1,15,5,0,0,0,0,0,0.0,0.022581807654139828,0.0,0.022581807654139828,False,0,0,0.6806500050880309
nq_182,0.2,15,5,0,0,0,0,0,0.0,0.022581807654139828,0.0,0.022581807654139828,False,0,0,0.6806500050880309
nq_182,0.5,15,5,0,0,0,0,0,0.0,0.022581807654139828,0.0,0.022581807654139828,False,0,0,0.6806500050880309
nq_182,1.0,15,5,0,0,0,0,0,0.0,0.022581807654139828,0.0,0.022581807654139828,False,0,0,0.6806500050880309
nq_182,2.0,15,5,0,0,0,0,0,0.0,0.022581807654139828,0.0,0.022581807654139828,False,0,0,0.6806500050880309
nq_183,0.0,15,5,1,0,1,1,0,0.0,0.20612051060501516,0.11241181779491409,0.2128139886628795,False,0,0,0.6278008647688829
nq_183,0.05,15,5,1,0,1,1,0,0.0,0.20612051060501516,0.11241181779491409,0.2128139886628795,False,0,0,0.6278008647688829
nq_183,0.1,15,5,1,0,1,1,0,0.0,0.20612051060501516,0.11241181779491409,0.2128139886628795,False,0,0,0.6278008647688829
nq_183,0.2,15,5,1,0,1,1,0,0.0,0.20612051060501516,0.11241181779491409,0.2128139886628795,False,0,0,0.6278008647688829
nq_183,0.5,15,5,1,0,1,1,0,0.0,0.20612051060501516,0.11241181779491409,0.2128139886628795,True,0,0,0.6426260933758592
nq_183,1.0,15,5,1,0,1,1,0,0.0,0.20612051060501516,0.11241181779491409,0.2128139886628795,True,0,0,0.6426260933758592
nq_183,2.0,15,5,1,0,1,1,0,0.0,0.20612051060501516,0.11241181779491409,0.2128139886628795,True,0,0,0.6426260933758592
nq_184,0.0,15,5,4,2,4,2,2,0.5,0.33232669182656793,0.5277509758000982,0.2612633158361933,False,0,0,0.8289451448847499
nq_184,0.05,15,5,4,2,4,2,2,0.5,0.33232669182656793,0.5277509758000982,0.2612633158361933,False,0,0,0.8289451448847499
nq_184,0.1,15,5,4,2,4,2,2,0.5,0.33232669182656793,0.5277509758000982,0.2612633158361933,False,0,0,0.8289451448847499
nq_184,0.2,15,5,4,2,4,2,2,0.5,0.33232669182656793,0.5277509758000982,0.2612633158361933,False,0,0,0.8289451448847499
nq_184,0.5,15,5,4,2,4,2,2,0.5,0.33232669182656793,0.5277509758000982,0.2612633158361933,False,0,0,0.8289451448847499
nq_184,1.0,15,5,4,2,4,2,2,0.5,0.33232669182656793,0.5277509758000982,0.2612633158361933,False,0,0,0.8289451448847499
nq_184,2.0,15,5,4,2,4,2,2,0.5,0.33232669182656793,0.5277509758000982,0.2612633158361933,False,0,0,0.8289451448847499
nq_185,0.0,15,5,0,0,0,0,0,0.0,0.1597172016826569,0.0,0.1597172016826569,False,0,0,0.6993636784822674
nq_185,0.05,15,5,0,0,0,0,0,0.0,0.1597172016826569,0.0,0.1597172016826569,False,0,0,0.6993636784822674
nq_185,0.1,15,5,0,0,0,0,0,0.0,0.1597172016826569,0.0,0.1597172016826569,False,0,0,0.6993636784822674
nq_185,0.2,15,5,0,0,0,0,0,0.0,0.1597172016826569,0.0,0.1597172016826569,False,0,0,0.6993636784822674
nq_185,0.5,15,5,0,0,0,0,0,0.0,0.1597172016826569,0.0,0.1597172016826569,False,0,0,0.6993636784822674
nq_185,1.0,15,5,0,0,0,0,0,0.0,0.1597172016826569,0.0,0.1597172016826569,False,0,0,0.6993636784822674
nq_185,2.0,15,5,0,0,0,0,0,0.0,0.1597172016826569,0.0,0.1597172016826569,False,0,0,0.6993636784822674
nq_186,0.0,15,5,8,4,5,1,4,0.5,0.36353554927412496,0.14833671024191025,0.6094770795966563,False,0,0,0.8177049319898
nq_186,0.05,15,5,8,4,5,1,4,0.5,0.36353554927412496,0.14833671024191025,0.6094770795966563,False,0,0,0.8177049319898
nq_186,0.1,15,5,8,4,5,1,4,0.5,0.36353554927412496,0.14833671024191025,0.6094770795966563,False,0,0,0.8177049319898
nq_186,0.2,15,5,8,4,5,1,3,0.375,0.36353554927412496,0.14833671024191025,0.6094770795966563,True,-1,0,0.8012268443779398
nq_186,0.5,15,5,8,4,5,1,2,0.25,0.36353554927412496,0.14833671024191025,0.6094770795966563,True,-2,0,0.7976465068606616
nq_186,1.0,15,5,8,4,5,1,2,0.25,0.36353554927412496,0.14833671024191025,0.6094770795966563,True,-2,0,0.7976465068606616
nq_186,2.0,15,5,8,4,5,1,2,0.25,0.36353554927412496,0.14833671024191025,0.6094770795966563,True,-2,0,0.7976465068606616
nq_187,0.0,15,5,2,1,2,1,1,0.5,0.15407224628918317,0.0558025550977129,0.1691906603186401,False,0,0,0.7784468621893892
nq_187,0.05,15,5,2,1,2,1,1,0.5,0.15407224628918317,0.0558025550977129,0.1691906603186401,False,0,0,0.7784468621893892
nq_187,0.1,15,5,2,1,2,1,1,0.5,0.15407224628918317,0.0558025550977129,0.1691906603186401,False,0,0,0.7784468621893892
nq_187,0.2,15,5,2,1,2,1,1,0.5,0.15407224628918317,0.0558025550977129,0.1691906603186401,False,0,0,0.7784468621893892
nq_187,0.5,15,5,2,1,2,1,1,0.5,0.15407224628918317,0.0558025550977129,0.1691906603186401,False,0,0,0.7784468621893892
nq_187,1.0,15,5,2,1,2,1,1,0.5,0.15407224628918317,0.0558025550977129,0.1691906603186401,True,0,0,0.8090706173496229
nq_187,2.0,15,5,2,1,2,1,1,0.5,0.15407224628918317,0.0558025550977129,0.1691906603186401,True,0,0,0.8090706173496229
nq_188,0.0,15,5,1,1,1,0,1,1.0,0.0016284368609624437,0.0,0.0017447537796026183,False,0,0,0.6682250384102588
nq_188,0.05,15,5,1,1,1,0,1,1.0,0.0016284368609624437,0.0,0.0017447537796026183,False,0,0,0.6682250384102588
nq_188,0.1,15,5,1,1,1,0,1,1.0,0.0016284368609624437,0.0,0.0017447537796026183,False,0,0,0.6682250384102588
nq_188,0.2,15,5,1,1,1,0,1,1.0,0.0016284368609624437,0.0,0.0017447537796026183,False,0,0,0.6682250384102588
nq_188,0.5,15,5,1,1,1,0,1,1.0,0.0016284368609624437,0.0,0.0017447537796026183,False,0,0,0.6682250384102588
nq_188,1.0,15,5,1,1,1,0,1,1.0,0.0016284368609624437,0.0,0.0017447537796026183,False,0,0,0.6682250384102588
nq_188,2.0,15,5,1,1,1,0,1,1.0,0.0016284368609624437,0.0,0.0017447537796026183,False,0,0,0.6682250384102588
nq_189,0.0,15,5,0,0,0,0,0,0.0,0.007865793468717115,0.0,0.007865793468717115,False,0,0,0.6510085577313013
nq_189,0.05,15,5,0,0,0,0,0,0.0,0.007865793468717115,0.0,0.007865793468717115,False,0,0,0.6510085577313013
nq_189,0.1,15,5,0,0,0,0,0,0.0,0.007865793468717115,0.0,0.007865793468717115,False,0,0,0.6510085577313013
nq_189,0.2,15,5,0,0,0,0,0,0.0,0.007865793468717115,0.0,0.007865793468717115,False,0,0,0.6510085577313013
nq_189,0.5,15,5,0,0,0,0,0,0.0,0.007865793468717115,0.0,0.007865793468717115,False,0,0,0.6510085577313013
nq_189,1.0,15,5,0,0,0,0,0,0.0,0.007865793468717115,0.0,0.007865793468717115,False,0,0,0.6510085577313013
nq_189,2.0,15,5,0,0,0,0,0,0.0,0.007865793468717115,0.0,0.007865793468717115,False,0,0,0.6510085577313013
nq_19,0.0,15,5,14,5,5,0,5,0.35714285714285715,0.45729840486905743,0.43168683176868117,0.8158604282743246,False,0,0,0.7832095675627189
nq_19,0.05,15,5,14,5,5,0,5,0.35714285714285715,0.45729840486905743,0.43168683176868117,0.8158604282743246,False,0,0,0.7832095675627189
nq_19,0.1,15,5,14,5,5,0,5,0.35714285714285715,0.45729840486905743,0.43168683176868117,0.8158604282743246,False,0,0,0.7832095675627189
nq_19,0.2,15,5,14,5,5,0,4,0.2857142857142857,0.45729840486905743,0.43168683176868117,0.8158604282743246,True,-1,0,0.7474281034835509
nq_19,0.5,15,5,14,5,5,0,4,0.2857142857142857,0.45729840486905743,0.43168683176868117,0.8158604282743246,True,-1,0,0.735448054223414
nq_19,1.0,15,5,14,5,5,0,4,0.2857142857142857,0.45729840486905743,0.43168683176868117,0.8158604282743246,True,-1,0,0.735448054223414
nq_19,2.0,15,5,14,5,5,0,4,0.2857142857142857,0.45729840486905743,0.43168683176868117,0.8158604282743246,True,-1,0,0.735448054223414
nq_190,0.0,15,5,4,3,4,1,3,0.75,0.20178540890166016,0.027836155588841092,0.2650396828335944,False,0,0,0.8298663797050783
nq_190,0.05,15,5,4,3,4,1,3,0.75,0.20178540890166016,0.027836155588841092,0.2650396828335944,False,0,0,0.8298663797050783
nq_190,0.1,15,5,4,3,4,1,3,0.75,0.20178540890166016,0.027836155588841092,0.2650396828335944,False,0,0,0.8298663797050783
nq_190,0.2,15,5,4,3,4,1,3,0.75,0.20178540890166016,0.027836155588841092,0.2650396828335944,False,0,0,0.8298663797050783
nq_190,0.5,15,5,4,3,4,1,2,0.5,0.20178540890166016,0.027836155588841092,0.2650396828335944,True,-1,0,0.8290368303025962
nq_190,1.0,15,5,4,3,4,1,2,0.5,0.20178540890166016,0.027836155588841092,0.2650396828335944,True,-1,0,0.8191563332267735
nq_190,2.0,15,5,4,3,4,1,2,0.5,0.20178540890166016,0.027836155588841092,0.2650396828335944,True,-1,0,0.8191563332267735
nq_191,0.0,15,5,8,4,5,1,4,0.5,0.30917596340825004,0.06900143326518088,0.5836611407146147,False,0,0,0.7913629567748727
nq_191,0.05,15,5,8,4,5,1,4,0.5,0.30917596340825004,0.06900143326518088,0.5836611407146147,False,0,0,0.7913629567748727
nq_191,0.1,15,5,8,4,5,1,3,0.375,0.30917596340825004,0.06900143326518088,0.5836611407146147,True,-1,0,0.7711636390846629
nq_191,0.2,15,5,8,4,5,1,3,0.375,0.30917596340825004,0.06900143326518088,0.5836611407146147,True,-1,0,0.7711636390846629
nq_191,0.5,15,5,8,4,5,1,2,0.25,0.30917596340825004,0.06900143326518088,0.5836611407146147,True,-2,0,0.7580657954362955
nq_191,1.0,15,5,8,4,5,1,2,0.25,0.30917596340825004,0.06900143326518088,0.5836611407146147,True,-2,0,0.7580657954362955
nq_191,2.0,15,5,8,4,5,1,2,0.25,0.30917596340825004,0.06900143326518088,0.5836611407146147,True,-2,0,0.7580657954362955
nq_192,0.0,15,5,3,1,3,2,1,0.3333333333333333,0.12623270995936492,0.12785863982277554,0.12582622749351227,False,0,0,0.7762841816988372
nq_192,0.05,15,5,3,1,3,2,1,0.3333333333333333,0.12623270995936492,0.12785863982277554,0.12582622749351227,False,0,0,0.7762841816988372
nq_192,0.1,15,5,3,1,3,2,1,0.3333333333333333,0.12623270995936492,0.12785863982277554,0.12582622749351227,False,0,0,0.7762841816988372
nq_192,0.2,15,5,3,1,3,2,1,0.3333333333333333,0.12623270995936492,0.12785863982277554,0.12582622749351227,False,0,0,0.7762841816988372
nq_192,0.5,15,5,3,1,3,2,1,0.3333333333333333,0.12623270995936492,0.12785863982277554,0.12582622749351227,False,0,0,0.7762841816988372
nq_192,1.0,15,5,3,1,3,2,2,0.6666666666666666,0.12623270995936492,0.12785863982277554,0.12582622749351227,True,1,1,0.8385220040799497
nq_192,2.0,15,5,3,1,3,2,3,1.0,0.12623270995936492,0.12785863982277554,0.12582622749351227,True,2,2,0.8524286981536701
nq_193,0.0,15,5,0,0,0,0,0,0.0,0.24309635220409742,0.0,0.24309635220409742,False,0,0,0.7972534296949243
nq_193,0.05,15,5,0,0,0,0,0,0.0,0.24309635220409742,0.0,0.24309635220409742,False,0,0,0.7972534296949243
nq_193,0.1,15,5,0,0,0,0,0,0.0,0.24309635220409742,0.0,0.24309635220409742,False,0,0,0.7972534296949243
nq_193,0.2,15,5,0,0,0,0,0,0.0,0.24309635220409742,0.0,0.24309635220409742,False,0,0,0.7972534296949243
nq_193,0.5,15,5,0,0,0,0,0,0.0,0.24309635220409742,0.0,0.24309635220409742,False,0,0,0.7972534296949243
nq_193,1.0,15,5,0,0,0,0,0,0.0,0.24309635220409742,0.0,0.24309635220409742,True,0,0,0.8316650553538709
nq_193,2.0,15,5,0,0,0,0,0,0.0,0.24309635220409742,0.0,0.24309635220409742,True,0,0,0.8316650553538709
nq_194,0.0,15,5,3,3,3,0,3,1.0,0.022545397776533728,0.06572505821976399,0.011750482665726161,False,0,0,0.7197537680083782
nq_194,0.05,15,5,3,3,3,0,3,1.0,0.022545397776533728,0.06572505821976399,0.011750482665726161,False,0,0,0.7197537680083782
nq_194,0.1,15,5,3,3,3,0,3,1.0,0.022545397776533728,0.06572505821976399,0.011750482665726161,False,0,0,0.7197537680083782
nq_194,0.2,15,5,3,3,3,0,3,1.0,0.022545397776533728,0.06572505821976399,0.011750482665726161,False,0,0,0.7197537680083782
nq_194,0.5,15,5,3,3,3,0,3,1.0,0.022545397776533728,0.06572505821976399,0.011750482665726161,False,0,0,0.7197537680083782
nq_194,1.0,15,5,3,3,3,0,3,1.0,0.022545397776533728,0.06572505821976399,0.011750482665726161,True,0,0,0.7237628170647487
nq_194,2.0,15,5,3,3,3,0,3,1.0,0.022545397776533728,0.06572505821976399,0.011750482665726161,True,0,0,0.7237628170647487
nq_195,0.0,15,5,0,0,0,0,0,0.0,0.32648621275649703,0.0,0.32648621275649703,False,0,0,0.9412237308935344
nq_195,0.05,15,5,0,0,0,0,0,0.0,0.32648621275649703,0.0,0.32648621275649703,False,0,0,0.9412237308935344
nq_195,0.1,15,5,0,0,0,0,0,0.0,0.32648621275649703,0.0,0.32648621275649703,True,0,0,0.9486185379596741
nq_195,0.2,15,5,0,0,0,0,0,0.0,0.32648621275649703,0.0,0.32648621275649703,True,0,0,0.9486185379596741
nq_195,0.5,15,5,0,0,0,0,0,0.0,0.32648621275649703,0.0,0.32648621275649703,True,0,0,0.9486185379596741
nq_195,1.0,15,5,0,0,0,0,0,0.0,0.32648621275649703,0.0,0.32648621275649703,True,0,0,0.9486185379596741
nq_195,2.0,15,5,0,0,0,0,0,0.0,0.32648621275649703,0.0,0.32648621275649703,True,0,0,0.9486185379596741
nq_196,0.0,15,5,9,4,5,1,4,0.4444444444444444,0.334324056471068,0.3283742433201255,0.3432487761974817,False,0,0,0.7703895960752087
nq_196,0.05,15,5,9,4,5,1,4,0.4444444444444444,0.334324056471068,0.3283742433201255,0.3432487761974817,False,0,0,0.7703895960752087
nq_196,0.1,15,5,9,4,5,1,4,0.4444444444444444,0.334324056471068,0.3283742433201255,0.3432487761974817,False,0,0,0.7703895960752087
nq_196,0.2,15,5,9,4,5,1,4,0.4444444444444444,0.334324056471068,0.3283742433201255,0.3432487761974817,False,0,0,0.7703895960752087
nq_196,0.5,15,5,9,4,5,1,4,0.4444444444444444,0.334324056471068,0.3283742433201255,0.3432487761974817,False,0,0,0.7703895960752087
nq_196,1.0,15,5,9,4,5,1,4,0.4444444444444444,0.334324056471068,0.3283742433201255,0.3432487761974817,False,0,0,0.7703895960752087
nq_196,2.0,15,5,9,4,5,1,3,0.3333333333333333,0.334324056471068,0.3283742433201255,0.3432487761974817,True,-1,0,0.7415605264255436
nq_197,0.0,15,5,1,1,1,0,1,1.0,0.16548181302899856,0.0,0.17730194253106987,False,0,0,0.8366675199396593
nq_197,0.05,15,5,1,1,1,0,1,1.0,0.16548181302899856,0.0,0.17730194253106987,False,0,0,0.8366675199396593
nq_197,0.1,15,5,1,1,1,0,1,1.0,0.16548181302899856,0.0,0.17730194253106987,False,0,0,0.8366675199396593
nq_197,0.2,15,5,1,1,1,0,1,1.0,0.16548181302899856,0.0,0.17730194253106987,False,0,0,0.8366675199396593
nq_197,0.5,15,5,1,1,1,0,1,1.0,0.16548181302899856,0.0,0.17730194253106987,True,0,0,0.8861587196731264
nq_197,1.0,15,5,1,1,1,0,1,1.0,0.16548181302899856,0.0,0.17730194253106987,True,0,0,0.8861587196731264
nq_197,2.0,15,5,1,1,1,0,1,1.0,0.16548181302899856,0.0,0.17730194253106987,True,0,0,0.8861587196731264
nq_198,0.0,15,5,14,5,5,0,5,0.35714285714285715,0.6462101944441447,0.6918546259614599,0.00718815320173457,False,0,0,0.8340737711705755
nq_198,0.05,15,5,14,5,5,0,5,0.35714285714285715,0.6462101944441447,0.6918546259614599,0.00718815320173457,False,0,0,0.8340737711705755
nq_198,0.1,15,5,14,5,5,0,5,0.35714285714285715,0.6462101944441447,0.6918546259614599,0.00718815320173457,False,0,0,0.8340737711705755
nq_198,0.2,15,5,14,5,5,0,5,0.35714285714285715,0.6462101944441447,0.6918546259614599,0.00718815320173457,False,0,0,0.8340737711705755
nq_198,0.5,15,5,14,5,5,0,5,0.35714285714285715,0.6462101944441447,0.6918546259614599,0.00718815320173457,True,0,0,0.7715632542675382
nq_198,1.0,15,5,14,5,5,0,5,0.35714285714285715,0.6462101944441447,0.6918546259614599,0.00718815320173457,True,0,0,0.7574175228756587
nq_198,2.0,15,5,14,5,5,0,5,0.35714285714285715,0.6462101944441447,0.6918546259614599,0.00718815320173457,True,0,0,0.7574175228756587
nq_199,0.0,15,5,7,2,5,3,2,0.2857142857142857,0.2131489749406909,0.0573257757267159,0.349494274252919,False,0,0,0.7783596190717228
nq_199,0.05,15,5,7,2,5,3,2,0.2857142857142857,0.2131489749406909,0.0573257757267159,0.349494274252919,False,0,0,0.7783596190717228
nq_199,0.1,15,5,7,2,5,3,2,0.2857142857142857,0.2131489749406909,0.0573257757267159,0.349494274252919,False,0,0,0.7783596190717228
nq_199,0.2,15,5,7,2,5,3,2,0.2857142857142857,0.2131489749406909,0.0573257757267159,0.349494274252919,True,0,0,0.7736077330321465
nq_199,0.5,15,5,7,2,5,3,1,0.14285714285714285,0.2131489749406909,0.0573257757267159,0.349494274252919,True,-1,0,0.7650069832658714
nq_199,1.0,15,5,7,2,5,3,1,0.14285714285714285,0.2131489749406909,0.0573257757267159,0.349494274252919,True,-1,0,0.7650069832658714
nq_199,2.0,15,5,7,2,5,3,1,0.14285714285714285,0.2131489749406909,0.0573257757267159,0.349494274252919,True,-1,0,0.7642628631676247
nq_2,0.0,15,5,5,3,5,2,3,0.6,0.36450202004295823,0.30484853388256317,0.3943287631231557,False,0,0,0.696110883099951
nq_2,0.05,15,5,5,3,5,2,3,0.6,0.36450202004295823,0.30484853388256317,0.3943287631231557,False,0,0,0.696110883099951
nq_2,0.1,15,5,5,3,5,2,3,0.6,0.36450202004295823,0.30484853388256317,0.3943287631231557,True,0,0,0.7073026824592537
nq_2,0.2,15,5,5,3,5,2,3,0.6,0.36450202004295823,0.30484853388256317,0.3943287631231557,True,0,0,0.7073026824592537
nq_2,0.5,15,5,5,3,5,2,3,0.6,0.36450202004295823,0.30484853388256317,0.3943287631231557,True,0,0,0.7073026824592537
nq_2,1.0,15,5,5,3,5,2,2,0.4,0.36450202004295823,0.30484853388256317,0.3943287631231557,True,-1,0,0.6395188823615062
nq_2,2.0,15,5,5,3,5,2,1,0.2,0.36450202004295823,0.30484853388256317,0.3943287631231557,True,-2,0,0.6313550349557183
nq_20,0.0,15,5,4,2,4,2,2,0.5,0.17108721486248263,0.328534302092969,0.11383372859685124,False,0,0,0.8389580345605078
nq_20,0.05,15,5,4,2,4,2,2,0.5,0.17108721486248263,0.328534302092969,0.11383372859685124,False,0,0,0.8389580345605078
nq_20,0.1,15,5,4,2,4,2,2,0.5,0.17108721486248263,0.328534302092969,0.11383372859685124,False,0,0,0.8389580345605078
nq_20,0.2,15,5,4,2,4,2,2,0.5,0.17108721486248263,0.328534302092969,0.11383372859685124,False,0,0,0.8389580345605078
nq_20,0.5,15,5,4,2,4,2,3,0.75,0.17108721486248263,0.328534302092969,0.11383372859685124,True,1,1,0.8578963356922049
nq_20,1.0,15,5,4,2,4,2,3,0.75,0.17108721486248263,0.328534302092969,0.11383372859685124,True,1,1,0.8578963356922049
nq_20,2.0,15,5,4,2,4,2,3,0.75,0.17108721486248263,0.328534302092969,0.11383372859685124,True,1,1,0.8578963356922049
nq_21,0.0,15,5,4,3,4,1,3,0.75,0.08538741071491832,0.23376424153397568,0.03143219950798836,False,0,0,0.6604867223791132
nq_21,0.05,15,5,4,3,4,1,3,0.75,0.08538741071491832,0.23376424153397568,0.03143219950798836,True,0,0,0.6636590393270507
nq_21,0.1,15,5,4,3,4,1,3,0.75,0.08538741071491832,0.23376424153397568,0.03143219950798836,True,0,0,0.6636590393270507
nq_21,0.2,15,5,4,3,4,1,3,0.75,0.08538741071491832,0.23376424153397568,0.03143219950798836,True,0,0,0.6636590393270507
nq_21,0.5,15,5,4,3,4,1,3,0.75,0.08538741071491832,0.23376424153397568,0.03143219950798836,True,0,0,0.6636590393270507
nq_21,1.0,15,5,4,3,4,1,3,0.75,0.08538741071491832,0.23376424153397568,0.03143219950798836,True,0,0,0.6636590393270507
nq_21,2.0,15,5,4,3,4,1,3,0.75,0.08538741071491832,0.23376424153397568,0.03143219950798836,True,0,0,0.6636590393270507
nq_22,0.0,15,5,9,4,5,1,4,0.4444444444444444,0.6573437686169752,0.5496897736115295,0.8188247611251441,False,0,0,0.7779250985182057
nq_22,0.05,15,5,9,4,5,1,4,0.4444444444444444,0.6573437686169752,0.5496897736115295,0.8188247611251441,False,0,0,0.7779250985182057
nq_22,0.1,15,5,9,4,5,1,4,0.4444444444444444,0.6573437686169752,0.5496897736115295,0.8188247611251441,False,0,0,0.7779250985182057
nq_22,0.2,15,5,9,4,5,1,4,0.4444444444444444,0.6573437686169752,0.5496897736115295,0.8188247611251441,False,0,0,0.7779250985182057
nq_22,0.5,15,5,9,4,5,1,2,0.2222222222222222,0.6573437686169752,0.5496897736115295,0.8188247611251441,True,-2,0,0.7476086113731064
nq_22,1.0,15,5,9,4,5,1,3,0.3333333333333333,0.6573437686169752,0.5496897736115295,0.8188247611251441,True,-1,0,0.7232766099194502
nq_22,2.0,15,5,9,4,5,1,2,0.2222222222222222,0.6573437686169752,0.5496897736115295,0.8188247611251441,True,-2,0,0.6875831011686936
nq_23,0.0,15,5,4,3,4,1,3,0.75,0.5019174152256896,0.03324215448894609,0.6723447827663236,False,0,0,0.8251881144429758
nq_23,0.05,15,5,4,3,4,1,2,0.5,0.5019174152256896,0.03324215448894609,0.6723447827663236,True,-1,0,0.8158146656514035
nq_23,0.1,15,5,4,3,4,1,2,0.5,0.5019174152256896,0.03324215448894609,0.6723447827663236,True,-1,0,0.8158146656514035
nq_23,0.2,15,5,4,3,4,1,2,0.5,0.5019174152256896,0.03324215448894609,0.6723447827663236,True,-1,0,0.8158146656514035
nq_23,0.5,15,5,4,3,4,1,2,0.5,0.5019174152256896,0.03324215448894609,0.6723447827663236,True,-1,0,0.8024202494107842
nq_23,1.0,15,5,4,3,4,1,1,0.25,0.5019174152256896,0.03324215448894609,0.6723447827663236,True,-2,0,0.7879510297140724
nq_23,2.0,15,5,4,3,4,1,1,0.25,0.5019174152256896,0.03324215448894609,0.6723447827663236,True,-2,0,0.7879510297140724
nq_24,0.0,15,5,4,4,4,0,4,1.0,0.13438642597765604,0.00929188599021663,0.1798753496094522,False,0,0,0.9102010331457286
nq_24,0.05,15,5,4,4,4,0,4,1.0,0.13438642597765604,0.00929188599021663,0.1798753496094522,False,0,0,0.9102010331457286
nq_24,0.1,15,5,4,4,4,0,4,1.0,0.13438642597765604,0.00929188599021663,0.1798753496094522,False,0,0,0.9102010331457286
nq_24,0.2,15,5,4,4,4,0,4,1.0,0.13438642597765604,0.00929188599021663,0.1798753496094522,False,0,0,0.9102010331457286
nq_24,0.5,15,5,4,4,4,0,4,1.0,0.13438642597765604,0.00929188599021663,0.1798753496094522,True,0,0,0.894402511606738
nq_24,1.0,15,5,4,4,4,0,4,1.0,0.13438642597765604,0.00929188599021663,0.1798753496094522,True,0,0,0.894402511606738
nq_24,2.0,15,5,4,4,4,0,4,1.0,0.13438642597765604,0.00929188599021663,0.1798753496094522,True,0,0,0.894402511606738
nq_25,0.0,15,5,8,4,5,1,4,0.5,0.5389853493711758,0.5198814825748747,0.56081833999552,False,0,0,0.7718850651428917
nq_25,0.05,15,5,8,4,5,1,4,0.5,0.5389853493711758,0.5198814825748747,0.56081833999552,False,0,0,0.7718850651428917
nq_25,0.1,15,5,8,4,5,1,4,0.5,0.5389853493711758,0.5198814825748747,0.56081833999552,False,0,0,0.7718850651428917
nq_25,0.2,15,5,8,4,5,1,4,0.5,0.5389853493711758,0.5198814825748747,0.56081833999552,False,0,0,0.7718850651428917
nq_25,0.5,15,5,8,4,5,1,4,0.5,0.5389853493711758,0.5198814825748747,0.56081833999552,False,0,0,0.7718850651428917
nq_25,1.0,15,5,8,4,5,1,4,0.5,0.5389853493711758,0.5198814825748747,0.56081833999552,False,0,0,0.7718850651428917
nq_25,2.0,15,5,8,4,5,1,3,0.375,0.5389853493711758,0.5198814825748747,0.56081833999552,True,-1,0,0.7639665363758702
nq_26,0.0,15,5,0,0,0,0,0,0.0,0.28641083871147655,0.0,0.28641083871147655,False,0,0,0.6727415658000854
nq_26,0.05,15,5,0,0,0,0,0,0.0,0.28641083871147655,0.0,0.28641083871147655,False,0,0,0.6727415658000854
nq_26,0.1,15,5,0,0,0,0,0,0.0,0.28641083871147655,0.0,0.28641083871147655,False,0,0,0.6727415658000854
nq_26,0.2,15,5,0,0,0,0,0,0.0,0.28641083871147655,0.0,0.28641083871147655,False,0,0,0.6727415658000854
nq_26,0.5,15,5,0,0,0,0,0,0.0,0.28641083871147655,0.0,0.28641083871147655,False,0,0,0.6727415658000854
nq_26,1.0,15,5,0,0,0,0,0,0.0,0.28641083871147655,0.0,0.28641083871147655,False,0,0,0.6727415658000854
nq_26,2.0,15,5,0,0,0,0,0,0.0,0.28641083871147655,0.0,0.28641083871147655,False,0,0,0.6727415658000854
nq_27,0.0,15,5,1,1,1,0,1,1.0,0.07282124026559854,0.0,0.07802275742742701,False,0,0,0.6411275353263262
nq_27,0.05,15,5,1,1,1,0,1,1.0,0.07282124026559854,0.0,0.07802275742742701,False,0,0,0.6411275353263262
nq_27,0.1,15,5,1,1,1,0,1,1.0,0.07282124026559854,0.0,0.07802275742742701,False,0,0,0.6411275353263262
nq_27,0.2,15,5,1,1,1,0,1,1.0,0.07282124026559854,0.0,0.07802275742742701,True,0,0,0.6471080297508527
nq_27,0.5,15,5,1,1,1,0,1,1.0,0.07282124026559854,0.0,0.07802275742742701,True,0,0,0.6471080297508527
nq_27,1.0,15,5,1,1,1,0,1,1.0,0.07282124026559854,0.0,0.07802275742742701,True,0,0,0.6471080297508527
nq_27,2.0,15,5,1,1,1,0,1,1.0,0.07282124026559854,0.0,0.07802275742742701,True,0,0,0.6471080297508527
nq_28,0.0,15,5,10,5,5,0,5,0.5,0.32730852896296775,0.09515110336684612,0.791623380155211,False,0,0,0.8423135163671047
nq_28,0.05,15,5,10,5,5,0,5,0.5,0.32730852896296775,0.09515110336684612,0.791623380155211,False,0,0,0.8423135163671047
nq_28,0.1,15,5,10,5,5,0,5,0.5,0.32730852896296775,0.09515110336684612,0.791623380155211,False,0,0,0.8423135163671047
nq_28,0.2,15,5,10,5,5,0,4,0.4,0.32730852896296775,0.09515110336684612,0.791623380155211,True,-1,0,0.830359617622819
nq_28,0.5,15,5,10,5,5,0,3,0.3,0.32730852896296775,0.09515110336684612,0.791623380155211,True,-2,0,0.8184697124908362
nq_28,1.0,15,5,10,5,5,0,2,0.2,0.32730852896296775,0.09515110336684612,0.791623380155211,True,-3,0,0.8115373926474125
nq_28,2.0,15,5,10,5,5,0,2,0.2,0.32730852896296775,0.09515110336684612,0.791623380155211,True,-3,0,0.8115373926474125
nq_29,0.0,15,5,2,1,2,1,1,0.5,0.4828329670371017,0.17020905932764357,0.5309289528385569,False,0,0,0.8546793899849771
nq_29,0.05,15,5,2,1,2,1,1,0.5,0.4828329670371017,0.17020905932764357,0.5309289528385569,False,0,0,0.8546793899849771
nq_29,0.1,15,5,2,1,2,1,1,0.5,0.4828329670371017,0.17020905932764357,0.5309289528385569,False,0,0,0.8546793899849771
nq_29,0.2,15,5,2,1,2,1,1,0.5,0.4828329670371017,0.17020905932764357,0.5309289528385569,False,0,0,0.8546793899849771
nq_29,0.5,15,5,2,1,2,1,1,0.5,0.4828329670371017,0.17020905932764357,0.5309289528385569,False,0,0,0.8546793899849771
nq_29,1.0,15,5,2,1,2,1,0,0.0,0.4828329670371017,0.17020905932764357,0.5309289528385569,True,-1,0,0.8481038038464158
nq_29,2.0,15,5,2,1,2,1,0,0.0,0.4828329670371017,0.17020905932764357,0.5309289528385569,True,-1,0,0.8341014667898652
nq_3,0.0,15,5,8,5,5,0,5,0.625,0.352279309267898,0.1602623543747463,0.5717272577172142,False,0,0,0.8856787463091609
nq_3,0.05,15,5,8,5,5,0,5,0.625,0.352279309267898,0.1602623543747463,0.5717272577172142,False,0,0,0.8856787463091609
nq_3,0.1,15,5,8,5,5,0,5,0.625,0.352279309267898,0.1602623543747463,0.5717272577172142,False,0,0,0.8856787463091609
nq_3,0.2,15,5,8,5,5,0,5,0.625,0.352279309267898,0.1602623543747463,0.5717272577172142,True,0,0,0.8704928290138169
nq_3,0.5,15,5,8,5,5,0,4,0.5,0.352279309267898,0.1602623543747463,0.5717272577172142,True,-1,0,0.8671911693622893
nq_3,1.0,15,5,8,5,5,0,3,0.375,0.352279309267898,0.1602623543747463,0.5717272577172142,True,-2,0,0.8621959665331433
nq_3,2.0,15,5,8,5,5,0,2,0.25,0.352279309267898,0.1602623543747463,0.5717272577172142,True,-3,0,0.8167383027573969
nq_30,0.0,15,5,6,4,5,1,4,0.6666666666666666,0.26294248143151744,0.4010510369736864,0.17087011107007147,False,0,0,0.7933957345585539
nq_30,0.05,15,5,6,4,5,1,4,0.6666666666666666,0.26294248143151744,0.4010510369736864,0.17087011107007147,False,0,0,0.7933957345585539
nq_30,0.1,15,5,6,4,5,1,4,0.6666666666666666,0.26294248143151744,0.4010510369736864,0.17087011107007147,False,0,0,0.7933957345585539
nq_30,0.2,15,5,6,4,5,1,4,0.6666666666666666,0.26294248143151744,0.4010510369736864,0.17087011107007147,True,0,0,0.8532694256501342
nq_30,0.5,15,5,6,4,5,1,4,0.6666666666666666,0.26294248143151744,0.4010510369736864,0.17087011107007147,True,0,0,0.8532694256501342
nq_30,1.0,15,5,6,4,5,1,4,0.6666666666666666,0.26294248143151744,0.4010510369736864,0.17087011107007147,True,0,0,0.8532694256501342
nq_30,2.0,15,5,6,4,5,1,4,0.6666666666666666,0.26294248143151744,0.4010510369736864,0.17087011107007147,True,0,0,0.8511790523722003
nq_31,0.0,15,5,1,1,1,0,1,1.0,0.1280508147467262,0.012649773364855676,0.13629374627400265,False,0,0,0.8118790882970668
nq_31,0.05,15,5,1,1,1,0,1,1.0,0.1280508147467262,0.012649773364855676,0.13629374627400265,False,0,0,0.8118790882970668
nq_31,0.1,15,5,1,1,1,0,1,1.0,0.1280508147467262,0.012649773364855676,0.13629374627400265,False,0,0,0.8118790882970668
nq_31,0.2,15,5,1,1,1,0,1,1.0,0.1280508147467262,0.012649773364855676,0.13629374627400265,False,0,0,0.8118790882970668
nq_31,0.5,15,5,1,1,1,0,1,1.0,0.1280508147467262,0.012649773364855676,0.13629374627400265,False,0,0,0.8118790882970668
nq_31,1.0,15,5,1,1,1,0,1,1.0,0.1280508147467262,0.012649773364855676,0.13629374627400265,False,0,0,0.8118790882970668
nq_31,2.0,15,5,1,1,1,0,1,1.0,0.1280508147467262,0.012649773364855676,0.13629374627400265,False,0,0,0.8118790882970668
nq_32,0.0,15,5,0,0,0,0,0,0.0,0.610478357247585,0.0,0.610478357247585,False,0,0,0.7884039045177902
nq_32,0.05,15,5,0,0,0,0,0,0.0,0.610478357247585,0.0,0.610478357247585,False,0,0,0.7884039045177902
nq_32,0.1,15,5,0,0,0,0,0,0.0,0.610478357247585,0.0,0.610478357247585,False,0,0,0.7884039045177902
nq_32,0.2,15,5,0,0,0,0,0,0.0,0.610478357247585,0.0,0.610478357247585,False,0,0,0.7884039045177902
nq_32,0.5,15,5,0,0,0,0,0,0.0,0.610478357247585,0.0,0.610478357247585,True,0,0,0.7517602279813707
nq_32,1.0,15,5,0,0,0,0,0,0.0,0.610478357247585,0.0,0.610478357247585,True,0,0,0.7517602279813707
nq_32,2.0,15,5,0,0,0,0,0,0.0,0.610478357247585,0.0,0.610478357247585,True,0,0,0.7466464632137166
nq_33,0.0,15,5,2,0,2,2,0,0.0,0.053109070543540256,0.015752422468126335,0.05885624717052702,False,0,0,0.6037403700293252
nq_33,0.05,15,5,2,0,2,2,0,0.0,0.053109070543540256,0.015752422468126335,0.05885624717052702,False,0,0,0.6037403700293252
nq_33,0.1,15,5,2,0,2,2,0,0.0,0.053109070543540256,0.015752422468126335,0.05885624717052702,False,0,0,0.6037403700293252
nq_33,0.2,15,5,2,0,2,2,0,0.0,0.053109070543540256,0.015752422468126335,0.05885624717052702,False,0,0,0.6037403700293252
nq_33,0.5,15,5,2,0,2,2,0,0.0,0.053109070543540256,0.015752422468126335,0.05885624717052702,False,0,0,0.6037403700293252
nq_33,1.0,15,5,2,0,2,2,0,0.0,0.053109070543540256,0.015752422468126335,0.05885624717052702,False,0,0,0.6037403700293252
nq_33,2.0,15,5,2,0,2,2,0,0.0,0.053109070543540256,0.015752422468126335,0.05885624717052702,False,0,0,0.6037403700293252
nq_34,0.0,15,5,5,2,5,3,2,0.4,0.2916127536603758,0.3562754499054759,0.2592814055378257,False,0,0,0.8244662323566813
nq_34,0.05,15,5,5,2,5,3,2,0.4,0.2916127536603758,0.3562754499054759,0.2592814055378257,True,0,0,0.8105511699433826
nq_34,0.1,15,5,5,2,5,3,2,0.4,0.2916127536603758,0.3562754499054759,0.2592814055378257,True,0,0,0.8105511699433826
nq_34,0.2,15,5,5,2,5,3,2,0.4,0.2916127536603758,0.3562754499054759,0.2592814055378257,True,0,0,0.8105511699433826
nq_34,0.5,15,5,5,2,5,3,2,0.4,0.2916127536603758,0.3562754499054759,0.2592814055378257,True,0,0,0.8059729827886493
nq_34,1.0,15,5,5,2,5,3,2,0.4,0.2916127536603758,0.3562754499054759,0.2592814055378257,True,0,0,0.8059729827886493
nq_34,2.0,15,5,5,2,5,3,2,0.4,0.2916127536603758,0.3562754499054759,0.2592814055378257,True,0,0,0.7913580672198364
nq_35,0.0,15,5,3,3,3,0,3,1.0,0.2457597945621846,0.007903155118548054,0.30522395442309375,False,0,0,0.9007959164971728
nq_35,0.05,15,5,3,3,3,0,3,1.0,0.2457597945621846,0.007903155118548054,0.30522395442309375,False,0,0,0.9007959164971728
nq_35,0.1,15,5,3,3,3,0,3,1.0,0.2457597945621846,0.007903155118548054,0.30522395442309375,False,0,0,0.9007959164971728
nq_35,0.2,15,5,3,3,3,0,3,1.0,0.2457597945621846,0.007903155118548054,0.30522395442309375,False,0,0,0.9007959164971728
nq_35,0.5,15,5,3,3,3,0,3,1.0,0.2457597945621846,0.007903155118548054,0.30522395442309375,False,0,0,0.9007959164971728
nq_35,1.0,15,5,3,3,3,0,3,1.0,0.2457597945621846,0.007903155118548054,0.30522395442309375,False,0,0,0.9007959164971728
nq_35,2.0,15,5,3,3,3,0,2,0.6666666666666666,0.2457597945621846,0.007903155118548054,0.30522395442309375,True,-1,0,0.8269662267322948
nq_36,0.0,15,5,2,0,2,2,0,0.0,0.24766448737319624,0.12858942597150957,0.26598372758884037,False,0,0,0.7486184147000069
nq_36,0.05,15,5,2,0,2,2,0,0.0,0.24766448737319624,0.12858942597150957,0.26598372758884037,False,0,0,0.7486184147000069
nq_36,0.1,15,5,2,0,2,2,0,0.0,0.24766448737319624,0.12858942597150957,0.26598372758884037,True,0,0,0.79193015793136
nq_36,0.2,15,5,2,0,2,2,0,0.0,0.24766448737319624,0.12858942597150957,0.26598372758884037,True,0,0,0.79193015793136
nq_36,0.5,15,5,2,0,2,2,0,0.0,0.24766448737319624,0.12858942597150957,0.26598372758884037,True,0,0,0.79193015793136
nq_36,1.0,15,5,2,0,2,2,0,0.0,0.24766448737319624,0.12858942597150957,0.26598372758884037,True,0,0,0.8117528494934465
nq_36,2.0,15,5,2,0,2,2,0,0.0,0.24766448737319624,0.12858942597150957,0.26598372758884037,True,0,0,0.8117528494934465
nq_37,0.0,15,5,3,3,3,0,3,1.0,0.3390457526168661,0.17122350087934132,0.3810013155512473,False,0,0,0.7393257980810526
nq_37,0.05,15,5,3,3,3,0,3,1.0,0.3390457526168661,0.17122350087934132,0.3810013155512473,False,0,0,0.7393257980810526
nq_37,0.1,15,5,3,3,3,0,3,1.0,0.3390457526168661,0.17122350087934132,0.3810013155512473,False,0,0,0.7393257980810526
nq_37,0.2,15,5,3,3,3,0,3,1.0,0.3390457526168661,0.17122350087934132,0.3810013155512473,False,0,0,0.7393257980810526
nq_37,0.5,15,5,3,3,3,0,3,1.0,0.3390457526168661,0.17122350087934132,0.3810013155512473,False,0,0,0.7393257980810526
nq_37,1.0,15,5,3,3,3,0,3,1.0,0.3390457526168661,0.17122350087934132,0.3810013155512473,False,0,0,0.7393257980810526
nq_37,2.0,15,5,3,3,3,0,0,0.0,0.3390457526168661,0.17122350087934132,0.3810013155512473,True,-3,0,0.6813117250792837
nq_38,0.0,15,5,15,5,5,0,5,0.3333333333333333,0.5047093444498787,0.5047093444498787,0.0,False,0,0,0.8587860043478145
nq_38,0.05,15,5,15,5,5,0,5,0.3333333333333333,0.5047093444498787,0.5047093444498787,0.0,False,0,0,0.8587860043478145
nq_38,0.1,15,5,15,5,5,0,5,0.3333333333333333,0.5047093444498787,0.5047093444498787,0.0,False,0,0,0.8587860043478145
nq_38,0.2,15,5,15,5,5,0,5,0.3333333333333333,0.5047093444498787,0.5047093444498787,0.0,False,0,0,0.8587860043478145
nq_38,0.5,15,5,15,5,5,0,5,0.3333333333333333,0.5047093444498787,0.5047093444498787,0.0,True,0,0,0.841122479260382
nq_38,1.0,15,5,15,5,5,0,5,0.3333333333333333,0.5047093444498787,0.5047093444498787,0.0,True,0,0,0.8022886760404822
nq_38,2.0,15,5,15,5,5,0,5,0.3333333333333333,0.5047093444498787,0.5047093444498787,0.0,True,0,0,0.8022886760404822
nq_39,0.0,15,5,8,1,5,4,1,0.125,0.5938962628746982,0.7930810843251441,0.3662564669313314,False,0,0,0.8500325287756467
nq_39,0.05,15,5,8,1,5,4,1,0.125,0.5938962628746982,0.7930810843251441,0.3662564669313314,False,0,0,0.8500325287756467
nq_39,0.1,15,5,8,1,5,4,1,0.125,0.5938962628746982,0.7930810843251441,0.3662564669313314,False,0,0,0.8500325287756467
nq_39,0.2,15,5,8,1,5,4,1,0.125,0.5938962628746982,0.7930810843251441,0.3662564669313314,False,0,0,0.8500325287756467
nq_39,0.5,15,5,8,1,5,4,3,0.375,0.5938962628746982,0.7930810843251441,0.3662564669313314,True,2,2,0.816612712957622
nq_39,1.0,15,5,8,1,5,4,3,0.375,0.5938962628746982,0.7930810843251441,0.3662564669313314,True,2,2,0.816612712957622
nq_39,2.0,15,5,8,1,5,4,3,0.375,0.5938962628746982,0.7930810843251441,0.3662564669313314,True,2,2,0.816612712957622
nq_4,0.0,15,5,10,4,5,1,4,0.4,0.26571385677046677,0.25337126977593205,0.2903990307595363,False,0,0,0.8538989055969182
nq_4,0.05,15,5,10,4,5,1,4,0.4,0.26571385677046677,0.25337126977593205,0.2903990307595363,False,0,0,0.8538989055969182
nq_4,0.1,15,5,10,4,5,1,4,0.4,0.26571385677046677,0.25337126977593205,0.2903990307595363,True,0,0,0.830284533936292
nq_4,0.2,15,5,10,4,5,1,4,0.4,0.26571385677046677,0.25337126977593205,0.2903990307595363,True,0,0,0.830284533936292
nq_4,0.5,15,5,10,4,5,1,3,0.3,0.26571385677046677,0.25337126977593205,0.2903990307595363,True,-1,0,0.8199266141529733
nq_4,1.0,15,5,10,4,5,1,3,0.3,0.26571385677046677,0.25337126977593205,0.2903990307595363,True,-1,0,0.8199266141529733
nq_4,2.0,15,5,10,4,5,1,3,0.3,0.26571385677046677,0.25337126977593205,0.2903990307595363,True,-1,0,0.8199266141529733
nq_40,0.0,15,5,0,0,0,0,0,0.0,0.5094009905209934,0.0,0.5094009905209934,False,0,0,0.8863373361045189
nq_40,0.05,15,5,0,0,0,0,0,0.0,0.5094009905209934,0.0,0.5094009905209934,False,0,0,0.8863373361045189
nq_40,0.1,15,5,0,0,0,0,0,0.0,0.5094009905209934,0.0,0.5094009905209934,False,0,0,0.8863373361045189
nq_40,0.2,15,5,0,0,0,0,0,0.0,0.5094009905209934,0.0,0.5094009905209934,False,0,0,0.8863373361045189
nq_40,0.5,15,5,0,0,0,0,0,0.0,0.5094009905209934,0.0,0.5094009905209934,False,0,0,0.8863373361045189
nq_40,1.0,15,5,0,0,0,0,0,0.0,0.5094009905209934,0.0,0.5094009905209934,True,0,0,0.8563985227584588
nq_40,2.0,15,5,0,0,0,0,0,0.0,0.5094009905209934,0.0,0.5094009905209934,True,0,0,0.8452453253823313
nq_41,0.0,15,5,0,0,0,0,0,0.0,0.15548051404622154,0.0,0.15548051404622154,False,0,0,0.8029609282684909
nq_41,0.05,15,5,0,0,0,0,0,0.0,0.15548051404622154,0.0,0.15548051404622154,False,0,0,0.8029609282684909
nq_41,0.1,15,5,0,0,0,0,0,0.0,0.15548051404622154,0.0,0.15548051404622154,False,0,0,0.8029609282684909
nq_41,0.2,15,5,0,0,0,0,0,0.0,0.15548051404622154,0.0,0.15548051404622154,False,0,0,0.8029609282684909
nq_41,0.5,15,5,0,0,0,0,0,0.0,0.15548051404622154,0.0,0.15548051404622154,True,0,0,0.8370735235087217
nq_41,1.0,15,5,0,0,0,0,0,0.0,0.15548051404622154,0.0,0.15548051404622154,True,0,0,0.8370735235087217
nq_41,2.0,15,5,0,0,0,0,0,0.0,0.15548051404622154,0.0,0.15548051404622154,True,0,0,0.8370735235087217
nq_42,0.0,15,5,4,3,4,1,3,0.75,0.4822551619745679,0.1898249957673515,0.5885934042317374,False,0,0,0.8090624904723966
nq_42,0.05,15,5,4,3,4,1,3,0.75,0.4822551619745679,0.1898249957673515,0.5885934042317374,False,0,0,0.8090624904723966
nq_42,0.1,15,5,4,3,4,1,3,0.75,0.4822551619745679,0.1898249957673515,0.5885934042317374,False,0,0,0.8090624904723966
nq_42,0.2,15,5,4,3,4,1,2,0.5,0.4822551619745679,0.1898249957673515,0.5885934042317374,True,-1,0,0.7967855758778344
nq_42,0.5,15,5,4,3,4,1,1,0.25,0.4822551619745679,0.1898249957673515,0.5885934042317374,True,-2,0,0.7831886935037405
nq_42,1.0,15,5,4,3,4,1,1,0.25,0.4822551619745679,0.1898249957673515,0.5885934042317374,True,-2,0,0.7831886935037405
nq_42,2.0,15,5,4,3,4,1,1,0.25,0.4822551619745679,0.1898249957673515,0.5885934042317374,True,-2,0,0.771855291061234
nq_43,0.0,15,5,0,0,0,0,0,0.0,0.03601912386487725,0.0,0.03601912386487725,False,0,0,0.6789006493212651
nq_43,0.05,15,5,0,0,0,0,0,0.0,0.03601912386487725,0.0,0.03601912386487725,False,0,0,0.6789006493212651
nq_43,0.1,15,5,0,0,0,0,0,0.0,0.03601912386487725,0.0,0.03601912386487725,False,0,0,0.6789006493212651
nq_43,0.2,15,5,0,0,0,0,0,0.0,0.03601912386487725,0.0,0.03601912386487725,False,0,0,0.6789006493212651
nq_43,0.5,15,5,0,0,0,0,0,0.0,0.03601912386487725,0.0,0.03601912386487725,True,0,0,0.6842563605085598
nq_43,1.0,15,5,0,0,0,0,0,0.0,0.03601912386487725,0.0,0.03601912386487725,True,0,0,0.6904368813212758
nq_43,2.0,15,5,0,0,0,0,0,0.0,0.03601912386487725,0.0,0.03601912386487725,True,0,0,0.6904368813212758
nq_44,0.0,15,5,0,0,0,0,0,0.0,0.48971108630740423,0.0,0.48971108630740423,False,0,0,0.85913875443638
nq_44,0.05,15,5,0,0,0,0,0,0.0,0.48971108630740423,0.0,0.48971108630740423,False,0,0,0.85913875443638
nq_44,0.1,15,5,0,0,0,0,0,0.0,0.48971108630740423,0.0,0.48971108630740423,True,0,0,0.8984311914956352
nq_44,0.2,15,5,0,0,0,0,0,0.0,0.48971108630740423,0.0,0.48971108630740423,True,0,0,0.8984311914956352
nq_44,0.5,15,5,0,0,0,0,0,0.0,0.48971108630740423,0.0,0.48971108630740423,True,0,0,0.8984311914956352
nq_44,1.0,15,5,0,0,0,0,0,0.0,0.48971108630740423,0.0,0.48971108630740423,True,0,0,0.8984311914956352
nq_44,2.0,15,5,0,0,0,0,0,0.0,0.48971108630740423,0.0,0.48971108630740423,True,0,0,0.883705515587819
nq_45,0.0,15,5,15,5,5,0,5,0.3333333333333333,0.0029033247424188288,0.0029033247424188288,0.0,False,0,0,0.8518551726209791
nq_45,0.05,15,5,15,5,5,0,5,0.3333333333333333,0.0029033247424188288,0.0029033247424188288,0.0,False,0,0,0.8518551726209791
nq_45,0.1,15,5,15,5,5,0,5,0.3333333333333333,0.0029033247424188288,0.0029033247424188288,0.0,False,0,0,0.8518551726209791
nq_45,0.2,15,5,15,5,5,0,5,0.3333333333333333,0.0029033247424188288,0.0029033247424188288,0.0,False,0,0,0.8518551726209791
nq_45,0.5,15,5,15,5,5,0,5,0.3333333333333333,0.0029033247424188288,0.0029033247424188288,0.0,False,0,0,0.8518551726209791
nq_45,1.0,15,5,15,5,5,0,5,0.3333333333333333,0.0029033247424188288,0.0029033247424188288,0.0,False,0,0,0.8518551726209791
nq_45,2.0,15,5,15,5,5,0,5,0.3333333333333333,0.0029033247424188288,0.0029033247424188288,0.0,False,0,0,0.8518551726209791
nq_46,0.0,15,5,3,0,3,3,0,0.0,0.030960327076751316,0.00013955385617861642,0.03866552038189449,False,0,0,0.8462928316981531
nq_46,0.05,15,5,3,0,3,3,0,0.0,0.030960327076751316,0.00013955385617861642,0.03866552038189449,False,0,0,0.8462928316981531
nq_46,0.1,15,5,3,0,3,3,0,0.0,0.030960327076751316,0.00013955385617861642,0.03866552038189449,True,0,0,0.8431160622745295
nq_46,0.2,15,5,3,0,3,3,0,0.0,0.030960327076751316,0.00013955385617861642,0.03866552038189449,True,0,0,0.8431160622745295
nq_46,0.5,15,5,3,0,3,3,0,0.0,0.030960327076751316,0.00013955385617861642,0.03866552038189449,True,0,0,0.8431160622745295
nq_46,1.0,15,5,3,0,3,3,0,0.0,0.030960327076751316,0.00013955385617861642,0.03866552038189449,True,0,0,0.8431160622745295
nq_46,2.0,15,5,3,0,3,3,0,0.0,0.030960327076751316,0.00013955385617861642,0.03866552038189449,True,0,0,0.8431160622745295
nq_47,0.0,15,5,3,2,3,1,2,0.6666666666666666,0.6405083657484562,0.5880591553717537,0.6536206683426319,False,0,0,0.8723644402056744
nq_47,0.05,15,5,3,2,3,1,2,0.6666666666666666,0.6405083657484562,0.5880591553717537,0.6536206683426319,False,0,0,0.8723644402056744
nq_47,0.1,15,5,3,2,3,1,2,0.6666666666666666,0.6405083657484562,0.5880591553717537,0.6536206683426319,False,0,0,0.8723644402056744
nq_47,0.2,15,5,3,2,3,1,2,0.6666666666666666,0.6405083657484562,0.5880591553717537,0.6536206683426319,False,0,0,0.8723644402056744
nq_47,0.5,15,5,3,2,3,1,2,0.6666666666666666,0.6405083657484562,0.5880591553717537,0.6536206683426319,True,0,0,0.8647498253181769
nq_47,1.0,15,5,3,2,3,1,2,0.6666666666666666,0.6405083657484562,0.5880591553717537,0.6536206683426319,True,0,0,0.8561013503698405
nq_47,2.0,15,5,3,2,3,1,2,0.6666666666666666,0.6405083657484562,0.5880591553717537,0.6536206683426319,True,0,0,0.8515715536405224
nq_48,0.0,15,5,5,2,5,3,2,0.4,0.5508390482885063,0.2650058626601227,0.6937556411026983,False,0,0,0.7677023478348123
nq_48,0.05,15,5,5,2,5,3,2,0.4,0.5508390482885063,0.2650058626601227,0.6937556411026983,False,0,0,0.7677023478348123
nq_48,0.1,15,5,5,2,5,3,2,0.4,0.5508390482885063,0.2650058626601227,0.6937556411026983,False,0,0,0.7677023478348123
nq_48,0.2,15,5,5,2,5,3,2,0.4,0.5508390482885063,0.2650058626601227,0.6937556411026983,True,0,0,0.7511788415797641
nq_48,0.5,15,5,5,2,5,3,2,0.4,0.5508390482885063,0.2650058626601227,0.6937556411026983,True,0,0,0.7485281274849797
nq_48,1.0,15,5,5,2,5,3,0,0.0,0.5508390482885063,0.2650058626601227,0.6937556411026983,True,-2,0,0.7325117001773608
nq_48,2.0,15,5,5,2,5,3,1,0.2,0.5508390482885063,0.2650058626601227,0.6937556411026983,True,-1,0,0.7316368719688543
nq_49,0.0,15,5,1,1,1,0,1,1.0,0.1695406925748646,0.019418539509402085,0.18026370350811188,False,0,0,0.7955556703109785
nq_49,0.05,15,5,1,1,1,0,1,1.0,0.1695406925748646,0.019418539509402085,0.18026370350811188,False,0,0,0.7955556703109785
nq_49,0.1,15,5,1,1,1,0,0,0.0,0.1695406925748646,0.019418539509402085,0.18026370350811188,True,-1,0,0.8376098351029315
nq_49,0.2,15,5,1,1,1,0,0,0.0,0.1695406925748646,0.019418539509402085,0.18026370350811188,True,-1,0,0.8376098351029315
nq_49,0.5,15,5,1,1,1,0,0,0.0,0.1695406925748646,0.019418539509402085,0.18026370350811188,True,-1,0,0.8376098351029315
nq_49,1.0,15,5,1,1,1,0,0,0.0,0.1695406925748646,0.019418539509402085,0.18026370350811188,True,-1,0,0.8376098351029315
nq_49,2.0,15,5,1,1,1,0,0,0.0,0.1695406925748646,0.019418539509402085,0.18026370350811188,True,-1,0,0.8376098351029315
nq_5,0.0,15,5,2,0,2,2,0,0.0,0.5518688220988547,0.5165569763314117,0.5573014137553842,False,0,0,0.8888063393982742
nq_5,0.05,15,5,2,0,2,2,0,0.0,0.5518688220988547,0.5165569763314117,0.5573014137553842,False,0,0,0.8888063393982742
nq_5,0.1,15,5,2,0,2,2,0,0.0,0.5518688220988547,0.5165569763314117,0.5573014137553842,False,0,0,0.8888063393982742
nq_5,0.2,15,5,2,0,2,2,0,0.0,0.5518688220988547,0.5165569763314117,0.5573014137553842,False,0,0,0.8888063393982742
nq_5,0.5,15,5,2,0,2,2,0,0.0,0.5518688220988547,0.5165569763314117,0.5573014137553842,False,0,0,0.8888063393982742
nq_5,1.0,15,5,2,0,2,2,1,0.5,0.5518688220988547,0.5165569763314117,0.5573014137553842,True,1,1,0.8391946104738335
nq_5,2.0,15,5,2,0,2,2,1,0.5,0.5518688220988547,0.5165569763314117,0.5573014137553842,True,1,1,0.8305087639901748
nq_50,0.0,15,5,0,0,0,0,0,0.0,0.2116761764665084,0.0,0.2116761764665084,False,0,0,0.7594973493197578
nq_50,0.05,15,5,0,0,0,0,0,0.0,0.2116761764665084,0.0,0.2116761764665084,False,0,0,0.7594973493197578
nq_50,0.1,15,5,0,0,0,0,0,0.0,0.2116761764665084,0.0,0.2116761764665084,True,0,0,0.813250396861747
nq_50,0.2,15,5,0,0,0,0,0,0.0,0.2116761764665084,0.0,0.2116761764665084,True,0,0,0.813250396861747
nq_50,0.5,15,5,0,0,0,0,0,0.0,0.2116761764665084,0.0,0.2116761764665084,True,0,0,0.813250396861747
nq_50,1.0,15,5,0,0,0,0,0,0.0,0.2116761764665084,0.0,0.2116761764665084,True,0,0,0.813250396861747
nq_50,2.0,15,5,0,0,0,0,0,0.0,0.2116761764665084,0.0,0.2116761764665084,True,0,0,0.813250396861747
nq_51,0.0,15,5,8,2,5,3,2,0.25,0.5190322470656532,0.559891614405733,0.47233582724841927,False,0,0,0.841789576007506
nq_51,0.05,15,5,8,2,5,3,2,0.25,0.5190322470656532,0.559891614405733,0.47233582724841927,False,0,0,0.841789576007506
nq_51,0.1,15,5,8,2,5,3,3,0.375,0.5190322470656532,0.559891614405733,0.47233582724841927,True,1,1,0.8360686700464784
nq_51,0.2,15,5,8,2,5,3,3,0.375,0.5190322470656532,0.559891614405733,0.47233582724841927,True,1,1,0.8360686700464784
nq_51,0.5,15,5,8,2,5,3,3,0.375,0.5190322470656532,0.559891614405733,0.47233582724841927,True,1,1,0.8288582050167539
nq_51,1.0,15,5,8,2,5,3,2,0.25,0.5190322470656532,0.559891614405733,0.47233582724841927,True,0,0,0.8146136285691321
nq_51,2.0,15,5,8,2,5,3,2,0.25,0.5190322470656532,0.559891614405733,0.47233582724841927,True,0,0,0.8146136285691321
nq_52,0.0,15,5,0,0,0,0,0,0.0,0.12487188303439277,0.0,0.12487188303439277,False,0,0,0.6580139092928324
nq_52,0.05,15,5,0,0,0,0,0,0.0,0.12487188303439277,0.0,0.12487188303439277,False,0,0,0.6580139092928324
nq_52,0.1,15,5,0,0,0,0,0,0.0,0.12487188303439277,0.0,0.12487188303439277,False,0,0,0.6580139092928324
nq_52,0.2,15,5,0,0,0,0,0,0.0,0.12487188303439277,0.0,0.12487188303439277,False,0,0,0.6580139092928324
nq_52,0.5,15,5,0,0,0,0,0,0.0,0.12487188303439277,0.0,0.12487188303439277,False,0,0,0.6580139092928324
nq_52,1.0,15,5,0,0,0,0,0,0.0,0.12487188303439277,0.0,0.12487188303439277,True,0,0,0.6905605089810551
nq_52,2.0,15,5,0,0,0,0,0,0.0,0.12487188303439277,0.0,0.12487188303439277,True,0,0,0.6905605089810551
nq_53,0.0,15,5,11,3,5,2,3,0.2727272727272727,0.08842379838303133,0.07860445722327337,0.11542698657236566,False,0,0,0.7091926641087196
nq_53,0.05,15,5,11,3,5,2,3,0.2727272727272727,0.08842379838303133,0.07860445722327337,0.11542698657236566,False,0,0,0.7091926641087196
nq_53,0.1,15,5,11,3,5,2,3,0.2727272727272727,0.08842379838303133,0.07860445722327337,0.11542698657236566,False,0,0,0.7091926641087196
nq_53,0.2,15,5,11,3,5,2,3,0.2727272727272727,0.08842379838303133,0.07860445722327337,0.11542698657236566,True,0,0,0.7195794729636527
nq_53,0.5,15,5,11,3,5,2,3,0.2727272727272727,0.08842379838303133,0.07860445722327337,0.11542698657236566,True,0,0,0.7321601765601041
nq_53,1.0,15,5,11,3,5,2,3,0.2727272727272727,0.08842379838303133,0.07860445722327337,0.11542698657236566,True,0,0,0.7321601765601041
nq_53,2.0,15,5,11,3,5,2,3,0.2727272727272727,0.08842379838303133,0.07860445722327337,0.11542698657236566,True,0,0,0.7321601765601041
nq_54,0.0,15,5,3,1,3,2,1,0.3333333333333333,0.16451677267586287,0.14843978261207588,0.16853602019180966,False,0,0,0.8342245564672472
nq_54,0.05,15,5,3,1,3,2,1,0.3333333333333333,0.16451677267586287,0.14843978261207588,0.16853602019180966,False,0,0,0.8342245564672472
nq_54,0.1,15,5,3,1,3,2,1,0.3333333333333333,0.16451677267586287,0.14843978261207588,0.16853602019180966,False,0,0,0.8342245564672472
nq_54,0.2,15,5,3,1,3,2,2,0.6666666666666666,0.16451677267586287,0.14843978261207588,0.16853602019180966,True,1,1,0.8586250293275011
nq_54,0.5,15,5,3,1,3,2,2,0.6666666666666666,0.16451677267586287,0.14843978261207588,0.16853602019180966,True,1,1,0.8586250293275011
nq_54,1.0,15,5,3,1,3,2,2,0.6666666666666666,0.16451677267586287,0.14843978261207588,0.16853602019180966,True,1,1,0.8586250293275011
nq_54,2.0,15,5,3,1,3,2,2,0.6666666666666666,0.16451677267586287,0.14843978261207588,0.16853602019180966,True,1,1,0.8586250293275011
nq_55,0.0,15,5,4,2,4,2,2,0.5,0.09276517263212729,0.22515370671273827,0.044623887511905116,False,0,0,0.7929647419852627
nq_55,0.05,15,5,4,2,4,2,2,0.5,0.09276517263212729,0.22515370671273827,0.044623887511905116,False,0,0,0.7929647419852627
nq_55,0.1,15,5,4,2,4,2,2,0.5,0.09276517263212729,0.22515370671273827,0.044623887511905116,False,0,0,0.7929647419852627
nq_55,0.2,15,5,4,2,4,2,2,0.5,0.09276517263212729,0.22515370671273827,0.044623887511905116,False,0,0,0.7929647419852627
nq_55,0.5,15,5,4,2,4,2,2,0.5,0.09276517263212729,0.22515370671273827,0.044623887511905116,False,0,0,0.7929647419852627
nq_55,1.0,15,5,4,2,4,2,2,0.5,0.09276517263212729,0.22515370671273827,0.044623887511905116,True,0,0,0.8249703875930621
nq_55,2.0,15,5,4,2,4,2,2,0.5,0.09276517263212729,0.22515370671273827,0.044623887511905116,True,0,0,0.8249703875930621
nq_56,0.0,15,5,0,0,0,0,0,0.0,0.22152335451492627,0.0,0.22152335451492627,False,0,0,0.7388401911112722
nq_56,0.05,15,5,0,0,0,0,0,0.0,0.22152335451492627,0.0,0.22152335451492627,False,0,0,0.7388401911112722
nq_56,0.1,15,5,0,0,0,0,0,0.0,0.22152335451492627,0.0,0.22152335451492627,False,0,0,0.7388401911112722
nq_56,0.2,15,5,0,0,0,0,0,0.0,0.22152335451492627,0.0,0.22152335451492627,True,0,0,0.7352840180515905
nq_56,0.5,15,5,0,0,0,0,0,0.0,0.22152335451492627,0.0,0.22152335451492627,True,0,0,0.7243262083577978
nq_56,1.0,15,5,0,0,0,0,0,0.0,0.22152335451492627,0.0,0.22152335451492627,True,0,0,0.7243262083577978
nq_56,2.0,15,5,0,0,0,0,0,0.0,0.22152335451492627,0.0,0.22152335451492627,True,0,0,0.7243262083577978
nq_57,0.0,15,5,6,4,5,1,4,0.6666666666666666,0.19947778269876987,0.41724611434026726,0.05429889493777167,False,0,0,0.8261734202623845
nq_57,0.05,15,5,6,4,5,1,4,0.6666666666666666,0.19947778269876987,0.41724611434026726,0.05429889493777167,False,0,0,0.8261734202623845
nq_57,0.1,15,5,6,4,5,1,4,0.6666666666666666,0.19947778269876987,0.41724611434026726,0.05429889493777167,False,0,0,0.8261734202623845
nq_57,0.2,15,5,6,4,5,1,4,0.6666666666666666,0.19947778269876987,0.41724611434026726,0.05429889493777167,False,0,0,0.8261734202623845
nq_57,0.5,15,5,6,4,5,1,4,0.6666666666666666,0.19947778269876987,0.41724611434026726,0.05429889493777167,True,0,0,0.8009880133219968
nq_57,1.0,15,5,6,4,5,1,5,0.8333333333333334,0.19947778269876987,0.41724611434026726,0.05429889493777167,True,1,1,0.7634794843244702
nq_57,2.0,15,5,6,4,5,1,5,0.8333333333333334,0.19947778269876987,0.41724611434026726,0.05429889493777167,True,1,1,0.7634794843244702
nq_58,0.0,15,5,0,0,0,0,0,0.0,0.08151023860459204,0.0,0.08151023860459204,False,0,0,0.6135741339489021
nq_58,0.05,15,5,0,0,0,0,0,0.0,0.08151023860459204,0.0,0.08151023860459204,False,0,0,0.6135741339489021
nq_58,0.1,15,5,0,0,0,0,0,0.0,0.08151023860459204,0.0,0.08151023860459204,False,0,0,0.6135741339489021
nq_58,0.2,15,5,0,0,0,0,0,0.0,0.08151023860459204,0.0,0.08151023860459204,False,0,0,0.6135741339489021
nq_58,0.5,15,5,0,0,0,0,0,0.0,0.08151023860459204,0.0,0.08151023860459204,True,0,0,0.6449946614068491
nq_58,1.0,15,5,0,0,0,0,0,0.0,0.08151023860459204,0.0,0.08151023860459204,True,0,0,0.6449946614068491
nq_58,2.0,15,5,0,0,0,0,0,0.0,0.08151023860459204,0.0,0.08151023860459204,True,0,0,0.6449946614068491
nq_59,0.0,15,5,0,0,0,0,0,0.0,0.24329551220543758,0.0,0.24329551220543758,False,0,0,0.6484230710338081
nq_59,0.05,15,5,0,0,0,0,0,0.0,0.24329551220543758,0.0,0.24329551220543758,True,0,0,0.6671214483044411
nq_59,0.1,15,5,0,0,0,0,0,0.0,0.24329551220543758,0.0,0.24329551220543758,True,0,0,0.6671214483044411
nq_59,0.2,15,5,0,0,0,0,0,0.0,0.24329551220543758,0.0,0.24329551220543758,True,0,0,0.6671214483044411
nq_59,0.5,15,5,0,0,0,0,0,0.0,0.24329551220543758,0.0,0.24329551220543758,True,0,0,0.6671214483044411
nq_59,1.0,15,5,0,0,0,0,0,0.0,0.24329551220543758,0.0,0.24329551220543758,True,0,0,0.6671214483044411
nq_59,2.0,15,5,0,0,0,0,0,0.0,0.24329551220543758,0.0,0.24329551220543758,True,0,0,0.6671214483044411
nq_6,0.0,15,5,0,0,0,0,0,0.0,0.2757048182008416,0.0,0.2757048182008416,False,0,0,0.9058967500802557
nq_6,0.05,15,5,0,0,0,0,0,0.0,0.2757048182008416,0.0,0.2757048182008416,False,0,0,0.9058967500802557
nq_6,0.1,15,5,0,0,0,0,0,0.0,0.2757048182008416,0.0,0.2757048182008416,False,0,0,0.9058967500802557
nq_6,0.2,15,5,0,0,0,0,0,0.0,0.2757048182008416,0.0,0.2757048182008416,False,0,0,0.9058967500802557
nq_6,0.5,15,5,0,0,0,0,0,0.0,0.2757048182008416,0.0,0.2757048182008416,False,0,0,0.9058967500802557
nq_6,1.0,15,5,0,0,0,0,0,0.0,0.2757048182008416,0.0,0.2757048182008416,False,0,0,0.9058967500802557
nq_6,2.0,15,5,0,0,0,0,0,0.0,0.2757048182008416,0.0,0.2757048182008416,False,0,0,0.9058967500802557
nq_60,0.0,15,5,10,4,5,1,4,0.4,0.45688639063297554,0.5215293367660015,0.32760049836692345,False,0,0,0.7980892725757035
nq_60,0.05,15,5,10,4,5,1,4,0.4,0.45688639063297554,0.5215293367660015,0.32760049836692345,False,0,0,0.7980892725757035
nq_60,0.1,15,5,10,4,5,1,4,0.4,0.45688639063297554,0.5215293367660015,0.32760049836692345,False,0,0,0.7980892725757035
nq_60,0.2,15,5,10,4,5,1,4,0.4,0.45688639063297554,0.5215293367660015,0.32760049836692345,False,0,0,0.7980892725757035
nq_60,0.5,15,5,10,4,5,1,4,0.4,0.45688639063297554,0.5215293367660015,0.32760049836692345,False,0,0,0.7980892725757035
nq_60,1.0,15,5,10,4,5,1,3,0.3,0.45688639063297554,0.5215293367660015,0.32760049836692345,True,-1,0,0.7382609015537385
nq_60,2.0,15,5,10,4,5,1,3,0.3,0.45688639063297554,0.5215293367660015,0.32760049836692345,True,-1,0,0.7228101990544632
nq_61,0.0,15,5,8,4,5,1,4,0.5,0.4832221341407401,0.4075660964958735,0.5696861771634449,False,0,0,0.7562575560518631
nq_61,0.05,15,5,8,4,5,1,4,0.5,0.4832221341407401,0.4075660964958735,0.5696861771634449,False,0,0,0.7562575560518631
nq_61,0.1,15,5,8,4,5,1,4,0.5,0.4832221341407401,0.4075660964958735,0.5696861771634449,False,0,0,0.7562575560518631
nq_61,0.2,15,5,8,4,5,1,4,0.5,0.4832221341407401,0.4075660964958735,0.5696861771634449,False,0,0,0.7562575560518631
nq_61,0.5,15,5,8,4,5,1,4,0.5,0.4832221341407401,0.4075660964958735,0.5696861771634449,True,0,0,0.7481427696799418
nq_61,1.0,15,5,8,4,5,1,4,0.5,0.4832221341407401,0.4075660964958735,0.5696861771634449,True,0,0,0.7190169677503698
nq_61,2.0,15,5,8,4,5,1,3,0.375,0.4832221341407401,0.4075660964958735,0.5696861771634449,True,-1,0,0.7069911097770908
nq_62,0.0,15,5,4,3,4,1,3,0.75,0.4922955888500401,0.6060314077101954,0.4509371092645292,False,0,0,0.8016470547823156
nq_62,0.05,15,5,4,3,4,1,3,0.75,0.4922955888500401,0.6060314077101954,0.4509371092645292,False,0,0,0.8016470547823156
nq_62,0.1,15,5,4,3,4,1,3,0.75,0.4922955888500401,0.6060314077101954,0.4509371092645292,False,0,0,0.8016470547823156
nq_62,0.2,15,5,4,3,4,1,3,0.75,0.4922955888500401,0.6060314077101954,0.4509371092645292,False,0,0,0.8016470547823156
nq_62,0.5,15,5,4,3,4,1,3,0.75,0.4922955888500401,0.6060314077101954,0.4509371092645292,False,0,0,0.8016470547823156
nq_62,1.0,15,5,4,3,4,1,3,0.75,0.4922955888500401,0.6060314077101954,0.4509371092645292,True,0,0,0.7884383365040826
nq_62,2.0,15,5,4,3,4,1,3,0.75,0.4922955888500401,0.6060314077101954,0.4509371092645292,True,0,0,0.7797223182862372
nq_63,0.0,15,5,2,1,2,1,1,0.5,0.18640210754107223,0.042361779507986565,0.20856215800770078,False,0,0,0.814030960665535
nq_63,0.05,15,5,2,1,2,1,1,0.5,0.18640210754107223,0.042361779507986565,0.20856215800770078,False,0,0,0.814030960665535
nq_63,0.1,15,5,2,1,2,1,1,0.5,0.18640210754107223,0.042361779507986565,0.20856215800770078,True,0,0,0.8693924960291746
nq_63,0.2,15,5,2,1,2,1,1,0.5,0.18640210754107223,0.042361779507986565,0.20856215800770078,True,0,0,0.8693924960291746
nq_63,0.5,15,5,2,1,2,1,1,0.5,0.18640210754107223,0.042361779507986565,0.20856215800770078,True,0,0,0.8693924960291746
nq_63,1.0,15,5,2,1,2,1,1,0.5,0.18640210754107223,0.042361779507986565,0.20856215800770078,True,0,0,0.8693924960291746
nq_63,2.0,15,5,2,1,2,1,1,0.5,0.18640210754107223,0.042361779507986565,0.20856215800770078,True,0,0,0.8693924960291746
nq_64,0.0,15,5,11,3,5,2,3,0.2727272727272727,0.46020880352936866,0.5107558168411472,0.3212045169219775,False,0,0,0.8371888670370181
nq_64,0.05,15,5,11,3,5,2,3,0.2727272727272727,0.46020880352936866,0.5107558168411472,0.3212045169219775,False,0,0,0.8371888670370181
nq_64,0.1,15,5,11,3,5,2,3,0.2727272727272727,0.46020880352936866,0.5107558168411472,0.3212045169219775,False,0,0,0.8371888670370181
nq_64,0.2,15,5,11,3,5,2,3,0.2727272727272727,0.46020880352936866,0.5107558168411472,0.3212045169219775,True,0,0,0.8050983701753974
nq_64,0.5,15,5,11,3,5,2,3,0.2727272727272727,0.46020880352936866,0.5107558168411472,0.3212045169219775,True,0,0,0.8050983701753974
nq_64,1.0,15,5,11,3,5,2,4,0.36363636363636365,0.46020880352936866,0.5107558168411472,0.3212045169219775,True,1,1,0.7893824534472783
nq_64,2.0,15,5,11,3,5,2,4,0.36363636363636365,0.46020880352936866,0.5107558168411472,0.3212045169219775,True,1,1,0.7893824534472783
nq_65,0.0,15,5,8,5,5,0,5,0.625,0.3028584066604721,0.38519205569051124,0.20876280776899875,False,0,0,0.9032599662622462
nq_65,0.05,15,5,8,5,5,0,5,0.625,0.3028584066604721,0.38519205569051124,0.20876280776899875,False,0,0,0.9032599662622462
nq_65,0.1,15,5,8,5,5,0,5,0.625,0.3028584066604721,0.38519205569051124,0.20876280776899875,False,0,0,0.9032599662622462
nq_65,0.2,15,5,8,5,5,0,5,0.625,0.3028584066604721,0.38519205569051124,0.20876280776899875,False,0,0,0.9032599662622462
nq_65,0.5,15,5,8,5,5,0,5,0.625,0.3028584066604721,0.38519205569051124,0.20876280776899875,True,0,0,0.8904340008845224
nq_65,1.0,15,5,8,5,5,0,5,0.625,0.3028584066604721,0.38519205569051124,0.20876280776899875,True,0,0,0.8904340008845224
nq_65,2.0,15,5,8,5,5,0,5,0.625,0.3028584066604721,0.38519205569051124,0.20876280776899875,True,0,0,0.8904340008845224
nq_66,0.0,15,5,7,4,5,1,4,0.5714285714285714,0.33726247042216284,0.30173664056092336,0.3683475715507475,False,0,0,0.7807348065027467
nq_66,0.05,15,5,7,4,5,1,4,0.5714285714285714,0.33726247042216284,0.30173664056092336,0.3683475715507475,False,0,0,0.7807348065027467
nq_66,0.1,15,5,7,4,5,1,4,0.5714285714285714,0.33726247042216284,0.30173664056092336,0.3683475715507475,False,0,0,0.7807348065027467
nq_66,0.2,15,5,7,4,5,1,4,0.5714285714285714,0.33726247042216284,0.30173664056092336,0.3683475715507475,False,0,0,0.7807348065027467
nq_66,0.5,15,5,7,4,5,1,4,0.5714285714285714,0.33726247042216284,0.30173664056092336,0.3683475715507475,False,0,0,0.7807348065027467
nq_66,1.0,15,5,7,4,5,1,3,0.42857142857142855,0.33726247042216284,0.30173664056092336,0.3683475715507475,True,-1,0,0.7526835458351148
nq_66,2.0,15,5,7,4,5,1,3,0.42857142857142855,0.33726247042216284,0.30173664056092336,0.3683475715507475,True,-1,0,0.7479765733407616
nq_67,0.0,15,5,0,0,0,0,0,0.0,0.16592650975694184,0.0,0.16592650975694184,False,0,0,0.7000849449073352
nq_67,0.05,15,5,0,0,0,0,0,0.0,0.16592650975694184,0.0,0.16592650975694184,False,0,0,0.7000849449073352
nq_67,0.1,15,5,0,0,0,0,0,0.0,0.16592650975694184,0.0,0.16592650975694184,False,0,0,0.7000849449073352
nq_67,0.2,15,5,0,0,0,0,0,0.0,0.16592650975694184,0.0,0.16592650975694184,False,0,0,0.7000849449073352
nq_67,0.5,15,5,0,0,0,0,0,0.0,0.16592650975694184,0.0,0.16592650975694184,False,0,0,0.7000849449073352
nq_67,1.0,15,5,0,0,0,0,0,0.0,0.16592650975694184,0.0,0.16592650975694184,False,0,0,0.7000849449073352
nq_67,2.0,15,5,0,0,0,0,0,0.0,0.16592650975694184,0.0,0.16592650975694184,True,0,0,0.7686284650893382
nq_68,0.0,15,5,0,0,0,0,0,0.0,0.15016741222581412,0.0,0.15016741222581412,False,0,0,0.8462476448964228
nq_68,0.05,15,5,0,0,0,0,0,0.0,0.15016741222581412,0.0,0.15016741222581412,False,0,0,0.8462476448964228
nq_68,0.1,15,5,0,0,0,0,0,0.0,0.15016741222581412,0.0,0.15016741222581412,False,0,0,0.8462476448964228
nq_68,0.2,15,5,0,0,0,0,0,0.0,0.15016741222581412,0.0,0.15016741222581412,False,0,0,0.8462476448964228
nq_68,0.5,15,5,0,0,0,0,0,0.0,0.15016741222581412,0.0,0.15016741222581412,True,0,0,0.8692748480420341
nq_68,1.0,15,5,0,0,0,0,0,0.0,0.15016741222581412,0.0,0.15016741222581412,True,0,0,0.8692748480420341
nq_68,2.0,15,5,0,0,0,0,0,0.0,0.15016741222581412,0.0,0.15016741222581412,True,0,0,0.8692748480420341
nq_69,0.0,15,5,0,0,0,0,0,0.0,0.2348516575293653,0.0,0.2348516575293653,False,0,0,0.6787632268143693
nq_69,0.05,15,5,0,0,0,0,0,0.0,0.2348516575293653,0.0,0.2348516575293653,False,0,0,0.6787632268143693
nq_69,0.1,15,5,0,0,0,0,0,0.0,0.2348516575293653,0.0,0.2348516575293653,False,0,0,0.6787632268143693
nq_69,0.2,15,5,0,0,0,0,0,0.0,0.2348516575293653,0.0,0.2348516575293653,False,0,0,0.6787632268143693
nq_69,0.5,15,5,0,0,0,0,0,0.0,0.2348516575293653,0.0,0.2348516575293653,False,0,0,0.6787632268143693
nq_69,1.0,15,5,0,0,0,0,0,0.0,0.2348516575293653,0.0,0.2348516575293653,False,0,0,0.6787632268143693
nq_69,2.0,15,5,0,0,0,0,0,0.0,0.2348516575293653,0.0,0.2348516575293653,False,0,0,0.6787632268143693
nq_7,0.0,15,5,0,0,0,0,0,0.0,0.6877831507329185,0.0,0.6877831507329185,False,0,0,0.9030805196519799
nq_7,0.05,15,5,0,0,0,0,0,0.0,0.6877831507329185,0.0,0.6877831507329185,False,0,0,0.9030805196519799
nq_7,0.1,15,5,0,0,0,0,0,0.0,0.6877831507329185,0.0,0.6877831507329185,False,0,0,0.9030805196519799
nq_7,0.2,15,5,0,0,0,0,0,0.0,0.6877831507329185,0.0,0.6877831507329185,False,0,0,0.9030805196519799
nq_7,0.5,15,5,0,0,0,0,0,0.0,0.6877831507329185,0.0,0.6877831507329185,False,0,0,0.9030805196519799
nq_7,1.0,15,5,0,0,0,0,0,0.0,0.6877831507329185,0.0,0.6877831507329185,True,0,0,0.8919835866265844
nq_7,2.0,15,5,0,0,0,0,0,0.0,0.6877831507329185,0.0,0.6877831507329185,True,0,0,0.854892955950044
nq_70,0.0,15,5,1,0,1,1,0,0.0,0.28463157059575317,0.309286998809257,0.2828704685805029,False,0,0,0.7029385790640857
nq_70,0.05,15,5,1,0,1,1,0,0.0,0.28463157059575317,0.309286998809257,0.2828704685805029,False,0,0,0.7029385790640857
nq_70,0.1,15,5,1,0,1,1,0,0.0,0.28463157059575317,0.309286998809257,0.2828704685805029,False,0,0,0.7029385790640857
nq_70,0.2,15,5,1,0,1,1,0,0.0,0.28463157059575317,0.309286998809257,0.2828704685805029,True,0,0,0.7439220591915813
nq_70,0.5,15,5,1,0,1,1,0,0.0,0.28463157059575317,0.309286998809257,0.2828704685805029,True,0,0,0.7439220591915813
nq_70,1.0,15,5,1,0,1,1,0,0.0,0.28463157059575317,0.309286998809257,0.2828704685805029,True,0,0,0.7439220591915813
nq_70,2.0,15,5,1,0,1,1,0,0.0,0.28463157059575317,0.309286998809257,0.2828704685805029,True,0,0,0.7439220591915813
nq_71,0.0,15,5,3,2,3,1,2,0.6666666666666666,0.4237640018625558,0.534578506879406,0.39606037560834323,False,0,0,0.8704958373298914
nq_71,0.05,15,5,3,2,3,1,2,0.6666666666666666,0.4237640018625558,0.534578506879406,0.39606037560834323,False,0,0,0.8704958373298914
nq_71,0.1,15,5,3,2,3,1,2,0.6666666666666666,0.4237640018625558,0.534578506879406,0.39606037560834323,False,0,0,0.8704958373298914
nq_71,0.2,15,5,3,2,3,1,2,0.6666666666666666,0.4237640018625558,0.534578506879406,0.39606037560834323,False,0,0,0.8704958373298914
nq_71,0.5,15,5,3,2,3,1,2,0.6666666666666666,0.4237640018625558,0.534578506879406,0.39606037560834323,False,0,0,0.8704958373298914
nq_71,1.0,15,5,3,2,3,1,2,0.6666666666666666,0.4237640018625558,0.534578506879406,0.39606037560834323,False,0,0,0.8704958373298914
nq_71,2.0,15,5,3,2,3,1,2,0.6666666666666666,0.4237640018625558,0.534578506879406,0.39606037560834323,True,0,0,0.8624988602870489
nq_72,0.0,15,5,8,3,5,2,3,0.375,0.14130921896456425,0.24883020973929373,0.018428086650587674,False,0,0,0.740126821149777
nq_72,0.05,15,5,8,3,5,2,3,0.375,0.14130921896456425,0.24883020973929373,0.018428086650587674,False,0,0,0.740126821149777
nq_72,0.1,15,5,8,3,5,2,3,0.375,0.14130921896456425,0.24883020973929373,0.018428086650587674,False,0,0,0.740126821149777
nq_72,0.2,15,5,8,3,5,2,3,0.375,0.14130921896456425,0.24883020973929373,0.018428086650587674,False,0,0,0.740126821149777
nq_72,0.5,15,5,8,3,5,2,3,0.375,0.14130921896456425,0.24883020973929373,0.018428086650587674,False,0,0,0.740126821149777
nq_72,1.0,15,5,8,3,5,2,4,0.5,0.14130921896456425,0.24883020973929373,0.018428086650587674,True,1,1,0.785158793075236
nq_72,2.0,15,5,8,3,5,2,4,0.5,0.14130921896456425,0.24883020973929373,0.018428086650587674,True,1,1,0.785158793075236
nq_73,0.0,15,5,3,3,3,0,3,1.0,0.27178484030984473,0.5211329395579112,0.20944781549782807,False,0,0,0.736322536899798
nq_73,0.05,15,5,3,3,3,0,3,1.0,0.27178484030984473,0.5211329395579112,0.20944781549782807,False,0,0,0.736322536899798
nq_73,0.1,15,5,3,3,3,0,3,1.0,0.27178484030984473,0.5211329395579112,0.20944781549782807,False,0,0,0.736322536899798
nq_73,0.2,15,5,3,3,3,0,3,1.0,0.27178484030984473,0.5211329395579112,0.20944781549782807,False,0,0,0.736322536899798
nq_73,0.5,15,5,3,3,3,0,3,1.0,0.27178484030984473,0.5211329395579112,0.20944781549782807,False,0,0,0.736322536899798
nq_73,1.0,15,5,3,3,3,0,3,1.0,0.27178484030984473,0.5211329395579112,0.20944781549782807,False,0,0,0.736322536899798
nq_73,2.0,15,5,3,3,3,0,2,0.6666666666666666,0.27178484030984473,0.5211329395579112,0.20944781549782807,True,-1,0,0.7290477219199184
nq_74,0.0,15,5,2,2,2,0,2,1.0,0.3042837923653839,0.001382373376359376,0.3508840106713877,False,0,0,0.8103143524869306
nq_74,0.05,15,5,2,2,2,0,2,1.0,0.3042837923653839,0.001382373376359376,0.3508840106713877,False,0,0,0.8103143524869306
nq_74,0.1,15,5,2,2,2,0,2,1.0,0.3042837923653839,0.001382373376359376,0.3508840106713877,False,0,0,0.8103143524869306
nq_74,0.2,15,5,2,2,2,0,2,1.0,0.3042837923653839,0.001382373376359376,0.3508840106713877,False,0,0,0.8103143524869306
nq_74,0.5,15,5,2,2,2,0,1,0.5,0.3042837923653839,0.001382373376359376,0.3508840106713877,True,-1,0,0.7979669594605372
nq_74,1.0,15,5,2,2,2,0,1,0.5,0.3042837923653839,0.001382373376359376,0.3508840106713877,True,-1,0,0.757899143813626
nq_74,2.0,15,5,2,2,2,0,1,0.5,0.3042837923653839,0.001382373376359376,0.3508840106713877,True,-1,0,0.757899143813626
nq_75,0.0,15,5,4,4,4,0,4,1.0,0.13685103936399964,0.07068171318510497,0.16091261251996133,False,0,0,0.7895018737987642
nq_75,0.05,15,5,4,4,4,0,4,1.0,0.13685103936399964,0.07068171318510497,0.16091261251996133,False,0,0,0.7895018737987642
nq_75,0.1,15,5,4,4,4,0,4,1.0,0.13685103936399964,0.07068171318510497,0.16091261251996133,False,0,0,0.7895018737987642
nq_75,0.2,15,5,4,4,4,0,4,1.0,0.13685103936399964,0.07068171318510497,0.16091261251996133,False,0,0,0.7895018737987642
nq_75,0.5,15,5,4,4,4,0,4,1.0,0.13685103936399964,0.07068171318510497,0.16091261251996133,False,0,0,0.7895018737987642
nq_75,1.0,15,5,4,4,4,0,4,1.0,0.13685103936399964,0.07068171318510497,0.16091261251996133,False,0,0,0.7895018737987642
nq_75,2.0,15,5,4,4,4,0,3,0.75,0.13685103936399964,0.07068171318510497,0.16091261251996133,True,-1,0,0.7677189277804489
nq_76,0.0,15,5,4,4,4,0,4,1.0,0.12107825900072626,0.36224975891039546,0.033379531760846536,False,0,0,0.8914460782209618
nq_76,0.05,15,5,4,4,4,0,4,1.0,0.12107825900072626,0.36224975891039546,0.033379531760846536,False,0,0,0.8914460782209618
nq_76,0.1,15,5,4,4,4,0,4,1.0,0.12107825900072626,0.36224975891039546,0.033379531760846536,False,0,0,0.8914460782209618
nq_76,0.2,15,5,4,4,4,0,4,1.0,0.12107825900072626,0.36224975891039546,0.033379531760846536,False,0,0,0.8914460782209618
nq_76,0.5,15,5,4,4,4,0,4,1.0,0.12107825900072626,0.36224975891039546,0.033379531760846536,False,0,0,0.8914460782209618
nq_76,1.0,15,5,4,4,4,0,4,1.0,0.12107825900072626,0.36224975891039546,0.033379531760846536,False,0,0,0.8914460782209618
nq_76,2.0,15,5,4,4,4,0,4,1.0,0.12107825900072626,0.36224975891039546,0.033379531760846536,False,0,0,0.8914460782209618
nq_77,0.0,15,5,0,0,0,0,0,0.0,0.00526115190146167,0.0,0.00526115190146167,False,0,0,0.6263210278858169
nq_77,0.05,15,5,0,0,0,0,0,0.0,0.00526115190146167,0.0,0.00526115190146167,False,0,0,0.6263210278858169
nq_77,0.1,15,5,0,0,0,0,0,0.0,0.00526115190146167,0.0,0.00526115190146167,False,0,0,0.6263210278858169
nq_77,0.2,15,5,0,0,0,0,0,0.0,0.00526115190146167,0.0,0.00526115190146167,False,0,0,0.6263210278858169
nq_77,0.5,15,5,0,0,0,0,0,0.0,0.00526115190146167,0.0,0.00526115190146167,False,0,0,0.6263210278858169
nq_77,1.0,15,5,0,0,0,0,0,0.0,0.00526115190146167,0.0,0.00526115190146167,False,0,0,0.6263210278858169
nq_77,2.0,15,5,0,0,0,0,0,0.0,0.00526115190146167,0.0,0.00526115190146167,True,0,0,0.6384573546369702
nq_78,0.0,15,5,5,2,5,3,2,0.4,0.5497017505387181,0.42938208825553004,0.6098615816803121,False,0,0,0.8174135103336928
nq_78,0.05,15,5,5,2,5,3,2,0.4,0.5497017505387181,0.42938208825553004,0.6098615816803121,False,0,0,0.8174135103336928
nq_78,0.1,15,5,5,2,5,3,2,0.4,0.5497017505387181,0.42938208825553004,0.6098615816803121,False,0,0,0.8174135103336928
nq_78,0.2,15,5,5,2,5,3,2,0.4,0.5497017505387181,0.42938208825553004,0.6098615816803121,False,0,0,0.8174135103336928
nq_78,0.5,15,5,5,2,5,3,2,0.4,0.5497017505387181,0.42938208825553004,0.6098615816803121,False,0,0,0.8174135103336928
nq_78,1.0,15,5,5,2,5,3,2,0.4,0.5497017505387181,0.42938208825553004,0.6098615816803121,True,0,0,0.7918168006891249
nq_78,2.0,15,5,5,2,5,3,2,0.4,0.5497017505387181,0.42938208825553004,0.6098615816803121,True,0,0,0.7599892401854382
nq_79,0.0,15,5,3,2,3,1,2,0.6666666666666666,0.4880210796073091,0.2917498425090162,0.5370888888818823,False,0,0,0.8260598644210682
nq_79,0.05,15,5,3,2,3,1,2,0.6666666666666666,0.4880210796073091,0.2917498425090162,0.5370888888818823,False,0,0,0.8260598644210682
nq_79,0.1,15,5,3,2,3,1,2,0.6666666666666666,0.4880210796073091,0.2917498425090162,0.5370888888818823,False,0,0,0.8260598644210682
nq_79,0.2,15,5,3,2,3,1,2,0.6666666666666666,0.4880210796073091,0.2917498425090162,0.5370888888818823,False,0,0,0.8260598644210682
nq_79,0.5,15,5,3,2,3,1,2,0.6666666666666666,0.4880210796073091,0.2917498425090162,0.5370888888818823,False,0,0,0.8260598644210682
nq_79,1.0,15,5,3,2,3,1,0,0.0,0.4880210796073091,0.2917498425090162,0.5370888888818823,True,-2,0,0.8135185282465732
nq_79,2.0,15,5,3,2,3,1,0,0.0,0.4880210796073091,0.2917498425090162,0.5370888888818823,True,-2,0,0.7878893707805632
nq_8,0.0,15,5,0,0,0,0,0,0.0,0.09927764436184054,0.0,0.09927764436184054,False,0,0,0.6252202546025151
nq_8,0.05,15,5,0,0,0,0,0,0.0,0.09927764436184054,0.0,0.09927764436184054,False,0,0,0.6252202546025151
nq_8,0.1,15,5,0,0,0,0,0,0.0,0.09927764436184054,0.0,0.09927764436184054,False,0,0,0.6252202546025151
nq_8,0.2,15,5,0,0,0,0,0,0.0,0.09927764436184054,0.0,0.09927764436184054,False,0,0,0.6252202546025151
nq_8,0.5,15,5,0,0,0,0,0,0.0,0.09927764436184054,0.0,0.09927764436184054,True,0,0,0.6656473974031792
nq_8,1.0,15,5,0,0,0,0,0,0.0,0.09927764436184054,0.0,0.09927764436184054,True,0,0,0.6656473974031792
nq_8,2.0,15,5,0,0,0,0,0,0.0,0.09927764436184054,0.0,0.09927764436184054,True,0,0,0.6656473974031792
nq_80,0.0,15,5,8,4,5,1,4,0.5,0.10442773278769685,0.012336335310238594,0.20967504419050625,False,0,0,0.8094359123819027
nq_80,0.05,15,5,8,4,5,1,4,0.5,0.10442773278769685,0.012336335310238594,0.20967504419050625,False,0,0,0.8094359123819027
nq_80,0.1,15,5,8,4,5,1,4,0.5,0.10442773278769685,0.012336335310238594,0.20967504419050625,False,0,0,0.8094359123819027
nq_80,0.2,15,5,8,4,5,1,4,0.5,0.10442773278769685,0.012336335310238594,0.20967504419050625,False,0,0,0.8094359123819027
nq_80,0.5,15,5,8,4,5,1,4,0.5,0.10442773278769685,0.012336335310238594,0.20967504419050625,True,0,0,0.8089220200550631
nq_80,1.0,15,5,8,4,5,1,4,0.5,0.10442773278769685,0.012336335310238594,0.20967504419050625,True,0,0,0.8089220200550631
nq_80,2.0,15,5,8,4,5,1,4,0.5,0.10442773278769685,0.012336335310238594,0.20967504419050625,True,0,0,0.8089220200550631
nq_81,0.0,15,5,12,3,5,2,3,0.25,0.16190232198740698,0.17936468115111584,0.0920528853325714,False,0,0,0.8295594145236377
nq_81,0.05,15,5,12,3,5,2,3,0.25,0.16190232198740698,0.17936468115111584,0.0920528853325714,False,0,0,0.8295594145236377
nq_81,0.1,15,5,12,3,5,2,3,0.25,0.16190232198740698,0.17936468115111584,0.0920528853325714,True,0,0,0.8287765905458077
nq_81,0.2,15,5,12,3,5,2,3,0.25,0.16190232198740698,0.17936468115111584,0.0920528853325714,True,0,0,0.8220161235312282
nq_81,0.5,15,5,12,3,5,2,3,0.25,0.16190232198740698,0.17936468115111584,0.0920528853325714,True,0,0,0.8212567447888249
nq_81,1.0,15,5,12,3,5,2,3,0.25,0.16190232198740698,0.17936468115111584,0.0920528853325714,True,0,0,0.8212567447888249
nq_81,2.0,15,5,12,3,5,2,3,0.25,0.16190232198740698,0.17936468115111584,0.0920528853325714,True,0,0,0.8212567447888249
nq_82,0.0,15,5,2,1,2,1,1,0.5,0.4451712301944145,0.25303364122172295,0.47473085926713626,False,0,0,0.7609242606668383
nq_82,0.05,15,5,2,1,2,1,1,0.5,0.4451712301944145,0.25303364122172295,0.47473085926713626,True,0,0,0.799437571963182
nq_82,0.1,15,5,2,1,2,1,1,0.5,0.4451712301944145,0.25303364122172295,0.47473085926713626,True,0,0,0.799437571963182
nq_82,0.2,15,5,2,1,2,1,1,0.5,0.4451712301944145,0.25303364122172295,0.47473085926713626,True,0,0,0.799437571963182
nq_82,0.5,15,5,2,1,2,1,1,0.5,0.4451712301944145,0.25303364122172295,0.47473085926713626,True,0,0,0.799437571963182
nq_82,1.0,15,5,2,1,2,1,1,0.5,0.4451712301944145,0.25303364122172295,0.47473085926713626,True,0,0,0.799437571963182
nq_82,2.0,15,5,2,1,2,1,1,0.5,0.4451712301944145,0.25303364122172295,0.47473085926713626,True,0,0,0.7888390528003849
nq_83,0.0,15,5,0,0,0,0,0,0.0,0.299323502313343,0.0,0.299323502313343,False,0,0,0.7450482060652505
nq_83,0.05,15,5,0,0,0,0,0,0.0,0.299323502313343,0.0,0.299323502313343,True,0,0,0.774253563881554
nq_83,0.1,15,5,0,0,0,0,0,0.0,0.299323502313343,0.0,0.299323502313343,True,0,0,0.774253563881554
nq_83,0.2,15,5,0,0,0,0,0,0.0,0.299323502313343,0.0,0.299323502313343,True,0,0,0.774253563881554
nq_83,0.5,15,5,0,0,0,0,0,0.0,0.299323502313343,0.0,0.299323502313343,True,0,0,0.774253563881554
nq_83,1.0,15,5,0,0,0,0,0,0.0,0.299323502313343,0.0,0.299323502313343,True,0,0,0.8088554754976748
nq_83,2.0,15,5,0,0,0,0,0,0.0,0.299323502313343,0.0,0.299323502313343,True,0,0,0.7948020552977624
nq_84,0.0,15,5,1,0,1,1,0,0.0,0.00932402079278581,0.0012809328310638187,0.009898527075765953,False,0,0,0.7135132356946623
nq_84,0.05,15,5,1,0,1,1,0,0.0,0.00932402079278581,0.0012809328310638187,0.009898527075765953,False,0,0,0.7135132356946623
nq_84,0.1,15,5,1,0,1,1,0,0.0,0.00932402079278581,0.0012809328310638187,0.009898527075765953,False,0,0,0.7135132356946623
nq_84,0.2,15,5,1,0,1,1,0,0.0,0.00932402079278581,0.0012809328310638187,0.009898527075765953,False,0,0,0.7135132356946623
nq_84,0.5,15,5,1,0,1,1,0,0.0,0.00932402079278581,0.0012809328310638187,0.009898527075765953,False,0,0,0.7135132356946623
nq_84,1.0,15,5,1,0,1,1,0,0.0,0.00932402079278581,0.0012809328310638187,0.009898527075765953,False,0,0,0.7135132356946623
nq_84,2.0,15,5,1,0,1,1,0,0.0,0.00932402079278581,0.0012809328310638187,0.009898527075765953,True,0,0,0.7248043537938245
nq_85,0.0,15,5,4,1,4,3,1,0.25,0.6521271849017719,0.6900881373343348,0.6383232021990218,False,0,0,0.8338389629969738
nq_85,0.05,15,5,4,1,4,3,1,0.25,0.6521271849017719,0.6900881373343348,0.6383232021990218,False,0,0,0.8338389629969738
nq_85,0.1,15,5,4,1,4,3,1,0.25,0.6521271849017719,0.6900881373343348,0.6383232021990218,False,0,0,0.8338389629969738
nq_85,0.2,15,5,4,1,4,3,1,0.25,0.6521271849017719,0.6900881373343348,0.6383232021990218,False,0,0,0.8338389629969738
nq_85,0.5,15,5,4,1,4,3,1,0.25,0.6521271849017719,0.6900881373343348,0.6383232021990218,True,0,0,0.8030700987970875
nq_85,1.0,15,5,4,1,4,3,1,0.25,0.6521271849017719,0.6900881373343348,0.6383232021990218,True,0,0,0.782710688170577
nq_85,2.0,15,5,4,1,4,3,1,0.25,0.6521271849017719,0.6900881373343348,0.6383232021990218,True,0,0,0.782710688170577
nq_86,0.0,15,5,6,2,5,3,2,0.3333333333333333,0.09682185162494719,0.0432865584458656,0.13251204707766823,False,0,0,0.6870064431662728
nq_86,0.05,15,5,6,2,5,3,2,0.3333333333333333,0.09682185162494719,0.0432865584458656,0.13251204707766823,False,0,0,0.6870064431662728
nq_86,0.1,15,5,6,2,5,3,2,0.3333333333333333,0.09682185162494719,0.0432865584458656,0.13251204707766823,False,0,0,0.6870064431662728
nq_86,0.2,15,5,6,2,5,3,2,0.3333333333333333,0.09682185162494719,0.0432865584458656,0.13251204707766823,False,0,0,0.6870064431662728
nq_86,0.5,15,5,6,2,5,3,2,0.3333333333333333,0.09682185162494719,0.0432865584458656,0.13251204707766823,False,0,0,0.6870064431662728
nq_86,1.0,15,5,6,2,5,3,2,0.3333333333333333,0.09682185162494719,0.0432865584458656,0.13251204707766823,False,0,0,0.6870064431662728
nq_86,2.0,15,5,6,2,5,3,2,0.3333333333333333,0.09682185162494719,0.0432865584458656,0.13251204707766823,True,0,0,0.7139759296768933
nq_87,0.0,15,5,3,3,3,0,3,1.0,0.039242491690754853,0.04527488986512437,0.03773439214716247,False,0,0,0.7217692124377784
nq_87,0.05,15,5,3,3,3,0,3,1.0,0.039242491690754853,0.04527488986512437,0.03773439214716247,False,0,0,0.7217692124377784
nq_87,0.1,15,5,3,3,3,0,3,1.0,0.039242491690754853,0.04527488986512437,0.03773439214716247,False,0,0,0.7217692124377784
nq_87,0.2,15,5,3,3,3,0,3,1.0,0.039242491690754853,0.04527488986512437,0.03773439214716247,False,0,0,0.7217692124377784
nq_87,0.5,15,5,3,3,3,0,3,1.0,0.039242491690754853,0.04527488986512437,0.03773439214716247,False,0,0,0.7217692124377784
nq_87,1.0,15,5,3,3,3,0,3,1.0,0.039242491690754853,0.04527488986512437,0.03773439214716247,False,0,0,0.7217692124377784
nq_87,2.0,15,5,3,3,3,0,3,1.0,0.039242491690754853,0.04527488986512437,0.03773439214716247,True,0,0,0.762505675705426
nq_88,0.0,15,5,2,2,2,0,2,1.0,0.26271711669463077,0.8430493562812217,0.17343523368130911,False,0,0,0.9009832539235971
nq_88,0.05,15,5,2,2,2,0,2,1.0,0.26271711669463077,0.8430493562812217,0.17343523368130911,False,0,0,0.9009832539235971
nq_88,0.1,15,5,2,2,2,0,2,1.0,0.26271711669463077,0.8430493562812217,0.17343523368130911,False,0,0,0.9009832539235971
nq_88,0.2,15,5,2,2,2,0,2,1.0,0.26271711669463077,0.8430493562812217,0.17343523368130911,False,0,0,0.9009832539235971
nq_88,0.5,15,5,2,2,2,0,2,1.0,0.26271711669463077,0.8430493562812217,0.17343523368130911,False,0,0,0.9009832539235971
nq_88,1.0,15,5,2,2,2,0,2,1.0,0.26271711669463077,0.8430493562812217,0.17343523368130911,False,0,0,0.9009832539235971
nq_88,2.0,15,5,2,2,2,0,2,1.0,0.26271711669463077,0.8430493562812217,0.17343523368130911,False,0,0,0.9009832539235971
nq_89,0.0,15,5,1,0,1,1,0,0.0,0.404747939006714,0.19760376316846265,0.41954395156658925,False,0,0,0.8466505197747969
nq_89,0.05,15,5,1,0,1,1,0,0.0,0.404747939006714,0.19760376316846265,0.41954395156658925,False,0,0,0.8466505197747969
nq_89,0.1,15,5,1,0,1,1,0,0.0,0.404747939006714,0.19760376316846265,0.41954395156658925,False,0,0,0.8466505197747969
nq_89,0.2,15,5,1,0,1,1,0,0.0,0.404747939006714,0.19760376316846265,0.41954395156658925,False,0,0,0.8466505197747969
nq_89,0.5,15,5,1,0,1,1,0,0.0,0.404747939006714,0.19760376316846265,0.41954395156658925,False,0,0,0.8466505197747969
nq_89,1.0,15,5,1,0,1,1,0,0.0,0.404747939006714,0.19760376316846265,0.41954395156658925,False,0,0,0.8466505197747969
nq_89,2.0,15,5,1,0,1,1,0,0.0,0.404747939006714,0.19760376316846265,0.41954395156658925,True,0,0,0.8264920922541796
nq_9,0.0,15,5,0,0,0,0,0,0.0,0.4079714340907008,0.0,0.4079714340907008,False,0,0,0.8074523201595352
nq_9,0.05,15,5,0,0,0,0,0,0.0,0.4079714340907008,0.0,0.4079714340907008,False,0,0,0.8074523201595352
nq_9,0.1,15,5,0,0,0,0,0,0.0,0.4079714340907008,0.0,0.4079714340907008,False,0,0,0.8074523201595352
nq_9,0.2,15,5,0,0,0,0,0,0.0,0.4079714340907008,0.0,0.4079714340907008,False,0,0,0.8074523201595352
nq_9,0.5,15,5,0,0,0,0,0,0.0,0.4079714340907008,0.0,0.4079714340907008,False,0,0,0.8074523201595352
nq_9,1.0,15,5,0,0,0,0,0,0.0,0.4079714340907008,0.0,0.4079714340907008,True,0,0,0.805521997282088
nq_9,2.0,15,5,0,0,0,0,0,0.0,0.4079714340907008,0.0,0.4079714340907008,True,0,0,0.7850812468241057
nq_90,0.0,15,5,2,2,2,0,2,1.0,0.22323211549938507,0.4193652561937852,0.19305778616178504,False,0,0,0.6479646335455794
nq_90,0.05,15,5,2,2,2,0,2,1.0,0.22323211549938507,0.4193652561937852,0.19305778616178504,False,0,0,0.6479646335455794
nq_90,0.1,15,5,2,2,2,0,2,1.0,0.22323211549938507,0.4193652561937852,0.19305778616178504,False,0,0,0.6479646335455794
nq_90,0.2,15,5,2,2,2,0,2,1.0,0.22323211549938507,0.4193652561937852,0.19305778616178504,True,0,0,0.6720409069703913
nq_90,0.5,15,5,2,2,2,0,2,1.0,0.22323211549938507,0.4193652561937852,0.19305778616178504,True,0,0,0.6720409069703913
nq_90,1.0,15,5,2,2,2,0,2,1.0,0.22323211549938507,0.4193652561937852,0.19305778616178504,True,0,0,0.6720409069703913
nq_90,2.0,15,5,2,2,2,0,2,1.0,0.22323211549938507,0.4193652561937852,0.19305778616178504,True,0,0,0.6720409069703913
nq_91,0.0,15,5,0,0,0,0,0,0.0,0.03712065236690479,0.0,0.03712065236690479,False,0,0,0.8367339007437036
nq_91,0.05,15,5,0,0,0,0,0,0.0,0.03712065236690479,0.0,0.03712065236690479,False,0,0,0.8367339007437036
nq_91,0.1,15,5,0,0,0,0,0,0.0,0.03712065236690479,0.0,0.03712065236690479,False,0,0,0.8367339007437036
nq_91,0.2,15,5,0,0,0,0,0,0.0,0.03712065236690479,0.0,0.03712065236690479,False,0,0,0.8367339007437036
nq_91,0.5,15,5,0,0,0,0,0,0.0,0.03712065236690479,0.0,0.03712065236690479,False,0,0,0.8367339007437036
nq_91,1.0,15,5,0,0,0,0,0,0.0,0.03712065236690479,0.0,0.03712065236690479,False,0,0,0.8367339007437036
nq_91,2.0,15,5,0,0,0,0,0,0.0,0.03712065236690479,0.0,0.03712065236690479,False,0,0,0.8367339007437036
nq_92,0.0,15,5,0,0,0,0,0,0.0,0.17115381325654053,0.0,0.17115381325654053,False,0,0,0.7839237658246303
nq_92,0.05,15,5,0,0,0,0,0,0.0,0.17115381325654053,0.0,0.17115381325654053,False,0,0,0.7839237658246303
nq_92,0.1,15,5,0,0,0,0,0,0.0,0.17115381325654053,0.0,0.17115381325654053,False,0,0,0.7839237658246303
nq_92,0.2,15,5,0,0,0,0,0,0.0,0.17115381325654053,0.0,0.17115381325654053,True,0,0,0.8375911881037709
nq_92,0.5,15,5,0,0,0,0,0,0.0,0.17115381325654053,0.0,0.17115381325654053,True,0,0,0.8375911881037709
nq_92,1.0,15,5,0,0,0,0,0,0.0,0.17115381325654053,0.0,0.17115381325654053,True,0,0,0.8375911881037709
nq_92,2.0,15,5,0,0,0,0,0,0.0,0.17115381325654053,0.0,0.17115381325654053,True,0,0,0.8375911881037709
nq_93,0.0,15,5,0,0,0,0,0,0.0,0.002454507282615825,0.0,0.002454507282615825,False,0,0,0.6628492892941422
nq_93,0.05,15,5,0,0,0,0,0,0.0,0.002454507282615825,0.0,0.002454507282615825,False,0,0,0.6628492892941422
nq_93,0.1,15,5,0,0,0,0,0,0.0,0.002454507282615825,0.0,0.002454507282615825,False,0,0,0.6628492892941422
nq_93,0.2,15,5,0,0,0,0,0,0.0,0.002454507282615825,0.0,0.002454507282615825,False,0,0,0.6628492892941422
nq_93,0.5,15,5,0,0,0,0,0,0.0,0.002454507282615825,0.0,0.002454507282615825,False,0,0,0.6628492892941422
nq_93,1.0,15,5,0,0,0,0,0,0.0,0.002454507282615825,0.0,0.002454507282615825,False,0,0,0.6628492892941422
nq_93,2.0,15,5,0,0,0,0,0,0.0,0.002454507282615825,0.0,0.002454507282615825,False,0,0,0.6628492892941422
nq_94,0.0,15,5,2,2,2,0,2,1.0,0.10828671259353798,0.24157617005484444,0.08778064221487544,False,0,0,0.7324300789918518
nq_94,0.05,15,5,2,2,2,0,2,1.0,0.10828671259353798,0.24157617005484444,0.08778064221487544,False,0,0,0.7324300789918518
nq_94,0.1,15,5,2,2,2,0,2,1.0,0.10828671259353798,0.24157617005484444,0.08778064221487544,False,0,0,0.7324300789918518
nq_94,0.2,15,5,2,2,2,0,2,1.0,0.10828671259353798,0.24157617005484444,0.08778064221487544,False,0,0,0.7324300789918518
nq_94,0.5,15,5,2,2,2,0,2,1.0,0.10828671259353798,0.24157617005484444,0.08778064221487544,True,0,0,0.7492176888422282
nq_94,1.0,15,5,2,2,2,0,2,1.0,0.10828671259353798,0.24157617005484444,0.08778064221487544,True,0,0,0.753214277192986
nq_94,2.0,15,5,2,2,2,0,2,1.0,0.10828671259353798,0.24157617005484444,0.08778064221487544,True,0,0,0.7936594530074728
nq_95,0.0,15,5,7,5,5,0,5,0.7142857142857143,0.2816728063757477,0.15746244987075594,0.39035686831761546,False,0,0,0.9343623713911284
nq_95,0.05,15,5,7,5,5,0,5,0.7142857142857143,0.2816728063757477,0.15746244987075594,0.39035686831761546,False,0,0,0.9343623713911284
nq_95,0.1,15,5,7,5,5,0,5,0.7142857142857143,0.2816728063757477,0.15746244987075594,0.39035686831761546,False,0,0,0.9343623713911284
nq_95,0.2,15,5,7,5,5,0,4,0.5714285714285714,0.2816728063757477,0.15746244987075594,0.39035686831761546,True,-1,0,0.9171641328065994
nq_95,0.5,15,5,7,5,5,0,3,0.42857142857142855,0.2816728063757477,0.15746244987075594,0.39035686831761546,True,-2,0,0.896651039820593
nq_95,1.0,15,5,7,5,5,0,2,0.2857142857142857,0.2816728063757477,0.15746244987075594,0.39035686831761546,True,-3,0,0.8825503974859874
nq_95,2.0,15,5,7,5,5,0,1,0.14285714285714285,0.2816728063757477,0.15746244987075594,0.39035686831761546,True,-4,0,0.8659393620488147
nq_96,0.0,15,5,4,3,4,1,3,0.75,0.35053643000266776,0.00017056946066169943,0.4779421974724882,False,0,0,0.7630188293349176
nq_96,0.05,15,5,4,3,4,1,3,0.75,0.35053643000266776,0.00017056946066169943,0.4779421974724882,False,0,0,0.7630188293349176
nq_96,0.1,15,5,4,3,4,1,3,0.75,0.35053643000266776,0.00017056946066169943,0.4779421974724882,False,0,0,0.7630188293349176
nq_96,0.2,15,5,4,3,4,1,3,0.75,0.35053643000266776,0.00017056946066169943,0.4779421974724882,False,0,0,0.7630188293349176
nq_96,0.5,15,5,4,3,4,1,2,0.5,0.35053643000266776,0.00017056946066169943,0.4779421974724882,True,-1,0,0.7433250162943146
nq_96,1.0,15,5,4,3,4,1,2,0.5,0.35053643000266776,0.00017056946066169943,0.4779421974724882,True,-1,0,0.7433250162943146
nq_96,2.0,15,5,4,3,4,1,2,0.5,0.35053643000266776,0.00017056946066169943,0.4779421974724882,True,-1,0,0.7433250162943146
nq_97,0.0,15,5,2,1,2,1,1,0.5,0.3575727368881616,0.4711610373397011,0.34009761374177094,False,0,0,0.826671142596369
nq_97,0.05,15,5,2,1,2,1,1,0.5,0.3575727368881616,0.4711610373397011,0.34009761374177094,False,0,0,0.826671142596369
nq_97,0.1,15,5,2,1,2,1,1,0.5,0.3575727368881616,0.4711610373397011,0.34009761374177094,False,0,0,0.826671142596369
nq_97,0.2,15,5,2,1,2,1,1,0.5,0.3575727368881616,0.4711610373397011,0.34009761374177094,False,0,0,0.826671142596369
nq_97,0.5,15,5,2,1,2,1,1,0.5,0.3575727368881616,0.4711610373397011,0.34009761374177094,True,0,0,0.7932433913937309
nq_97,1.0,15,5,2,1,2,1,1,0.5,0.3575727368881616,0.4711610373397011,0.34009761374177094,True,0,0,0.7932433913937309
nq_97,2.0,15,5,2,1,2,1,1,0.5,0.3575727368881616,0.4711610373397011,0.34009761374177094,True,0,0,0.7515090813037785
nq_98,0.0,15,5,6,2,5,3,2,0.3333333333333333,0.5432995257833557,0.6028968983571699,0.5035679440674798,False,0,0,0.8701348965660698
nq_98,0.05,15,5,6,2,5,3,2,0.3333333333333333,0.5432995257833557,0.6028968983571699,0.5035679440674798,False,0,0,0.8701348965660698
nq_98,0.1,15,5,6,2,5,3,2,0.3333333333333333,0.5432995257833557,0.6028968983571699,0.5035679440674798,False,0,0,0.8701348965660698
nq_98,0.2,15,5,6,2,5,3,3,0.5,0.5432995257833557,0.6028968983571699,0.5035679440674798,True,1,1,0.7930119615246382
nq_98,0.5,15,5,6,2,5,3,3,0.5,0.5432995257833557,0.6028968983571699,0.5035679440674798,True,1,1,0.7782470257530465
nq_98,1.0,15,5,6,2,5,3,3,0.5,0.5432995257833557,0.6028968983571699,0.5035679440674798,True,1,1,0.7782470257530465
nq_98,2.0,15,5,6,2,5,3,3,0.5,0.5432995257833557,0.6028968983571699,0.5035679440674798,True,1,1,0.7782470257530465
nq_99,0.0,15,5,2,2,2,0,2,1.0,0.34494384547307505,0.0021375787595252736,0.3976832711213134,False,0,0,0.800688057073935
nq_99,0.05,15,5,2,2,2,0,2,1.0,0.34494384547307505,0.0021375787595252736,0.3976832711213134,False,0,0,0.800688057073935
nq_99,0.1,15,5,2,2,2,0,1,0.5,0.34494384547307505,0.0021375787595252736,0.3976832711213134,True,-1,0,0.7902790434116509
nq_99,0.2,15,5,2,2,2,0,1,0.5,0.34494384547307505,0.0021375787595252736,0.3976832711213134,True,-1,0,0.7902790434116509
nq_99,0.5,15,5,2,2,2,0,1,0.5,0.34494384547307505,0.0021375787595252736,0.3976832711213134,True,-1,0,0.7708158677416472
nq_99,1.0,15,5,2,2,2,0,0,0.0,0.34494384547307505,0.0021375787595252736,0.3976832711213134,True,-2,0,0.7395212698117458
nq_99,2.0,15,5,2,2,2,0,1,0.5,0.34494384547307505,0.0021375787595252736,0.3976832711213134,True,-1,0,0.7266461196409006
