configuration,question_id,recall,precision,redundancy,diversity,em,f1,selection_time_ms,generation_time_ms,retrieval_hit,selected_ranks,gold_ranks,plugin_timing_available,plugin_timing_ms
qore_dpr,nq_0,0.75,0.6,0.8820913502054196,0.11790864979458038,0.0,0.8571428571428571,26.970101999950202,774.9710049999976,True,0;1;2;3;4,0;1;4;38,True,baseline:0.694961
qore_dpr,nq_1,0.3333333333333333,0.4,0.8803520995973184,0.11964790040268158,0.0,0.5714285714285715,11.600049999969997,259.65230999997857,True,0;1;2;6;8,0;1;7;9;14;30,True,baseline:0.180351
qore_dpr,nq_2,0.15384615384615385,0.4,0.7596790521849467,0.2403209478150533,1.0,1.0,14.093244000036975,177.859845999933,True,0;1;2;3;13,0;1;6;7;16;19;22;23;32;33;35;38;45,True,baseline:0.225333
qore_dpr,nq_3,0.125,0.2,0.8917927999498925,0.10820720005010753,0.0,0.0,11.420455999996193,280.9114450000152,True,0;1;2;3;4,4;6;24;29;37;45;47;49,True,baseline:0.161412
qore_dpr,nq_4,0.2,0.4,0.8353656647314311,0.16463433526856885,1.0,1.0,11.53657400004704,180.64166999999998,True,0;1;2;3;8,0;3;7;16;24;26;27;33;40;47,True,baseline:0.152174
qore_dpr,nq_5,0.0,0.0,0.8784629868006988,0.12153701319930121,0.0,0.0,11.477124999942134,279.9348739999914,True,0;1;2;3;6,19;44,True,baseline:0.163497
qore_dpr,nq_6,0.0,0.0,0.8241135593668799,0.1758864406331201,0.0,0.0,11.535914999967645,260.3896770000347,True,0;1;2;3;6,9;33,True,baseline:0.153896
qore_dpr,nq_7,,0.0,0.8771192610803183,0.12288073891968165,0.0,0.6666666666666666,11.499157000002924,218.27187200005937,False,0;1;2;3;4,,True,baseline:0.150008
qore_dpr,nq_8,,0.0,0.6163735739468986,0.3836264260531014,0.0,0.3333333333333333,11.465568999938114,222.96264800002064,False,0;1;2;3;6,,True,baseline:0.147734
qore_dpr,nq_9,,0.0,0.7518974836728525,0.24810251632714753,0.0,0.0,11.570466999955897,219.9778789999982,False,0;2;3;4;8,,True,baseline:0.145851
qore_dpr,nq_10,0.2857142857142857,0.8,0.8279995304100674,0.17200046958993265,1.0,1.0,11.442907000059677,198.4889899999871,True,0;1;2;4;5,0;1;2;3;5;8;9;11;14;17;23;36;39;42,True,baseline:0.161535
qore_dpr,nq_11,0.25,0.2,0.7156764214990264,0.28432357850097356,1.0,1.0,11.468647000015153,219.614536999984,True,0;1;2;3;5,3;7;14;37,True,baseline:0.147157
qore_dpr,nq_12,0.6666666666666666,0.4,0.8111818883957487,0.18881811160425133,0.0,0.0,11.505473000056554,329.25194699998883,True,0;1;2;3;6,0;1;41,True,baseline:0.160652
qore_dpr,nq_13,0.42857142857142855,0.6,0.7550997581995318,0.2449002418004682,1.0,1.0,11.577605999946172,178.525443999888,True,0;1;2;3;10,0;1;3;4;5;16;31,True,baseline:0.159706
qore_dpr,nq_14,0.6,0.6,0.8059254078152929,0.19407459218470713,0.0,0.5714285714285715,11.465587999964555,301.6153869999698,True,0;1;2;3;14,0;1;2;9;11,True,baseline:0.149883
qore_dpr,nq_15,,0.0,0.6953146986725226,0.3046853013274774,0.0,0.0,11.37145600000622,219.77957000001425,False,0;1;2;3;4,,True,baseline:0.146073
qore_dpr,nq_16,0.5,0.2,0.8438226144853432,0.15617738551465676,0.0,0.7499999999999999,11.508219000006648,219.19962900005885,True,0;1;2;4;6,4;27,True,baseline:0.151711
qore_dpr,nq_17,0.0,0.0,0.7429599703741872,0.25704002962581285,0.0,0.0,11.432652000053167,177.83651499996722,True,0;2;3;6;7,8;12;22;27;28,True,baseline:0.158281
qore_dpr,nq_18,0.21052631578947367,0.8,0.8245267216477983,0.17547327835220172,0.0,0.0,11.40636499997072,238.85744999995495,True,0;1;2;3;6,0;1;2;4;5;6;7;10;16;17;20;22;25;27;33;36;37;43;49,True,baseline:0.164363
qore_dpr,nq_19,0.16,0.8,0.7912520839063701,0.20874791609362986,0.0,0.0,11.434388999987277,202.69739200000458,True,0;1;2;3;7,0;1;2;3;4;5;6;8;9;11;12;13;15;17;18;21;23;27;31;32;36;43;45;47;49,True,baseline:0.149749
qore_dpr,nq_20,0.25,0.2,0.8764251243929051,0.1235748756070949,0.0,0.0,11.573564999935115,287.80168299999787,True,0;1;2;3;4,0;21;42;48,True,baseline:0.149216
qore_dpr,nq_21,0.75,0.6,0.7192452280745296,0.2807547719254704,0.0,0.4,11.568679999982123,287.5537219999842,True,0;1;2;3;5,0;1;3;16,True,baseline:0.149416
qore_dpr,nq_22,0.08333333333333333,0.2,0.7723352067657572,0.22766479323424282,0.0,0.6666666666666666,11.594347000027483,177.9441940000197,True,0;1;2;4;6,0;3;5;12;17;22;24;26;28;31;34;48,True,baseline:0.144276
qore_dpr,nq_23,0.0,0.0,0.8662834720146474,0.1337165279853526,0.0,0.5,11.594711999919127,180.77262400004201,True,0;1;2;3;4,5;8;31;33,True,baseline:0.149194
qore_dpr,nq_24,0.5,0.4,0.8103952440175419,0.18960475598245807,1.0,1.0,11.601005999978042,225.84461099995679,True,0;1;2;5;8,0;2;4;7,True,baseline:0.148779
qore_dpr,nq_25,0.25,0.6,0.8267368432842449,0.1732631567157551,0.0,0.5,11.556339999970078,223.2627920000141,True,0;1;2;3;5,0;3;5;15;19;24;34;37;41;42;43;45,True,baseline:0.145667
qore_dpr,nq_26,,0.0,0.6584346864891085,0.3415653135108915,0.0,0.0,11.644322999927681,245.6781979999505,False,0;1;3;4;6,,True,baseline:0.163006
qore_dpr,nq_27,1.0,0.2,0.6808627558900436,0.31913724410995636,0.0,0.5,11.690149000060046,239.19544399996084,True,0;1;2;3;7,0,True,baseline:0.152750
qore_dpr,nq_28,0.21428571428571427,0.6,0.8464318135940946,0.15356818640590542,0.0,0.6666666666666666,11.34711600002447,198.64620800001376,True,0;1;2;3;4,0;1;3;11;14;15;18;25;28;31;32;35;40;45,True,baseline:0.154756
qore_dpr,nq_29,1.0,0.4,0.8720137120107891,0.12798628798921086,0.0,1.0,11.509665999938079,261.6504789999681,True,0;1;2;4;6,1;2,True,baseline:0.149998
qore_dpr,nq_30,0.25,0.4,0.7804753557795436,0.21952464422045637,1.0,1.0,11.520537000023978,283.69172300006085,True,0;1;2;5;7,0;1;3;6;10;25;27;29,True,baseline:0.147996
qore_dpr,nq_31,1.0,0.2,0.7449614566360175,0.25503854336398246,1.0,1.0,11.533665999991172,199.03864499997326,True,0;1;2;4;9,0,True,baseline:0.148732
qore_dpr,nq_32,,0.0,0.8067421193815466,0.1932578806184534,0.0,0.5,11.473477999970783,198.81177900003877,False,0;1;2;3;4,,True,baseline:0.149445
qore_dpr,nq_33,0.5,0.2,0.6553419461072959,0.3446580538927041,0.0,0.0,11.583773000097608,263.9976120000256,True,0;1;2;3;8,0;6,True,baseline:0.142622
qore_dpr,nq_34,0.4,0.4,0.8390498889909835,0.16095011100901646,0.0,0.0,11.56610600003205,281.30765399998836,True,0;1;2;3;4,1;4;8;13;31,True,baseline:0.161297
qore_dpr,nq_35,0.3333333333333333,0.2,0.8627003113089223,0.13729968869107767,1.0,1.0,11.622559999977966,261.159179999936,True,0;1;2;3;4,3;5;6,True,baseline:0.159808
qore_dpr,nq_36,0.5,0.2,0.8449364177361037,0.15506358226389627,0.0,0.0,11.432478999950035,282.17448400005196,True,0;1;2;5;6,5;7,True,baseline:0.143565
qore_dpr,nq_37,0.5,0.4,0.7561810549288882,0.2438189450711118,1.0,1.0,11.52185199998712,280.34063500001594,True,0;1;2;3;5,0;3;23;30,True,baseline:0.145718
qore_dpr,nq_38,0.2222222222222222,0.8,0.7992060470381711,0.2007939529618289,0.0,0.8,11.68733399993016,350.20173700002033,True,0;1;2;3;9,0;1;2;3;4;5;6;7;8;11;17;19;25;26;31;33;45;47,True,baseline:0.147954
qore_dpr,nq_39,0.16666666666666666,0.6,0.8706747374338544,0.12932526256614563,0.0,0.5,11.548338000011427,198.91807900000913,True,0;1;2;3;4,2;3;4;6;8;10;11;15;16;19;23;33;38;40;43;44;45;47,True,baseline:0.150230
qore_dpr,nq_40,,0.0,0.9233831239719936,0.07661687602800638,0.0,0.0,11.466433000009602,323.0019989999846,False,0;1;2;3;4,,True,baseline:0.149962
qore_dpr,nq_41,,0.0,0.8224332078537214,0.17756679214627857,0.0,0.0,11.501060999989932,244.40579500003423,False,0;1;2;3;7,,True,baseline:0.141631
qore_dpr,nq_42,0.5,0.4,0.8011895612771376,0.19881043872286241,1.0,1.0,11.526743999979772,198.87909399994896,True,0;1;2;8;14,0;14;21;29,True,baseline:0.150539
qore_dpr,nq_43,,0.0,0.7182174518386404,0.2817825481613596,0.0,0.0,11.433347999968646,302.877442999943,False,0;1;2;3;4,,True,baseline:0.153598
qore_dpr,nq_44,0.0,0.0,0.9086247083426979,0.09137529165730207,0.0,0.0,11.443373999895812,208.73907899999722,True,0;1;2;3;4,47,True,baseline:0.149448
qore_dpr,nq_45,0.11904761904761904,1.0,0.9172957819190055,0.08270421808099448,0.0,0.4,11.670553000044492,259.51558499991734,True,0;1;2;3;4,0;1;2;3;4;5;6;7;8;10;11;13;14;15;16;17;19;20;23;24;25;26;27;28;29;30;31;32;33;35;36;37;39;40;41;43;44;45;46;47;48;49,True,baseline:0.146250
qore_dpr,nq_46,0.0,0.0,0.9358387436284357,0.06416125637156433,0.0,0.0,11.361855000018295,269.35438800001066,True,0;1;2;3;4,8;9;12,True,baseline:0.144658
qore_dpr,nq_47,0.125,0.2,0.901395502498428,0.09860449750157196,0.0,0.33333333333333337,11.462793999953647,310.6172489999608,True,0;1;2;3;4,2;6;9;22;36;38;40;43,True,baseline:0.154799
qore_dpr,nq_48,0.2727272727272727,0.6,0.8646392887618315,0.1353607112381685,0.0,0.0,11.636349000013979,180.3125320000163,True,0;1;2;3;5,0;1;2;4;6;7;9;16;18;41;47,True,baseline:0.148761
qore_dpr,nq_49,0.0,0.0,0.7818707215220047,0.21812927847799535,0.0,0.5,11.634984000011173,240.87092199999915,True,0;1;2;3;4,10;21;45,True,baseline:0.147221
qore_dpr,nq_50,,0.0,0.7765335840161949,0.22346641598380512,0.0,0.0,11.53106900005696,303.89007099995524,False,0;1;2;3;6,,True,baseline:0.162729
qore_dpr,nq_51,0.14285714285714285,0.6,0.9061749554822892,0.09382504451771079,1.0,1.0,11.485902999993414,179.71659900001669,True,0;1;2;3;4,2;3;4;5;6;15;17;19;20;21;22;25;26;28;29;37;38;40;42;43;45,True,baseline:0.159465
qore_dpr,nq_52,,0.0,0.6721045106664618,0.3278954893335382,0.0,0.0,11.476192000031915,159.3700500000068,False,0;1;2;4;9,,True,baseline:0.151891
qore_dpr,nq_53,0.11764705882352941,0.4,0.7683149975396713,0.23168500246032875,0.0,0.6666666666666666,11.575387999982922,239.62846400002036,True,0;1;2;3;5,0;3;4;7;9;11;13;14;22;28;34;37;41;43;44;45;46,True,baseline:0.145273
qore_dpr,nq_54,0.2,0.2,0.897658019887998,0.10234198011200202,0.0,0.0,11.409770000000208,240.68681099993228,True,0;1;2;3;4,1;13;34;42;47,True,baseline:0.148627
qore_dpr,nq_55,0.16666666666666666,0.2,0.88525619683694,0.11474380316305999,0.0,0.25,11.436587000048348,284.0201320000233,True,0;1;2;3;4,3;13;15;18;26;37,True,baseline:0.148761
qore_dpr,nq_56,,0.0,0.8101760462692671,0.1898239537307329,0.0,0.0,11.637177000011434,178.30260900007033,False,0;1;2;3;4,,True,baseline:0.148489
qore_dpr,nq_57,0.6666666666666666,0.8,0.7616142827124415,0.23838571728755853,1.0,1.0,11.542093000002751,179.69799699994837,True,0;1;2;4;8,0;1;2;4;5;38,True,baseline:0.146473
qore_dpr,nq_58,,0.0,0.6768614539271851,0.3231385460728149,0.0,0.0,11.563549000015882,260.6560059999765,False,0;1;2;3;9,,True,baseline:0.143768
qore_dpr,nq_59,,0.0,0.6788711204982768,0.3211288795017232,0.0,0.0,11.461056000030112,324.04383000005055,False,0;1;2;4;8,,True,baseline:0.146947
qore_dpr,nq_60,0.18181818181818182,0.4,0.8178505417605344,0.1821494582394656,0.0,0.5,11.464627000009386,240.55452400000377,True,0;1;2;3;7,1;3;4;5;6;17;18;22;28;35;37,True,baseline:0.149224
qore_dpr,nq_61,0.125,0.2,0.8737864046993622,0.1262135953006378,1.0,1.0,11.37210900003538,178.59390499995698,True,0;1;2;3;8,3;4;7;10;24;34;36;47,True,baseline:0.151082
qore_dpr,nq_62,0.25,0.2,0.8619709981306567,0.1380290018693433,1.0,1.0,11.440092000043478,219.27948199993352,True,0;1;2;3;8,2;11;19;20,True,baseline:0.144604
qore_dpr,nq_63,0.3333333333333333,0.2,0.791191609055085,0.208808390944915,0.0,0.6666666666666666,11.400377999962075,219.9166719999539,True,0;1;2;5;13,0;18;49,True,baseline:0.147021
qore_dpr,nq_64,0.2727272727272727,0.6,0.7644331785007598,0.23556682149924024,0.0,0.6666666666666666,11.399390999940806,199.617344000103,True,0;1;2;4;5,0;1;3;4;7;9;10;12;29;32;36,True,baseline:0.149071
qore_dpr,nq_65,0.25,0.4,0.8461332777756428,0.15386672222435716,0.0,0.6666666666666666,11.462888999972165,159.11920099995314,True,0;1;2;4;10,0;3;4;5;6;7;9;37,True,baseline:0.146763
qore_dpr,nq_66,0.18181818181818182,0.4,0.7837403587442957,0.2162596412557043,1.0,1.0,11.53194899995924,281.12246900002447,True,0;1;2;3;6,0;3;9;11;13;16;24;26;31;34;38,True,baseline:0.144848
qore_dpr,nq_67,,0.0,0.7214440698078937,0.27855593019210634,1.0,1.0,11.613790999945195,157.06170500004646,False,0;1;2;3;5,,True,baseline:0.148451
qore_dpr,nq_68,0.5,0.2,0.8397082391964847,0.16029176080351526,0.0,0.5,11.329328999977406,200.94059600000946,True,0;1;2;3;4,4;11,True,baseline:0.147210
qore_dpr,nq_69,,0.0,0.6653095877259281,0.3346904122740719,0.0,0.0,11.54527699998198,221.28826699997717,False,0;1;2;4;7,,True,baseline:0.167290
qore_dpr,nq_70,0.0,0.0,0.7739840902004268,0.2260159097995732,0.0,0.0,11.4822829999639,199.107253999955,True,0;1;2;5;8,7;24,True,baseline:0.153902
qore_dpr,nq_71,0.3333333333333333,0.6,0.8638184982927836,0.13618150170721643,0.0,0.4,11.566967000021577,307.7759390000665,True,0;1;2;3;5,0;3;5;12;14;18;22;23;29,True,baseline:0.151479
qore_dpr,nq_72,0.375,0.6,0.7477190978414857,0.2522809021585143,0.0,0.6666666666666666,11.491400999943835,239.67294199997013,True,0;1;2;5;13,0;1;2;3;4;11;14;43,True,baseline:0.151736
qore_dpr,nq_73,0.6666666666666666,0.4,0.7166004873766265,0.2833995126233735,1.0,1.0,11.504442999921594,177.9104309999866,True,0;1;2;3;5,0;1;4,True,baseline:0.168543
qore_dpr,nq_74,0.0,0.0,0.8400180604550116,0.1599819395449884,0.0,0.0,11.436871000000792,218.59260299993366,True,0;1;2;3;4,9;40;41,True,baseline:0.150241
qore_dpr,nq_75,0.75,0.6,0.7694442076430089,0.23055579235699108,1.0,1.0,11.474628999962988,219.8358340000368,True,0;1;2;3;8,0;1;2;24,True,baseline:0.151859
qore_dpr,nq_76,0.75,0.6,0.8097106021507893,0.19028939784921073,0.0,0.5714285714285715,11.530612000001383,291.73909400003595,True,0;1;2;3;4,0;1;3;10,True,baseline:0.143565
qore_dpr,nq_77,,0.0,0.6864237928790476,0.31357620712095235,0.0,0.0,11.368898000000627,467.49976199998855,False,0;1;2;5;6,,True,baseline:0.145947
qore_dpr,nq_78,0.2,0.2,0.7923259453782162,0.2076740546217838,1.0,1.0,11.30896400002257,260.35156600005394,True,0;1;2;7;10,0;16;19;25;28,True,baseline:0.155069
qore_dpr,nq_79,0.5,0.4,0.7818709015288574,0.2181290984711426,0.0,0.6666666666666666,11.645151000038823,303.5249349999276,True,0;1;3;5;11,0;1;2;37,True,baseline:0.143244
qore_dpr,nq_80,0.25,0.4,0.7939537851526144,0.2060462148473856,1.0,1.0,11.603089999994154,240.36556400005793,True,0;1;4;5;6,0;2;3;4;7;8;13;14,True,baseline:0.146774
qore_dpr,nq_81,0.16129032258064516,1.0,0.8591748900644903,0.14082510993550967,0.0,0.5,11.483585000064522,221.30585500008237,True,0;1;2;3;4,0;1;2;3;4;5;7;8;9;10;11;12;13;15;18;23;25;26;27;28;29;31;33;35;36;37;39;41;43;45;47,True,baseline:0.146807
qore_dpr,nq_82,0.3333333333333333,0.2,0.8542569174493255,0.14574308255067447,0.0,0.5,11.512723999999253,180.0448859999051,True,0;1;2;3;7,3;5;35,True,baseline:0.157296
qore_dpr,nq_83,,0.0,0.7673386916765157,0.2326613083234843,0.0,0.0,11.520842999971137,199.7785120000799,False,0;1;2;3;4,,True,baseline:0.151777
qore_dpr,nq_84,0.0,0.0,0.7875464684293588,0.21245353157064117,0.0,0.0,11.47685899991302,261.5536340000517,True,0;1;2;3;7,25,True,baseline:0.146897
qore_dpr,nq_85,0.2,0.2,0.8755776190935493,0.12442238090645075,0.0,0.0,11.47396499993647,219.12276299997302,True,0;1;2;4;5,1;3;8;37;39,True,baseline:0.152782
qore_dpr,nq_86,0.14285714285714285,0.2,0.7490657553217585,0.25093424467824155,0.0,0.6666666666666666,11.516686000049958,157.18390699998963,True,0;1;2;3;9,0;12;14;16;31;35;39,True,baseline:0.161635
qore_dpr,nq_87,0.4,0.4,0.7454083193913903,0.2545916806086097,1.0,1.0,11.504276999971808,261.31597500000225,True,0;1;2;3;5,0;1;4;12;30,True,baseline:0.145274
qore_dpr,nq_88,0.3333333333333333,0.2,0.8973337727553758,0.10266622724462415,0.0,0.0,11.40984500000286,260.39860299999873,True,0;1;2;3;5,2;4;31,True,baseline:0.153503
qore_dpr,nq_89,0.0,0.0,0.900182813793446,0.099817186206554,0.0,0.0,11.449965999986489,219.83792300000005,True,0;1;2;3;4,14;22;23;25;40,True,baseline:0.150999
qore_dpr,nq_90,0.3333333333333333,0.2,0.6886996322206482,0.31130036777935177,0.0,0.6666666666666666,11.432058999957917,218.6065900000358,True,0;1;2;3;5,0;10;17,True,baseline:0.151901
qore_dpr,nq_91,,0.0,0.8286090304953792,0.17139096950462085,0.0,0.6666666666666666,11.485988000004,261.0744910000449,False,0;1;2;5;9,,True,baseline:0.149406
qore_dpr,nq_92,,0.0,0.738738503749375,0.261261496250625,0.0,0.0,11.396586000046227,219.97637900005884,False,0;1;2;3;4,,True,baseline:0.139801
qore_dpr,nq_93,,0.0,0.6955513679978301,0.30444863200216987,0.0,0.3333333333333333,11.546576999990066,219.2313100000547,False,0;1;2;3;7,,True,baseline:0.150676
qore_dpr,nq_94,1.0,0.4,0.7457016371502998,0.2542983628497002,0.0,0.3333333333333333,11.358612999970319,282.0239689999653,True,0;1;2;3;6,0;2,True,baseline:0.159644
qore_dpr,nq_95,0.2727272727272727,0.6,0.920431498484179,0.07956850151582096,0.0,0.4,11.453102000018589,239.25269699998353,True,0;1;2;3;4,0;3;4;8;23;26;29;35;38;43;49,True,baseline:0.159898
qore_dpr,nq_96,0.5,0.4,0.8483491357700202,0.15165086422997975,1.0,1.0,11.40748300008454,179.20278400004008,True,0;1;2;3;5,0;1;25;36,True,baseline:0.149327
qore_dpr,nq_97,0.0,0.0,0.7532229284627909,0.24677707153720907,0.0,0.0,11.666363000017554,225.6803120000086,True,0;1;2;3;7,8;13;47,True,baseline:0.162618
qore_dpr,nq_98,0.25,0.6,0.8334742395196713,0.16652576048032874,0.0,0.4,11.627669999938917,331.7124249999779,True,0;1;2;3;11,0;1;7;10;11;18;24;25;26;28;36;48,True,baseline:0.149728
qore_dpr,nq_99,1.0,0.4,0.8356472042205324,0.1643527957794676,0.0,0.6666666666666666,11.829085999920608,203.51115600010417,True,0;1;2;3;4,0;4,True,baseline:0.148886
qore_dpr,nq_100,0.42857142857142855,0.6,0.8368112340578362,0.1631887659421638,0.0,0.0,11.734938000017792,205.92449799994483,True,0;1;2;4;5,0;2;5;17;39;43;45,True,baseline:0.149195
qore_dpr,nq_101,0.2222222222222222,0.4,0.8192528473776607,0.1807471526223393,0.0,0.7499999999999999,11.438010000006216,239.77678400001423,True,0;1;2;4;5,1;2;13;23;24;26;31;40;45,True,baseline:0.149180
qore_dpr,nq_102,0.42857142857142855,0.6,0.7755796204942644,0.22442037950573557,1.0,1.0,11.441188999924634,178.20323700004792,True,0;1;2;5;6,0;2;6;16;17;26;29,True,baseline:0.151896
qore_dpr,nq_103,0.0,0.0,0.7795920129741287,0.22040798702587128,0.0,0.5,11.421241999983067,221.38522399995963,True,0;1;2;3;5,10,True,baseline:0.142966
qore_dpr,nq_104,1.0,0.2,0.9383947984768681,0.06160520152313187,1.0,1.0,11.397557000009328,239.16878299996824,True,0;1;2;3;4,1,True,baseline:0.163754
qore_dpr,nq_105,0.125,1.0,0.8274459941012378,0.17255400589876224,0.0,0.2857142857142857,11.51497900002596,323.2022040000402,True,0;1;2;3;7,0;1;2;3;4;5;6;7;8;12;13;14;15;16;17;18;19;20;22;23;25;26;27;28;29;30;32;35;36;37;38;40;41;42;44;45;46;47;48;49,True,baseline:0.158303
qore_dpr,nq_106,,0.0,0.7988994551797293,0.20110054482027073,0.0,0.0,11.487039000030563,260.5484979999346,False,0;1;2;5;9,,True,baseline:0.152376
qore_dpr,nq_107,,0.0,0.8061846589237784,0.19381534107622156,0.0,0.0,11.474340000063421,281.6385139999511,False,0;1;2;8;9,,True,baseline:0.152879
qore_dpr,nq_108,0.16666666666666666,0.4,0.8036145542237104,0.19638544577628958,0.0,0.0,11.443203999988327,219.53667999991922,True,0;1;2;3;4,2;3;5;6;12;14;24;29;36;40;42;43,True,baseline:0.145796
qore_dpr,nq_109,,0.0,0.7417321820662952,0.2582678179337048,0.0,0.0,11.477168999931564,198.51767599993764,False,0;1;2;3;7,,True,baseline:0.145668
qore_dpr,nq_110,,0.0,0.8544368697743814,0.14556313022561862,0.0,0.0,11.603192000052331,220.21987999994508,False,0;1;2;3;6,,True,baseline:0.152902
qore_dpr,nq_111,,0.0,0.9334690528595896,0.06653094714041041,0.0,0.0,11.48740500002532,220.03806800000802,False,0;1;2;3;4,,True,baseline:0.163128
qore_dpr,nq_112,0.25,1.0,0.8731674837680921,0.12683251623190794,0.0,0.5,11.53641600001265,240.83894000000328,True,0;1;2;3;4,0;1;2;3;4;5;6;7;8;9;13;15;17;24;26;29;33;38;44;49,True,baseline:0.148223
qore_dpr,nq_113,0.5,0.4,0.7851288480348881,0.21487115196511186,0.0,0.4,11.52022600001601,281.4388530000542,True,0;1;2;3;7,0;1;6;40,True,baseline:0.149091
qore_dpr,nq_114,0.0,0.0,0.8586951060615874,0.1413048939384126,0.0,0.28571428571428575,11.374313000032998,239.3613250000044,True,0;1;2;3;4,37,True,baseline:0.156476
qore_dpr,nq_115,0.5,0.2,0.7559654589886522,0.2440345410113478,1.0,1.0,11.496437999994669,219.73446999993484,True,0;1;2;3;4,0;7,True,baseline:0.149468
qore_dpr,nq_116,0.18181818181818182,0.8,0.9076834041738435,0.09231659582615648,0.0,0.6666666666666666,11.514311000041744,178.59212099995148,True,0;1;2;3;4,0;1;2;3;5;8;10;12;13;23;26;27;28;29;31;33;37;39;41;42;44;47,True,baseline:0.153242
qore_dpr,nq_117,0.0,0.0,0.8585838793313456,0.1414161206686544,0.0,0.0,11.53676199999154,179.46022499995706,True,0;1;2;5;7,3;4,True,baseline:0.153264
qore_dpr,nq_118,,0.0,0.7586439890461344,0.2413560109538656,0.0,0.0,11.57034199991358,262.5513409999485,False,0;1;2;3;4,,True,baseline:0.152569
qore_dpr,nq_119,0.2,0.2,0.8205333102760225,0.1794666897239775,1.0,1.0,11.497310999970978,200.74892100001307,True,0;1;2;3;5,0;8;11;15;19,True,baseline:0.167845
qore_dpr,nq_120,0.5,0.4,0.7218552216458003,0.2781447783541997,0.0,0.5,11.582361999899149,220.31869800002823,True,0;1;2;6;10,0;2;4;5,True,baseline:0.149879
qore_dpr,nq_121,0.07692307692307693,0.2,0.8740992860932699,0.12590071390673008,0.0,0.0,11.483796999982587,221.17227800004002,True,0;1;2;3;4,0;7;10;12;17;18;26;28;29;45;46;48;49,True,baseline:0.143451
qore_dpr,nq_122,,0.0,0.8625025582792357,0.13749744172076428,0.0,0.0,11.448286000018015,325.29617900001995,False,0;1;2;3;5,,True,baseline:0.163088
qore_dpr,nq_123,0.5,0.6,0.8484269248039992,0.15157307519600083,1.0,1.0,11.434997000037583,200.10976100002154,True,0;1;2;3;6,1;2;4;6;7;12,True,baseline:0.149687
qore_dpr,nq_124,1.0,0.2,0.7730680564679607,0.22693194353203927,1.0,1.0,11.594317999993109,239.59458900003483,True,0;1;2;3;4,4,True,baseline:0.155142
qore_dpr,nq_125,0.3333333333333333,0.8,0.8912383073135274,0.10876169268647262,0.0,0.6666666666666666,11.462008999956197,178.61091300005683,True,0;1;2;3;5,0;1;2;4;5;6;7;8;10;21;40;47,True,baseline:0.151327
qore_dpr,nq_126,0.6666666666666666,0.4,0.6795047807396646,0.3204952192603354,1.0,1.0,11.448530000052415,159.0485680000029,True,0;1;2;6;8,0;1;4,True,baseline:0.141382
qore_dpr,nq_127,0.75,0.6,0.8691740389748492,0.13082596102515076,1.0,1.0,11.479250999968826,157.03299000006155,True,0;1;2;3;4,0;1;3;7,True,baseline:0.147933
qore_dpr,nq_128,0.25,0.4,0.8875779584899638,0.11242204151003621,1.0,1.0,11.43215499996586,178.90939899996283,True,0;1;2;4;6,0;4;9;15;28;33;35;44,True,baseline:0.149041
qore_dpr,nq_129,0.3333333333333333,0.6,0.8785640763002018,0.12143592369979817,1.0,1.0,11.879701999987446,209.99528900006226,True,0;1;2;3;6,0;1;5;6;9;10;33;37;48,True,baseline:0.203370
qore_dpr,nq_130,,0.0,0.7656686575322242,0.23433134246777576,0.0,0.25,11.835165999968922,295.29442900002323,False,0;1;3;4;5,,True,baseline:0.197340
qore_dpr,nq_131,0.14285714285714285,0.2,0.9020968277200998,0.0979031722799002,0.0,0.0,11.741573999984212,210.39327400001184,True,0;1;2;3;8,0;4;15;20;23;43;46,True,baseline:0.176384
qore_dpr,nq_132,0.0,0.0,0.8351148033603429,0.16488519663965706,0.0,0.0,11.757634999980837,363.05035499992755,True,0;1;2;3;6,9;18;19;28,True,baseline:0.199326
qore_dpr,nq_133,0.2,0.2,0.8493613631265486,0.15063863687345136,0.0,0.3333333333333333,11.835727999937262,250.99367699999675,True,0;1;2;3;4,2;5;9;31;47,True,baseline:0.206543
qore_dpr,nq_134,0.5,0.4,0.9010675665374688,0.09893243346253122,0.0,0.0,11.845793000020421,252.93117299997903,True,0;1;2;3;4,0;3;5;6,True,baseline:0.196610
qore_dpr,nq_135,0.25,0.2,0.6551920456996129,0.34480795430038713,0.0,0.5,11.751626999966902,273.8435720000325,True,0;1;3;4;11,0;20;28;38,True,baseline:0.197130
qore_dpr,nq_136,0.0,0.0,0.7503361439405236,0.24966385605947639,0.0,0.0,11.90204400006678,340.17595799991796,True,0;1;2;3;5,21,True,baseline:0.177544
qore_dpr,nq_137,0.5,0.2,0.8128466299718375,0.18715337002816246,0.0,0.2857142857142857,11.766824000005727,737.4477580000303,True,0;1;2;4;5,0;3,True,baseline:0.201304
qore_dpr,nq_138,,0.0,0.7810591684585135,0.21894083154148647,0.0,0.0,11.67715799999769,206.07081799994376,False,0;1;2;9;10,,True,baseline:0.195266
qore_dpr,nq_139,,0.0,0.6859099232407405,0.3140900767592595,0.0,0.0,11.882811999953447,163.6390900000606,False,0;1;2;4;8,,True,baseline:0.193753
qore_dpr,nq_140,0.5,0.2,0.8346165373806411,0.16538346261935888,1.0,1.0,11.786330000063572,273.0594959999735,True,0;1;2;3;9,1;6,True,baseline:0.202188
qore_dpr,nq_141,0.03125,0.2,0.8682843380347673,0.13171566196523266,0.0,0.0,11.86488600001212,207.80803100001322,True,0;1;2;4;10,2;3;5;7;11;13;14;16;18;19;20;21;22;23;24;25;26;29;30;31;32;33;34;35;36;37;39;44;45;46;47;48,True,baseline:0.214796
qore_dpr,nq_142,0.125,1.0,0.883965730798453,0.11603426920154702,0.0,0.0,11.74863699998241,293.2745549999254,True,0;1;2;3;7,0;1;2;3;4;5;6;7;8;9;10;11;12;13;14;15;16;17;18;19;20;21;22;23;24;25;26;28;30;31;36;37;39;41;42;43;44;45;47;49,True,baseline:0.202598
qore_dpr,nq_143,0.0,0.0,0.7238720322404705,0.2761279677595295,0.0,0.6666666666666666,11.541025000042282,292.3502800000506,True,0;1;2;3;7,6;26;47,True,baseline:0.165268
qore_dpr,nq_144,0.19047619047619047,0.8,0.8990095989078402,0.10099040109215984,0.0,0.8,11.464704999980313,204.15472000001955,True,0;1;2;3;5,0;1;3;4;5;6;8;11;12;20;21;22;28;29;36;39;40;41;43;45;48,True,baseline:0.167806
qore_dpr,nq_145,0.0,0.0,0.8526421946299602,0.14735780537003984,0.0,0.5,11.584583999933784,245.76698399994257,True,0;1;2;3;5,8,True,baseline:0.178956
qore_dpr,nq_146,0.14285714285714285,0.2,0.8433349824035605,0.15666501759643947,1.0,1.0,11.552223999956368,223.90250000000833,True,0;1;2;3;5,2;6;8;9;14;22;33,True,baseline:0.180706
qore_dpr,nq_147,0.2,0.2,0.7793626283900202,0.22063737160997976,1.0,1.0,11.55149499993513,288.79475400003685,True,0;1;2;3;12,0;6;8;11;40,True,baseline:0.167129
qore_dpr,nq_148,0.3333333333333333,0.4,0.8610778494544384,0.13892215054556156,0.0,0.0,11.63786099994013,267.21139200003563,True,0;1;2;3;7,0;1;4;6;17;22,True,baseline:0.213768
qore_dpr,nq_149,0.5,0.2,0.8498571332940209,0.1501428667059791,0.0,0.0,11.73834300004728,205.02153600000383,True,0;1;2;3;5,2;4,True,baseline:0.222246
qore_dpr,nq_150,,0.0,0.7249869913204645,0.2750130086795355,0.0,0.0,11.896343999978853,225.99437599990324,False,0;1;2;4;9,,True,baseline:0.223799
qore_dpr,nq_151,0.0,0.0,0.8482530577334296,0.15174694226657037,0.0,0.0,11.563134999960312,202.79145300003165,True,0;1;2;7;8,4;6;18;22;28;38,True,baseline:0.206932
qore_dpr,nq_152,1.0,0.4,0.767488165874199,0.232511834125801,0.0,0.8,11.617165000075147,204.92662799995287,True,0;1;3;4;5,0;1,True,baseline:0.179474
qore_dpr,nq_153,0.6666666666666666,0.4,0.757634021045494,0.24236597895450596,1.0,1.0,11.535313999956998,181.01396099996236,True,0;1;2;5;13,0;1;46,True,baseline:0.167717
qore_dpr,nq_154,,0.0,0.9244299459897093,0.07557005401029071,0.0,0.0,11.647476000007373,288.0705570000828,False,0;1;2;3;4,,True,baseline:0.193149
qore_dpr,nq_155,,0.0,0.7121523003331273,0.28784769966687274,0.0,0.0,11.432808999984445,224.53493000000435,False,0;1;2;3;7,,True,baseline:0.165947
qore_dpr,nq_156,0.1875,0.6,0.8981554537766314,0.10184454622336858,0.0,0.5,11.546228000042902,223.28751500003818,True,0;1;2;3;4,0;3;4;5;6;7;8;14;16;17;24;27;39;42;43;49,True,baseline:0.173632
qore_dpr,nq_157,0.6666666666666666,0.4,0.7858558164346192,0.21414418356538079,0.0,0.5,11.46234199995888,224.128305000022,True,0;1;2;3;4,0;1;49,True,baseline:0.163919
qore_dpr,nq_158,,0.0,0.7498809080969415,0.2501190919030585,0.0,0.0,11.599705000094218,164.55853200000092,False,0;1;2;5;6,,True,baseline:0.162155
qore_dpr,nq_159,0.0,0.0,0.7829817001103059,0.21701829988969412,0.0,0.4,11.910491999969963,232.95885400000316,True,0;1;2;3;4,32;49,True,baseline:0.213008
qore_dpr,nq_160,0.0,0.0,0.7971948386742721,0.2028051613257279,0.0,0.0,12.3043900000539,302.1446530000276,True,0;1;2;3;5,4,True,baseline:0.252365
qore_dpr,nq_161,0.2,0.2,0.8759277287243776,0.12407227127562237,0.0,0.0,11.828857999944375,255.03670900002362,True,0;1;2;3;5,2;12;21;25;32,True,baseline:0.242379
qore_dpr,nq_162,0.25,0.2,0.8222553936747644,0.1777446063252356,0.0,0.5714285714285715,11.865012000043862,341.4635020000105,True,0;1;2;3;6,1;4;17;46,True,baseline:0.211726
qore_dpr,nq_163,,0.0,0.7610890341085398,0.23891096589146021,0.0,0.8,11.78542100001323,207.273535000013,False,0;1;2;3;5,,True,baseline:0.172632
qore_dpr,nq_164,0.5,0.2,0.7245766618961689,0.27542333810383113,0.0,0.0,11.604017000081512,224.95291699999598,True,0;1;3;4;6,4;32,True,baseline:0.171620
qore_dpr,nq_165,0.5,0.4,0.7814105903484123,0.21858940965158768,1.0,1.0,11.56212000000778,227.72773400004098,True,0;1;2;3;4,0;3;5;12,True,baseline:0.198746
qore_dpr,nq_166,1.0,0.6,0.8917756147154673,0.10822438528453271,1.0,1.0,11.71072500005721,290.70291000005,True,0;1;2;3;4,0;1;2,True,baseline:0.203203
qore_dpr,nq_167,0.3333333333333333,0.2,0.9144128196767479,0.08558718032325208,1.0,1.0,11.58622600007675,222.91182200001458,True,0;1;2;3;4,4;5;24,True,baseline:0.181085
qore_dpr,nq_168,0.4,0.4,0.8190411042074226,0.1809588957925774,1.0,1.0,11.578286000030857,331.5590270000257,True,0;1;2;3;4,0;4;17;19;39,True,baseline:0.160811
qore_dpr,nq_169,0.11764705882352941,0.4,0.8498887384619357,0.1501112615380643,1.0,1.0,11.680285000011281,225.91318700006013,True,0;1;2;3;5,0;1;4;6;8;15;17;18;19;20;22;25;31;33;41;44;46,True,baseline:0.229064
qore_dpr,nq_170,0.3333333333333333,0.4,0.889047232079448,0.11095276792055198,0.0,0.4,11.797451999996156,267.1304790000022,True,0;1;2;3;4,0;1;5;8;21;45,True,baseline:0.217000
qore_dpr,nq_171,0.125,0.2,0.8168187136406966,0.18318128635930342,0.0,0.8,11.72313999995822,230.35697299997082,True,0;1;2;3;9,2;4;6;15;24;32;42;44,True,baseline:0.209139
qore_dpr,nq_172,,0.0,0.7742529130519451,0.2257470869480549,0.0,0.0,12.056028000074548,378.152182000008,False,0;1;2;3;4,,True,baseline:0.209391
qore_dpr,nq_173,1.0,0.4,0.6981572113666367,0.30184278863336333,1.0,1.0,11.793425999940155,184.98475499995948,True,0;1;2;4;8,0;1,True,baseline:0.218361
qore_dpr,nq_174,0.2222222222222222,0.4,0.8346921738673985,0.16530782613260153,1.0,1.0,11.697408000031828,272.6308290000361,True,0;1;2;3;4,0;2;6;8;9;12;17;28;45,True,baseline:0.179235
qore_dpr,nq_175,0.3333333333333333,0.8,0.8086468327023614,0.19135316729763863,0.0,0.6,11.569709000013972,418.08411099998466,True,0;1;2;3;11,0;1;2;3;4;5;6;8;17;22;23;44,True,baseline:0.191419
qore_dpr,nq_176,,0.0,0.7983914684369516,0.20160853156304837,0.0,0.0,11.747645000014018,204.05658399999993,False,0;1;2;3;4,,True,baseline:0.223550
qore_dpr,nq_177,0.0,0.0,0.8382026104888013,0.1617973895111987,0.0,0.0,11.591496000050938,267.64357299998665,True,0;1;2;3;4,5;7;12;13;18;20;21;31;34;37;39;43;47,True,baseline:0.176097
qore_dpr,nq_178,0.1111111111111111,0.2,0.9223609888498876,0.0776390111501124,0.0,0.5,11.830479999957788,226.08436500001972,True,0;1;2;3;4,2;5;17;21;24;26;28;34;46,True,baseline:0.220253
qore_dpr,nq_179,,0.0,0.6891042276328452,0.3108957723671548,0.0,0.0,11.913420000041697,204.48146699993686,False,0;1;2;3;4,,True,baseline:0.226190
qore_dpr,nq_180,0.25,0.2,0.8695782487071124,0.13042175129288758,0.0,0.6666666666666666,11.7040380000617,374.60661100010384,True,0;1;2;3;6,1;5;13;41,True,baseline:0.217746
qore_dpr,nq_181,0.0,0.0,0.8598748956438621,0.1401251043561379,0.0,0.0,11.776061999967169,225.42234500008362,True,0;1;2;3;8,17;30,True,baseline:0.196496
qore_dpr,nq_182,,0.0,0.7107895972104192,0.28921040278958077,0.0,0.0,11.5854959999524,333.9212829999951,False,0;1;2;3;4,,True,baseline:0.171032
qore_dpr,nq_183,0.0,0.0,0.6786200217349949,0.3213799782650051,0.0,0.0,11.669705000031172,224.57637299999078,True,0;1;2;4;8,12;27;29;49,True,baseline:0.199161
qore_dpr,nq_184,0.75,0.6,0.8267078583812779,0.17329214161872208,0.0,0.0,11.62944600002902,248.60738300003504,True,0;1;2;4;7,0;2;4;9,True,baseline:0.185833
qore_dpr,nq_185,,0.0,0.7068923131122393,0.2931076868877607,0.0,0.0,11.596997999959058,204.60522500002298,False,0;1;2;3;9,,True,baseline:0.193240
qore_dpr,nq_186,0.18181818181818182,0.4,0.7899445807926375,0.21005541920736248,1.0,1.0,11.649216000023443,206.50773600004868,True,0;1;2;3;10,0;2;6;7;13;15;18;22;34;38;49,True,baseline:0.167398
qore_dpr,nq_187,0.3333333333333333,0.2,0.7279854830319961,0.27201451696800394,1.0,1.0,11.805834999904619,229.09751600002437,True,0;1;2;6;14,0;5;17,True,baseline:0.172299
qore_dpr,nq_188,0.0,0.0,0.7934669690067752,0.20653303099322484,0.0,0.0,11.7959519999431,253.76289300004373,True,0;1;2;3;5,40,True,baseline:0.184538
qore_dpr,nq_189,,0.0,0.6794756140218967,0.3205243859781033,0.0,0.0,12.122278999981972,254.03505700001006,False,0;1;2;4;5,,True,baseline:0.232226
qore_dpr,nq_190,0.25,0.2,0.8693263161314707,0.1306736838685293,1.0,1.0,11.866918000009719,209.6222810000654,True,0;1;2;4;5,0;3;15;17,True,baseline:0.221045
qore_dpr,nq_191,0.2222222222222222,0.4,0.9252196479288477,0.0747803520711523,1.0,1.0,11.786082000071474,255.74991799999225,True,0;1;2;3;4,0;2;6;8;9;30;35;36;47,True,baseline:0.189747
qore_dpr,nq_192,0.0,0.0,0.8021133793857451,0.19788662061425488,0.0,0.0,11.736679000023287,206.27853499991033,True,0;1;2;4;13,3;11;22,True,baseline:0.193914
qore_dpr,nq_193,,0.0,0.8930514925447669,0.1069485074552331,0.0,0.0,11.72510499998225,263.1594330000553,False,0;1;2;3;7,,True,baseline:0.165262
qore_dpr,nq_194,0.6666666666666666,0.4,0.7762689566318983,0.22373104336810168,1.0,1.0,11.925144999963777,301.5759429999889,True,0;1;2;3;4,0;1;19,True,baseline:0.186693
qore_dpr,nq_195,,0.0,0.9342217070917218,0.06577829290827819,0.0,0.0,11.893363000012869,227.5999700000284,False,0;1;2;3;5,,True,baseline:0.190099
qore_dpr,nq_196,0.14285714285714285,0.4,0.7820349448865223,0.21796505511347775,0.0,0.5714285714285715,11.658405000048333,471.1020180000105,True,0;2;3;4;6,0;1;5;6;10;12;15;16;22;26;37;38;45;46,True,baseline:0.180737
qore_dpr,nq_197,1.0,0.2,0.8365064150450042,0.16349358495499577,0.0,0.7499999999999999,11.504897000008896,199.41444900007355,True,0;1;2;3;11,1,True,baseline:0.177469
qore_dpr,nq_198,0.21428571428571427,0.6,0.869398329473202,0.13060167052679805,0.0,0.0,11.456253000005745,219.3285289999949,True,0;1;2;3;4,0;1;4;5;11;12;15;16;18;20;21;37;45;48,True,baseline:0.164213
qore_dpr,nq_199,0.125,0.2,0.8764437310201224,0.12355626897987759,1.0,1.0,11.543911999979173,240.0438550000672,True,0;1;2;3;4,1;7;9;11;16;17;19;45,True,baseline:0.157408
qore_as_control,nq_0,0.5,0.4,0.8541128623045979,0.14588713769540207,0.0,0.8571428571428571,13.957821000076365,473.31924000002346,True,0;1;25;32;37,0;1;4;38,True,baseline:0.220606
qore_as_control,nq_1,0.3333333333333333,0.4,0.7231898500225278,0.2768101499774722,0.0,0.5714285714285715,11.22357400004148,240.1144809999778,True,1;12;30;43;48,0;1;7;9;14;30,True,baseline:0.176810
qore_as_control,nq_2,0.23076923076923078,0.6,0.6961108830999511,0.30388911690004894,1.0,1.0,11.419653999951151,179.34211600004346,True,0;1;32;37;47,0;1;6;7;16;19;22;23;32;33;35;38;45,True,baseline:0.162045
qore_as_control,nq_3,0.625,1.0,0.8856787463091609,0.11432125369083912,0.0,0.0,11.228743999936341,279.7900429999345,True,4;29;37;45;49,4;6;24;29;37;45;47;49,True,baseline:0.163834
qore_as_control,nq_4,0.4,0.8,0.8538989055969182,0.14610109440308183,0.0,0.8,11.216436999916368,199.09298499999295,True,0;16;26;29;40,0;3;7;16;24;26;27;33;40;47,True,baseline:0.151987
qore_as_control,nq_5,0.0,0.0,0.8888063393982742,0.11119366060172575,0.0,0.0,11.267783999983294,241.4210340000409,True,0;5;8;10;21,19;44,True,baseline:0.151136
qore_as_control,nq_6,0.0,0.0,0.9058967500802556,0.09410324991974439,0.0,0.0,11.24383699993814,259.28673000009894,True,0;3;5;11;12,9;33,True,baseline:0.167970
qore_as_control,nq_7,,0.0,0.9030805196519799,0.09691948034802012,0.0,0.6666666666666666,11.146515999939766,199.18694099999357,False,4;9;34;42;49,,True,baseline:0.146843
qore_as_control,nq_8,,0.0,0.625220254602515,0.37477974539748504,0.0,0.28571428571428575,11.252852999973584,240.03852599992115,False,1;7;18;39;43,,True,baseline:0.173936
qore_as_control,nq_9,,0.0,0.8074523201595352,0.19254767984046484,0.0,0.5,11.158582999996725,181.68079500003387,False,15;19;34;43;48,,True,baseline:0.154377
qore_as_control,nq_10,0.2857142857142857,0.8,0.7949576893064805,0.20504231069351952,1.0,1.0,11.102056000027005,200.12484100004713,True,5;8;11;42;46,0;1;2;3;5;8;9;11;14;17;23;36;39;42,True,baseline:0.155971
qore_as_control,nq_11,0.75,0.6,0.7769646693458949,0.22303533065410508,1.0,1.0,11.240868000072624,222.7898849999974,True,0;3;14;32;37,3;7;14;37,True,baseline:0.151906
qore_as_control,nq_12,0.3333333333333333,0.2,0.7706736545523188,0.22932634544768116,0.0,0.0,11.48735399999623,221.72157600004994,True,0;14;21;29;39,0;1;41,True,baseline:0.154618
qore_as_control,nq_13,0.7142857142857143,1.0,0.8473733470427754,0.15262665295722455,1.0,1.0,11.174798999945779,199.04479700005595,True,0;1;4;5;31,0;1;3;4;5;16;31,True,baseline:0.155285
qore_as_control,nq_14,0.2,0.2,0.7280395526872177,0.27196044731278235,0.0,0.5,11.226084999975683,384.93378199996187,True,10;11;28;31;45,0;1;2;9;11,True,baseline:0.149450
qore_as_control,nq_15,,0.0,0.6727730841400221,0.3272269158599779,0.0,0.0,11.146608999979435,200.68337600002906,False,15;17;18;36;49,,True,baseline:0.149100
qore_as_control,nq_16,0.5,0.2,0.7973541831371616,0.20264581686283845,0.0,0.7499999999999999,11.413786999924014,239.61581500009288,True,5;7;27;43;46,4;27,True,baseline:0.148502
qore_as_control,nq_17,0.2,0.2,0.8234791843263715,0.17652081567362854,1.0,1.0,11.113956999906804,198.82862200006457,True,1;13;20;22;29,8;12;22;27;28,True,baseline:0.147822
qore_as_control,nq_18,0.05263157894736842,0.2,0.8053153524811634,0.19468464751883663,0.0,0.5,11.342981999973745,199.6814760000234,True,3;10;18;34;41,0;1;2;4;5;6;7;10;16;17;20;22;25;27;33;36;37;43;49,True,baseline:0.143634
qore_as_control,nq_19,0.2,1.0,0.7832095675627189,0.21679043243728113,0.0,0.0,11.220485999956509,200.48506500006624,True,0;9;11;18;27,0;1;2;3;4;5;6;8;9;11;12;13;15;17;18;21;23;27;31;32;36;43;45;47;49,True,baseline:0.147507
qore_as_control,nq_20,0.5,0.4,0.8389580345605078,0.16104196543949223,0.0,0.0,11.177719999977853,241.0872189999509,True,0;6;9;30;42,0;21;42;48,True,baseline:0.145018
qore_as_control,nq_21,0.75,0.6,0.6604867223791132,0.3395132776208868,0.0,0.33333333333333337,11.219325000070057,302.66101999995954,True,0;1;3;25;48,0;1;3;16,True,baseline:0.181248
qore_as_control,nq_22,0.3333333333333333,0.8,0.7779250985182056,0.22207490148179443,0.0,0.6666666666666666,11.274802000002637,178.34492899999077,True,0;3;5;26;30,0;3;5;12;17;22;24;26;28;31;34;48,True,baseline:0.148866
qore_as_control,nq_23,0.75,0.6,0.8251881144429756,0.17481188555702443,1.0,1.0,11.176093000017318,178.35777100003725,True,5;7;8;33;34,5;8;31;33,True,baseline:0.151052
qore_as_control,nq_24,1.0,0.8,0.9102010331457286,0.08979896685427136,1.0,1.0,11.201381999967452,223.264798999935,True,0;1;2;4;7,0;2;4;7,True,baseline:0.167853
qore_as_control,nq_25,0.3333333333333333,0.8,0.7718850651428916,0.22811493485710843,0.0,0.5,11.159215000020595,218.76386600001752,True,7;15;19;24;43,0;3;5;15;19;24;34;37;41;42;43;45,True,baseline:0.151248
qore_as_control,nq_26,,0.0,0.6727415658000853,0.32725843419991474,0.0,0.0,11.22078799994597,242.26744999998573,False,8;23;29;45;46,,True,baseline:0.146472
qore_as_control,nq_27,1.0,0.2,0.6411275353263264,0.3588724646736736,0.0,0.8,11.16454500004238,280.7762139999568,True,0;13;14;20;29,0,True,baseline:0.173219
qore_as_control,nq_28,0.35714285714285715,1.0,0.8423135163671047,0.15768648363289528,0.0,0.6666666666666666,11.106871000038154,200.04885299999842,True,14;31;32;35;40,0;1;3;11;14;15;18;25;28;31;32;35;40;45,True,baseline:0.161115
qore_as_control,nq_29,0.5,0.2,0.8546793899849771,0.14532061001502294,0.0,1.0,11.113480000062737,261.88375300000644,True,2;4;9;10;22,1;2,True,baseline:0.170692
qore_as_control,nq_30,0.5,0.8,0.7933957345585538,0.20660426544144617,1.0,1.0,11.48228099998505,282.4177149999514,True,0;1;25;27;33,0;1;3;6;10;25;27;29,True,baseline:0.156635
qore_as_control,nq_31,1.0,0.2,0.8118790882970668,0.1881209117029332,1.0,1.0,11.381876999962515,178.8341420000279,True,0;3;5;6;44,0,True,baseline:0.212033
qore_as_control,nq_32,,0.0,0.78840390451779,0.21159609548221003,0.0,0.5,11.187754999923527,178.8607089999914,False,3;5;15;19;32,,True,baseline:0.152617
qore_as_control,nq_33,0.0,0.0,0.6037403700293253,0.39625962997067465,0.0,0.8,11.174699999969562,220.99010600004476,True,5;28;31;39;47,0;6,True,baseline:0.146229
qore_as_control,nq_34,0.4,0.4,0.8244662323566813,0.17553376764331874,0.0,0.0,11.20629500007908,281.24329000002035,True,2;6;7;8;31,1;4;8;13;31,True,baseline:0.180127
qore_as_control,nq_35,1.0,0.6,0.900795916497173,0.09920408350282695,1.0,1.0,11.20381600003384,262.82636500002354,True,3;5;6;11;15,3;5;6,True,baseline:0.148264
qore_as_control,nq_36,0.0,0.0,0.7486184147000069,0.2513815852999931,0.0,0.0,11.17614899999353,199.1747749999604,True,3;17;20;27;31,5;7,True,baseline:0.150312
qore_as_control,nq_37,0.75,0.6,0.7393257980810525,0.2606742019189475,1.0,1.0,11.211123000066436,261.79355100009616,True,0;3;17;30;33,0;3;23;30,True,baseline:0.146401
qore_as_control,nq_38,0.2777777777777778,1.0,0.8587860043478145,0.1412139956521855,0.0,0.8,11.300428000026841,349.1568509999752,True,0;5;6;8;11,0;1;2;3;4;5;6;7;8;11;17;19;25;26;31;33;45;47,True,baseline:0.145743
qore_as_control,nq_39,0.05555555555555555,0.2,0.8500325287756467,0.14996747122435328,0.0,0.5,11.170428000013999,199.6653950000109,True,0;1;27;41;47,2;3;4;6;8;10;11;15;16;19;23;33;38;40;43;44;45;47,True,baseline:0.146567
qore_as_control,nq_40,,0.0,0.8863373361045189,0.11366266389548108,0.0,0.0,11.222481000004336,448.03918600007364,False,1;6;13;30;34,,True,baseline:0.145778
qore_as_control,nq_41,,0.0,0.8029609282684909,0.19703907173150914,0.0,0.0,11.198991000014757,392.6787210000384,False,8;12;17;31;42,,True,baseline:0.153042
qore_as_control,nq_42,0.75,0.6,0.8090624904723966,0.19093750952760336,1.0,1.0,11.263957999972263,199.85965299997588,True,0;13;14;17;21,0;14;21;29,True,baseline:0.148713
qore_as_control,nq_43,,0.0,0.6789006493212651,0.32109935067873485,0.0,0.0,11.067602000025545,240.41471399993952,False,8;26;34;35;36,,True,baseline:0.149846
qore_as_control,nq_44,0.0,0.0,0.8591387544363798,0.14086124556362023,0.0,0.0,11.029328000063288,200.20260900002995,True,0;5;25;41;44,47,True,baseline:0.165837
qore_as_control,nq_45,0.11904761904761904,1.0,0.8518551726209793,0.14814482737902068,0.0,0.5,11.457618999997976,221.30434799998966,True,6;11;35;40;49,0;1;2;3;4;5;6;7;8;10;11;13;14;15;16;17;19;20;23;24;25;26;27;28;29;30;31;32;33;35;36;37;39;40;41;43;44;45;46;47;48;49,True,baseline:0.166627
qore_as_control,nq_46,0.0,0.0,0.8462928316981531,0.15370716830184694,0.0,0.0,11.163130999989335,285.3792700000213,True,10;20;22;28;29,8;9;12,True,baseline:0.142817
qore_as_control,nq_47,0.25,0.4,0.8723644402056744,0.12763555979432561,0.0,0.5,11.105738999958703,260.9938839999586,True,2;16;19;29;36,2;6;9;22;36;38;40;43,True,baseline:0.142335
qore_as_control,nq_48,0.18181818181818182,0.4,0.7677023478348122,0.23229765216518783,0.0,0.0,11.051341999973374,261.3607519999732,True,1;2;3;25;34,0;1;2;4;6;7;9;16;18;41;47,True,baseline:0.148646
qore_as_control,nq_49,0.3333333333333333,0.2,0.7955556703109785,0.2044443296890215,0.0,0.5,11.128837999990537,220.80761899997015,True,1;6;35;41;45,10;21;45,True,baseline:0.152854
qore_as_control,nq_50,,0.0,0.7594973493197579,0.24050265068024212,0.0,0.28571428571428575,11.088624999956664,220.10592799995266,False,3;12;17;28;29,,True,baseline:0.143807
qore_as_control,nq_51,0.09523809523809523,0.4,0.8417895760075063,0.15821042399249374,1.0,1.0,11.15542499996991,178.72616399995422,True,31;34;42;43;49,2;3;4;5;6;15;17;19;20;21;22;25;26;28;29;37;38;40;42;43;45,True,baseline:0.145366
qore_as_control,nq_52,,0.0,0.6580139092928325,0.34198609070716746,0.0,0.0,11.274270999933833,179.33499700006905,False,11;23;26;34;39,,True,baseline:0.149748
qore_as_control,nq_53,0.17647058823529413,0.6,0.7091926641087198,0.29080733589128016,0.0,0.6666666666666666,11.066810000102123,239.21737900002427,True,16;17;41;43;44,0;3;4;7;9;11;13;14;22;28;34;37;41;43;44;45;46,True,baseline:0.151850
qore_as_control,nq_54,0.2,0.2,0.8342245564672475,0.16577544353275253,0.0,0.0,11.266367000075661,241.53922200002853,True,2;21;22;40;42,1;13;34;42;47,True,baseline:0.181693
qore_as_control,nq_55,0.3333333333333333,0.4,0.7929647419852625,0.20703525801473754,1.0,1.0,11.120442999981606,219.5949429999473,True,3;15;27;46;47,3;13;15;18;26;37,True,baseline:0.145788
qore_as_control,nq_56,,0.0,0.7388401911112723,0.2611598088887277,0.0,0.0,11.117714000079104,179.49841799998012,False,26;28;36;40;48,,True,baseline:0.167913
qore_as_control,nq_57,0.6666666666666666,0.8,0.8261734202623845,0.1738265797376155,1.0,1.0,11.165862999973797,188.07947400000558,True,0;1;2;4;6,0;1;2;4;5;38,True,baseline:0.146501
qore_as_control,nq_58,,0.0,0.6135741339489021,0.38642586605109785,0.0,0.0,11.160802999938824,261.97561200001473,False,0;1;19;34;45,,True,baseline:0.153830
qore_as_control,nq_59,,0.0,0.6484230710338081,0.35157692896619186,0.0,0.28571428571428575,11.246658999993997,241.43814499996097,False,4;21;32;33;35,,True,baseline:0.158532
qore_as_control,nq_60,0.36363636363636365,0.8,0.7980892725757036,0.2019107274242964,0.0,0.5,11.183160999962638,244.13053899991155,True,1;3;17;30;35,1;3;4;5;6;17;18;22;28;35;37,True,baseline:0.151757
qore_as_control,nq_61,0.5,0.8,0.7562575560518632,0.24374244394813682,0.0,0.6666666666666666,11.264131999951132,302.4198619999652,True,4;7;17;36;47,3;4;7;10;24;34;36;47,True,baseline:0.150058
qore_as_control,nq_62,0.75,0.6,0.8016470547823153,0.19835294521768465,0.0,0.4,11.245692999978019,197.80388200001653,True,6;11;14;19;20,2;11;19;20,True,baseline:0.160624
qore_as_control,nq_63,0.3333333333333333,0.2,0.8140309606655348,0.18596903933446518,0.0,0.6666666666666666,11.145250000026863,219.9313930000244,True,0;4;12;13;15,0;18;49,True,baseline:0.147878
qore_as_control,nq_64,0.2727272727272727,0.6,0.8371888670370181,0.16281113296298189,0.0,0.6666666666666666,11.108468999964316,198.36197500001163,True,0;12;25;36;47,0;1;3;4;7;9;10;12;29;32;36,True,baseline:0.150031
qore_as_control,nq_65,0.625,1.0,0.9032599662622462,0.09674003373775375,0.0,0.6666666666666666,11.198218999993514,198.65419900008874,True,0;3;6;9;37,0;3;4;5;6;7;9;37,True,baseline:0.150250
qore_as_control,nq_66,0.36363636363636365,0.8,0.7807348065027465,0.21926519349725349,1.0,1.0,11.19517100005396,280.84070900001734,True,9;13;16;20;26,0;3;9;11;13;16;24;26;31;34;38,True,baseline:0.147931
qore_as_control,nq_67,,0.0,0.7000849449073352,0.2999150550926648,1.0,1.0,11.11413299997821,200.00803400000677,False,1;6;7;9;31,,True,baseline:0.162745
qore_as_control,nq_68,0.0,0.0,0.8462476448964228,0.1537523551035772,0.0,0.5,11.372776000030171,198.69697599995106,True,0;2;16;33;47,4;11,True,baseline:0.145265
qore_as_control,nq_69,,0.0,0.6787632268143693,0.3212367731856307,0.0,0.0,11.16056600005777,262.18634600002133,False,3;8;9;23;34,,True,baseline:0.147841
qore_as_control,nq_70,0.0,0.0,0.7029385790640859,0.29706142093591414,0.0,0.0,11.112701999991259,198.38353000000097,True,2;40;42;43;45,7;24,True,baseline:0.148132
qore_as_control,nq_71,0.2222222222222222,0.4,0.8704958373298914,0.12950416267010856,0.0,0.6666666666666666,11.058296000101109,201.47527899996476,True,2;23;29;31;39,0;3;5;12;14;18;22;23;29,True,baseline:0.145702
qore_as_control,nq_72,0.375,0.6,0.7401268211497769,0.2598731788502231,0.0,0.5714285714285715,11.127676000000974,238.98628299991742,True,0;1;10;17;43,0;1;2;3;4;11;14;43,True,baseline:0.144130
qore_as_control,nq_73,1.0,0.6,0.7363225368997981,0.2636774631002019,1.0,1.0,11.335601000041606,179.54101999998784,True,0;1;4;12;43,0;1;4,True,baseline:0.146159
qore_as_control,nq_74,0.6666666666666666,0.4,0.8103143524869306,0.18968564751306938,0.0,0.5,11.352241999929902,260.007824000013,True,4;9;11;40;47,9;40;41,True,baseline:0.148663
qore_as_control,nq_75,1.0,0.8,0.7895018737987641,0.21049812620123587,1.0,1.0,11.055958000042665,219.88034100002096,True,0;1;2;10;24,0;1;2;24,True,baseline:0.142768
qore_as_control,nq_76,1.0,0.8,0.8914460782209618,0.10855392177903822,0.0,0.6666666666666666,11.152117999927214,281.8974059999846,True,0;1;3;7;10,0;1;3;10,True,baseline:0.149169
qore_as_control,nq_77,,0.0,0.6263210278858169,0.3736789721141831,0.0,0.4,11.50744799997483,221.1423469999545,False,10;18;32;44;47,,True,baseline:0.151853
qore_as_control,nq_78,0.4,0.4,0.8174135103336926,0.18258648966630742,1.0,1.0,11.299268000016127,262.1510040000885,True,0;13;23;28;38,0;16;19;25;28,True,baseline:0.148629
qore_as_control,nq_79,0.5,0.4,0.8260598644210682,0.17394013557893184,0.0,0.6666666666666666,11.126537999984976,303.08390100003635,True,0;1;9;21;45,0;1;2;37,True,baseline:0.151772
qore_as_control,nq_80,0.5,0.8,0.8094359123819028,0.19056408761809718,1.0,1.0,11.089780000020255,241.68105900002956,True,3;4;8;13;31,0;2;3;4;7;8;13;14,True,baseline:0.155972
qore_as_control,nq_81,0.0967741935483871,0.6,0.8295594145236377,0.17044058547636232,1.0,1.0,11.04139300002771,158.28369700000167,True,5;8;14;32;47,0;1;2;3;4;5;7;8;9;10;11;12;13;15;18;23;25;26;27;28;29;31;33;35;36;37;39;41;43;45;47,True,baseline:0.150737
qore_as_control,nq_82,0.3333333333333333,0.2,0.7609242606668382,0.23907573933316184,0.0,0.5,11.041050000017094,179.58429399993747,True,3;12;18;27;44,3;5;35,True,baseline:0.154564
qore_as_control,nq_83,,0.0,0.7450482060652505,0.25495179393474954,0.0,0.0,11.582785000086915,226.98330000002898,False,6;25;40;41;46,,True,baseline:0.145024
qore_as_control,nq_84,0.0,0.0,0.7135132356946624,0.2864867643053376,0.0,0.28571428571428575,11.163508999970873,218.62905200009664,True,28;30;35;36;42,25,True,baseline:0.205832
qore_as_control,nq_85,0.2,0.2,0.8338389629969738,0.1661610370030262,0.0,0.0,11.274274000015794,224.388040000008,True,4;7;18;35;37,1;3;8;37;39,True,baseline:0.184147
qore_as_control,nq_86,0.2857142857142857,0.4,0.6870064431662728,0.3129935568337272,0.0,0.6666666666666666,11.16611500003728,162.8102229999513,True,0;11;17;39;45,0;12;14;16;31;35;39,True,baseline:0.188013
qore_as_control,nq_87,0.6,0.6,0.7217692124377784,0.27823078756222164,1.0,1.0,11.197868999943239,270.3523950000317,True,0;1;4;37;49,0;1;4;12;30,True,baseline:0.185272
qore_as_control,nq_88,0.6666666666666666,0.4,0.9009832539235971,0.09901674607640287,0.0,0.3333333333333333,11.405477999915092,205.78013599993028,True,2;4;11;13;15,2;4;31,True,baseline:0.222907
qore_as_control,nq_89,0.0,0.0,0.8466505197747969,0.15334948022520312,0.0,0.0,11.457745000029718,161.54684300011013,True,6;20;27;30;35,14;22;23;25;40,True,baseline:0.211878
qore_as_control,nq_90,0.6666666666666666,0.4,0.6479646335455793,0.3520353664544207,0.0,0.6666666666666666,11.380480000070747,226.9201520000479,True,0;3;17;37;40,0;10;17,True,baseline:0.208629
qore_as_control,nq_91,,0.0,0.8367339007437036,0.16326609925629643,0.0,0.6666666666666666,11.291575999962333,269.5315669999445,False,0;5;7;9;42,,True,baseline:0.176209
qore_as_control,nq_92,,0.0,0.7839237658246304,0.21607623417536959,0.0,0.0,11.263330000019778,206.5966089999165,False,0;6;14;15;20,,True,baseline:0.183523
qore_as_control,nq_93,,0.0,0.6628492892941423,0.33715071070585767,0.0,0.3333333333333333,11.416035000024749,226.47328000005018,False,0;3;14;31;39,,True,baseline:0.199264
qore_as_control,nq_94,1.0,0.4,0.7324300789918518,0.26756992100814825,0.0,0.3333333333333333,11.260377000098742,291.1179129999937,True,0;2;19;22;42,0;2,True,baseline:0.185777
qore_as_control,nq_95,0.45454545454545453,1.0,0.9343623713911284,0.06563762860887157,0.0,0.0,11.436043999992762,204.61817700004303,True,0;3;4;8;26,0;3;4;8;23;26;29;35;38;43;49,True,baseline:0.219339
qore_as_control,nq_96,0.75,0.6,0.7630188293349178,0.23698117066508217,1.0,1.0,11.433575999944878,186.02337400000124,True,1;8;10;25;36,0;1;25;36,True,baseline:0.218071
qore_as_control,nq_97,0.3333333333333333,0.2,0.8266711425963689,0.17332885740363113,1.0,1.0,11.610429000029399,205.33492800007025,True,25;29;35;47;49,8;13;47,True,baseline:0.249780
qore_as_control,nq_98,0.16666666666666666,0.4,0.8701348965660696,0.12986510343393043,0.0,0.0,11.26193000004605,377.03721299999415,True,0;2;33;47;48,0;1;7;10;11;18;24;25;26;28;36;48,True,baseline:0.171157
qore_as_control,nq_99,1.0,0.4,0.800688057073935,0.19931194292606502,0.0,0.4444444444444445,11.499197999910393,271.8186979999473,True,0;3;4;5;19,0;4,True,baseline:0.203315
qore_as_control,nq_100,0.42857142857142855,0.6,0.8360494764035818,0.16395052359641815,0.0,0.0,11.434966999900098,183.9568819999613,True,5;7;17;32;45,0;2;5;17;39;43;45,True,baseline:0.202492
qore_as_control,nq_101,0.2222222222222222,0.4,0.7539550120356822,0.24604498796431784,0.0,0.7499999999999999,11.474722999992082,248.0793160000303,True,1;2;10;20;32,1;2;13;23;24;26;31;40;45,True,baseline:0.193778
qore_as_control,nq_102,0.42857142857142855,0.6,0.7597615634251296,0.24023843657487043,1.0,1.0,11.519056999986788,183.41775299995788,True,2;6;24;26;44,0;2;6;16;17;26;29,True,baseline:0.235717
qore_as_control,nq_103,0.0,0.0,0.7577268664444702,0.24227313355552982,0.0,0.0,11.486673000035807,314.9558220000017,True,4;5;19;24;27,10,True,baseline:0.218068
qore_as_control,nq_104,1.0,0.2,0.8686048803550268,0.1313951196449732,0.0,0.6666666666666665,11.437612000008812,269.4063769999957,True,1;20;21;29;40,1,True,baseline:0.211393
qore_as_control,nq_105,0.125,1.0,0.793148969370737,0.20685103062926302,0.0,0.6666666666666666,11.376611000059711,270.7214719999911,True,14;30;32;46;48,0;1;2;3;4;5;6;7;8;12;13;14;15;16;17;18;19;20;22;23;25;26;27;28;29;30;32;35;36;37;38;40;41;42;44;45;46;47;48;49,True,baseline:0.183549
qore_as_control,nq_106,,0.0,0.7688059856294476,0.23119401437055243,0.0,0.0,11.240152000027592,203.57179199993425,False,9;14;19;34;46,,True,baseline:0.198206
qore_as_control,nq_107,,0.0,0.8576747965199193,0.1423252034800807,0.0,0.0,11.428458999944269,292.3565090000011,False,0;1;2;5;8,,True,baseline:0.200096
qore_as_control,nq_108,0.25,0.6,0.8449188994420638,0.15508110055793622,1.0,1.0,11.357142999941061,181.7311359999394,True,2;3;36;47;48,2;3;5;6;12;14;24;29;36;40;42;43,True,baseline:0.207229
qore_as_control,nq_109,,0.0,0.7007157105963577,0.29928428940364227,0.0,0.0,11.753972999940743,206.41680500000348,False,8;32;39;46;47,,True,baseline:0.234484
qore_as_control,nq_110,,0.0,0.735735644299725,0.26426435570027496,0.0,0.4,11.947906999921543,248.12730199994348,False,4;9;17;34;46,,True,baseline:0.236025
qore_as_control,nq_111,,0.0,0.8901095037365003,0.10989049626349967,0.0,0.0,11.445430999970085,227.1588779999547,False,0;13;26;27;45,,True,baseline:0.236385
qore_as_control,nq_112,0.25,1.0,0.8449998608077905,0.15500013919220945,0.0,0.5,11.344864000079724,249.35034399993583,True,8;17;24;26;33,0;1;2;3;4;5;6;7;8;9;13;15;17;24;26;29;33;38;44;49,True,baseline:0.184540
qore_as_control,nq_113,0.5,0.4,0.7254196632761263,0.2745803367238737,0.0,0.4,11.318399999936446,290.8123509999996,True,0;1;4;16;27,0;1;6;40,True,baseline:0.191081
qore_as_control,nq_114,1.0,0.2,0.8434680062672809,0.1565319937327191,0.0,0.28571428571428575,11.337008000054993,246.4133189999984,True,13;19;23;30;37,37,True,baseline:0.203083
qore_as_control,nq_115,0.5,0.2,0.7047744556625268,0.29522554433747317,1.0,1.0,11.30593499999577,220.8131479999338,True,0;23;25;28;33,0;7,True,baseline:0.195029
qore_as_control,nq_116,0.22727272727272727,1.0,0.9464443923215111,0.05355560767848888,0.0,0.6666666666666666,11.164234000034412,178.98534500000096,True,0;1;2;5;8,0;1;2;3;5;8;10;12;13;23;26;27;28;29;31;33;37;39;41;42;44;47,True,baseline:0.152711
qore_as_control,nq_117,0.0,0.0,0.842361266390849,0.15763873360915104,0.0,0.0,11.072089999970558,199.046715999998,True,10;34;38;40;49,3;4,True,baseline:0.150856
qore_as_control,nq_118,,0.0,0.7283334528893339,0.27166654711066607,0.0,0.0,11.293977999912386,403.8530369999762,False,4;6;17;29;45,,True,baseline:0.149308
qore_as_control,nq_119,0.2,0.2,0.8427755450798046,0.15722445492019543,1.0,1.0,11.807753000084631,198.74642100000983,True,5;10;11;22;43,0;8;11;15;19,True,baseline:0.146874
qore_as_control,nq_120,0.5,0.4,0.7455943281907123,0.25440567180928775,1.0,1.0,11.26285599991661,178.00721300000077,True,0;4;11;16;21,0;2;4;5,True,baseline:0.167243
qore_as_control,nq_121,0.23076923076923078,0.6,0.7792417385228149,0.22075826147718514,0.0,0.5714285714285715,11.219869000001381,280.6821350000064,True,10;18;29;34;40,0;7;10;12;17;18;26;28;29;45;46;48;49,True,baseline:0.147821
qore_as_control,nq_122,,0.0,0.7727713726849235,0.22722862731507654,0.0,0.6666666666666666,11.223954000001868,219.17654900005346,False,4;12;15;43;48,,True,baseline:0.150113
qore_as_control,nq_123,0.16666666666666666,0.2,0.7669353862106378,0.23306461378936216,1.0,1.0,11.402162999957,218.1423920000043,True,4;33;41;45;47,1;2;4;6;7;12,True,baseline:0.149486
qore_as_control,nq_124,1.0,0.2,0.6442077852313124,0.3557922147686876,1.0,1.0,11.19724500006214,200.113649000059,True,3;4;34;42;47,4,True,baseline:0.148263
qore_as_control,nq_125,0.25,0.6,0.7352406580159325,0.2647593419840675,0.0,0.6666666666666666,11.257042000011097,178.94423200004894,True,0;1;4;26;36,0;1;2;4;5;6;7;8;10;21;40;47,True,baseline:0.152735
qore_as_control,nq_126,0.3333333333333333,0.2,0.6652558434274194,0.3347441565725806,1.0,1.0,11.15543000003072,159.24248199996782,True,4;7;13;34;42,0;1;4,True,baseline:0.151453
qore_as_control,nq_127,0.5,0.4,0.7377998458095565,0.2622001541904435,1.0,1.0,11.156472000038775,178.84742900002948,True,0;1;4;24;39,0;1;3;7,True,baseline:0.165075
qore_as_control,nq_128,0.375,0.6,0.8123191957317971,0.18768080426820288,1.0,1.0,10.982094999917535,158.77028900001733,True,0;4;10;24;35,0;4;9;15;28;33;35;44,True,baseline:0.147743
qore_as_control,nq_129,0.2222222222222222,0.4,0.7370344831346168,0.26296551686538316,0.0,0.0,11.19369299999562,180.04702400003225,True,10;25;28;29;33,0;1;5;6;9;10;33;37;48,True,baseline:0.150282
qore_as_control,nq_130,,0.0,0.7940226502470022,0.20597734975299775,1.0,1.0,11.224960999925315,221.74488400003156,False,4;12;13;14;26,,True,baseline:0.148573
qore_as_control,nq_131,0.14285714285714285,0.2,0.8652190216258504,0.1347809783741496,0.0,0.0,11.113636999994014,243.38783500002137,True,4;5;11;34;41,0;4;15;20;23;43;46,True,baseline:0.148782
qore_as_control,nq_132,0.0,0.0,0.8171247351908736,0.18287526480912641,0.0,0.0,11.305620999905841,201.5686720000076,True,0;5;6;20;33,9;18;19;28,True,baseline:0.148053
qore_as_control,nq_133,0.2,0.2,0.8272279140830274,0.17277208591697257,0.0,0.4,11.318261999917922,201.2333690000787,True,22;26;28;35;47,2;5;9;31;47,True,baseline:0.148067
qore_as_control,nq_134,0.5,0.4,0.773066629656953,0.22693337034304695,0.0,0.0,11.251433999973415,261.46771000003355,True,3;6;19;32;48,0;3;5;6,True,baseline:0.145654
qore_as_control,nq_135,0.0,0.0,0.6389181590582893,0.3610818409417107,0.0,0.0,11.203636000004735,199.80758799999876,True,4;27;32;43;47,0;20;28;38,True,baseline:0.148228
qore_as_control,nq_136,1.0,0.2,0.6164406131801936,0.3835593868198064,0.0,0.6666666666666666,11.084282999945572,366.2452089999988,True,7;16;18;21;35,21,True,baseline:0.145999
qore_as_control,nq_137,0.5,0.2,0.7618146121140696,0.23818538788593036,0.0,0.2857142857142857,11.176715000033255,692.359500000066,True,0;4;8;43;47,0;3,True,baseline:0.161217
qore_as_control,nq_138,,0.0,0.777208464312489,0.22279153568751098,0.0,0.0,11.257205999982034,303.6346549999962,False,5;18;25;26;37,,True,baseline:0.177798
qore_as_control,nq_139,,0.0,0.656647186732284,0.34335281326771605,0.0,0.0,11.124140999982046,159.75903599996855,False,0;3;4;6;31,,True,baseline:0.157017
qore_as_control,nq_140,1.0,0.4,0.8715623286380101,0.1284376713619899,1.0,1.0,11.118356999986645,252.24902600007226,True,1;6;7;16;21,1;6,True,baseline:0.145936
qore_as_control,nq_141,0.15625,1.0,0.8469424092156383,0.15305759078436165,0.0,0.0,11.1294609999959,197.90746800003944,True,14;24;33;35;45,2;3;5;7;11;13;14;16;18;19;20;21;22;23;24;25;26;29;30;31;32;33;34;35;36;37;39;44;45;46;47;48,True,baseline:0.160074
qore_as_control,nq_142,0.125,1.0,0.8491524205466202,0.1508475794533798,0.0,0.0,11.152186000003894,285.5571479999526,True,4;6;10;37;41,0;1;2;3;4;5;6;7;8;9;10;11;12;13;14;15;16;17;18;19;20;21;22;23;24;25;26;28;30;31;36;37;39;41;42;43;44;45;47;49,True,baseline:0.153190
qore_as_control,nq_143,0.6666666666666666,0.4,0.7396299247987199,0.2603700752012801,1.0,1.0,11.414032000061525,283.56585299991366,True,15;26;34;45;47,6;26;47,True,baseline:0.152529
qore_as_control,nq_144,0.23809523809523808,1.0,0.8813945156728407,0.11860548432715934,0.0,0.8,11.085776999948393,198.9936840000155,True,5;28;36;39;43,0;1;3;4;5;6;8;11;12;20;21;22;28;29;36;39;40;41;43;45;48,True,baseline:0.148813
qore_as_control,nq_145,0.0,0.0,0.7651819965285324,0.23481800347146764,0.0,0.0,11.143574000016088,239.95623200005411,True,17;18;25;30;33,8,True,baseline:0.149740
qore_as_control,nq_146,0.42857142857142855,0.6,0.7660852427250855,0.2339147572749145,1.0,1.0,11.151687000051425,220.26937099997212,True,9;14;22;27;46,2;6;8;9;14;22;33,True,baseline:0.149091
qore_as_control,nq_147,0.6,0.6,0.7291558225464201,0.2708441774535799,1.0,1.0,11.193752000053792,282.01609500001723,True,6;11;16;40;44,0;6;8;11;40,True,baseline:0.215208
qore_as_control,nq_148,0.6666666666666666,0.8,0.888906527348183,0.11109347265181702,0.0,0.5714285714285715,11.196205000032933,280.92891100004636,True,0;1;6;11;22,0;1;4;6;17;22,True,baseline:0.185703
qore_as_control,nq_149,1.0,0.4,0.8490293243660301,0.15097067563396993,0.0,0.28571428571428575,11.105261000011524,311.14510199995493,True,2;4;6;12;38,2;4,True,baseline:0.146361
qore_as_control,nq_150,,0.0,0.7100675979290155,0.2899324020709845,0.0,0.0,11.41783499997473,249.2385179999701,False,9;16;29;31;36,,True,baseline:0.205003
qore_as_control,nq_151,0.3333333333333333,0.4,0.8791730666282416,0.12082693337175843,0.0,0.5,11.264005000043653,273.26713700006167,True,0;1;4;10;22,4;6;18;22;28;38,True,baseline:0.181234
qore_as_control,nq_152,1.0,0.4,0.8571879021623257,0.14281209783767435,0.0,0.8,11.442938999948638,208.1231749999688,True,0;1;2;6;20,0;1,True,baseline:0.221950
qore_as_control,nq_153,0.3333333333333333,0.2,0.714457457785393,0.28554254221460695,1.0,1.0,11.480911000035121,206.08128400010628,True,2;11;12;30;46,0;1;46,True,baseline:0.231071
qore_as_control,nq_154,,0.0,0.8810327436942466,0.11896725630575344,0.0,0.0,11.414796000053684,246.25777400001425,False,2;9;10;15;42,,True,baseline:0.205851
qore_as_control,nq_155,,0.0,0.6725530340256641,0.32744696597433587,0.0,0.0,11.271952000015517,224.34742699999788,False,7;18;22;33;42,,True,baseline:0.164320
qore_as_control,nq_156,0.1875,0.6,0.8825600566606789,0.11743994333932106,0.0,0.6666666666666666,11.411733999921125,202.85588900003404,True,1;3;7;9;16,0;3;4;5;6;7;8;14;16;17;24;27;39;42;43;49,True,baseline:0.212352
qore_as_control,nq_157,1.0,0.6,0.7270359531888193,0.2729640468111807,0.0,0.5,11.426376000031269,223.72834400005104,True,0;1;10;31;49,0;1;49,True,baseline:0.194728
qore_as_control,nq_158,,0.0,0.666841262445353,0.333158737554647,0.0,0.0,11.391471000024467,263.05906699997195,False,14;22;25;45;47,,True,baseline:0.192112
qore_as_control,nq_159,0.0,0.0,0.7145377569418242,0.2854622430581758,0.0,0.0,11.221094000006815,180.8290170000646,True,15;17;25;27;40,32;49,True,baseline:0.172806
qore_as_control,nq_160,1.0,0.2,0.7405512967891585,0.25944870321084146,0.0,0.0,11.198235000051682,242.10274499989737,True,4;12;25;41;48,4,True,baseline:0.155080
qore_as_control,nq_161,0.2,0.2,0.8251619575527271,0.17483804244727286,0.0,0.0,11.138873000049898,260.12399900002947,True,2;27;39;42;46,2;12;21;25;32,True,baseline:0.152823
qore_as_control,nq_162,1.0,0.8,0.7827820481251692,0.21721795187483084,1.0,1.0,11.204560999999558,241.98188899993056,True,1;4;6;17;46,1;4;17;46,True,baseline:0.152743
qore_as_control,nq_163,,0.0,0.7001609607152997,0.29983903928470035,0.0,0.8,11.186890999965726,198.6196379999683,False,1;2;4;30;34,,True,baseline:0.161398
qore_as_control,nq_164,1.0,0.4,0.7277034887488416,0.2722965112511584,0.0,0.0,11.086282999940522,220.3951919999554,True,4;30;32;40;49,4;32,True,baseline:0.154602
qore_as_control,nq_165,0.75,0.6,0.721467143240701,0.27853285675929895,1.0,1.0,11.155677000033393,221.86532099999567,True,3;5;6;12;17,0;3;5;12,True,baseline:0.151593
qore_as_control,nq_166,0.3333333333333333,0.2,0.802017314591497,0.19798268540850295,1.0,1.0,11.082701999953315,281.16932199998246,True,0;4;11;12;16,0;1;2,True,baseline:0.149579
qore_as_control,nq_167,0.6666666666666666,0.4,0.8129930450157558,0.18700695498424424,1.0,1.0,11.109379000004083,220.26412000002438,True,2;4;24;26;27,4;5;24,True,baseline:0.153052
qore_as_control,nq_168,0.2,0.2,0.811975466054936,0.18802453394506402,0.0,0.3333333333333333,11.004816000081519,283.8643970000021,True,4;5;14;21;31,0;4;17;19;39,True,baseline:0.152326
qore_as_control,nq_169,0.058823529411764705,0.2,0.8388943975212303,0.1611056024787697,0.0,0.0,11.223861999951623,221.05752799996026,True,10;14;22;28;48,0;1;4;6;8;15;17;18;19;20;22;25;31;33;41;44;46,True,baseline:0.147171
qore_as_control,nq_170,0.16666666666666666,0.2,0.8395563012593872,0.16044369874061282,0.0,0.4,11.16751100005331,276.3878380000051,True,0;2;4;7;30,0;1;5;8;21;45,True,baseline:0.163357
qore_as_control,nq_171,0.375,0.6,0.8652156225826886,0.13478437741731142,0.0,0.8,11.402713000052245,224.59128200000578,True,2;16;24;27;32,2;4;6;15;24;32;42;44,True,baseline:0.188294
qore_as_control,nq_172,,0.0,0.6488765919871285,0.35112340801287145,0.0,0.0,11.394160999998348,198.90487300006043,False,8;34;46;47;49,,True,baseline:0.192224
qore_as_control,nq_173,1.0,0.4,0.8904616751255251,0.1095383248744749,1.0,1.0,11.503106000077423,182.96904800001812,True,0;1;2;3;29,0;1,True,baseline:0.187571
qore_as_control,nq_174,0.3333333333333333,0.6,0.8105775755463419,0.1894224244536581,1.0,1.0,11.459924000064348,271.4356740000312,True,0;3;6;10;12,0;2;6;8;9;12;17;28;45,True,baseline:0.209102
qore_as_control,nq_175,0.25,0.6,0.7173403260561949,0.2826596739438051,0.0,0.6,11.452697999970951,422.04674999993586,True,8;13;17;22;25,0;1;2;3;4;5;6;8;17;22;23;44,True,baseline:0.207916
qore_as_control,nq_176,,0.0,0.7713437931181257,0.22865620688187427,0.0,0.0,11.909534999972493,227.85535600007734,False,0;2;8;36;47,,True,baseline:0.207648
qore_as_control,nq_177,0.07692307692307693,0.2,0.802719988864865,0.19728001113513505,0.0,0.0,11.312607000036223,268.9665719999539,True,8;12;15;17;36,5;7;12;13;18;20;21;31;34;37;39;43;47,True,baseline:0.198727
qore_as_control,nq_178,0.3333333333333333,0.6,0.832698252625508,0.167301747374492,0.0,0.4,11.402045000068028,227.15263000009145,True,2;24;37;40;46,2;5;17;21;24;26;28;34;46,True,baseline:0.224399
qore_as_control,nq_179,,0.0,0.6667270105069406,0.3332729894930594,0.0,0.0,11.276895000037257,256.57331299998987,False,3;20;28;29;36,,True,baseline:0.194486
qore_as_control,nq_180,0.25,0.2,0.8274921466995517,0.17250785330044827,0.0,0.6666666666666666,11.663930999930017,374.78747499994824,True,10;13;14;38;42,1;5;13;41,True,baseline:0.214526
qore_as_control,nq_181,1.0,0.4,0.7808408263231523,0.21915917367684767,1.0,1.0,11.560293000002275,251.70725600003152,True,5;17;30;42;48,17;30,True,baseline:0.213248
qore_as_control,nq_182,,0.0,0.680650005088031,0.319349994911969,0.0,0.0,11.489607000044089,299.89725899997666,False,1;3;35;36;39,,True,baseline:0.211103
qore_as_control,nq_183,0.0,0.0,0.6278008647688829,0.37219913523111714,0.0,0.3333333333333333,11.334644000044136,253.03493799992793,True,2;17;21;38;43,12;27;29;49,True,baseline:0.200193
qore_as_control,nq_184,0.5,0.4,0.8289451448847498,0.1710548551152502,0.0,0.25,11.739615999999842,250.47220400006154,True,0;2;15;28;36,0;2;4;9,True,baseline:0.186328
qore_as_control,nq_185,,0.0,0.6993636784822674,0.30063632151773256,0.0,0.0,11.2792109999873,271.33739999999307,False,20;25;37;43;48,,True,baseline:0.200014
qore_as_control,nq_186,0.36363636363636365,0.8,0.8177049319897998,0.18229506801020023,1.0,1.0,11.374268000054144,204.35435499996402,True,2;6;7;22;23,0;2;6;7;13;15;18;22;34;38;49,True,baseline:0.184923
qore_as_control,nq_187,0.3333333333333333,0.2,0.7784468621893893,0.2215531378106107,1.0,1.0,11.377829000025486,208.58430900000258,True,0;2;9;12;30,0;5;17,True,baseline:0.212197
qore_as_control,nq_188,1.0,0.2,0.6682250384102588,0.3317749615897412,1.0,1.0,11.532520000059776,231.0936280000533,True,8;25;33;38;40,40,True,baseline:0.215025
qore_as_control,nq_189,,0.0,0.6510085577313012,0.3489914422686988,0.0,0.0,11.660357999971893,186.16785299991534,False,0;1;2;19;29,,True,baseline:0.226328
qore_as_control,nq_190,0.75,0.6,0.8298663797050783,0.17013362029492174,1.0,1.0,11.256113000058576,205.95635400002266,True,0;3;15;19;41,0;3;15;17,True,baseline:0.201462
qore_as_control,nq_191,0.4444444444444444,0.8,0.7913629567748725,0.20863704322512755,1.0,1.0,11.267959999941013,248.36451299995588,True,0;8;29;36;47,0;2;6;8;9;30;35;36;47,True,baseline:0.192263
qore_as_control,nq_192,0.3333333333333333,0.2,0.7762841816988371,0.22371581830116294,0.0,0.0,11.392284999942603,205.1842860000761,True,0;3;6;13;37,3;11;22,True,baseline:0.217168
qore_as_control,nq_193,,0.0,0.7972534296949242,0.2027465703050758,0.0,0.0,11.32363700003225,163.413973000047,False,5;8;29;31;41,,True,baseline:0.187882
qore_as_control,nq_194,1.0,0.6,0.7197537680083782,0.2802462319916218,1.0,1.0,11.378379999996469,291.033815999981,True,0;1;15;19;40,0;1;19,True,baseline:0.215594
qore_as_control,nq_195,,0.0,0.9412237308935343,0.05877626910646572,0.0,0.0,11.194950999993125,302.6918409999553,False,8;10;22;30;40,,True,baseline:0.172668
qore_as_control,nq_196,0.2857142857142857,0.8,0.7703895960752085,0.22961040392479148,0.0,0.4444444444444445,11.220652000019982,697.4414000000024,True,0;11;12;16;46,0;1;5;6;10;12;15;16;22;26;37;38;45;46,True,baseline:0.165467
qore_as_control,nq_197,1.0,0.2,0.8366675199396593,0.16333248006034073,0.0,0.7499999999999999,11.437713999953303,199.38529699993524,True,1;3;4;12;32,1,True,baseline:0.165299
qore_as_control,nq_198,0.35714285714285715,1.0,0.8340737711705757,0.16592622882942432,0.0,0.0,11.410609999984445,221.04651699999067,True,4;20;21;37;45,0;1;4;5;11;12;15;16;18;20;21;37;45;48,True,baseline:0.171415
qore_as_control,nq_199,0.25,0.4,0.778359619071723,0.22164038092827698,1.0,1.0,11.134864000041489,221.17743800004064,True,7;10;19;29;34,1;7;9;11;16;17;19;45,True,baseline:0.147375
qore_as_idea6,nq_0,0.5,0.4,0.8541128623045979,0.14588713769540207,0.0,0.8571428571428571,1168.0016489999616,475.78245700003663,True,0;1;25;32;37,0;1;4;38,True,idea6:1154.225552
qore_as_idea6,nq_1,0.3333333333333333,0.4,0.7231898500225278,0.2768101499774722,0.0,0.5714285714285715,1187.135428999909,241.9810439999992,True,1;12;30;43;48,0;1;7;9;14;30,True,idea6:1175.875162
qore_as_idea6,nq_2,0.15384615384615385,0.4,0.6949722457543672,0.3050277542456328,1.0,1.0,1212.512780000111,178.4708679999767,True,0;1;28;40;47,0;1;6;7;16;19;22;23;32;33;35;38;45,True,idea6:1200.909970
qore_as_idea6,nq_3,0.625,1.0,0.8856787463091609,0.11432125369083912,0.0,0.0,1163.7577070000589,283.14270799990027,True,4;29;37;45;49,4;6;24;29;37;45;47;49,True,idea6:1152.502637
qore_as_idea6,nq_4,0.3,0.6,0.8652634822778797,0.13473651772212025,1.0,1.0,1215.307351999968,180.7499370000869,True,0;10;26;29;40,0;3;7;16;24;26;27;33;40;47,True,idea6:1203.489754
qore_as_idea6,nq_5,0.0,0.0,0.8888063393982742,0.11119366060172575,0.0,0.0,1168.935751000049,244.7623630000635,True,0;5;8;10;21,19;44,True,idea6:1157.513734
qore_as_idea6,nq_6,0.0,0.0,0.9058967500802556,0.09410324991974439,0.0,0.0,1179.1602339999372,269.65210400010164,True,0;3;5;11;12,9;33,True,idea6:1167.687626
qore_as_idea6,nq_7,,0.0,0.9030805196519799,0.09691948034802012,0.0,0.6666666666666666,1244.8926090000896,205.2613159999055,False,4;9;34;42;49,,True,idea6:1233.160385
qore_as_idea6,nq_8,,0.0,0.6280751507632006,0.37192484923679936,0.0,0.4,1193.8965469998948,203.2961540000997,False,1;7;28;39;43,,True,idea6:1182.142267
qore_as_idea6,nq_9,,0.0,0.8074523201595352,0.19254767984046484,0.0,0.5,1211.9624209999529,183.19873899997674,False,15;19;34;43;48,,True,idea6:1200.683615
qore_as_idea6,nq_10,0.2857142857142857,0.8,0.7949576893064805,0.20504231069351952,1.0,1.0,1194.0909090001242,202.32429400016372,True,5;8;11;42;46,0;1;2;3;5;8;9;11;14;17;23;36;39;42,True,idea6:1182.578735
qore_as_idea6,nq_11,0.75,0.6,0.7769646693458949,0.22303533065410508,1.0,1.0,1149.564466999891,223.69010800002798,True,0;3;14;32;37,3;7;14;37,True,idea6:1138.172506
qore_as_idea6,nq_12,0.3333333333333333,0.2,0.7706736545523188,0.22932634544768116,0.0,0.0,1181.270062000067,220.4017599999588,True,0;14;21;29;39,0;1;41,True,idea6:1170.073217
qore_as_idea6,nq_13,0.7142857142857143,1.0,0.8473733470427754,0.15262665295722455,1.0,1.0,1198.6487570000008,202.069143000017,True,0;1;4;5;31,0;1;3;4;5;16;31,True,idea6:1187.378452
qore_as_idea6,nq_14,0.2,0.2,0.7283842284941683,0.2716157715058317,0.0,0.3636363636363636,1195.3748109999651,491.5067739998449,True,8;11;28;31;45,0;1;2;9;11,True,idea6:1183.887041
qore_as_idea6,nq_15,,0.0,0.6727730841400221,0.3272269158599779,0.0,0.0,1249.208544999874,206.35111699994013,False,15;17;18;36;49,,True,idea6:1237.072117
qore_as_idea6,nq_16,0.5,0.2,0.7973541831371616,0.20264581686283845,0.0,0.7499999999999999,1216.1495859998013,248.9162550000401,True,5;7;27;43;46,4;27,True,idea6:1204.688245
qore_as_idea6,nq_17,0.2,0.2,0.8234791843263715,0.17652081567362854,1.0,1.0,1182.2030710000035,204.6528109999599,True,1;13;20;22;29,8;12;22;27;28,True,idea6:1170.687533
qore_as_idea6,nq_18,0.05263157894736842,0.2,0.8026856904695755,0.1973143095304245,0.0,0.4,1145.111322000048,269.09594500011735,True,10;18;21;34;41,0;1;2;4;5;6;7;10;16;17;20;22;25;27;33;36;37;43;49,True,idea6:1133.620202
qore_as_idea6,nq_19,0.2,1.0,0.7832095675627189,0.21679043243728113,0.0,0.0,1165.6475720001254,204.68026000003192,True,0;9;11;18;27,0;1;2;3;4;5;6;8;9;11;12;13;15;17;18;21;23;27;31;32;36;43;45;47;49,True,idea6:1153.932299
qore_as_idea6,nq_20,0.5,0.4,0.8468139880628787,0.15318601193712134,0.0,0.0,1194.7936349999964,185.1404869998987,True,0;6;8;30;42,0;21;42;48,True,idea6:1183.091829
qore_as_idea6,nq_21,0.5,0.4,0.6470378848837413,0.35296211511625875,0.0,0.4,1195.9782310000264,318.93183700003647,True,0;1;23;41;48,0;1;3;16,True,idea6:1184.278610
qore_as_idea6,nq_22,0.3333333333333333,0.8,0.7779250985182056,0.22207490148179443,0.0,0.6666666666666666,1183.3562290000827,182.5825729999906,True,0;3;5;26;30,0;3;5;12;17;22;24;26;28;31;34;48,True,idea6:1171.768617
qore_as_idea6,nq_23,0.75,0.6,0.8251881144429756,0.17481188555702443,1.0,1.0,1187.84103400003,182.24469200004023,True,5;7;8;33;34,5;8;31;33,True,idea6:1176.244640
qore_as_idea6,nq_24,1.0,0.8,0.9102010331457286,0.08979896685427136,1.0,1.0,1206.0173459999532,225.83226999995532,True,0;1;2;4;7,0;2;4;7,True,idea6:1194.492621
qore_as_idea6,nq_25,0.25,0.6,0.7888285157577745,0.21117148424222554,0.0,0.5,1183.5175910000544,226.11790899986772,True,7;15;19;43;46,0;3;5;15;19;24;34;37;41;42;43;45,True,idea6:1172.208321
qore_as_idea6,nq_26,,0.0,0.6412185469343761,0.3587814530656239,0.0,0.0,1198.6085579999326,206.90383800001655,False,4;8;23;29;46,,True,idea6:1186.819138
qore_as_idea6,nq_27,1.0,0.2,0.690273565906374,0.309726434093626,0.0,0.8,1154.0698799999518,288.8344649998089,True,0;6;14;29;37,0,True,idea6:1142.368873
qore_as_idea6,nq_28,0.35714285714285715,1.0,0.8423135163671047,0.15768648363289528,0.0,0.6666666666666666,1205.4815970000163,205.4646290000619,True,14;31;32;35;40,0;1;3;11;14;15;18;25;28;31;32;35;40;45,True,idea6:1194.001162
qore_as_idea6,nq_29,0.5,0.2,0.861273147251687,0.13872685274831298,0.0,1.0,1260.909391000041,269.33973500013053,True,0;2;4;9;22,1;2,True,idea6:1249.513663
qore_as_idea6,nq_30,0.5,0.8,0.7933957345585538,0.20660426544144617,1.0,1.0,1190.4735850000634,290.2124120000735,True,0;1;25;27;33,0;1;3;6;10;25;27;29,True,idea6:1178.884700
qore_as_idea6,nq_31,1.0,0.2,0.7901534264038919,0.20984657359610814,1.0,1.0,1202.5142769998638,220.826402000057,True,0;5;6;44;47,0,True,idea6:1190.665445
qore_as_idea6,nq_32,,0.0,0.8175296329548765,0.18247036704512354,0.0,0.5,1226.628392000066,184.26752200002738,False,3;5;10;15;32,,True,idea6:1214.771533
qore_as_idea6,nq_33,0.0,0.0,0.6108078294343102,0.3891921705656898,0.0,0.8,1197.1234579998509,225.47040999984347,True,5;18;28;31;39,0;6,True,idea6:1185.721997
qore_as_idea6,nq_34,0.4,0.4,0.8244662323566813,0.17553376764331874,0.0,0.0,1228.3200619999661,289.54276400008894,True,2;6;7;8;31,1;4;8;13;31,True,idea6:1216.686219
qore_as_idea6,nq_35,1.0,0.6,0.900795916497173,0.09920408350282695,1.0,1.0,1164.542309999888,267.88409499999943,True,3;5;6;11;15,3;5;6,True,idea6:1153.238581
qore_as_idea6,nq_36,0.5,0.2,0.7537270654899106,0.24627293451008936,0.0,0.0,1166.545921999841,227.3672080000324,True,3;5;17;20;31,5;7,True,idea6:1155.149617
qore_as_idea6,nq_37,0.75,0.6,0.7521590505761617,0.24784094942383827,1.0,1.0,1186.49472900006,268.8456109999606,True,0;3;30;33;42,0;3;23;30,True,idea6:1175.142990
qore_as_idea6,nq_38,0.2777777777777778,1.0,0.8587860043478145,0.1412139956521855,0.0,0.8,1194.1247519998797,358.79245199998877,True,0;5;6;8;11,0;1;2;3;4;5;6;7;8;11;17;19;25;26;31;33;45;47,True,idea6:1182.609837
qore_as_idea6,nq_39,0.05555555555555555,0.2,0.8477123630642242,0.15228763693577585,0.0,0.5,1204.21572500004,267.9519559999335,True,0;1;27;38;41,2;3;4;6;8;10;11;15;16;19;23;33;38;40;43;44;45;47,True,idea6:1192.634946
qore_as_idea6,nq_40,,0.0,0.8805671142952353,0.11943288570476474,0.0,0.0,1191.0431119999885,352.68215699989014,False,1;9;13;30;34,,True,idea6:1179.614033
qore_as_idea6,nq_41,,0.0,0.8029609282684909,0.19703907173150914,0.0,0.0,1208.5790090000046,399.87634499993874,False,8;12;17;31;42,,True,idea6:1196.983519
qore_as_idea6,nq_42,0.75,0.6,0.8090624904723966,0.19093750952760336,1.0,1.0,1177.522381000017,205.7665419999921,True,0;13;14;17;21,0;14;21;29,True,idea6:1165.860011
qore_as_idea6,nq_43,,0.0,0.6789006493212651,0.32109935067873485,0.0,0.0,1164.084475999971,243.7704080000458,False,8;26;34;35;36,,True,idea6:1152.434586
qore_as_idea6,nq_44,0.0,0.0,0.8984311914956351,0.1015688085043649,0.0,0.0,1165.5729960000372,222.51600799995686,True,0;3;5;25;44,47,True,idea6:1154.187629
qore_as_idea6,nq_45,0.11904761904761904,1.0,0.8518551726209793,0.14814482737902068,0.0,0.5,1171.199956999999,222.58038899985877,True,6;11;35;40;49,0;1;2;3;4;5;6;7;8;10;11;13;14;15;16;17;19;20;23;24;25;26;27;28;29;30;31;32;33;35;36;37;39;40;41;43;44;45;46;47;48;49,True,idea6:1159.733056
qore_as_idea6,nq_46,0.0,0.0,0.8545194579074866,0.14548054209251338,0.0,0.0,1185.6764639999255,283.9909039998929,True,10;20;22;28;45,8;9;12,True,idea6:1174.410186
qore_as_idea6,nq_47,0.25,0.4,0.8723644402056744,0.12763555979432561,0.0,0.5,1187.071737999986,262.095606999992,True,2;16;19;29;36,2;6;9;22;36;38;40;43,True,idea6:1175.544697
qore_as_idea6,nq_48,0.18181818181818182,0.4,0.7677023478348122,0.23229765216518783,0.0,0.0,1165.2403479999975,262.741614000106,True,1;2;3;25;34,0;1;2;4;6;7;9;16;18;41;47,True,idea6:1153.757215
qore_as_idea6,nq_49,0.3333333333333333,0.2,0.7955556703109785,0.2044443296890215,0.0,0.5,1175.9416770000826,221.69264700005442,True,1;6;35;41;45,10;21;45,True,idea6:1164.547787
qore_as_idea6,nq_50,,0.0,0.813250396861747,0.18674960313825295,0.0,0.28571428571428575,1166.5409649999674,203.75519300000633,False,1;3;12;17;28,,True,idea6:1155.084878
qore_as_idea6,nq_51,0.09523809523809523,0.4,0.8417895760075063,0.15821042399249374,1.0,1.0,1230.02937199999,182.771989999992,True,31;34;42;43;49,2;3;4;5;6;15;17;19;20;21;22;25;26;28;29;37;38;40;42;43;45,True,idea6:1218.572650
qore_as_idea6,nq_52,,0.0,0.6647422690304591,0.3352577309695409,0.0,0.0,1174.6451559999969,267.9348140000002,False,1;11;23;26;39,,True,idea6:1163.084696
qore_as_idea6,nq_53,0.17647058823529413,0.6,0.7139277542058451,0.2860722457941549,0.0,0.6666666666666666,1147.877132000076,244.40889300012714,True,4;16;17;43;44,0;3;4;7;9;11;13;14;22;28;34;37;41;43;44;45;46,True,idea6:1136.496545
qore_as_idea6,nq_54,0.2,0.2,0.8342245564672475,0.16577544353275253,0.0,0.0,1182.6175999999577,247.32544599987705,True,2;21;22;40;42,1;13;34;42;47,True,idea6:1171.189185
qore_as_idea6,nq_55,0.3333333333333333,0.4,0.7929647419852625,0.20703525801473754,1.0,1.0,1175.891184999955,224.7088019998955,True,3;15;27;46;47,3;13;15;18;26;37,True,idea6:1164.425593
qore_as_idea6,nq_56,,0.0,0.7388401911112723,0.2611598088887277,0.0,0.0,1179.890869000019,184.12785300006362,False,26;28;36;40;48,,True,idea6:1168.673832
qore_as_idea6,nq_57,0.6666666666666666,0.8,0.8261734202623845,0.1738265797376155,1.0,1.0,1163.178863999974,184.24009199998181,True,0;1;2;4;6,0;1;2;4;5;38,True,idea6:1151.879369
qore_as_idea6,nq_58,,0.0,0.6274495552498864,0.37255044475011356,0.0,0.0,1185.5800170001203,268.73158000012154,False,0;1;9;19;34,,True,idea6:1174.197817
qore_as_idea6,nq_59,,0.0,0.6671214483044412,0.3328785516955588,0.0,0.0,1165.14776300005,400.86524699995607,False,4;26;32;33;35,,True,idea6:1153.895230
qore_as_idea6,nq_60,0.36363636363636365,0.8,0.7980892725757036,0.2019107274242964,0.0,0.5,1176.5691810001044,247.0377140000437,True,1;3;17;30;35,1;3;4;5;6;17;18;22;28;35;37,True,idea6:1162.352458
qore_as_idea6,nq_61,0.5,0.8,0.7562575560518632,0.24374244394813682,0.0,0.6666666666666666,1232.2247490001246,314.2015190001075,True,4;7;17;36;47,3;4;7;10;24;34;36;47,True,idea6:1220.886835
qore_as_idea6,nq_62,0.75,0.6,0.8016470547823153,0.19835294521768465,0.0,0.4,1197.6889250001932,203.29350500014698,True,6;11;14;19;20,2;11;19;20,True,idea6:1186.380055
qore_as_idea6,nq_63,0.3333333333333333,0.2,0.841232076698547,0.15876792330145295,0.0,0.6666666666666666,1179.466021000053,228.45022399997106,True,0;4;12;15;45,0;18;49,True,idea6:1168.175538
qore_as_idea6,nq_64,0.2727272727272727,0.6,0.8371888670370181,0.16281113296298189,0.0,0.6666666666666666,1176.954460000161,205.19708500000888,True,0;12;25;36;47,0;1;3;4;7;9;10;12;29;32;36,True,idea6:1165.652942
qore_as_idea6,nq_65,0.625,1.0,0.9032599662622462,0.09674003373775375,0.0,0.6666666666666666,1157.6828839999962,206.08314100013558,True,0;3;6;9;37,0;3;4;5;6;7;9;37,True,idea6:1146.356709
qore_as_idea6,nq_66,0.36363636363636365,0.8,0.7807348065027465,0.21926519349725349,1.0,1.0,1222.7559699999802,288.8398660002167,True,9;13;16;20;26,0;3;9;11;13;16;24;26;31;34;38,True,idea6:1211.308845
qore_as_idea6,nq_67,,0.0,0.7000849449073352,0.2999150550926648,1.0,1.0,1149.7957389999556,223.99927099991146,False,1;6;7;9;31,,True,idea6:1138.272752
qore_as_idea6,nq_68,0.0,0.0,0.8525172561153651,0.1474827438846349,0.0,0.5,1211.0305610001433,209.69538700001067,True,0;2;16;33;45,4;11,True,idea6:1199.506846
qore_as_idea6,nq_69,,0.0,0.6787632268143693,0.3212367731856307,0.0,0.0,1282.9121559998384,274.2433329999585,False,3;8;9;23;34,,True,idea6:1271.486016
qore_as_idea6,nq_70,0.0,0.0,0.7214991402779486,0.2785008597220514,0.0,0.0,1164.2618270000185,249.08360400013407,True,2;29;40;43;45,7;24,True,idea6:1153.070729
qore_as_idea6,nq_71,0.2222222222222222,0.4,0.8704958373298914,0.12950416267010856,0.0,0.6666666666666666,1202.9673890001504,207.27773499993418,True,2;23;29;31;39,0;3;5;12;14;18;22;23;29,True,idea6:1191.628113
qore_as_idea6,nq_72,0.375,0.6,0.7615788561878561,0.23842114381214385,0.0,0.6666666666666666,1165.861950999897,267.2974189999877,True,0;1;17;42;43,0;1;2;3;4;11;14;43,True,idea6:1154.344721
qore_as_idea6,nq_73,1.0,0.6,0.719990940563148,0.28000905943685195,1.0,1.0,1168.7948460000825,184.83637299982547,True,0;1;4;12;26,0;1;4,True,idea6:1157.375119
qore_as_idea6,nq_74,0.6666666666666666,0.4,0.8103143524869306,0.18968564751306938,0.0,0.5,1194.4448910001029,267.404144000011,True,4;9;11;40;47,9;40;41,True,idea6:1183.057598
qore_as_idea6,nq_75,1.0,0.8,0.7895018737987641,0.21049812620123587,1.0,1.0,1208.9434460001485,224.61724400000094,True,0;1;2;10;24,0;1;2;24,True,idea6:1197.708440
qore_as_idea6,nq_76,0.75,0.6,0.822615029269582,0.17738497073041803,0.0,0.6666666666666666,1147.9978330000904,289.77203799991,True,0;1;3;7;25,0;1;3;10,True,idea6:1136.768749
qore_as_idea6,nq_77,,0.0,0.6444055659653998,0.3555944340346002,0.0,0.3333333333333333,1194.0598279998085,246.176590999994,False,21;32;36;44;47,,True,idea6:1182.858182
qore_as_idea6,nq_78,0.4,0.4,0.8174135103336926,0.18258648966630742,1.0,1.0,1198.0821009999545,268.3150000000296,True,0;13;23;28;38,0;16;19;25;28,True,idea6:1186.888337
qore_as_idea6,nq_79,0.5,0.4,0.8146675922834291,0.1853324077165709,0.0,0.6666666666666666,1163.7948039999628,309.9907079999866,True,0;1;7;9;45,0;1;2;37,True,idea6:1152.628816
qore_as_idea6,nq_80,0.5,0.8,0.8094359123819028,0.19056408761809718,1.0,1.0,1174.7638829999687,246.37923500017678,True,3;4;8;13;31,0;2;3;4;7;8;13;14,True,idea6:1163.585557
qore_as_idea6,nq_81,0.0967741935483871,0.6,0.8287765905458077,0.17122340945419234,1.0,1.0,1203.887436000059,160.97106100005476,True,0;8;14;32;47,0;1;2;3;4;5;7;8;9;10;11;12;13;15;18;23;25;26;27;28;29;31;33;35;36;37;39;41;43;45;47,True,idea6:1192.689302
qore_as_idea6,nq_82,0.3333333333333333,0.2,0.7994375719631821,0.2005624280368179,0.0,0.5,1193.2113090001621,185.89575099986178,True,3;12;18;26;27,3;5;35,True,idea6:1181.903084
qore_as_idea6,nq_83,,0.0,0.7702313805551746,0.2297686194448254,0.0,0.0,1213.4560909998982,209.08765900003345,False,6;7;25;40;46,,True,idea6:1202.015410
qore_as_idea6,nq_84,0.0,0.0,0.7135132356946624,0.2864867643053376,0.0,0.28571428571428575,1238.967926999976,207.4486670001079,True,28;30;35;36;42,25,True,idea6:1227.581728
qore_as_idea6,nq_85,0.2,0.2,0.8338389629969738,0.1661610370030262,0.0,0.0,1188.1544520001626,228.6059660000319,True,4;7;18;35;37,1;3;8;37;39,True,idea6:1176.678194
qore_as_idea6,nq_86,0.2857142857142857,0.4,0.6870064431662728,0.3129935568337272,0.0,0.6666666666666666,1201.356548999911,161.55829900003482,True,0;11;17;39;45,0;12;14;16;31;35;39,True,idea6:1189.967538
qore_as_idea6,nq_87,0.6,0.6,0.7364073378164768,0.2635926621835232,1.0,1.0,1182.6767469999595,273.2210770000165,True,0;1;4;9;49,0;1;4;12;30,True,idea6:1171.335284
qore_as_idea6,nq_88,0.6666666666666666,0.4,0.8921384642304006,0.10786153576959945,1.0,1.0,1200.130973000114,250.66780499992092,True,2;4;9;13;15,2;4;31,True,idea6:1188.656759
qore_as_idea6,nq_89,0.0,0.0,0.8466505197747969,0.15334948022520312,0.0,0.0,1213.5938340002212,164.6400800000265,True,6;20;27;30;35,14;22;23;25;40,True,idea6:1202.049567
qore_as_idea6,nq_90,0.6666666666666666,0.4,0.6479646335455793,0.3520353664544207,0.0,0.6666666666666666,1187.2666539998136,227.1755229999144,True,0;3;17;37;40,0;10;17,True,idea6:1175.791085
qore_as_idea6,nq_91,,0.0,0.8367339007437036,0.16326609925629643,0.0,0.6666666666666666,1180.858543000113,271.782223999935,False,0;5;7;9;42,,True,idea6:1169.447481
qore_as_idea6,nq_92,,0.0,0.7839237658246304,0.21607623417536959,0.0,0.0,1257.7560370000356,207.2871400000622,False,0;6;14;15;20,,True,idea6:1246.198632
qore_as_idea6,nq_93,,0.0,0.6650034259821638,0.3349965740178362,0.0,0.3333333333333333,1170.4094379999788,226.980254999944,False,0;20;31;32;33,,True,idea6:1159.045287
qore_as_idea6,nq_94,0.5,0.2,0.7136343545272765,0.2863656454727235,0.0,0.3333333333333333,1195.1323460000367,290.05358100016565,True,1;2;11;19;42,0;2,True,idea6:1183.691340
qore_as_idea6,nq_95,0.45454545454545453,1.0,0.9343623713911284,0.06563762860887157,0.0,0.0,1151.4591099999052,203.88686499995856,True,0;3;4;8;26,0;3;4;8;23;26;29;35;38;43;49,True,idea6:1140.015802
qore_as_idea6,nq_96,0.75,0.6,0.7630188293349178,0.23698117066508217,1.0,1.0,1188.4439079999538,185.00530899996193,True,1;8;10;25;36,0;1;25;36,True,idea6:1177.032680
qore_as_idea6,nq_97,0.3333333333333333,0.2,0.8266711425963689,0.17332885740363113,1.0,1.0,1186.8178580000404,206.62831200002074,True,25;29;35;47;49,8;13;47,True,idea6:1175.431545
qore_as_idea6,nq_98,0.16666666666666666,0.4,0.8988366876684456,0.1011633123315544,0.0,0.0,1208.4448609998617,377.98000900011175,True,0;2;8;47;48,0;1;7;10;11;18;24;25;26;28;36;48,True,idea6:1196.947283
qore_as_idea6,nq_99,1.0,0.4,0.8100432637592965,0.18995673624070353,0.0,0.4444444444444445,1183.4134400000949,268.8554999999724,True,0;4;5;7;19,0;4,True,idea6:1172.038870
qore_as_idea6,nq_100,0.42857142857142855,0.6,0.8360494764035818,0.16395052359641815,0.0,0.0,1169.986033999976,186.15026600014062,True,5;7;17;32;45,0;2;5;17;39;43;45,True,idea6:1158.590169
qore_as_idea6,nq_101,0.2222222222222222,0.4,0.7539550120356822,0.24604498796431784,0.0,0.7499999999999999,1188.8448400000016,248.89488200005871,True,1;2;10;20;32,1;2;13;23;24;26;31;40;45,True,idea6:1177.626928
qore_as_idea6,nq_102,0.42857142857142855,0.6,0.7597615634251296,0.24023843657487043,1.0,1.0,1159.6998560000884,183.98674300010498,True,2;6;24;26;44,0;2;6;16;17;26;29,True,idea6:1148.164768
qore_as_idea6,nq_103,0.0,0.0,0.8007718339191431,0.19922816608085692,0.0,0.0,1187.5649920000342,242.8162119999797,True,0;4;19;27;39,10,True,idea6:1176.179387
qore_as_idea6,nq_104,1.0,0.2,0.8686048803550268,0.1313951196449732,0.0,0.6666666666666665,1193.1133420000606,265.2334259998952,True,1;20;21;29;40,1,True,idea6:1181.710451
qore_as_idea6,nq_105,0.125,1.0,0.793148969370737,0.20685103062926302,0.0,0.6666666666666666,1207.017138999845,270.46126400000503,True,14;30;32;46;48,0;1;2;3;4;5;6;7;8;12;13;14;15;16;17;18;19;20;22;23;25;26;27;28;29;30;32;35;36;37;38;40;41;42;44;45;46;47;48;49,True,idea6:1195.800029
qore_as_idea6,nq_106,,0.0,0.7692847825900776,0.2307152174099224,0.0,0.0,1178.724543999806,252.2344389999489,False,9;14;19;35;46,,True,idea6:1167.222508
qore_as_idea6,nq_107,,0.0,0.8576747965199193,0.1423252034800807,0.0,0.0,1203.8533229999757,292.2516139999516,False,0;1;2;5;8,,True,idea6:1192.581426
qore_as_idea6,nq_108,0.25,0.6,0.8449188994420638,0.15508110055793622,1.0,1.0,1186.4148320000822,181.8790589998116,True,2;3;36;47;48,2;3;5;6;12;14;24;29;36;40;42;43,True,idea6:1174.899943
qore_as_idea6,nq_109,,0.0,0.7007157105963577,0.29928428940364227,0.0,0.0,1203.181068000049,208.42352499994377,False,8;32;39;46;47,,True,idea6:1191.894258
qore_as_idea6,nq_110,,0.0,0.735735644299725,0.26426435570027496,0.0,0.4,1176.5680579999298,250.26720200003183,False,4;9;17;34;46,,True,idea6:1165.065683
qore_as_idea6,nq_111,,0.0,0.8960536862526371,0.10394631374736285,0.0,0.0,1211.4169429999038,225.1486309999109,False,0;16;26;27;45,,True,idea6:1200.069222
qore_as_idea6,nq_112,0.25,1.0,0.8449998608077905,0.15500013919220945,0.0,0.5,1226.210594999884,251.68290200008414,True,8;17;24;26;33,0;1;2;3;4;5;6;7;8;9;13;15;17;24;26;29;33;38;44;49,True,idea6:1214.726501
qore_as_idea6,nq_113,0.75,0.6,0.7694946018855852,0.23050539811441484,1.0,1.0,1194.0640969999095,161.1600129999715,True,0;1;4;6;27,0;1;6;40,True,idea6:1182.676050
qore_as_idea6,nq_114,1.0,0.2,0.8434680062672809,0.1565319937327191,0.0,0.28571428571428575,1191.991779000091,251.1041570000998,True,13;19;23;30;37,37,True,idea6:1180.639533
qore_as_idea6,nq_115,0.5,0.2,0.7076175299502786,0.2923824700497214,1.0,1.0,1216.0303989999193,226.23570799987647,True,0;23;28;30;33,0;7,True,idea6:1204.698343
qore_as_idea6,nq_116,0.22727272727272727,1.0,0.9464443923215111,0.05355560767848888,0.0,0.6666666666666666,1184.1265860000476,184.3635610000547,True,0;1;2;5;8,0;1;2;3;5;8;10;12;13;23;26;27;28;29;31;33;37;39;41;42;44;47,True,idea6:1172.747807
qore_as_idea6,nq_117,0.5,0.2,0.8504221790021159,0.14957782099788408,0.0,0.0,1174.8437460000787,208.76030799990986,True,4;10;34;40;49,3;4,True,idea6:1163.302510
qore_as_idea6,nq_118,,0.0,0.727174844373112,0.272825155626888,0.0,0.0,1276.2147099999765,359.2648730000292,False,6;17;29;43;45,,True,idea6:1264.862395
qore_as_idea6,nq_119,0.4,0.4,0.8636852077655256,0.1363147922344744,1.0,1.0,1187.3913249999077,203.7844890000997,True,0;5;10;11;22,0;8;11;15;19,True,idea6:1175.910930
qore_as_idea6,nq_120,0.75,0.6,0.7968275709570267,0.20317242904297328,1.0,1.0,1206.4933720000681,204.31504599991968,True,0;4;5;16;21,0;2;4;5,True,idea6:1193.534642
qore_as_idea6,nq_121,0.23076923076923078,0.6,0.7792417385228149,0.22075826147718514,0.0,0.5714285714285715,1168.7412179999228,290.0567130000127,True,10;18;29;34;40,0;7;10;12;17;18;26;28;29;45;46;48;49,True,idea6:1157.543365
qore_as_idea6,nq_122,,0.0,0.7727222787027289,0.22727772129727108,0.0,0.6666666666666666,1190.0422070000332,227.27997700008018,False,1;12;15;43;48,,True,idea6:1177.002818
qore_as_idea6,nq_123,0.16666666666666666,0.2,0.7669353862106378,0.23306461378936216,1.0,1.0,1264.5198139998683,226.09353500001816,True,4;33;41;45;47,1;2;4;6;7;12,True,idea6:1253.110242
qore_as_idea6,nq_124,1.0,0.2,0.7063202401630715,0.2936797598369285,1.0,1.0,1186.9256729999051,212.95256499979587,True,0;3;4;27;42,4,True,idea6:1175.373706
qore_as_idea6,nq_125,0.25,0.6,0.7352406580159325,0.2647593419840675,0.0,0.6666666666666666,1199.5028339999863,185.7377019998694,True,0;1;4;26;36,0;1;2;4;5;6;7;8;10;21;40;47,True,idea6:1187.975845
qore_as_idea6,nq_126,0.6666666666666666,0.4,0.6747412231246326,0.3252587768753674,1.0,1.0,1203.0136109999603,170.23301800008994,True,0;4;7;13;42,0;1;4,True,idea6:1191.608895
qore_as_idea6,nq_127,0.5,0.4,0.7377998458095565,0.2622001541904435,1.0,1.0,1185.670559000073,187.50856800011206,True,0;1;4;24;39,0;1;3;7,True,idea6:1174.101404
qore_as_idea6,nq_128,0.5,0.8,0.8260395044230734,0.1739604955769266,1.0,1.0,1200.4397059999974,162.05967299993063,True,0;4;10;15;35,0;4;9;15;28;33;35;44,True,idea6:1189.059787
qore_as_idea6,nq_129,0.3333333333333333,0.6,0.7995135293357066,0.20048647066429337,1.0,1.0,1203.4542670000974,227.48883999997815,True,0;10;28;29;33,0;1;5;6;9;10;33;37;48,True,idea6:1192.084551
qore_as_idea6,nq_130,,0.0,0.7940226502470022,0.20597734975299775,1.0,1.0,1251.1934139999994,230.0147129999459,False,4;12;13;14;26,,True,idea6:1239.804612
qore_as_idea6,nq_131,0.2857142857142857,0.4,0.8852496581914796,0.1147503418085204,0.0,0.0,1281.7508499999803,229.42681099993933,True,0;4;5;34;41,0;4;15;20;23;43;46,True,idea6:1270.270277
qore_as_idea6,nq_132,0.0,0.0,0.8406994494597777,0.1593005505402223,0.0,0.0,1239.1715119999844,207.66174599998521,True,0;5;6;20;26,9;18;19;28,True,idea6:1227.850597
qore_as_idea6,nq_133,0.2,0.2,0.8490006223518577,0.1509993776481423,0.0,0.3333333333333333,1198.907753999947,231.13682899997912,True,1;22;26;35;47,2;5;9;31;47,True,idea6:1187.423887
qore_as_idea6,nq_134,0.75,0.6,0.8154688240932888,0.1845311759067112,0.0,0.0,1154.2321669999183,141.4552870000989,True,0;3;6;19;32,0;3;5;6,True,idea6:1142.927605
qore_as_idea6,nq_135,0.0,0.0,0.6389181590582893,0.3610818409417107,0.0,0.0,1181.9753570000557,206.61198800007696,True,4;27;32;43;47,0;20;28;38,True,idea6:1170.649324
qore_as_idea6,nq_136,1.0,0.2,0.6368482082166004,0.3631517917833996,0.0,0.6666666666666666,1179.367333000073,376.11171799994736,True,7;16;18;21;38,21,True,idea6:1168.064903
qore_as_idea6,nq_137,1.0,0.4,0.7876172381780243,0.21238276182197569,0.0,0.5,1155.4815069998767,436.80590100007066,True,0;3;4;8;43,0;3,True,idea6:1144.290597
qore_as_idea6,nq_138,,0.0,0.777208464312489,0.22279153568751098,0.0,0.0,1219.2942389999644,308.9650370000072,False,5;18;25;26;37,,True,idea6:1208.064019
qore_as_idea6,nq_139,,0.0,0.6600232611778478,0.3399767388221522,0.0,0.0,1190.1029939999717,177.80056299989155,False,0;3;6;31;45,,True,idea6:1178.890365
qore_as_idea6,nq_140,1.0,0.4,0.8715623286380101,0.1284376713619899,1.0,1.0,1204.5544749998953,245.21430899994812,True,1;6;7;16;21,1;6,True,idea6:1193.390183
qore_as_idea6,nq_141,0.15625,1.0,0.8469424092156383,0.15305759078436165,0.0,0.0,1205.516684000031,203.54614600000787,True,14;24;33;35;45,2;3;5;7;11;13;14;16;18;19;20;21;22;23;24;25;26;29;30;31;32;33;34;35;36;37;39;44;45;46;47;48,True,idea6:1194.338790
qore_as_idea6,nq_142,0.125,1.0,0.8491524205466202,0.1508475794533798,0.0,0.0,1182.621958000027,290.6060059999618,True,4;6;10;37;41,0;1;2;3;4;5;6;7;8;9;10;11;12;13;14;15;16;17;18;19;20;21;22;23;24;25;26;28;30;31;36;37;39;41;42;43;44;45;47;49,True,idea6:1171.459428
qore_as_idea6,nq_143,0.6666666666666666,0.4,0.7396299247987199,0.2603700752012801,1.0,1.0,1175.183486999913,289.97280099997624,True,15;26;34;45;47,6;26;47,True,idea6:1163.768263
qore_as_idea6,nq_144,0.23809523809523808,1.0,0.8813945156728407,0.11860548432715934,0.0,0.8,1189.7230659999423,203.48635499999546,True,5;28;36;39;43,0;1;3;4;5;6;8;11;12;20;21;22;28;29;36;39;40;41;43;45;48,True,idea6:1178.474650
qore_as_idea6,nq_145,0.0,0.0,0.7651819965285324,0.23481800347146764,0.0,0.0,1163.9749299999949,246.53340999998363,True,17;18;25;30;33,8,True,idea6:1152.753247
qore_as_idea6,nq_146,0.42857142857142855,0.6,0.7660852427250855,0.2339147572749145,1.0,1.0,1193.1187840000348,225.7318290000967,True,9;14;22;27;46,2;6;8;9;14;22;33,True,idea6:1181.689985
qore_as_idea6,nq_147,0.6,0.6,0.7291558225464201,0.2708441774535799,1.0,1.0,1176.3945349998721,290.1333380000324,True,6;11;16;40;44,0;6;8;11;40,True,idea6:1165.024280
qore_as_idea6,nq_148,0.6666666666666666,0.8,0.888906527348183,0.11109347265181702,0.0,0.5714285714285715,1214.5136639999237,293.54162099980385,True,0;1;6;11;22,0;1;4;6;17;22,True,idea6:1203.104891
qore_as_idea6,nq_149,1.0,0.4,0.8490293243660301,0.15097067563396993,0.0,0.28571428571428575,1168.1455400000686,311.38700999986213,True,2;4;6;12;38,2;4,True,idea6:1156.725389
qore_as_idea6,nq_150,,0.0,0.7418361935279549,0.25816380647204507,0.0,0.0,1198.569715000076,246.18174399984127,False,8;9;16;31;36,,True,idea6:1187.134048
qore_as_idea6,nq_151,0.16666666666666666,0.2,0.8619585973816619,0.13804140261833808,0.0,0.5,1203.7485130001642,267.6064459999452,True,0;1;4;10;23,4;6;18;22;28;38,True,idea6:1192.442705
qore_as_idea6,nq_152,1.0,0.4,0.8571879021623257,0.14281209783767435,0.0,0.8,1183.0696929998794,207.64278000001468,True,0;1;2;6;20,0;1,True,idea6:1171.639533
qore_as_idea6,nq_153,0.3333333333333333,0.2,0.694277382038063,0.305722617961937,1.0,1.0,1164.8793700001079,204.12927899997158,True,9;11;12;30;46,0;1;46,True,idea6:1153.551952
qore_as_idea6,nq_154,,0.0,0.8770677776844178,0.1229322223155822,0.0,0.0,1170.7111860000623,250.12796000009985,False,2;9;15;27;42,,True,idea6:1159.193756
qore_as_idea6,nq_155,,0.0,0.6725530340256641,0.32744696597433587,0.0,0.0,1164.800989000014,223.9175019999493,False,7;18;22;33;42,,True,idea6:1153.460881
qore_as_idea6,nq_156,0.1875,0.6,0.8825600566606789,0.11743994333932106,0.0,0.6666666666666666,1208.1961229998797,204.5494050000798,True,1;3;7;9;16,0;3;4;5;6;7;8;14;16;17;24;27;39;42;43;49,True,idea6:1196.785320
qore_as_idea6,nq_157,1.0,0.6,0.7270359531888193,0.2729640468111807,0.0,0.5,1202.4668389999533,227.58348500019565,True,0;1;10;31;49,0;1;49,True,idea6:1190.976406
qore_as_idea6,nq_158,,0.0,0.7071060596142257,0.2928939403857743,0.0,0.0,1163.1287430000157,184.0554370000973,False,7;14;22;25;26,,True,idea6:1151.779823
qore_as_idea6,nq_159,0.0,0.0,0.7145377569418242,0.2854622430581758,0.0,0.0,1231.5049840001393,186.09052400006476,True,15;17;25;27;40,32;49,True,idea6:1220.088814
qore_as_idea6,nq_160,1.0,0.2,0.7405512967891585,0.25944870321084146,0.0,0.0,1208.960215999923,250.2161510001315,True,4;12;25;41;48,4,True,idea6:1197.501480
qore_as_idea6,nq_161,0.2,0.2,0.8539617712839028,0.14603822871609717,0.0,0.5714285714285715,1278.7941609999507,165.45442899996488,True,1;2;6;9;27,2;12;21;25;32,True,idea6:1267.403890
qore_as_idea6,nq_162,1.0,0.8,0.7827820481251692,0.21721795187483084,1.0,1.0,1198.0568669998775,249.11658299993178,True,1;4;6;17;46,1;4;17;46,True,idea6:1186.655867
qore_as_idea6,nq_163,,0.0,0.7001609607152997,0.29983903928470035,0.0,0.8,1178.1890490001388,203.60660699998334,False,1;2;4;30;34,,True,idea6:1166.947817
qore_as_idea6,nq_164,1.0,0.4,0.7277034887488416,0.2722965112511584,0.0,0.0,1219.1732159999447,226.4580930000193,True,4;30;32;40;49,4;32,True,idea6:1207.921555
qore_as_idea6,nq_165,0.5,0.4,0.7216014749242252,0.2783985250757748,1.0,1.0,1195.449606000011,226.2215840000863,True,3;6;12;17;24,0;3;5;12,True,idea6:1184.103828
qore_as_idea6,nq_166,0.3333333333333333,0.2,0.802017314591497,0.19798268540850295,1.0,1.0,1188.8357519999317,289.0912099999241,True,0;4;11;12;16,0;1;2,True,idea6:1177.676746
qore_as_idea6,nq_167,0.6666666666666666,0.4,0.8579604624637376,0.14203953753626242,1.0,1.0,1199.972495000111,226.43388899996353,True,2;4;18;24;26,4;5;24,True,idea6:1188.743118
qore_as_idea6,nq_168,0.2,0.2,0.8057851765580107,0.19421482344198926,0.0,0.3333333333333333,1243.9710939997894,285.1482000000942,True,1;4;14;21;31,0;4;17;19;39,True,idea6:1232.632932
qore_as_idea6,nq_169,0.058823529411764705,0.2,0.8566633548285931,0.14333664517140687,0.0,0.0,1256.4728170000308,244.8981580000691,True,5;9;14;22;48,0;1;4;6;8;15;17;18;19;20;22;25;31;33;41;44;46,True,idea6:1245.026176
qore_as_idea6,nq_170,0.16666666666666666,0.2,0.8395563012593872,0.16044369874061282,0.0,0.4,1200.9639230000175,261.70780500001456,True,0;2;4;7;30,0;1;5;8;21;45,True,idea6:1189.750121
qore_as_idea6,nq_171,0.5,0.8,0.8747262835236743,0.12527371647632568,0.0,0.6666666666666666,1169.2023000000518,290.2933180000673,True,2;16;24;32;42,2;4;6;15;24;32;42;44,True,idea6:1157.915082
qore_as_idea6,nq_172,,0.0,0.6886754828437727,0.31132451715622733,0.0,0.0,1172.8282659998968,187.3254669999369,False,5;8;20;46;49,,True,idea6:1161.299840
qore_as_idea6,nq_173,1.0,0.4,0.8904616751255251,0.1095383248744749,1.0,1.0,1180.3854810000303,184.3412780001472,True,0;1;2;3;29,0;1,True,idea6:1169.010731
qore_as_idea6,nq_174,0.3333333333333333,0.6,0.8105775755463419,0.1894224244536581,1.0,1.0,1183.9481310000792,272.24118800018005,True,0;3;6;10;12,0;2;6;8;9;12;17;28;45,True,idea6:1172.445096
qore_as_idea6,nq_175,0.25,0.6,0.7173403260561949,0.2826596739438051,0.0,0.6,1183.801042000141,422.2065849999126,True,8;13;17;22;25,0;1;2;3;4;5;6;8;17;22;23;44,True,idea6:1172.463281
qore_as_idea6,nq_176,,0.0,0.7713437931181257,0.22865620688187427,0.0,0.0,1182.772593999971,221.02658699986932,False,0;2;8;36;47,,True,idea6:1171.518644
qore_as_idea6,nq_177,0.07692307692307693,0.2,0.802719988864865,0.19728001113513505,0.0,0.0,1231.0704430001351,263.1435280000005,True,8;12;15;17;36,5;7;12;13;18;20;21;31;34;37;39;43;47,True,idea6:1219.926047
qore_as_idea6,nq_178,0.4444444444444444,0.8,0.8357406142137304,0.16425938578626964,0.0,0.5,1168.4491579999303,221.4500790000784,True,2;24;34;40;46,2;5;17;21;24;26;28;34;46,True,idea6:1157.288361
qore_as_idea6,nq_179,,0.0,0.6667270105069406,0.3332729894930594,0.0,0.0,1188.010118999955,245.7577800000763,False,3;20;28;29;36,,True,idea6:1176.678661
qore_as_idea6,nq_180,0.25,0.2,0.8274921466995517,0.17250785330044827,0.0,0.6666666666666666,1214.1405630000008,352.5871949998418,True,10;13;14;38;42,1;5;13;41,True,idea6:1202.746786
qore_as_idea6,nq_181,1.0,0.4,0.7761163344579828,0.22388366554201722,1.0,1.0,1189.4502759998886,245.1422869999078,True,5;17;30;39;48,17;30,True,idea6:1178.172141
qore_as_idea6,nq_182,,0.0,0.686485312685031,0.313514687314969,0.0,0.0,1193.7234010001703,290.38104599999315,False,1;5;35;36;39,,True,idea6:1182.256083
qore_as_idea6,nq_183,0.0,0.0,0.6278008647688829,0.37219913523111714,0.0,0.3333333333333333,1212.4109320000116,244.75830599999426,True,2;17;21;38;43,12;27;29;49,True,idea6:1200.946188
qore_as_idea6,nq_184,0.5,0.4,0.7906981240470625,0.20930187595293748,0.0,0.0,1187.3070249998818,310.99703000018053,True,0;2;15;20;36,0;2;4;9,True,idea6:1175.911698
qore_as_idea6,nq_185,,0.0,0.6993636784822674,0.30063632151773256,0.0,0.0,1226.9609700001638,267.5977320000129,False,20;25;37;43;48,,True,idea6:1215.648289
qore_as_idea6,nq_186,0.36363636363636365,0.8,0.8177049319897998,0.18229506801020023,1.0,1.0,1178.156774999934,200.30445399993368,True,2;6;7;22;23,0;2;6;7;13;15;18;22;34;38;49,True,idea6:1167.028207
qore_as_idea6,nq_187,0.3333333333333333,0.2,0.7784468621893893,0.2215531378106107,1.0,1.0,1178.7939849998565,202.74061200007054,True,0;2;9;12;30,0;5;17,True,idea6:1167.678740
qore_as_idea6,nq_188,1.0,0.2,0.669144698327224,0.330855301672776,1.0,1.0,1229.0790370000195,222.1775359998901,True,8;25;33;40;46,40,True,idea6:1217.861308
qore_as_idea6,nq_189,,0.0,0.6902035062688405,0.3097964937311595,0.0,0.0,1184.8526899998433,244.2350730000271,False,0;1;2;3;19,,True,idea6:1173.617265
qore_as_idea6,nq_190,0.75,0.6,0.8298663797050783,0.17013362029492174,1.0,1.0,1173.362288999897,204.59663999986333,True,0;3;15;19;41,0;3;15;17,True,idea6:1162.041551
qore_as_idea6,nq_191,0.4444444444444444,0.8,0.7913629567748725,0.20863704322512755,1.0,1.0,1191.0566359999848,244.65806200009865,True,0;8;29;36;47,0;2;6;8;9;30;35;36;47,True,idea6:1179.638191
qore_as_idea6,nq_192,0.3333333333333333,0.2,0.7762841816988371,0.22371581830116294,0.0,0.0,1181.5635840000596,199.0827630002059,True,0;3;6;13;37,3;11;22,True,idea6:1170.324189
qore_as_idea6,nq_193,,0.0,0.7719379458010455,0.22806205419895453,0.0,0.25,1227.6440269999966,228.06216000003587,False,8;29;31;41;46,,True,idea6:1216.442268
qore_as_idea6,nq_194,1.0,0.6,0.7197537680083782,0.2802462319916218,1.0,1.0,1162.4541400001362,285.78937399993265,True,0;1;15;19;40,0;1;19,True,idea6:1151.253445
qore_as_idea6,nq_195,,0.0,0.9483986402362866,0.051601359763713384,0.0,0.0,1171.7336030001206,261.1179609998544,False,8;10;22;32;40,,True,idea6:1160.535063
qore_as_idea6,nq_196,0.2857142857142857,0.8,0.7703895960752085,0.22961040392479148,0.0,0.4444444444444445,1213.8046219999978,706.1499490000642,True,0;11;12;16;46,0;1;5;6;10;12;15;16;22;26;37;38;45;46,True,idea6:1202.583603
qore_as_idea6,nq_197,1.0,0.2,0.8366675199396593,0.16333248006034073,0.0,0.7499999999999999,1256.424299999935,200.94130500001484,True,1;3;4;12;32,1,True,idea6:1245.062634
qore_as_idea6,nq_198,0.35714285714285715,1.0,0.8340737711705757,0.16592622882942432,0.0,0.0,1203.3848909998142,222.61338099997374,True,4;20;21;37;45,0;1;4;5;11;12;15;16;18;20;21;37;45;48,True,idea6:1191.951413
qore_as_idea6,nq_199,0.25,0.4,0.778359619071723,0.22164038092827698,1.0,1.0,1230.1420650001091,224.706906999927,True,7;10;19;29;34,1;7;9;11;16;17;19;45,True,idea6:1218.756926
topk_as,nq_0,0.5,0.4,0.8541128623045979,0.14588713769540207,0.0,0.8571428571428571,0.3066059998673154,477.85647299997436,True,0;1;25;32;37,0;1;4;38,False,
topk_as,nq_1,0.6666666666666666,0.8,0.8147195232404482,0.18528047675955184,0.0,0.5714285714285715,0.2266070000587206,261.68604300005427,True,0;1;7;30;43,0;1;7;9;14;30,False,
topk_as,nq_2,0.23076923076923078,0.6,0.7073026824592535,0.29269731754074646,1.0,1.0,0.2095500001360051,177.79934500003947,True,0;1;32;40;47,0;1;6;7;16;19;22;23;32;33;35;38;45,False,
topk_as,nq_3,0.625,1.0,0.9206778542074365,0.07932214579256347,0.0,0.0,0.20592700002453057,281.77011799994034,True,24;29;37;45;49,4;6;24;29;37;45;47;49,False,
topk_as,nq_4,0.3,0.6,0.8652634822778797,0.13473651772212025,1.0,1.0,0.19626599987532245,178.62301300010586,True,0;10;26;29;40,0;3;7;16;24;26;27;33;40;47,False,
topk_as,nq_5,0.0,0.0,0.8888063393982742,0.11119366060172575,0.0,0.0,0.2008779999869148,239.74164099990958,True,0;5;8;10;21,19;44,False,
topk_as,nq_6,0.0,0.0,0.9058967500802556,0.09410324991974439,0.0,0.0,0.21700999991480785,259.8191750000751,True,0;3;5;11;12,9;33,False,
topk_as,nq_7,,0.0,0.9030805196519799,0.09691948034802012,0.0,0.6666666666666666,0.22175699996296316,198.8366230000338,False,4;9;34;42;49,,False,
topk_as,nq_8,,0.0,0.8305633069813464,0.1694366930186536,0.0,0.3333333333333333,0.2017749998231011,237.96065299984548,False,0;1;7;14;49,,False,
topk_as,nq_9,,0.0,0.8074523201595352,0.19254767984046484,0.0,0.5,0.09613300017008442,184.30004800006827,False,15;19;34;43;48,,False,
topk_as,nq_10,0.21428571428571427,0.6,0.8146857005462078,0.1853142994537922,1.0,1.0,0.20042500000272412,199.41102600000704,True,8;11;28;42;46,0;1;2;3;5;8;9;11;14;17;23;36;39;42,False,
topk_as,nq_11,1.0,0.8,0.8281666997146235,0.17183330028537647,1.0,1.0,0.10554300001786032,220.15640799986613,True,0;3;7;14;37,3;7;14;37,False,
topk_as,nq_12,0.6666666666666666,0.4,0.8809614192203821,0.11903858077961793,0.0,0.0,0.2023319998443185,322.0037449998472,True,0;1;3;14;18,0;1;41,False,
topk_as,nq_13,0.7142857142857143,1.0,0.8796021870085656,0.12039781299143437,1.0,1.0,0.1001900000119349,202.28123199990478,True,0;1;4;5;16,0;1;3;4;5;16;31,False,
topk_as,nq_14,1.0,1.0,0.8793194192567189,0.12068058074328114,0.0,0.5714285714285715,0.09640200005378574,302.433173000054,True,0;1;2;9;11,0;1;2;9;11,False,
topk_as,nq_15,,0.0,0.7084245033339727,0.29157549666602733,0.0,0.0,0.09712600012790062,222.48561200012773,False,17;18;36;46;49,,False,
topk_as,nq_16,0.5,0.2,0.8618908111389179,0.13810918886108214,0.0,0.7499999999999999,0.2020830002038565,239.14421799986485,True,5;7;27;42;43,4;27,False,
topk_as,nq_17,0.2,0.2,0.8234791843263715,0.17652081567362854,1.0,1.0,0.21184399997764558,198.6977310000384,True,1;13;20;22;29,8;12;22;27;28,False,
topk_as,nq_18,0.05263157894736842,0.2,0.8263849941803084,0.17361500581969158,0.0,0.0,0.10211199992227193,219.9522649998471,True,0;3;18;34;41,0;1;2;4;5;6;7;10;16;17;20;22;25;27;33;36;37;43;49,False,
topk_as,nq_19,0.2,1.0,0.7832095675627189,0.21679043243728113,0.0,0.0,0.10159399994336127,198.9416669998718,True,0;9;11;18;27,0;1;2;3;4;5;6;8;9;11;12;13;15;17;18;21;23;27;31;32;36;43;45;47;49,False,
topk_as,nq_20,0.75,0.6,0.8578963356922049,0.14210366430779509,0.0,0.0,0.21628700005749124,241.1150580001049,True,0;6;9;42;48,0;21;42;48,False,
topk_as,nq_21,0.75,0.6,0.7655556008425448,0.23444439915745519,0.0,0.33333333333333337,0.20099200014556118,302.37220699996215,True,0;1;3;14;23,0;1;3;16,False,
topk_as,nq_22,0.3333333333333333,0.8,0.843627516521505,0.15637248347849497,0.0,0.6666666666666666,0.21897999999964668,178.28565700006038,True,0;1;3;5;26,0;3;5;12;17;22;24;26;28;31;34;48,False,
topk_as,nq_23,0.75,0.6,0.8251881144429756,0.17481188555702443,1.0,1.0,0.09380500000588654,178.3791119999023,True,5;7;8;33;34,5;8;31;33,False,
topk_as,nq_24,1.0,0.8,0.9102010331457286,0.08979896685427136,1.0,1.0,0.09642099985285313,222.71167200005948,True,0;1;2;4;7,0;2;4;7,False,
topk_as,nq_25,0.25,0.6,0.7888285157577745,0.21117148424222554,0.0,0.5,0.09366299991597771,218.04847399994287,True,7;15;19;43;46,0;3;5;15;19;24;34;37;41;42;43;45,False,
topk_as,nq_26,,0.0,0.6727415658000853,0.32725843419991474,0.0,0.0,0.09794800007512094,241.94293200002903,False,8;23;29;45;46,,False,
topk_as,nq_27,1.0,0.2,0.7090364907533585,0.2909635092466415,0.0,0.8,0.09832199998527358,281.1549149998882,True,0;2;6;29;32,0,False,
topk_as,nq_28,0.35714285714285715,1.0,0.8955724609610083,0.10442753903899171,0.0,0.6666666666666666,0.10912899983850366,197.963356000173,True,0;1;28;31;32,0;1;3;11;14;15;18;25;28;31;32;35;40;45,False,
topk_as,nq_29,0.5,0.2,0.861273147251687,0.13872685274831298,0.0,1.0,0.0987549999535986,260.42536500017377,True,0;2;4;9;22,1;2,False,
topk_as,nq_30,0.5,0.8,0.8532694256501344,0.14673057434986558,1.0,1.0,0.0942169999689213,281.2702249998438,True,0;1;25;27;45,0;1;3;6;10;25;27;29,False,
topk_as,nq_31,1.0,0.2,0.8118790882970668,0.1881209117029332,1.0,1.0,0.09900800000650634,179.12307499977942,True,0;3;5;6;44,0,False,
topk_as,nq_32,,0.0,0.8175296329548765,0.18247036704512354,0.0,0.5,0.09646199987400905,178.89936500000658,False,3;5;10;15;32,,False,
topk_as,nq_33,0.5,0.2,0.7701061558512619,0.22989384414873815,1.0,1.0,0.22256399984144082,178.25044799997158,True,1;5;6;28;40,0;6,False,
topk_as,nq_34,0.4,0.4,0.8347301659688432,0.1652698340311568,0.0,0.0,0.2077399999507179,280.261684999914,True,2;4;5;7;31,1;4;8;13;31,False,
topk_as,nq_35,1.0,0.6,0.900795916497173,0.09920408350282695,1.0,1.0,0.19991299996036105,260.0980699999127,True,3;5;6;11;15,3;5;6,False,
topk_as,nq_36,0.0,0.0,0.8117528494934465,0.1882471505065535,0.0,0.0,0.09569700000611192,219.85031000008348,True,3;8;9;20;31,5;7,False,
topk_as,nq_37,0.75,0.6,0.7832614966608917,0.21673850333910827,1.0,1.0,0.1992269999391283,259.81174000003193,True,0;3;11;17;30,0;3;23;30,False,
topk_as,nq_38,0.2777777777777778,1.0,0.8587860043478145,0.1412139956521855,0.0,0.8,0.09263300012207765,344.5077339999898,True,0;5;6;8;11,0;1;2;3;4;5;6;7;8;11;17;19;25;26;31;33;45;47,False,
topk_as,nq_39,0.0,0.0,0.867129358416509,0.13287064158349104,0.0,0.0,0.0957639999796811,158.1488750000517,True,0;1;13;27;41,2;3;4;6;8;10;11;15;16;19;23;33;38;40;43;44;45;47,False,
topk_as,nq_40,,0.0,0.8863373361045189,0.11366266389548108,0.0,0.0,0.0903420000213373,445.2460949999022,False,1;6;13;30;34,,False,
topk_as,nq_41,,0.0,0.8370735235087217,0.16292647649127834,0.0,0.0,0.09625299981053104,262.9856619998918,False,8;17;31;38;43,,False,
topk_as,nq_42,0.75,0.6,0.8090624904723966,0.19093750952760336,1.0,1.0,0.20511399998213165,198.6120399999436,True,0;13;14;17;21,0;14;21;29,False,
topk_as,nq_43,,0.0,0.7459799612947468,0.25402003870525325,0.0,0.0,0.20219099997120793,219.00622900011513,False,11;18;26;35;36,,False,
topk_as,nq_44,0.0,0.0,0.9096881735004485,0.0903118264995515,0.0,0.0,0.09784500002751884,281.4949459998388,True,0;2;3;5;44,47,False,
topk_as,nq_45,0.11904761904761904,1.0,0.923096031601073,0.07690396839892699,0.0,0.4,0.11084399989158555,260.3432700000212,True,1;4;17;28;49,0;1;2;3;4;5;6;7;8;10;11;13;14;15;16;17;19;20;23;24;25;26;27;28;29;30;31;32;33;35;36;37;39;40;41;43;44;45;46;47;48;49,False,
topk_as,nq_46,1.0,0.6,0.9087676936285444,0.09123230637145563,0.0,0.28571428571428575,0.10890999988077965,198.4004820001246,True,0;8;9;12;20,8;9;12,False,
topk_as,nq_47,0.25,0.4,0.8723644402056744,0.12763555979432561,0.0,0.5,0.09581399990565842,262.4125100001038,True,2;16;19;29;36,2;6;9;22;36;38;40;43,False,
topk_as,nq_48,0.2727272727272727,0.6,0.8434577214043735,0.15654227859562653,0.0,0.0,0.20482299987634178,260.1112459999513,True,0;1;2;3;34,0;1;2;4;6;7;9;16;18;41;47,False,
topk_as,nq_49,0.0,0.0,0.8376098351029313,0.1623901648970687,0.0,0.5,0.20014000006085553,220.42195299991363,True,1;6;35;36;41,10;21;45,False,
topk_as,nq_50,,0.0,0.813250396861747,0.18674960313825295,0.0,0.28571428571428575,0.19720000000233995,199.36942100002852,False,1;3;12;17;28,,False,
topk_as,nq_51,0.09523809523809523,0.4,0.8417895760075063,0.15821042399249374,1.0,1.0,0.09464799995839712,177.56059800012736,True,31;34;42;43;49,2;3;4;5;6;15;17;19;20;21;22;25;26;28;29;37;38;40;42;43;45,False,
topk_as,nq_52,,0.0,0.6905605089810551,0.30943949101894486,0.0,0.0,0.09414200007995532,179.45844099995156,False,11;14;23;26;39,,False,
topk_as,nq_53,0.17647058823529413,0.6,0.7321601765601041,0.2678398234398959,0.0,0.6666666666666666,0.20385899983921263,239.53907999998592,True,16;17;34;44;45,0;3;4;7;9;11;13;14;22;28;34;37;41;43;44;45;46,False,
topk_as,nq_54,0.2,0.2,0.9022158195782299,0.09778418042177006,0.0,0.0,0.09319800005869183,219.79745899989211,True,1;2;15;21;22,1;13;34;42;47,False,
topk_as,nq_55,0.3333333333333333,0.4,0.8249703875930621,0.17502961240693793,1.0,1.0,0.09906400009640492,218.38391799997225,True,3;10;15;27;31,3;13;15;18;26;37,False,
topk_as,nq_56,,0.0,0.8097942838097062,0.1902057161902938,0.0,0.0,0.10109499999089167,180.4172390000076,False,0;8;12;40;48,,False,
topk_as,nq_57,0.6666666666666666,0.8,0.8763986541559958,0.12360134584400417,1.0,1.0,0.09690800015960122,178.97708000009516,True,0;1;2;5;6,0;1;2;4;5;38,False,
topk_as,nq_58,,0.0,0.7804741264089976,0.2195258735910024,0.0,0.0,0.09608999994270562,261.1606699999811,False,0;1;5;18;25,,False,
topk_as,nq_59,,0.0,0.6938990202424822,0.3061009797575178,0.0,0.0,0.09599300005902478,178.78091100010352,False,26;32;33;35;43,,False,
topk_as,nq_60,0.36363636363636365,0.8,0.7980892725757036,0.2019107274242964,0.0,0.5,0.09887800001706637,238.87126499994338,True,1;3;17;30;35,1;3;4;5;6;17;18;22;28;35;37,False,
topk_as,nq_61,0.625,1.0,0.7823651760511299,0.21763482394887013,0.0,0.6666666666666666,0.20304700001361198,300.1589979999153,True,3;4;7;36;47,3;4;7;10;24;34;36;47,False,
topk_as,nq_62,0.25,0.2,0.857893965044094,0.142106034955906,0.0,0.4,0.20680300008280028,180.24010199997065,True,4;6;9;11;14,2;11;19;20,False,
topk_as,nq_63,0.3333333333333333,0.2,0.8693924960291743,0.13060750397082566,0.0,0.6666666666666666,0.09570999986863171,219.28090000005795,True,0;4;11;12;15,0;18;49,False,
topk_as,nq_64,0.2727272727272727,0.6,0.8371888670370181,0.16281113296298189,0.0,0.6666666666666666,0.095372000032512,198.30604500020854,True,0;12;25;36;47,0;1;3;4;7;9;10;12;29;32;36,False,
topk_as,nq_65,0.625,1.0,0.9032599662622462,0.09674003373775375,0.0,0.6666666666666666,0.2024720001827518,198.68453000003683,True,0;3;6;9;37,0;3;4;5;6;7;9;37,False,
topk_as,nq_66,0.36363636363636365,0.8,0.8309820659179918,0.16901793408200816,1.0,1.0,0.23116399984246527,287.4212009999155,True,0;9;13;16;20,0;3;9;11;13;16;24;26;31;34;38,False,
topk_as,nq_67,,0.0,0.7686284650893382,0.23137153491066176,1.0,1.0,0.20448300006137288,201.18040199986353,False,1;4;6;7;9,,False,
topk_as,nq_68,0.0,0.0,0.8692748480420341,0.13072515195796586,0.0,0.5,0.09140199995272269,180.31687699999566,True,0;2;12;16;33,4;11,False,
topk_as,nq_69,,0.0,0.6787632268143693,0.3212367731856307,0.0,0.0,0.09339300004285178,261.2344930000745,False,3;8;9;23;34,,False,
topk_as,nq_70,0.0,0.0,0.7439220591915813,0.2560779408084187,0.0,0.0,0.09436400000595313,239.93263999977898,True,2;29;42;43;45,7;24,False,
topk_as,nq_71,0.2222222222222222,0.4,0.8704958373298914,0.12950416267010856,0.0,0.6666666666666666,0.09580599999026163,200.68376099993657,True,2;23;29;31;39,0;3;5;12;14;18;22;23;29,False,
topk_as,nq_72,0.5,0.8,0.785158793075236,0.21484120692476405,0.0,0.6666666666666666,0.09600899988981837,239.7400289999041,True,0;1;2;10;43,0;1;2;3;4;11;14;43,False,
topk_as,nq_73,1.0,0.6,0.7563262992147284,0.24367370078527162,1.0,1.0,0.20236199998180382,178.59746199997062,True,0;1;4;7;12,0;1;4,False,
topk_as,nq_74,0.6666666666666666,0.4,0.8103143524869306,0.18968564751306938,0.0,0.5,0.2167599998301739,260.2333710001403,True,4;9;11;40;47,9;40;41,False,
topk_as,nq_75,1.0,0.8,0.7895018737987641,0.21049812620123587,1.0,1.0,0.09424300014870823,219.87164699999084,True,0;1;2;10;24,0;1;2;24,False,
topk_as,nq_76,1.0,0.8,0.8914460782209618,0.10855392177903822,0.0,0.6666666666666666,0.09877599995888886,280.54237299988927,True,0;1;3;7;10,0;1;3;10,False,
topk_as,nq_77,,0.0,0.6783292598663863,0.32167074013361374,0.0,0.1,0.09414100009053072,670.7094380001308,False,4;21;37;44;47,,False,
topk_as,nq_78,0.4,0.4,0.8174135103336926,0.18258648966630742,1.0,1.0,0.09573199986334657,260.9616199999891,True,0;13;23;28;38,0;16;19;25;28,False,
topk_as,nq_79,0.5,0.4,0.8260598644210682,0.17394013557893184,0.0,0.6666666666666666,0.0959270000748802,299.8144919999959,True,0;1;9;21;45,0;1;2;37,False,
topk_as,nq_80,0.625,1.0,0.9066003072942825,0.09339969270571746,1.0,1.0,0.11142600010316528,240.70325000002413,True,0;2;3;4;7,0;2;3;4;7;8;13;14,False,
topk_as,nq_81,0.0967741935483871,0.6,0.8701281981029624,0.12987180189703762,1.0,1.0,0.09522699997432937,157.56072600015614,True,2;5;8;14;32,0;1;2;3;4;5;7;8;9;10;11;12;13;15;18;23;25;26;27;28;29;31;33;35;36;37;39;41;43;45;47,False,
topk_as,nq_82,0.3333333333333333,0.2,0.7994375719631821,0.2005624280368179,0.0,0.5,0.10653000003912894,179.31781599986607,True,3;12;18;26;27,3;5;35,False,
topk_as,nq_83,,0.0,0.8088554754976748,0.19114452450232522,0.0,0.0,0.09841700011747889,218.69455000000926,False,1;6;7;40;46,,False,
topk_as,nq_84,0.0,0.0,0.8152721762492412,0.1847278237507588,0.0,0.0,0.09483100006946188,278.7704389997998,True,15;17;19;27;30,25,False,
topk_as,nq_85,0.2,0.2,0.8338389629969738,0.1661610370030262,0.0,0.0,0.09531099999549042,218.71469799998522,True,4;7;18;35;37,1;3;8;37;39,False,
topk_as,nq_86,0.2857142857142857,0.4,0.7139759296768933,0.2860240703231067,0.0,0.6666666666666666,0.0967060000220954,158.31229600007646,True,0;11;17;36;39,0;12;14;16;31;35;39,False,
topk_as,nq_87,0.6,0.6,0.762505675705426,0.23749432429457396,1.0,1.0,0.0970920000327169,261.36606599993684,True,0;1;4;23;49,0;1;4;12;30,False,
topk_as,nq_88,0.6666666666666666,0.4,0.9009832539235971,0.09901674607640287,0.0,0.3333333333333333,0.09802199997466232,198.49324999995588,True,2;4;11;13;15,2;4;31,False,
topk_as,nq_89,0.0,0.0,0.8466505197747969,0.15334948022520312,0.0,0.0,0.0952660000166361,157.5081070000124,True,6;20;27;30;35,14;22;23;25;40,False,
topk_as,nq_90,0.6666666666666666,0.4,0.6914946806861917,0.3085053193138083,0.0,0.6666666666666666,0.09663800005910161,218.02323099996102,True,0;3;12;17;23,0;10;17,False,
topk_as,nq_91,,0.0,0.8367339007437036,0.16326609925629643,0.0,0.6666666666666666,0.10715500002334011,261.83218700020916,False,0;5;7;9;42,,False,
topk_as,nq_92,,0.0,0.9017995846648423,0.09820041533515766,0.0,0.09523809523809525,0.10502300006010046,652.223744000139,False,0;6;8;20;34,,False,
topk_as,nq_93,,0.0,0.6837294536259343,0.3162705463740657,0.0,0.3333333333333333,0.19859700000779412,217.95755600010125,False,0;10;13;14;31,,False,
topk_as,nq_94,1.0,0.4,0.7936594530074729,0.20634054699252713,0.0,0.3333333333333333,0.09376399998473062,280.2011030000813,True,0;2;20;28;42,0;2,False,
topk_as,nq_95,0.45454545454545453,1.0,0.9343623713911284,0.06563762860887157,0.0,0.0,0.09386500005348353,197.18607899994822,True,0;3;4;8;26,0;3;4;8;23;26;29;35;38;43;49,False,
topk_as,nq_96,1.0,0.8,0.8283629206628025,0.17163707933719752,1.0,1.0,0.09682800009613857,178.77592400009235,True,0;1;7;25;36,0;1;25;36,False,
topk_as,nq_97,0.3333333333333333,0.2,0.8266711425963689,0.17332885740363113,1.0,1.0,0.0986420000117505,198.87232599990057,True,25;29;35;47;49,8;13;47,False,
topk_as,nq_98,0.16666666666666666,0.4,0.8988366876684456,0.1011633123315544,0.0,0.0,0.09659800002737029,362.569626000095,True,0;2;8;47;48,0;1;7;10;11;18;24;25;26;28;36;48,False,
topk_as,nq_99,1.0,0.4,0.8100432637592965,0.18995673624070353,0.0,0.4444444444444445,0.10629200005496386,262.404012999923,True,0;4;5;7;19,0;4,False,
topk_as,nq_100,0.42857142857142855,0.6,0.8360494764035818,0.16395052359641815,0.0,0.0,0.09838400001171976,178.44882999997935,True,5;7;17;32;45,0;2;5;17;39;43;45,False,
topk_as,nq_101,0.3333333333333333,0.6,0.8047276893621312,0.19527231063786876,0.0,0.7499999999999999,0.10856000017156475,239.50957399983963,True,0;1;2;32;40,1;2;13;23;24;26;31;40;45,False,
topk_as,nq_102,0.42857142857142855,0.6,0.7919874835084297,0.20801251649157027,1.0,1.0,0.098753999964174,178.4084509999957,True,0;2;6;21;44,0;2;6;16;17;26;29,False,
topk_as,nq_103,1.0,0.2,0.8375558032505019,0.16244419674949806,0.0,0.0,0.0977550000698102,218.31861200007552,True,0;4;10;19;27,10,False,
topk_as,nq_104,1.0,0.2,0.9210335850745244,0.07896641492547563,0.0,0.6666666666666665,0.09564299989506253,258.9377480001076,True,1;12;20;21;40,1,False,
topk_as,nq_105,0.125,1.0,0.8114993948521869,0.18850060514781308,0.0,0.6666666666666666,0.0983709999218263,264.03820600012295,True,14;30;32;35;48,0;1;2;3;4;5;6;7;8;12;13;14;15;16;17;18;19;20;22;23;25;26;27;28;29;30;32;35;36;37;38;40;41;42;44;45;46;47;48;49,False,
topk_as,nq_106,,0.0,0.7688059856294476,0.23119401437055243,0.0,0.0,0.09640300004321034,198.17919399997663,False,9;14;19;34;46,,False,
topk_as,nq_107,,0.0,0.8576747965199193,0.1423252034800807,0.0,0.0,0.09680199991635163,281.56084800002645,False,0;1;2;5;8,,False,
topk_as,nq_108,0.25,0.6,0.8449188994420638,0.15508110055793622,1.0,1.0,0.09804599994822638,180.43652599999405,True,2;3;36;47;48,2;3;5;6;12;14;24;29;36;40;42;43,False,
topk_as,nq_109,,0.0,0.7176035754780792,0.2823964245219208,0.0,0.0,0.09811799986891856,199.6171900000263,False,8;23;32;39;47,,False,
topk_as,nq_110,,0.0,0.783424236536374,0.21657576346362595,0.0,0.28571428571428575,0.20619500014618097,371.27840199991624,False,4;5;9;17;46,,False,
topk_as,nq_111,,0.0,0.8960536862526371,0.10394631374736285,0.0,0.0,0.09724000005917333,223.5596219998115,False,0;16;26;27;45,,False,
topk_as,nq_112,0.25,1.0,0.8846197498289857,0.11538025017101428,0.0,0.5,0.10174999988521449,245.5667239999002,True,1;2;9;17;33,0;1;2;3;4;5;6;7;8;9;13;15;17;24;26;29;33;38;44;49,False,
topk_as,nq_113,0.75,0.6,0.7977972357016758,0.20220276429832418,0.0,0.4,0.09860999989541597,287.496764000025,True,0;1;4;6;43,0;1;6;40,False,
topk_as,nq_114,1.0,0.2,0.8434680062672809,0.1565319937327191,0.0,0.28571428571428575,0.09302299986302387,258.64084999989245,True,13;19;23;30;37,37,False,
topk_as,nq_115,1.0,0.4,0.8093490566873001,0.19065094331269994,1.0,1.0,0.11306300007163372,223.0308599998807,True,0;7;20;41;43,0;7,False,
topk_as,nq_116,0.22727272727272727,1.0,0.9464443923215111,0.05355560767848888,0.0,0.6666666666666666,0.09559399995850981,180.9359610001593,True,0;1;2;5;8,0;1;2;3;5;8;10;12;13;23;26;27;28;29;31;33;37;39;41;42;44;47,False,
topk_as,nq_117,1.0,0.4,0.896713270978782,0.10328672902121805,0.0,0.0,0.09682699987934029,181.9964589999472,True,3;4;10;20;49,3;4,False,
topk_as,nq_118,,0.0,0.7283334528893339,0.27166654711066607,0.0,0.0,0.09424299992133456,404.3787279999833,False,4;6;17;29;45,,False,
topk_as,nq_119,0.2,0.2,0.9068188569676234,0.09318114303237657,1.0,1.0,0.2304829999957292,197.87828400012586,True,5;7;10;11;22,0;8;11;15;19,False,
topk_as,nq_120,0.75,0.6,0.7968275709570267,0.20317242904297328,1.0,1.0,0.09422899984201649,198.93775500008815,True,0;4;5;16;21,0;2;4;5,False,
topk_as,nq_121,0.23076923076923078,0.6,0.8018661542328944,0.19813384576710558,0.0,0.5714285714285715,0.09879899994302832,286.80643199982114,True,7;10;29;34;40,0;7;10;12;17;18;26;28;29;45;46;48;49,False,
topk_as,nq_122,,0.0,0.8633568928044209,0.13664310719557915,0.0,0.6666666666666666,0.09618700005376013,219.9156739998216,False,1;2;4;12;15,,False,
topk_as,nq_123,0.6666666666666666,0.8,0.8398899255657062,0.16011007443429381,0.0,0.8571428571428571,0.09943999998540676,260.22018800017577,True,1;2;4;7;41,1;2;4;6;7;12,False,
topk_as,nq_124,1.0,0.2,0.7539301704604086,0.24606982953959144,1.0,1.0,0.10051899994323321,198.76545000010992,True,0;3;4;31;42,4,False,
topk_as,nq_125,0.3333333333333333,0.8,0.9008238566901084,0.09917614330989155,0.0,0.6666666666666666,0.09368299993184337,178.76263899984224,True,0;1;4;10;11,0;1;2;4;5;6;7;8;10;21;40;47,False,
topk_as,nq_126,0.6666666666666666,0.4,0.689030936941825,0.31096906305817495,1.0,1.0,0.09529199996904936,160.09349399996609,True,1;4;7;11;13,0;1;4,False,
topk_as,nq_127,1.0,0.8,0.8462861851883876,0.1537138148116124,1.0,1.0,0.09824499989008473,157.50885399984327,True,0;1;3;7;10,0;1;3;7,False,
topk_as,nq_128,0.5,0.8,0.8858979607425219,0.11410203925747808,1.0,1.0,0.0981029998001759,178.28144999998585,True,0;4;10;15;33,0;4;9;15;28;33;35;44,False,
topk_as,nq_129,0.3333333333333333,0.6,0.7995135293357066,0.20048647066429337,1.0,1.0,0.09746299997459573,220.9460830001717,True,0;10;28;29;33,0;1;5;6;9;10;33;37;48,False,
topk_as,nq_130,,0.0,0.816334345520449,0.18366565447955097,0.0,0.0,0.10487600002306863,199.14931099992828,False,4;12;13;26;29,,False,
topk_as,nq_131,0.14285714285714285,0.2,0.8800038128866836,0.11999618711331639,0.0,0.0,0.21849599988854607,262.619296000139,True,4;5;24;34;41,0;4;15;20;23;43;46,False,
topk_as,nq_132,0.0,0.0,0.8492753708075277,0.15072462919247231,0.0,0.0,0.21251900011520775,201.58775499999138,True,0;1;5;6;20,9;18;19;28,False,
topk_as,nq_133,0.2,0.2,0.8624446857520546,0.13755531424794543,0.0,0.3333333333333333,0.09225999997397594,219.14718999983052,True,1;22;26;28;47,2;5;9;31;47,False,
topk_as,nq_134,0.5,0.4,0.8250622533998406,0.17493774660015937,0.0,0.0,0.0939890001063759,139.8172889998932,True,1;3;6;19;32,0;3;5;6,False,
topk_as,nq_135,0.0,0.0,0.6389181590582893,0.3610818409417107,0.0,0.0,0.11822999999822059,204.3989490000513,True,4;27;32;43;47,0;20;28;38,False,
topk_as,nq_136,1.0,0.2,0.6771538637537351,0.3228461362462649,0.0,0.5714285714285715,0.10181399989050988,396.58012099994266,True,3;18;19;21;22,21,False,
topk_as,nq_137,1.0,0.4,0.7882257194483644,0.2117742805516356,0.0,0.5,0.10022400010711863,425.3617199999553,True,0;3;4;8;34,0;3,False,
topk_as,nq_138,,0.0,0.8073466658349734,0.1926533341650266,0.0,0.0,0.0958170001013059,283.54467999997723,False,5;18;25;37;39,,False,
topk_as,nq_139,,0.0,0.7004407460535695,0.29955925394643046,0.0,0.0,0.09544299996377958,322.9017850001128,False,0;3;5;6;27,,False,
topk_as,nq_140,1.0,0.4,0.8715623286380101,0.1284376713619899,1.0,1.0,0.20509500018306426,244.23886799991124,True,1;6;7;16;21,1;6,False,
topk_as,nq_141,0.15625,1.0,0.8469424092156383,0.15305759078436165,0.0,0.0,0.09354400003758201,198.6816829999043,True,14;24;33;35;45,2;3;5;7;11;13;14;16;18;19;20;21;22;23;24;25;26;29;30;31;32;33;34;35;36;37;39;44;45;46;47;48,False,
topk_as,nq_142,0.125,1.0,0.8491524205466202,0.1508475794533798,0.0,0.0,0.2139880000413541,282.3797060000288,True,4;6;10;37;41,0;1;2;3;4;5;6;7;8;9;10;11;12;13;14;15;16;17;18;19;20;21;22;23;24;25;26;28;30;31;36;37;39;41;42;43;44;45;47;49,False,
topk_as,nq_143,0.6666666666666666,0.4,0.789988918050742,0.210011081949258,1.0,1.0,0.09646900002735492,262.4226230000204,True,8;15;26;45;47,6;26;47,False,
topk_as,nq_144,0.23809523809523808,1.0,0.9183819274778976,0.0816180725221024,0.0,0.8,0.09859400006462238,201.28296699999737,True,4;11;12;22;28,0;1;3;4;5;6;8;11;12;20;21;22;28;29;36;39;40;41;43;45;48,False,
topk_as,nq_145,0.0,0.0,0.8801306528060067,0.11986934719399334,0.0,0.5714285714285715,0.09408000005350914,341.4417779999894,True,1;2;18;25;33,8,False,
topk_as,nq_146,0.5714285714285714,0.8,0.910151780322869,0.08984821967713097,1.0,1.0,0.09502600005362183,219.53966600017338,True,2;3;9;14;22,2;6;8;9;14;22;33,False,
topk_as,nq_147,0.8,0.8,0.7848343231225374,0.21516567687746257,1.0,1.0,0.0978680000116583,279.9748180000279,True,0;6;11;16;40,0;6;8;11;40,False,
topk_as,nq_148,0.6666666666666666,0.8,0.888906527348183,0.11109347265181702,0.0,0.5714285714285715,0.09707999993224803,280.1716750000196,True,0;1;6;11;22,0;1;4;6;17;22,False,
topk_as,nq_149,1.0,0.4,0.8490293243660301,0.15097067563396993,0.0,0.28571428571428575,0.20290299994485395,300.5683040000804,True,2;4;6;12;38,2;4,False,
topk_as,nq_150,,0.0,0.8619167808384607,0.13808321916153932,0.0,0.0,0.10188900000684953,240.21277699989696,False,2;8;31;36;37,,False,
topk_as,nq_151,0.3333333333333333,0.4,0.8791730666282416,0.12082693337175843,0.0,0.5,0.10062100000141072,260.45607600008225,True,0;1;4;10;22,4;6;18;22;28;38,False,
topk_as,nq_152,1.0,0.4,0.8571879021623257,0.14281209783767435,0.0,0.8,0.09715199985294021,199.89524499987965,True,0;1;2;6;20,0;1,False,
topk_as,nq_153,0.3333333333333333,0.2,0.714457457785393,0.28554254221460695,1.0,1.0,0.09326899998995941,198.03520699997534,True,2;11;12;30;46,0;1;46,False,
topk_as,nq_154,,0.0,0.9103907119541519,0.08960928804584811,0.0,0.0,0.10020099989560549,243.09602199991787,False,0;2;9;10;42,,False,
topk_as,nq_155,,0.0,0.7211094149312824,0.27889058506871756,0.0,0.0,0.10086899987982179,218.47062999995615,False,17;18;22;33;42,,False,
topk_as,nq_156,0.1875,0.6,0.8825600566606789,0.11743994333932106,0.0,0.6666666666666666,0.10789299994939938,203.28188500002398,True,1;3;7;9;16,0;3;4;5;6;7;8;14;16;17;24;27;39;42;43;49,False,
topk_as,nq_157,1.0,0.6,0.7727960271246715,0.22720397287532845,0.0,0.5,0.09713600002214662,198.82168699996328,True,0;1;5;31;49,0;1;49,False,
topk_as,nq_158,,0.0,0.721576047372319,0.27842395262768105,0.0,0.0,0.09615900012249767,259.90432699995836,False,0;7;14;22;25,,False,
topk_as,nq_159,0.5,0.2,0.740987556872493,0.25901244312750704,0.0,0.0,0.10130100008609588,178.59059700003854,True,15;25;27;32;40,32;49,False,
topk_as,nq_160,1.0,0.2,0.8016011845955469,0.19839881540445314,0.0,0.0,0.09404000002177781,241.95228200005658,True,4;5;12;21;48,4,False,
topk_as,nq_161,0.2,0.2,0.8438913161534384,0.15610868384656162,0.0,0.0,0.09818300009101222,240.3534039999613,True,2;6;9;20;27,2;12;21;25;32,False,
topk_as,nq_162,1.0,0.8,0.7827820481251692,0.21721795187483084,1.0,1.0,0.09463099991080526,242.14364699992075,True,1;4;6;17;46,1;4;17;46,False,
topk_as,nq_163,,0.0,0.7769254736244452,0.2230745263755548,0.0,0.8,0.09844100009104295,199.0301919997819,False,1;2;4;15;20,,False,
topk_as,nq_164,1.0,0.4,0.7947461753247801,0.2052538246752199,0.0,0.0,0.09815400017032516,262.8237100000206,True,4;11;32;40;49,4;32,False,
topk_as,nq_165,0.5,0.4,0.8440211278840669,0.1559788721159331,1.0,1.0,0.10086199995384959,221.39244899994992,True,3;11;12;17;31,0;3;5;12,False,
topk_as,nq_166,1.0,0.6,0.8759060051441709,0.12409399485582906,1.0,1.0,0.09913699977914803,280.45114199994714,True,0;1;2;4;12,0;1;2,False,
topk_as,nq_167,0.6666666666666666,0.4,0.8579604624637376,0.14203953753626242,1.0,1.0,0.09765499999048188,218.23291399982736,True,2;4;18;24;26,4;5;24,False,
topk_as,nq_168,0.2,0.2,0.811975466054936,0.18802453394506402,0.0,0.3333333333333333,0.09311400003753079,283.45619299989266,True,4;5;14;21;31,0;4;17;19;39,False,
topk_as,nq_169,0.11764705882352941,0.4,0.8977439860016153,0.10225601399838469,0.0,0.0,0.09981400012293307,177.74349000001166,True,9;10;22;44;48,0;1;4;6;8;15;17;18;19;20;22;25;31;33;41;44;46,False,
topk_as,nq_170,0.16666666666666666,0.2,0.8897376750688764,0.11026232493112365,0.0,0.4,0.09694200002741127,260.3207739998652,True,0;2;4;7;12,0;1;5;8;21;45,False,
topk_as,nq_171,0.5,0.8,0.9020113315608984,0.09798866843910159,0.0,0.6666666666666666,0.0991910001175711,280.43621599999824,True,2;24;27;32;42,2;4;6;15;24;32;42;44,False,
topk_as,nq_172,,0.0,0.6759015285100073,0.3240984714899927,0.0,0.0,0.09739300003275275,178.67215699993722,False,5;8;46;47;49,,False,
topk_as,nq_173,1.0,0.4,0.8904616751255251,0.1095383248744749,1.0,1.0,0.09762100012267183,178.7230519998957,True,0;1;2;3;29,0;1,False,
topk_as,nq_174,0.4444444444444444,0.8,0.8382355258005919,0.1617644741994081,1.0,1.0,0.09533600018585275,260.55387300016264,True,0;2;6;10;12,0;2;6;8;9;12;17;28;45,False,
topk_as,nq_175,0.4166666666666667,1.0,0.8605591613918072,0.13944083860819279,0.0,0.6,0.11167299999215174,404.85737399990285,True,0;1;2;4;8,0;1;2;3;4;5;6;8;17;22;23;44,False,
topk_as,nq_176,,0.0,0.8330938602966157,0.1669061397033843,0.0,0.0,0.0991459999113431,325.6970330000968,False,0;2;5;6;8,,False,
topk_as,nq_177,0.07692307692307693,0.2,0.8052295703215107,0.19477042967848934,0.0,0.0,0.09653200004322571,260.52985100000114,True,2;8;12;15;36,5;7;12;13;18;20;21;31;34;37;39;43;47,False,
topk_as,nq_178,0.3333333333333333,0.6,0.8885995238465455,0.1114004761534545,0.0,0.4,0.10412300002826669,218.83832399998937,True,2;24;34;37;40,2;5;17;21;24;26;28;34;46,False,
topk_as,nq_179,,0.0,0.7177405613677103,0.28225943863228975,0.0,0.0,0.09767600022314582,239.7638200000074,False,2;3;20;23;29,,False,
topk_as,nq_180,0.75,0.6,0.8916826670281914,0.10831733297180857,0.0,0.6666666666666666,0.09885100007522851,363.6840179999581,True,1;5;8;13;33,1;5;13;41,False,
topk_as,nq_181,1.0,0.4,0.7808408263231523,0.21915917367684767,1.0,1.0,0.10505199998078751,239.5473750000292,True,5;17;30;42;48,17;30,False,
topk_as,nq_182,,0.0,0.7730803396489941,0.22691966035100586,0.0,0.0,0.09622699985811778,177.96832900012305,False,6;7;27;35;45,,False,
topk_as,nq_183,0.0,0.0,0.679884442185327,0.32011555781467305,0.0,0.4,0.09650299989516498,261.6148469999189,True,17;21;24;38;43,12;27;29;49,False,
topk_as,nq_184,0.5,0.4,0.8289451448847498,0.1710548551152502,0.0,0.25,0.09646600005908113,240.80959799994162,True,0;2;15;28;36,0;2;4;9,False,
topk_as,nq_185,,0.0,0.7388247614485597,0.2611752385514403,0.0,0.0,0.09657600003265543,303.151760999981,False,20;29;37;43;48,,False,
topk_as,nq_186,0.45454545454545453,1.0,0.870760978832607,0.12923902116739305,1.0,1.0,0.0989180000487977,199.2491130001781,True,2;7;13;22;38,0;2;6;7;13;15;18;22;34;38;49,False,
topk_as,nq_187,0.3333333333333333,0.2,0.8090706173496229,0.19092938265037707,1.0,1.0,0.1176670000404556,218.83344200000465,True,0;2;9;12;18,0;5;17,False,
topk_as,nq_188,1.0,0.2,0.70747476651404,0.29252523348596005,1.0,1.0,0.09550699996907497,219.84664499996143,True,16;25;31;33;40,40,False,
topk_as,nq_189,,0.0,0.7425523977141765,0.25744760228582353,0.0,0.0,0.09751900006449432,239.61326800008464,False,0;1;2;3;40,,False,
topk_as,nq_190,0.75,0.6,0.8298663797050783,0.17013362029492174,1.0,1.0,0.09791000002223882,200.09637600014685,True,0;3;15;19;41,0;3;15;17,False,
topk_as,nq_191,0.5555555555555556,1.0,0.8975705603313875,0.10242943966861251,1.0,1.0,0.0968110000485467,239.74937100001625,True,0;2;6;9;36,0;2;6;8;9;30;35;36;47,False,
topk_as,nq_192,1.0,0.6,0.8524286981536701,0.14757130184632994,0.0,0.0,0.09532799981570861,281.4448449998963,True,0;3;6;11;22,3;11;22,False,
topk_as,nq_193,,0.0,0.8316650553538709,0.16833494464612908,0.0,0.20000000000000004,0.09607099991626455,300.87085499985733,False,5;8;25;29;41,,False,
topk_as,nq_194,1.0,0.6,0.7357130081483589,0.26428699185164106,1.0,1.0,0.09662200000093435,281.68720500002564,True,0;1;19;30;40,0;1;19,False,
topk_as,nq_195,,0.0,0.9486185379596741,0.0513814620403259,0.0,0.0,0.09795800019674061,301.02068299993334,False,3;8;10;22;40,,False,
topk_as,nq_196,0.2857142857142857,0.8,0.7703895960752085,0.22961040392479148,0.0,0.4444444444444445,0.09404399997947621,716.0448189999897,True,0;11;12;16;46,0;1;5;6;10;12;15;16;22;26;37;38;45;46,False,
topk_as,nq_197,1.0,0.2,0.8861587196731264,0.11384128032687357,0.0,0.7499999999999999,0.10045499993793783,203.4906169999431,True,1;3;4;12;41,1,False,
topk_as,nq_198,0.35714285714285715,1.0,0.8340737711705757,0.16592622882942432,0.0,0.0,0.09625100005905551,223.14293399995222,True,4;20;21;37;45,0;1;4;5;11;12;15;16;18;20;21;37;45;48,False,
topk_as,nq_199,0.625,1.0,0.9080339424455097,0.09196605755449028,1.0,1.0,0.10850500007109076,224.65681499988932,True,1;7;9;16;17,1;7;9;11;16;17;19;45,False,
mmr_as,nq_0,0.5,0.4,0.8541128623045979,0.14588713769540207,0.0,0.8571428571428571,1.8891719998919143,462.4709869999606,True,0;1;25;32;37,0;1;4;38,False,
mmr_as,nq_1,0.5,0.6,0.7357346641611191,0.2642653358388809,0.0,0.5714285714285715,1.7501060001450242,259.86200900001677,True,0;7;30;43;48,0;1;7;9;14;30,False,
mmr_as,nq_2,0.23076923076923078,0.6,0.7073026824592535,0.29269731754074646,1.0,1.0,0.8970220001174312,176.9515579999279,True,0;1;32;40;47,0;1;6;7;16;19;22;23;32;33;35;38;45,False,
mmr_as,nq_3,0.625,1.0,0.9206778542074365,0.07932214579256347,0.0,0.0,0.8170500000233005,278.9873169999737,True,24;29;37;45;49,4;6;24;29;37;45;47;49,False,
mmr_as,nq_4,0.3,0.6,0.8652634822778797,0.13473651772212025,1.0,1.0,0.7817419998445985,178.08854600002633,True,0;10;26;29;40,0;3;7;16;24;26;27;33;40;47,False,
mmr_as,nq_5,0.0,0.0,0.8888063393982742,0.11119366060172575,0.0,0.0,0.7668210000701947,238.02589500019167,True,0;5;8;10;21,19;44,False,
mmr_as,nq_6,0.0,0.0,0.9058967500802556,0.09410324991974439,0.0,0.0,0.8547200000066368,258.6919550001312,True,0;3;5;11;12,9;33,False,
mmr_as,nq_7,,0.0,0.9030805196519799,0.09691948034802012,0.0,0.6666666666666666,0.8069739999427838,197.7441330000147,False,4;9;34;42;49,,False,
mmr_as,nq_8,,0.0,0.5902911232589947,0.4097088767410053,0.0,0.28571428571428575,0.900402000070244,238.1708999998864,False,1;7;30;38;44,,False,
mmr_as,nq_9,,0.0,0.8074523201595352,0.19254767984046484,0.0,0.5,0.6965570000829757,183.3107499999187,False,15;19;34;43;48,,False,
mmr_as,nq_10,0.2857142857142857,0.8,0.7949576893064805,0.20504231069351952,1.0,1.0,0.7619700002123864,198.92650599990702,True,5;8;11;42;46,0;1;2;3;5;8;9;11;14;17;23;36;39;42,False,
mmr_as,nq_11,1.0,0.8,0.8281666997146235,0.17183330028537647,1.0,1.0,0.7781889999023406,219.5623869999963,True,0;3;7;14;37,3;7;14;37,False,
mmr_as,nq_12,0.6666666666666666,0.4,0.8348104558803848,0.16518954411961517,0.0,0.0,0.7812960000137537,321.3181710000299,True,0;1;14;18;21,0;1;41,False,
mmr_as,nq_13,0.7142857142857143,1.0,0.8796021870085655,0.12039781299143448,1.0,1.0,0.7809190001353272,198.15415200014286,True,0;1;4;5;16,0;1;3;4;5;16;31,False,
mmr_as,nq_14,0.4,0.4,0.7685981967762856,0.2314018032237144,0.0,0.5714285714285715,0.7916350000414241,301.52222900005654,True,0;10;11;31;45,0;1;2;9;11,False,
mmr_as,nq_15,,0.0,0.6952022496850265,0.30479775031497347,0.0,0.0,0.8944420001171238,221.40550800008896,False,15;18;36;46;49,,False,
mmr_as,nq_16,0.5,0.2,0.8618908111389179,0.13810918886108214,0.0,0.7499999999999999,0.7390999999188352,238.39686699989215,True,5;7;27;42;43,4;27,False,
mmr_as,nq_17,0.2,0.2,0.8234791843263715,0.17652081567362854,1.0,1.0,0.7931170000574639,198.0257420000271,True,1;13;20;22;29,8;12;22;27;28,False,
mmr_as,nq_18,0.05263157894736842,0.2,0.8263849941803084,0.17361500581969158,0.0,0.0,0.7867510000778566,219.8667000000114,True,0;3;18;34;41,0;1;2;4;5;6;7;10;16;17;20;22;25;27;33;36;37;43;49,False,
mmr_as,nq_19,0.2,1.0,0.7832095675627189,0.21679043243728113,0.0,0.0,0.793136000083905,198.3980260001772,True,0;9;11;18;27,0;1;2;3;4;5;6;8;9;11;12;13;15;17;18;21;23;27;31;32;36;43;45;47;49,False,
mmr_as,nq_20,0.5,0.4,0.7984669162265696,0.20153308377343038,0.0,0.0,0.7798879998972552,260.38173599999936,True,0;6;9;42;44,0;21;42;48,False,
mmr_as,nq_21,0.75,0.6,0.6585921659525678,0.34140783404743225,0.0,0.33333333333333337,0.7516130001476995,305.06439199984925,True,0;1;3;37;48,0;1;3;16,False,
mmr_as,nq_22,0.3333333333333333,0.8,0.843627516521505,0.15637248347849497,0.0,0.6666666666666666,0.8505899997999222,177.76182900001913,True,0;1;3;5;26,0;3;5;12;17;22;24;26;28;31;34;48,False,
mmr_as,nq_23,0.75,0.6,0.8251881144429758,0.1748118855570242,1.0,1.0,0.6823520000125427,177.80293400005576,True,5;7;8;33;34,5;8;31;33,False,
mmr_as,nq_24,1.0,0.8,0.9102010331457286,0.08979896685427136,1.0,1.0,0.7929250000415777,201.04914800003826,True,0;1;2;4;7,0;2;4;7,False,
mmr_as,nq_25,0.25,0.6,0.7888285157577745,0.21117148424222554,0.0,0.5,0.766916999964451,217.75049300003957,True,7;15;19;43;46,0;3;5;15;19;24;34;37;41;42;43;45,False,
mmr_as,nq_26,,0.0,0.6727415658000853,0.32725843419991474,0.0,0.0,0.9265720000257716,241.14922800004024,False,8;23;29;45;46,,False,
mmr_as,nq_27,1.0,0.2,0.6235679464936871,0.3764320535063129,0.0,0.8,0.772624000092037,280.3975879999143,True,0;2;29;31;38,0,False,
mmr_as,nq_28,0.35714285714285715,1.0,0.84806005824649,0.15193994175351,0.0,0.6666666666666666,0.9252059999198536,198.7960309998016,True,0;14;31;35;40,0;1;3;11;14;15;18;25;28;31;32;35;40;45,False,
mmr_as,nq_29,0.5,0.2,0.8546793899849771,0.14532061001502294,0.0,1.0,0.8455810000214115,260.6874799998877,True,2;4;9;10;22,1;2,False,
mmr_as,nq_30,0.5,0.8,0.8532694256501344,0.14673057434986558,1.0,1.0,0.7904069998403429,280.7981830001154,True,0;1;25;27;45,0;1;3;6;10;25;27;29,False,
mmr_as,nq_31,1.0,0.2,0.8118790882970668,0.1881209117029332,1.0,1.0,0.8612649999122368,177.22392299992862,True,0;3;5;6;44,0,False,
mmr_as,nq_32,,0.0,0.8175296329548765,0.18247036704512354,0.0,0.5,0.7079530000737577,178.4209310001188,False,3;5;10;15;32,,False,
mmr_as,nq_33,0.0,0.0,0.601999529485259,0.39800047051474097,0.0,0.8,0.8021649998681823,218.74619499999426,True,5;24;28;31;39,0;6,False,
mmr_as,nq_34,0.6,0.6,0.8358643250517019,0.16413567494829806,0.0,0.0,0.7631200001014804,280.21761600007267,True,2;4;5;8;31,1;4;8;13;31,False,
mmr_as,nq_35,1.0,0.6,0.900795916497173,0.09920408350282695,1.0,1.0,0.7879190000039671,260.32039999995504,True,3;5;6;11;15,3;5;6,False,
mmr_as,nq_36,0.0,0.0,0.8117528494934467,0.18824715050655327,0.0,0.0,0.78632200006723,219.28839400015931,True,3;8;9;20;31,5;7,False,
mmr_as,nq_37,0.75,0.6,0.7393257980810525,0.2606742019189475,1.0,1.0,0.8758359999774257,259.71134000019447,True,0;3;17;30;33,0;3;23;30,False,
mmr_as,nq_38,0.2777777777777778,1.0,0.8587860043478145,0.1412139956521855,0.0,0.8,0.7890360000146757,341.66006000009475,True,0;5;6;8;11,0;1;2;3;4;5;6;7;8;11;17;19;25;26;31;33;45;47,False,
mmr_as,nq_39,0.0,0.0,0.867129358416509,0.13287064158349104,0.0,0.0,0.6907860001774679,158.68515199986177,True,0;1;13;27;41,2;3;4;6;8;10;11;15;16;19;23;33;38;40;43;44;45;47,False,
mmr_as,nq_40,,0.0,0.8863373361045189,0.11366266389548108,0.0,0.0,0.7508339999731106,443.28295299987985,False,1;6;13;30;34,,False,
mmr_as,nq_41,,0.0,0.8370735235087217,0.16292647649127834,0.0,0.0,0.7978339999681339,261.4137260000007,False,8;17;31;38;43,,False,
mmr_as,nq_42,0.75,0.6,0.8090624904723966,0.19093750952760336,1.0,1.0,0.9223819999988336,197.96214500001952,True,0;13;14;17;21,0;14;21;29,False,
mmr_as,nq_43,,0.0,0.6736776737696115,0.3263223262303885,0.0,0.0,0.6969349999508268,197.65071500000886,False,18;21;34;35;36,,False,
mmr_as,nq_44,0.0,0.0,0.8984311914956351,0.1015688085043649,0.0,0.0,0.7987449998836382,218.70412499993108,True,0;3;5;25;44,47,False,
mmr_as,nq_45,0.11904761904761904,1.0,0.8460478246279063,0.1539521753720937,0.0,0.4,0.7870309998452285,258.5916789998919,True,4;11;16;35;40,0;1;2;3;4;5;6;7;8;10;11;13;14;15;16;17;19;20;23;24;25;26;27;28;29;30;31;32;33;35;36;37;39;40;41;43;44;45;46;47;48;49,False,
mmr_as,nq_46,0.3333333333333333,0.2,0.8670275400222891,0.1329724599777109,0.0,0.22222222222222224,0.8081850000962731,280.5638289999024,True,10;12;19;20;22,8;9;12,False,
mmr_as,nq_47,0.25,0.4,0.8723644402056745,0.1276355597943255,0.0,0.0,0.94363399989561,281.3243099999454,True,2;16;19;29;36,2;6;9;22;36;38;40;43,False,
mmr_as,nq_48,0.2727272727272727,0.6,0.8434577214043735,0.15654227859562653,0.0,0.0,0.7803940000030707,259.1286580000087,True,0;1;2;3;34,0;1;2;4;6;7;9;16;18;41;47,False,
mmr_as,nq_49,0.0,0.0,0.8376098351029315,0.16239016489706848,0.0,0.5,0.6835300000602729,218.53008299990506,True,1;6;35;36;41,10;21;45,False,
mmr_as,nq_50,,0.0,0.813250396861747,0.18674960313825295,0.0,0.28571428571428575,0.865903999965667,199.06439099986528,False,1;3;12;17;28,,False,
mmr_as,nq_51,0.09523809523809523,0.4,0.8417895760075063,0.15821042399249374,1.0,1.0,0.7041080000362854,181.7035770000075,True,31;34;42;43;49,2;3;4;5;6;15;17;19;20;21;22;25;26;28;29;37;38;40;42;43;45,False,
mmr_as,nq_52,,0.0,0.6584023932835315,0.34159760671646855,0.0,0.0,0.7985150000422436,181.93869799983986,False,11;23;26;39;47,,False,
mmr_as,nq_53,0.058823529411764705,0.2,0.6656111242624461,0.33438887573755394,0.0,0.5,0.8173319999968953,246.0328560000562,True,16;17;38;44;48,0;3;4;7;9;11;13;14;22;28;34;37;41;43;44;45;46,False,
mmr_as,nq_54,0.4,0.4,0.8586250293275011,0.14137497067249893,0.0,0.0,0.8431450000898622,219.66336800005593,True,1;2;21;22;42,1;13;34;42;47,False,
mmr_as,nq_55,0.3333333333333333,0.4,0.810779937283544,0.18922006271645597,1.0,1.0,0.7309069999337225,218.73527299999296,True,3;10;15;27;46,3;13;15;18;26;37,False,
mmr_as,nq_56,,0.0,0.7758025015688833,0.2241974984311167,0.0,0.0,0.7477669998934289,187.51054800009115,False,0;12;36;40;48,,False,
mmr_as,nq_57,0.6666666666666666,0.8,0.8763986541559958,0.12360134584400417,1.0,1.0,0.8842049999202573,179.30435699986447,True,0;1;2;5;6,0;1;2;4;5;38,False,
mmr_as,nq_58,,0.0,0.6061683119352612,0.3938316880647388,0.0,0.0,0.731417999986661,260.03312299985737,False,0;1;29;38;45,,False,
mmr_as,nq_59,,0.0,0.6484230710338081,0.35157692896619186,0.0,0.28571428571428575,0.9008110000650049,241.49706899993362,False,4;21;32;33;35,,False,
mmr_as,nq_60,0.36363636363636365,0.8,0.7980892725757036,0.2019107274242964,0.0,0.5,0.7143269999687618,238.5052249999262,True,1;3;17;30;35,1;3;4;5;6;17;18;22;28;35;37,False,
mmr_as,nq_61,0.625,1.0,0.7823651760511299,0.21763482394887013,0.0,0.6666666666666666,0.8304789998874185,300.93626799998674,True,3;4;7;36;47,3;4;7;10;24;34;36;47,False,
mmr_as,nq_62,0.25,0.2,0.857893965044094,0.142106034955906,0.0,0.4,0.9050049998222676,179.22176100000797,True,4;6;9;11;14,2;11;19;20,False,
mmr_as,nq_63,0.3333333333333333,0.2,0.8693924960291743,0.13060750397082566,0.0,0.6666666666666666,0.8420489998570702,218.7973489999422,True,0;4;11;12;15,0;18;49,False,
mmr_as,nq_64,0.2727272727272727,0.6,0.8371888670370181,0.16281113296298189,0.0,0.6666666666666666,0.702374999946187,198.2206509999287,True,0;12;25;36;47,0;1;3;4;7;9;10;12;29;32;36,False,
mmr_as,nq_65,0.625,1.0,0.9032599662622462,0.09674003373775375,0.0,0.6666666666666666,0.8104349999484839,205.34342299993114,True,0;3;6;9;37,0;3;4;5;6;7;9;37,False,
mmr_as,nq_66,0.36363636363636365,0.8,0.8309820659179918,0.16901793408200816,1.0,1.0,0.9089520001452911,284.5513419999861,True,0;9;13;16;20,0;3;9;11;13;16;24;26;31;34;38,False,
mmr_as,nq_67,,0.0,0.7000849449073352,0.2999150550926648,1.0,1.0,0.8220519998758391,198.3580759999768,False,1;6;7;9;31,,False,
mmr_as,nq_68,0.0,0.0,0.8295969313161325,0.17040306868386745,0.0,0.5,0.7764259999021306,199.06330399999206,True,0;2;16;33;48,4;11,False,
mmr_as,nq_69,,0.0,0.6787632268143693,0.3212367731856307,0.0,0.0,0.8088270001280762,262.3175100000026,False,3;8;9;23;34,,False,
mmr_as,nq_70,0.0,0.0,0.7439220591915815,0.2560779408084185,0.0,0.0,0.8661909998863848,238.73261500011722,True,2;29;42;43;45,7;24,False,
mmr_as,nq_71,0.2222222222222222,0.4,0.8704958373298914,0.12950416267010856,0.0,0.6666666666666666,0.7961659998727555,200.86000000014792,True,2;23;29;31;39,0;3;5;12;14;18;22;23;29,False,
mmr_as,nq_72,0.375,0.6,0.689314424330411,0.310685575669589,0.0,0.6666666666666666,0.7839070001409709,238.91320200004884,True,0;1;27;31;43,0;1;2;3;4;11;14;43,False,
mmr_as,nq_73,1.0,0.6,0.7363225368997981,0.2636774631002019,1.0,1.0,0.8001840001270466,179.04341999997087,True,0;1;4;12;43,0;1;4,False,
mmr_as,nq_74,0.6666666666666666,0.4,0.8103143524869306,0.18968564751306938,0.0,0.5,0.8546819999537547,262.617352999996,True,4;9;11;40;47,9;40;41,False,
mmr_as,nq_75,1.0,0.8,0.7895018737987641,0.21049812620123587,1.0,1.0,0.6956750000881584,221.65337100000215,True,0;1;2;10;24,0;1;2;24,False,
mmr_as,nq_76,1.0,0.8,0.8914460782209618,0.10855392177903822,0.0,0.6666666666666666,0.7819859999926848,280.4992480000692,True,0;1;3;7;10,0;1;3;10,False,
mmr_as,nq_77,,0.0,0.5967713770919504,0.4032286229080496,0.0,0.5,0.7546649999312649,158.62446300002375,False,16;25;26;34;47,,False,
mmr_as,nq_78,0.4,0.4,0.8174135103336926,0.18258648966630742,1.0,1.0,0.7800509999924543,261.6653369998403,True,0;13;23;28;38,0;16;19;25;28,False,
mmr_as,nq_79,0.5,0.4,0.8260598644210682,0.17394013557893184,0.0,0.6666666666666666,0.7710429999860935,303.3495440001843,True,0;1;9;21;45,0;1;2;37,False,
mmr_as,nq_80,0.625,1.0,0.8628615743697811,0.13713842563021894,1.0,1.0,3.1937070000367385,251.5813810000509,True,0;4;8;13;14,0;2;3;4;7;8;13;14,False,
mmr_as,nq_81,0.0967741935483871,0.6,0.8540810978894016,0.14591890211059844,1.0,1.0,0.8011859999896842,157.85711700004867,True,0;2;8;14;32,0;1;2;3;4;5;7;8;9;10;11;12;13;15;18;23;25;26;27;28;29;31;33;35;36;37;39;41;43;45;47,False,
mmr_as,nq_82,0.3333333333333333,0.2,0.7994375719631821,0.2005624280368179,0.0,0.5,0.8135099999435624,179.16334699998515,True,3;12;18;26;27,3;5;35,False,
mmr_as,nq_83,,0.0,0.8088554754976748,0.19114452450232522,0.0,0.0,0.8503180001753208,219.83991700017214,False,1;6;7;40;46,,False,
mmr_as,nq_84,0.0,0.0,0.7048573892267427,0.2951426107732573,0.0,0.0,0.834282000141684,198.70460799984357,True,22;30;35;42;46,25,False,
mmr_as,nq_85,0.2,0.2,0.8338389629969738,0.1661610370030262,0.0,0.0,0.9025049998854229,219.5153819998268,True,4;7;18;35;37,1;3;8;37;39,False,
mmr_as,nq_86,0.2857142857142857,0.4,0.7056264494487732,0.2943735505512268,0.0,0.6666666666666666,0.6901859999288718,159.83852999988812,True,0;11;17;32;39,0;12;14;16;31;35;39,False,
mmr_as,nq_87,0.6,0.6,0.7228630715577472,0.2771369284422528,1.0,1.0,0.9082690000923321,261.16446300011376,True,0;1;4;47;49,0;1;4;12;30,False,
mmr_as,nq_88,0.6666666666666666,0.4,0.9009832539235971,0.09901674607640287,0.0,0.3333333333333333,0.7401829998343601,197.47862000008354,True,2;4;11;13;15,2;4;31,False,
mmr_as,nq_89,0.0,0.0,0.8466505197747967,0.15334948022520334,0.0,0.0,0.8075250000274536,158.30451500005438,True,6;20;27;30;35,14;22;23;25;40,False,
mmr_as,nq_90,0.6666666666666666,0.4,0.6720409069703914,0.3279590930296086,0.0,0.6666666666666666,0.8778299998084549,217.7960169999551,True,0;3;12;17;40,0;10;17,False,
mmr_as,nq_91,,0.0,0.8141987434308404,0.18580125656915958,0.0,0.6666666666666666,0.706728000068324,261.6547969998919,False,0;5;7;9;44,,False,
mmr_as,nq_92,,0.0,0.8083157425105212,0.19168425748947882,0.0,0.0,0.8504630000061297,224.97274400006972,False,0;6;8;20;35,,False,
mmr_as,nq_93,,0.0,0.6397730793955294,0.3602269206044706,0.0,0.3333333333333333,0.8393360001264227,219.44015099984426,False,0;21;28;31;42,,False,
mmr_as,nq_94,1.0,0.4,0.7936594530074729,0.20634054699252713,0.0,0.3333333333333333,0.8680549999553477,279.7945659999641,True,0;2;20;28;42,0;2,False,
mmr_as,nq_95,0.45454545454545453,1.0,0.9343623713911284,0.06563762860887157,0.0,0.0,0.8325090000198543,198.508911999852,True,0;3;4;8;26,0;3;4;8;23;26;29;35;38;43;49,False,
mmr_as,nq_96,0.75,0.6,0.7895116276864481,0.21048837231355189,0.0,0.5,0.7745640000393905,301.92903700003626,True,1;7;10;25;36,0;1;25;36,False,
mmr_as,nq_97,0.3333333333333333,0.2,0.8266711425963689,0.17332885740363113,1.0,1.0,0.8217770000555902,198.58208300001934,True,25;29;35;47;49,8;13;47,False,
mmr_as,nq_98,0.16666666666666666,0.4,0.8988366876684456,0.1011633123315544,0.0,0.0,0.7903349999196507,362.00714000005974,True,0;2;8;47;48,0;1;7;10;11;18;24;25;26;28;36;48,False,
mmr_as,nq_99,1.0,0.4,0.8100432637592965,0.18995673624070353,0.0,0.4444444444444445,0.7945540000946494,260.55848399983006,True,0;4;5;7;19,0;4,False,
mmr_as,nq_100,0.42857142857142855,0.6,0.8360494764035818,0.16395052359641815,0.0,0.0,0.773317000039242,197.88886800006367,True,5;7;17;32;45,0;2;5;17;39;43;45,False,
mmr_as,nq_101,0.3333333333333333,0.6,0.8047276893621312,0.19527231063786876,0.0,0.7499999999999999,0.7712449998962256,239.0742100001262,True,0;1;2;32;40,1;2;13;23;24;26;31;40;45,False,
mmr_as,nq_102,0.2857142857142857,0.4,0.7689874111483941,0.23101258885160592,1.0,1.0,0.779178999891883,177.08369199999652,True,2;6;21;24;44,0;2;6;16;17;26;29,False,
mmr_as,nq_103,0.0,0.0,0.8007718339191431,0.19922816608085692,0.0,0.0,0.7874390000779385,219.65186500005984,True,0;4;19;27;39,10,False,
mmr_as,nq_104,1.0,0.2,0.8686048803550269,0.13139511964497308,0.0,0.6666666666666665,0.9358970000903355,260.4149790001884,True,1;20;21;29;40,1,False,
mmr_as,nq_105,0.125,1.0,0.8114993948521869,0.18850060514781308,0.0,0.4,0.7328149999921152,304.0932649998922,True,14;30;32;35;48,0;1;2;3;4;5;6;7;8;12;13;14;15;16;17;18;19;20;22;23;25;26;27;28;29;30;32;35;36;37;38;40;41;42;44;45;46;47;48;49,False,
mmr_as,nq_106,,0.0,0.7688059856294476,0.23119401437055243,0.0,0.0,0.7891069999459432,197.8423450000264,False,9;14;19;34;46,,False,
mmr_as,nq_107,,0.0,0.8576747965199193,0.1423252034800807,0.0,0.0,0.8038410001063312,284.27379900017513,False,0;1;2;5;8,,False,
mmr_as,nq_108,0.25,0.6,0.8449188994420638,0.15508110055793622,1.0,1.0,0.9719989998302481,180.14296000001195,True,2;3;36;47;48,2;3;5;6;12;14;24;29;36;40;42;43,False,
mmr_as,nq_109,,0.0,0.7176035754780792,0.2823964245219208,0.0,0.0,0.8140699999330536,202.25818099993376,False,8;23;32;39;47,,False,
mmr_as,nq_110,,0.0,0.7834242365363743,0.21657576346362573,0.0,0.28571428571428575,0.9010769999804324,365.2507310000601,False,4;5;9;17;46,,False,
mmr_as,nq_111,,0.0,0.8960536862526371,0.10394631374736285,0.0,0.0,0.9093609999126784,221.35015599997132,False,0;16;26;27;45,,False,
mmr_as,nq_112,0.25,1.0,0.8454698279405172,0.15453017205948283,0.0,0.5,0.8996379999643977,243.44414699999106,True,2;8;17;24;26,0;1;2;3;4;5;6;7;8;9;13;15;17;24;26;29;33;38;44;49,False,
mmr_as,nq_113,0.75,0.6,0.7558929537941731,0.2441070462058269,1.0,1.0,0.9147050000137824,161.04842899994765,True,0;1;4;6;41,0;1;6;40,False,
mmr_as,nq_114,1.0,0.2,0.8434680062672809,0.1565319937327191,0.0,0.28571428571428575,0.903817999869716,243.47126700013177,True,13;19;23;30;37,37,False,
mmr_as,nq_115,0.5,0.2,0.6661133474549507,0.33388665254504934,1.0,1.0,0.8863569998993626,222.21275599986257,True,0;31;33;44;46,0;7,False,
mmr_as,nq_116,0.22727272727272727,1.0,0.9464443923215111,0.05355560767848888,0.0,0.6666666666666666,0.9110780001719831,195.94834800000172,True,0;1;2;5;8,0;1;2;3;5;8;10;12;13;23;26;27;28;29;31;33;37;39;41;42;44;47,False,
mmr_as,nq_117,1.0,0.4,0.869998445524115,0.13000155447588502,0.0,0.0,0.9257179999622167,179.87440199999583,True,3;4;10;34;49,3;4,False,
mmr_as,nq_118,,0.0,0.7283334528893339,0.27166654711066607,0.0,0.0,0.7982730001003802,403.0653939998956,False,4;6;17;29;45,,False,
mmr_as,nq_119,0.2,0.2,0.9068188569676234,0.09318114303237657,1.0,1.0,1.097072999982629,205.04091699990568,True,5;7;10;11;22,0;8;11;15;19,False,
mmr_as,nq_120,0.75,0.6,0.7968275709570267,0.20317242904297328,1.0,1.0,0.7206829998267494,198.78930700019737,True,0;4;5;16;21,0;2;4;5,False,
mmr_as,nq_121,0.23076923076923078,0.6,0.7586151175324318,0.24138488246756817,0.0,0.5714285714285715,0.7971070001531189,280.5839019999894,True,7;10;29;40;47,0;7;10;12;17;18;26;28;29;45;46;48;49,False,
mmr_as,nq_122,,0.0,0.8633568928044211,0.13664310719557893,0.0,0.6666666666666666,0.7553899999948044,220.12999800017496,False,1;2;4;12;15,,False,
mmr_as,nq_123,0.3333333333333333,0.4,0.7851761718873285,0.21482382811267153,1.0,1.0,0.7784050001191645,217.37680199998977,True,4;7;33;44;45,1;2;4;6;7;12,False,
mmr_as,nq_124,1.0,0.2,0.6947170638680114,0.30528293613198865,1.0,1.0,0.7964490000631486,199.00469100002738,True,0;3;4;42;47,4,False,
mmr_as,nq_125,0.3333333333333333,0.8,0.9008238566901084,0.09917614330989155,0.0,0.6666666666666666,0.7714880000548874,179.15124000001015,True,0;1;4;10;11,0;1;2;4;5;6;7;8;10;21;40;47,False,
mmr_as,nq_126,0.3333333333333333,0.2,0.6498175262797311,0.3501824737202689,1.0,1.0,0.7943690000047354,158.73814099995798,True,4;7;13;26;35,0;1;4,False,
mmr_as,nq_127,0.5,0.4,0.6875237374871569,0.3124762625128431,0.0,0.0,0.7861120000143274,382.13623499996174,True,0;1;26;39;40,0;1;3;7,False,
mmr_as,nq_128,0.5,0.8,0.8858979607425221,0.11410203925747786,1.0,1.0,0.7891830000517075,179.25477800008593,True,0;4;10;15;33,0;4;9;15;28;33;35;44,False,
mmr_as,nq_129,0.3333333333333333,0.6,0.7995135293357066,0.20048647066429337,1.0,1.0,0.7883210000727559,219.60186599994813,True,0;10;28;29;33,0;1;5;6;9;10;33;37;48,False,
mmr_as,nq_130,,0.0,0.816334345520449,0.18366565447955097,0.0,0.0,0.8026059999792778,198.94320599996718,False,4;12;13;26;29,,False,
mmr_as,nq_131,0.14285714285714285,0.2,0.8800038128866836,0.11999618711331639,0.0,0.0,0.8818789999622823,260.6835129997762,True,4;5;24;34;41,0;4;15;20;23;43;46,False,
mmr_as,nq_132,0.0,0.0,0.8492753708075277,0.15072462919247231,0.0,0.0,0.8159870001236413,342.780902999948,True,0;1;5;6;20,9;18;19;28,False,
mmr_as,nq_133,0.2,0.2,0.8490006223518577,0.1509993776481423,0.0,0.3333333333333333,0.6847249999282212,218.9444599998751,True,1;22;26;35;47,2;5;9;31;47,False,
mmr_as,nq_134,0.5,0.4,0.8250622533998406,0.17493774660015937,0.0,0.0,0.7902199999989534,138.17214499999864,True,1;3;6;19;32,0;3;5;6,False,
mmr_as,nq_135,0.0,0.0,0.6389181590582893,0.3610818409417107,0.0,0.0,0.786764999929801,198.96290799988492,True,4;27;32;43;47,0;20;28;38,False,
mmr_as,nq_136,1.0,0.2,0.6071440621518296,0.3928559378481704,0.0,0.5714285714285715,0.8157109998592205,383.6903760000041,True,18;19;21;22;30,21,False,
mmr_as,nq_137,0.5,0.2,0.7416505241352646,0.25834947586473545,0.0,0.2857142857142857,0.779945999966003,689.8706560000392,True,0;4;8;40;41,0;3,False,
mmr_as,nq_138,,0.0,0.8073466658349734,0.1926533341650266,0.0,0.0,0.7576069999686297,282.5309689999358,False,5;18;25;37;39,,False,
mmr_as,nq_139,,0.0,0.6671210962282819,0.33287890377171814,0.0,0.0,0.7865640000090934,321.8685079998522,False,0;3;5;6;40,,False,
mmr_as,nq_140,1.0,0.4,0.8715623286380101,0.1284376713619899,1.0,1.0,0.9190389998821047,260.682407999866,True,1;6;7;16;21,1;6,False,
mmr_as,nq_141,0.15625,1.0,0.8469424092156383,0.15305759078436165,0.0,0.0,0.6969959999878483,197.80396699979974,True,14;24;33;35;45,2;3;5;7;11;13;14;16;18;19;20;21;22;23;24;25;26;29;30;31;32;33;34;35;36;37;39;44;45;46;47;48,False,
mmr_as,nq_142,0.125,1.0,0.8491524205466202,0.1508475794533798,0.0,0.0,0.7740089999970223,280.09357200016893,True,4;6;10;37;41,0;1;2;3;4;5;6;7;8;9;10;11;12;13;14;15;16;17;18;19;20;21;22;23;24;25;26;28;30;31;36;37;39;41;42;43;44;45;47;49,False,
mmr_as,nq_143,0.6666666666666666,0.4,0.7899889180507419,0.2100110819492581,1.0,1.0,0.7627190000221162,281.9526630000837,True,8;15;26;45;47,6;26;47,False,
mmr_as,nq_144,0.19047619047619047,0.8,0.8556489145662722,0.14435108543372777,0.0,0.8,0.7784829999764042,198.64355899994735,True,12;21;36;37;43,0;1;3;4;5;6;8;11;12;20;21;22;28;29;36;39;40;41;43;45;48,False,
mmr_as,nq_145,0.0,0.0,0.7764067389123263,0.22359326108767374,0.0,0.0,0.7770509998863417,237.82968399996207,True,1;18;21;25;33,8,False,
mmr_as,nq_146,0.5714285714285714,0.8,0.8248666771032273,0.17513332289677275,1.0,1.0,0.8066020000114804,219.33301399985794,True,2;9;14;22;46,2;6;8;9;14;22;33,False,
mmr_as,nq_147,0.8,0.8,0.7848343231225374,0.21516567687746257,1.0,1.0,0.8072569999058032,279.9197179999737,True,0;6;11;16;40,0;6;8;11;40,False,
mmr_as,nq_148,0.6666666666666666,0.8,0.888906527348183,0.11109347265181702,0.0,0.5714285714285715,0.8026109999264008,290.5263150000792,True,0;1;6;11;22,0;1;4;6;17;22,False,
mmr_as,nq_149,1.0,0.4,0.8490293243660301,0.15097067563396993,0.0,0.28571428571428575,0.7751339999231277,300.5818110000291,True,2;4;6;12;38,2;4,False,
mmr_as,nq_150,,0.0,0.770842787880575,0.22915721211942497,0.0,0.0,0.8385979999729898,239.66375300005893,False,1;8;31;36;37,,False,
mmr_as,nq_151,0.3333333333333333,0.4,0.8791730666282416,0.12082693337175843,0.0,0.5,0.779322999960641,259.80060100005176,True,0;1;4;10;22,4;6;18;22;28;38,False,
mmr_as,nq_152,1.0,0.4,0.8571879021623257,0.14281209783767435,0.0,0.8,0.8174000001872628,199.80463199999576,True,0;1;2;6;20,0;1,False,
mmr_as,nq_153,0.3333333333333333,0.2,0.714457457785393,0.28554254221460695,1.0,1.0,0.7939810000152647,197.3875409998982,True,2;11;12;30;46,0;1;46,False,
mmr_as,nq_154,,0.0,0.9103907119541519,0.08960928804584811,0.0,0.0,0.7720049998169998,239.52397799985192,False,0;2;9;10;42,,False,
mmr_as,nq_155,,0.0,0.7260197476600263,0.2739802523399737,0.0,0.0,0.7888889999776438,279.85804300010386,False,16;18;22;33;42,,False,
mmr_as,nq_156,0.1875,0.6,0.8825600566606789,0.11743994333932106,0.0,0.6666666666666666,0.7937069999570667,198.03287600007025,True,1;3;7;9;16,0;3;4;5;6;7;8;14;16;17;24;27;39;42;43;49,False,
mmr_as,nq_157,1.0,0.6,0.7334756663665919,0.2665243336334081,0.0,0.5,2.819640000097934,217.86611199991057,True,0;1;31;43;49,0;1;49,False,
mmr_as,nq_158,,0.0,0.6838196693394162,0.3161803306605838,0.0,0.0,0.7950199999413599,259.4046780000099,False,7;14;22;25;40,,False,
mmr_as,nq_159,0.0,0.0,0.7145377569418242,0.2854622430581758,0.0,0.0,0.7689079998272064,179.28458899996258,True,15;17;25;27;40,32;49,False,
mmr_as,nq_160,1.0,0.2,0.7518076664751785,0.2481923335248215,0.0,0.0,0.867392999907679,240.8402250000563,True,4;5;12;25;48,4,False,
mmr_as,nq_161,0.2,0.2,0.7638582694655023,0.23614173053449772,0.0,0.22222222222222224,0.6905380000716832,279.52443999993193,True,2;31;33;36;44,2;12;21;25;32,False,
mmr_as,nq_162,1.0,0.8,0.7827820481251692,0.21721795187483084,1.0,1.0,0.785350000114704,241.8594309999662,True,1;4;6;17;46,1;4;17;46,False,
mmr_as,nq_163,,0.0,0.6861305176305011,0.31386948236949885,0.0,0.8,0.7830460001514439,200.05885199998374,False,1;2;4;24;48,,False,
mmr_as,nq_164,1.0,0.4,0.7668622136092187,0.2331377863907813,0.0,0.0,0.7980730001690972,221.83125700007622,True,0;4;32;40;49,4;32,False,
mmr_as,nq_165,0.75,0.6,0.7921364222232128,0.2078635777767872,1.0,1.0,0.8475759998418653,222.3766209999667,True,3;5;11;12;17,0;3;5;12,False,
mmr_as,nq_166,0.6666666666666666,0.4,0.8613622458046943,0.13863775419530566,1.0,1.0,0.7882040001732094,279.46915600000466,True,0;2;4;11;12,0;1;2,False,
mmr_as,nq_167,0.6666666666666666,0.4,0.8579604624637376,0.14203953753626242,1.0,1.0,0.7756140000765299,217.45339600010993,True,2;4;18;24;26,4;5;24,False,
mmr_as,nq_168,0.2,0.2,0.811975466054936,0.18802453394506402,0.0,0.3333333333333333,0.795295999978407,281.9426430000931,True,4;5;14;21;31,0;4;17;19;39,False,
mmr_as,nq_169,0.0,0.0,0.8296911461585038,0.1703088538414962,0.0,0.5,0.8942650001699803,198.73742099980518,True,5;9;42;48;49,0;1;4;6;8;15;17;18;19;20;22;25;31;33;41;44;46,False,
mmr_as,nq_170,0.16666666666666666,0.2,0.8897376750688764,0.11026232493112365,0.0,0.4,0.7277170000179467,261.93768300004194,True,0;2;4;7;12,0;1;5;8;21;45,False,
mmr_as,nq_171,0.375,0.6,0.8679737544708658,0.13202624552913422,0.0,0.8,0.8028690001538052,205.9019600001193,True,2;16;24;27;42,2;4;6;15;24;32;42;44,False,
mmr_as,nq_172,,0.0,0.6488765919871285,0.35112340801287145,0.0,0.0,0.8030850001432555,179.54730199994628,False,8;34;46;47;49,,False,
mmr_as,nq_173,1.0,0.4,0.8904616751255251,0.1095383248744749,1.0,1.0,0.8029699999951845,179.36626999994587,True,0;1;2;3;29,0;1,False,
mmr_as,nq_174,0.3333333333333333,0.6,0.8105775755463419,0.1894224244536581,1.0,1.0,0.8023180000691355,262.4325400001908,True,0;3;6;10;12,0;2;6;8;9;12;17;28;45,False,
mmr_as,nq_175,0.25,0.6,0.7454957667800279,0.25450423321997206,0.0,0.6,0.756316999968476,408.76157600018814,True,0;8;13;22;25,0;1;2;3;4;5;6;8;17;22;23;44,False,
mmr_as,nq_176,,0.0,0.7135515943433097,0.2864484056566903,0.0,0.0,0.8100299999114213,201.3939930000106,False,0;2;8;37;49,,False,
mmr_as,nq_177,0.07692307692307693,0.2,0.802719988864865,0.19728001113513505,0.0,0.0,0.9007999999539607,262.6821229998768,True,8;12;15;17;36,5;7;12;13;18;20;21;31;34;37;39;43;47,False,
mmr_as,nq_178,0.3333333333333333,0.6,0.832698252625508,0.167301747374492,0.0,0.4,0.716979000117135,219.83339400003388,True,2;24;37;40;46,2;5;17;21;24;26;28;34;46,False,
mmr_as,nq_179,,0.0,0.6033081320931302,0.39669186790686983,0.0,0.0,1.0936179999134765,219.906452000032,False,3;17;18;19;20,,False,
mmr_as,nq_180,0.25,0.2,0.8488108677187511,0.15118913228124886,0.0,0.6666666666666666,0.7612720000906847,366.1561960000199,True,1;9;10;14;40,1;5;13;41,False,
mmr_as,nq_181,1.0,0.4,0.7808408263231523,0.21915917367684767,1.0,1.0,1.8485589998817886,238.55406899997433,True,5;17;30;42;48,17;30,False,
mmr_as,nq_182,,0.0,0.7001796546644534,0.2998203453355466,0.0,0.0,0.7707660001869954,178.0694050000875,False,1;20;35;39;45,,False,
mmr_as,nq_183,0.0,0.0,0.6426260933758592,0.3573739066241408,0.0,0.3333333333333333,0.8259759999873495,239.92869199992128,True,17;21;35;38;43,12;27;29;49,False,
mmr_as,nq_184,0.5,0.4,0.8289451448847498,0.1710548551152502,0.0,0.25,0.7878569999775209,240.30685299999277,True,0;2;15;28;36,0;2;4;9,False,
mmr_as,nq_185,,0.0,0.6993636784822674,0.30063632151773256,0.0,0.0,0.8010309998098819,262.52345600005356,False,20;25;37;43;48,,False,
mmr_as,nq_186,0.36363636363636365,0.8,0.8360722044981796,0.16392779550182035,1.0,1.0,0.8284280002044397,198.99717799989958,True,2;7;22;23;38,0;2;6;7;13;15;18;22;34;38;49,False,
mmr_as,nq_187,0.3333333333333333,0.2,0.7441082806969564,0.25589171930304355,1.0,1.0,0.7943339999201271,218.0632259999129,True,0;2;9;12;19,0;5;17,False,
mmr_as,nq_188,1.0,0.2,0.631432983146411,0.36856701685358895,1.0,1.0,0.7511100000101578,219.16326999985358,True,29;32;40;42;43,40,False,
mmr_as,nq_189,,0.0,0.623057773785337,0.376942226214663,0.0,0.0,0.825780000013765,219.82699199998024,False,0;1;9;33;42,,False,
mmr_as,nq_190,0.75,0.6,0.8298663797050783,0.17013362029492174,1.0,1.0,0.7657869998638489,199.54295899992758,True,0;3;15;19;41,0;3;15;17,False,
mmr_as,nq_191,0.5555555555555556,1.0,0.8629038770465417,0.1370961229534583,1.0,1.0,0.8128879999276251,240.2596919998814,True,0;8;9;35;36,0;2;6;8;9;30;35;36;47,False,
mmr_as,nq_192,0.3333333333333333,0.2,0.7431725011471648,0.2568274988528352,0.0,0.0,0.765038000054119,199.56457300008879,True,0;3;6;26;34,3;11;22,False,
mmr_as,nq_193,,0.0,0.8316650553538709,0.16833494464612908,0.0,0.20000000000000004,0.7795240001087222,301.26372299992,False,5;8;25;29;41,,False,
mmr_as,nq_194,1.0,0.6,0.7197537680083782,0.2802462319916218,1.0,1.0,0.8260209999662038,281.207115999905,True,0;1;15;19;40,0;1;19,False,
mmr_as,nq_195,,0.0,0.9486185379596741,0.0513814620403259,0.0,0.0,2.580653999984861,302.4347249997845,False,3;8;10;22;40,,False,
mmr_as,nq_196,0.2857142857142857,0.8,0.7703895960752085,0.22961040392479148,0.0,0.4444444444444445,0.7676610000544315,696.7791980000584,True,0;11;12;16;46,0;1;5;6;10;12;15;16;22;26;37;38;45;46,False,
mmr_as,nq_197,1.0,0.2,0.8861587196731264,0.11384128032687357,0.0,0.7499999999999999,0.8243190000030154,199.57460000000538,True,1;3;4;12;41,1,False,
mmr_as,nq_198,0.35714285714285715,1.0,0.8340737711705757,0.16592622882942432,0.0,0.0,0.8089689999906113,221.34260600000744,True,4;20;21;37;45,0;1;4;5;11;12;15;16;18;20;21;37;45;48,False,
mmr_as,nq_199,0.25,0.4,0.8415035732874714,0.15849642671252862,1.0,1.0,0.8221799998864299,239.07195800006775,True,1;8;10;17;34,1;7;9;11;16;17;19;45,False,
