configuration,question_id,recall,precision,redundancy,diversity,em,f1,selection_time_ms,generation_time_ms,retrieval_hit,selected_ranks,gold_ranks
qore_dpr,nq_0,0.75,0.6,0.8820913502054196,0.11790864979458038,0.0,0.8571428571428571,12.777369999867005,513.9131980001821,True,0;1;2;3;4,0;1;4;38
qore_dpr,nq_1,0.3333333333333333,0.4,0.8803520995973184,0.11964790040268158,0.0,0.5714285714285715,11.287114000197107,262.7680230000351,True,0;1;2;6;8,0;1;7;9;14;30
qore_dpr,nq_2,0.15384615384615385,0.4,0.7596790521849467,0.2403209478150533,1.0,1.0,11.29655499994442,174.78682099999787,True,0;1;2;3;13,0;1;6;7;16;19;22;23;32;33;35;38;45
qore_dpr,nq_3,0.125,0.2,0.8917927999498925,0.10820720005010753,0.0,0.0,11.24197599983745,282.4332459999823,True,0;1;2;3;4,4;6;24;29;37;45;47;49
qore_dpr,nq_4,0.2,0.4,0.8353656647314311,0.16463433526856885,1.0,1.0,11.304258000109257,178.0852279998726,True,0;1;2;3;8,0;3;7;16;24;26;27;33;40;47
qore_dpr,nq_5,0.0,0.0,0.8784629868006988,0.12153701319930121,0.0,0.0,11.266947999956756,284.43019699989236,True,0;1;2;3;6,19;44
qore_dpr,nq_6,0.0,0.0,0.8241135593668799,0.1758864406331201,0.0,0.0,11.203800999965097,259.1108350000013,True,0;1;2;3;6,9;33
qore_dpr,nq_7,,0.0,0.8771192610803183,0.12288073891968165,0.0,0.6666666666666666,11.027978999891275,217.58426199994574,False,0;1;2;3;4,
qore_dpr,nq_8,,0.0,0.6163735739468986,0.3836264260531014,0.0,0.3333333333333333,11.31035499997779,220.14426500004447,False,0;1;2;3;6,
qore_dpr,nq_9,,0.0,0.7518974836728525,0.24810251632714753,0.0,0.0,11.606891000155883,220.09816900003898,False,0;2;3;4;8,
qore_dpr,nq_10,0.2857142857142857,0.8,0.8279995304100674,0.17200046958993265,1.0,1.0,11.099170000079539,196.8772209997951,True,0;1;2;4;5,0;1;2;3;5;8;9;11;14;17;23;36;39;42
qore_dpr,nq_11,0.25,0.2,0.7156764214990264,0.28432357850097356,1.0,1.0,11.159009000039077,220.21251699993627,True,0;1;2;3;5,3;7;14;37
qore_dpr,nq_12,0.6666666666666666,0.4,0.8111818883957487,0.18881811160425133,0.0,0.0,11.127593999844976,327.7087480000773,True,0;1;2;3;6,0;1;41
qore_dpr,nq_13,0.42857142857142855,0.6,0.7550997581995318,0.2449002418004682,1.0,1.0,11.072015000081592,182.03028500010987,True,0;1;2;3;10,0;1;3;4;5;16;31
qore_dpr,nq_14,0.6,0.6,0.8059254078152929,0.19407459218470713,0.0,0.5714285714285715,11.169769000161978,302.2619390001182,True,0;1;2;3;14,0;1;2;9;11
qore_dpr,nq_15,,0.0,0.6953146986725226,0.3046853013274774,0.0,0.0,11.084459000130664,218.86570599986044,False,0;1;2;3;4,
qore_dpr,nq_16,0.5,0.2,0.8438226144853432,0.15617738551465676,0.0,0.7499999999999999,10.89263500011839,220.44168799993713,True,0;1;2;4;6,4;27
qore_dpr,nq_17,0.0,0.0,0.7429599703741872,0.25704002962581285,0.0,0.0,11.073921999923186,173.19608299999345,True,0;2;3;6;7,8;12;22;27;28
qore_dpr,nq_18,0.21052631578947367,0.8,0.8245267216477983,0.17547327835220172,0.0,0.0,11.022461000038675,238.17661399993995,True,0;1;2;3;6,0;1;2;4;5;6;7;10;16;17;20;22;25;27;33;36;37;43;49
qore_dpr,nq_19,0.16,0.8,0.7912520839063701,0.20874791609362986,0.0,0.0,10.978430999784905,194.96180100009042,True,0;1;2;3;7,0;1;2;3;4;5;6;8;9;11;12;13;15;17;18;21;23;27;31;32;36;43;45;47;49
qore_dpr,nq_20,0.25,0.2,0.8764251243929051,0.1235748756070949,0.0,0.0,11.111780999954135,282.19630600005985,True,0;1;2;3;4,0;21;42;48
qore_dpr,nq_21,0.75,0.6,0.7192452280745296,0.2807547719254704,0.0,0.4,10.915573999909611,282.72473100014395,True,0;1;2;3;5,0;1;3;16
qore_dpr,nq_22,0.08333333333333333,0.2,0.7723352067657572,0.22766479323424282,0.0,0.6666666666666666,11.68147999987923,175.66891499996018,True,0;1;2;4;6,0;3;5;12;17;22;24;26;28;31;34;48
qore_dpr,nq_23,0.0,0.0,0.8662834720146474,0.1337165279853526,0.0,0.5,11.004155999899012,175.33466999998382,True,0;1;2;3;4,5;8;31;33
qore_dpr,nq_24,0.5,0.4,0.8103952440175419,0.18960475598245807,1.0,1.0,11.315063999973063,219.31147800000872,True,0;1;2;5;8,0;2;4;7
qore_dpr,nq_25,0.25,0.6,0.8267368432842449,0.1732631567157551,0.0,0.5,10.963682000010522,217.7311569998892,True,0;1;2;3;5,0;3;5;15;19;24;34;37;41;42;43;45
qore_dpr,nq_26,,0.0,0.6584346864891085,0.3415653135108915,0.0,0.0,11.280605999900217,242.02771600016604,False,0;1;3;4;6,
qore_dpr,nq_27,1.0,0.2,0.6808627558900436,0.31913724410995636,0.0,0.5,11.335682999970231,234.8532690000411,True,0;1;2;3;7,0
qore_dpr,nq_28,0.21428571428571427,0.6,0.8464318135940946,0.15356818640590542,0.0,0.6666666666666666,11.606819000007818,197.43553499984046,True,0;1;2;3;4,0;1;3;11;14;15;18;25;28;31;32;35;40;45
qore_dpr,nq_29,1.0,0.4,0.8720137120107891,0.12798628798921086,0.0,1.0,11.09365299998899,262.3945640000329,True,0;1;2;4;6,1;2
qore_dpr,nq_30,0.25,0.4,0.7804753557795436,0.21952464422045637,1.0,1.0,11.277715999995053,281.2135050000961,True,0;1;2;5;7,0;1;3;6;10;25;27;29
qore_dpr,nq_31,1.0,0.2,0.7449614566360175,0.25503854336398246,1.0,1.0,11.240637999890168,196.0294390000854,True,0;1;2;4;9,0
qore_dpr,nq_32,,0.0,0.8067421193815466,0.1932578806184534,0.0,0.5,11.118115000044781,196.88518900011331,False,0;1;2;3;4,
qore_dpr,nq_33,0.5,0.2,0.6553419461072959,0.3446580538927041,0.0,0.0,11.145251000016287,259.414095000011,True,0;1;2;3;8,0;6
qore_dpr,nq_34,0.4,0.4,0.8390498889909835,0.16095011100901646,0.0,0.0,11.013041000069279,282.1304599999621,True,0;1;2;3;4,1;4;8;13;31
qore_dpr,nq_35,0.3333333333333333,0.2,0.8627003113089223,0.13729968869107767,1.0,1.0,11.349482000014177,260.58591399987563,True,0;1;2;3;4,3;5;6
qore_dpr,nq_36,0.5,0.2,0.8449364177361037,0.15506358226389627,0.0,0.0,11.26950200000465,284.7021089999089,True,0;1;2;5;6,5;7
qore_dpr,nq_37,0.5,0.4,0.7561810549288882,0.2438189450711118,1.0,1.0,11.30890200010981,284.1105720001451,True,0;1;2;3;5,0;3;23;30
qore_dpr,nq_38,0.2222222222222222,0.8,0.7992060470381711,0.2007939529618289,0.0,0.8,11.227791999999681,346.0024720000092,True,0;1;2;3;9,0;1;2;3;4;5;6;7;8;11;17;19;25;26;31;33;45;47
qore_dpr,nq_39,0.16666666666666666,0.6,0.8706747374338544,0.12932526256614563,0.0,0.5,11.221411999940756,196.95210899999438,True,0;1;2;3;4,2;3;4;6;8;10;11;15;16;19;23;33;38;40;43;44;45;47
qore_dpr,nq_40,,0.0,0.9233831239719936,0.07661687602800638,0.0,0.0,11.19286099992678,324.3790110000191,False,0;1;2;3;4,
qore_dpr,nq_41,,0.0,0.8224332078537214,0.17756679214627857,0.0,0.0,11.202333000028375,241.67011000008642,False,0;1;2;3;7,
qore_dpr,nq_42,0.5,0.4,0.8011895612771376,0.19881043872286241,1.0,1.0,11.286559000154739,201.37124899997616,True,0;1;2;8;14,0;14;21;29
qore_dpr,nq_43,,0.0,0.7182174518386404,0.2817825481613596,0.0,0.0,11.257672000056118,281.5040850000514,False,0;1;2;3;4,
qore_dpr,nq_44,0.0,0.0,0.9086247083426979,0.09137529165730207,0.0,0.0,11.162888999933784,196.2562749999961,True,0;1;2;3;4,47
qore_dpr,nq_45,0.11904761904761904,1.0,0.9172957819190055,0.08270421808099448,0.0,0.4,11.191542999995363,274.49627300006796,True,0;1;2;3;4,0;1;2;3;4;5;6;7;8;10;11;13;14;15;16;17;19;20;23;24;25;26;27;28;29;30;31;32;33;35;36;37;39;40;41;43;44;45;46;47;48;49
qore_dpr,nq_46,0.0,0.0,0.9358387436284357,0.06416125637156433,0.0,0.0,11.391011000114304,264.35747100003937,True,0;1;2;3;4,8;9;12
qore_dpr,nq_47,0.125,0.2,0.901395502498428,0.09860449750157196,0.0,0.33333333333333337,11.365758000010828,310.76893899989955,True,0;1;2;3;4,2;6;9;22;36;38;40;43
qore_dpr,nq_48,0.2727272727272727,0.6,0.8646392887618315,0.1353607112381685,0.0,0.0,11.23333200007437,173.28862099998332,True,0;1;2;3;5,0;1;2;4;6;7;9;16;18;41;47
qore_dpr,nq_49,0.0,0.0,0.7818707215220047,0.21812927847799535,0.0,0.5,11.239454000133264,240.51411999994343,True,0;1;2;3;4,10;21;45
qore_dpr,nq_50,,0.0,0.7765335840161949,0.22346641598380512,0.0,0.0,11.315052000099968,305.1565890000347,False,0;1;2;3;6,
qore_dpr,nq_51,0.14285714285714285,0.6,0.9061749554822892,0.09382504451771079,1.0,1.0,11.280830000032438,175.26290800014976,True,0;1;2;3;4,2;3;4;5;6;15;17;19;20;21;22;25;26;28;29;37;38;40;42;43;45
qore_dpr,nq_52,,0.0,0.6721045106664618,0.3278954893335382,0.0,0.0,11.438443000088228,156.6676610000286,False,0;1;2;4;9,
qore_dpr,nq_53,0.11764705882352941,0.4,0.7683149975396713,0.23168500246032875,0.0,0.6666666666666666,11.373035999895365,243.58927599996605,True,0;1;2;3;5,0;3;4;7;9;11;13;14;22;28;34;37;41;43;44;45;46
qore_dpr,nq_54,0.2,0.2,0.897658019887998,0.10234198011200202,0.0,0.0,11.222296000141796,241.71027399984268,True,0;1;2;3;4,1;13;34;42;47
qore_dpr,nq_55,0.16666666666666666,0.2,0.88525619683694,0.11474380316305999,0.0,0.25,11.170054999865897,285.43854600002305,True,0;1;2;3;4,3;13;15;18;26;37
qore_dpr,nq_56,,0.0,0.8101760462692671,0.1898239537307329,0.0,0.0,11.309891000109928,176.32995799999662,False,0;1;2;3;4,
qore_dpr,nq_57,0.6666666666666666,0.8,0.7616142827124415,0.23838571728755853,1.0,1.0,11.072833999833165,175.95364899989363,True,0;1;2;4;8,0;1;2;4;5;38
qore_dpr,nq_58,,0.0,0.6768614539271851,0.3231385460728149,0.0,0.0,11.095264000005045,264.2291340000611,False,0;1;2;3;9,
qore_dpr,nq_59,,0.0,0.6788711204982768,0.3211288795017232,0.0,0.0,11.244945000044027,329.0762199999335,False,0;1;2;4;8,
qore_dpr,nq_60,0.18181818181818182,0.4,0.8178505417605344,0.1821494582394656,0.0,0.5,11.058589999947799,240.32409200003713,True,0;1;2;3;7,1;3;4;5;6;17;18;22;28;35;37
qore_dpr,nq_61,0.125,0.2,0.8737864046993622,0.1262135953006378,1.0,1.0,11.043317000030584,179.03931700016074,True,0;1;2;3;8,3;4;7;10;24;34;36;47
qore_dpr,nq_62,0.25,0.2,0.8619709981306567,0.1380290018693433,1.0,1.0,11.086660000046322,217.69897700005458,True,0;1;2;3;8,2;11;19;20
qore_dpr,nq_63,0.3333333333333333,0.2,0.791191609055085,0.208808390944915,0.0,0.6666666666666666,11.07582800000273,218.85536800004957,True,0;1;2;5;13,0;18;49
qore_dpr,nq_64,0.2727272727272727,0.6,0.7644331785007598,0.23556682149924024,0.0,0.6666666666666666,11.412939999900118,200.66214700000273,True,0;1;2;4;5,0;1;3;4;7;9;10;12;29;32;36
qore_dpr,nq_65,0.25,0.4,0.8461332777756428,0.15386672222435716,0.0,0.6666666666666666,11.24044700009108,157.15930499982278,True,0;1;2;4;10,0;3;4;5;6;7;9;37
qore_dpr,nq_66,0.18181818181818182,0.4,0.7837403587442957,0.2162596412557043,1.0,1.0,11.267624999845793,284.55705200008197,True,0;1;2;3;6,0;3;9;11;13;16;24;26;31;34;38
qore_dpr,nq_67,,0.0,0.7214440698078937,0.27855593019210634,1.0,1.0,11.11416700018708,154.36376500019833,False,0;1;2;3;5,
qore_dpr,nq_68,0.5,0.2,0.8397082391964847,0.16029176080351526,0.0,0.5,11.012657000037507,196.2774260000515,True,0;1;2;3;4,4;11
qore_dpr,nq_69,,0.0,0.6653095877259281,0.3346904122740719,0.0,0.0,10.94703099988692,221.32745199996862,False,0;1;2;4;7,
qore_dpr,nq_70,0.0,0.0,0.7739840902004268,0.2260159097995732,0.0,0.0,11.025831000097241,195.90028700008588,True,0;1;2;5;8,7;24
qore_dpr,nq_71,0.3333333333333333,0.6,0.8638184982927836,0.13618150170721643,0.0,0.4,11.01139599995804,306.05697300006796,True,0;1;2;3;5,0;3;5;12;14;18;22;23;29
qore_dpr,nq_72,0.375,0.6,0.7477190978414857,0.2522809021585143,0.0,0.6666666666666666,11.210666000124547,240.96983100002944,True,0;1;2;5;13,0;1;2;3;4;11;14;43
qore_dpr,nq_73,0.6666666666666666,0.4,0.7166004873766265,0.2833995126233735,1.0,1.0,11.185497000042233,176.47653600010926,True,0;1;2;3;5,0;1;4
qore_dpr,nq_74,0.0,0.0,0.8400180604550116,0.1599819395449884,0.0,0.0,11.196397000048819,216.81931399984933,True,0;1;2;3;4,9;40;41
qore_dpr,nq_75,0.75,0.6,0.7694442076430089,0.23055579235699108,1.0,1.0,11.282662999974491,219.67327000015757,True,0;1;2;3;8,0;1;2;24
qore_dpr,nq_76,0.75,0.6,0.8097106021507893,0.19028939784921073,0.0,0.5714285714285715,10.958048000020426,281.7827680000846,True,0;1;2;3;4,0;1;3;10
qore_dpr,nq_77,,0.0,0.6864237928790476,0.31357620712095235,0.0,0.0,11.113608999949065,476.9564960001844,False,0;1;2;5;6,
qore_dpr,nq_78,0.2,0.2,0.7923259453782162,0.2076740546217838,1.0,1.0,11.15770599994903,262.3736349999035,True,0;1;2;7;10,0;16;19;25;28
qore_dpr,nq_79,0.5,0.4,0.7818709015288574,0.2181290984711426,0.0,0.6666666666666666,11.071953000055146,303.6116190000939,True,0;1;3;5;11,0;1;2;37
qore_dpr,nq_80,0.25,0.4,0.7939537851526144,0.2060462148473856,1.0,1.0,11.100112000121953,240.47863999999208,True,0;1;4;5;6,0;2;3;4;7;8;13;14
qore_dpr,nq_81,0.16129032258064516,1.0,0.8591748900644903,0.14082510993550967,0.0,0.5,11.020362999943245,216.52654099989377,True,0;1;2;3;4,0;1;2;3;4;5;7;8;9;10;11;12;13;15;18;23;25;26;27;28;29;31;33;35;36;37;39;41;43;45;47
qore_dpr,nq_82,0.3333333333333333,0.2,0.8542569174493255,0.14574308255067447,0.0,0.5,10.969839999916076,176.58818200015958,True,0;1;2;3;7,3;5;35
qore_dpr,nq_83,,0.0,0.7673386916765157,0.2326613083234843,0.0,0.0,11.051095000084388,197.10297799997534,False,0;1;2;3;4,
qore_dpr,nq_84,0.0,0.0,0.7875464684293588,0.21245353157064117,0.0,0.0,11.025561999986166,260.9933100000035,True,0;1;2;3;7,25
qore_dpr,nq_85,0.2,0.2,0.8755776190935493,0.12442238090645075,0.0,0.0,11.057345999915924,216.3137589998314,True,0;1;2;4;5,1;3;8;37;39
qore_dpr,nq_86,0.14285714285714285,0.2,0.7490657553217585,0.25093424467824155,0.0,0.6666666666666666,10.98073100001784,153.40817700007392,True,0;1;2;3;9,0;12;14;16;31;35;39
qore_dpr,nq_87,0.4,0.4,0.7454083193913903,0.2545916806086097,1.0,1.0,11.186070999883668,259.423464000065,True,0;1;2;3;5,0;1;4;12;30
qore_dpr,nq_88,0.3333333333333333,0.2,0.8973337727553758,0.10266622724462415,0.0,0.0,11.051007000105528,258.67669600006593,True,0;1;2;3;5,2;4;31
qore_dpr,nq_89,0.0,0.0,0.900182813793446,0.099817186206554,0.0,0.0,11.057859999937136,216.6545990000941,True,0;1;2;3;4,14;22;23;25;40
qore_dpr,nq_90,0.3333333333333333,0.2,0.6886996322206482,0.31130036777935177,0.0,0.6666666666666666,11.026045999869893,215.99893600000541,True,0;1;2;3;5,0;10;17
qore_dpr,nq_91,,0.0,0.8286090304953792,0.17139096950462085,0.0,0.6666666666666666,11.424678999901516,261.0666800001127,False,0;1;2;5;9,
qore_dpr,nq_92,,0.0,0.738738503749375,0.261261496250625,0.0,0.0,11.008388999925955,217.02203499989992,False,0;1;2;3;4,
qore_dpr,nq_93,,0.0,0.6955513679978301,0.30444863200216987,0.0,0.3333333333333333,10.956349999787562,216.4467650000006,False,0;1;2;3;7,
qore_dpr,nq_94,1.0,0.4,0.7457016371502998,0.2542983628497002,0.0,0.3333333333333333,11.10689100005402,280.88364800009913,True,0;1;2;3;6,0;2
qore_dpr,nq_95,0.2727272727272727,0.6,0.920431498484179,0.07956850151582096,0.0,0.4,11.005688000068403,236.82892000010725,True,0;1;2;3;4,0;3;4;8;23;26;29;35;38;43;49
qore_dpr,nq_96,0.5,0.4,0.8483491357700202,0.15165086422997975,1.0,1.0,11.04141099995104,175.2121449999322,True,0;1;2;3;5,0;1;25;36
qore_dpr,nq_97,0.0,0.0,0.7532229284627909,0.24677707153720907,0.0,0.0,11.05606800001624,218.3741189999182,True,0;1;2;3;7,8;13;47
qore_dpr,nq_98,0.25,0.6,0.8334742395196713,0.16652576048032874,0.0,0.4,10.957103000009738,322.503185999949,True,0;1;2;3;11,0;1;7;10;11;18;24;25;26;28;36;48
qore_dpr,nq_99,1.0,0.4,0.8356472042205324,0.1643527957794676,0.0,0.6666666666666666,11.152428000059444,196.67548200004603,True,0;1;2;3;4,0;4
qore_dpr,nq_100,0.42857142857142855,0.6,0.8368112340578362,0.1631887659421638,0.0,0.0,11.075366999875769,198.2047760000114,True,0;1;2;4;5,0;2;5;17;39;43;45
qore_dpr,nq_101,0.2222222222222222,0.4,0.8192528473776607,0.1807471526223393,0.0,0.7499999999999999,10.981746000197745,239.4167820000348,True,0;1;2;4;5,1;2;13;23;24;26;31;40;45
qore_dpr,nq_102,0.42857142857142855,0.6,0.7755796204942644,0.22442037950573557,1.0,1.0,11.045776999935697,174.05673999996907,True,0;1;2;5;6,0;2;6;16;17;26;29
qore_dpr,nq_103,0.0,0.0,0.7795920129741287,0.22040798702587128,0.0,0.5,11.054328000000169,216.72242099998584,True,0;1;2;3;5,10
qore_dpr,nq_104,1.0,0.2,0.9383947984768681,0.06160520152313187,1.0,1.0,11.042899000131001,237.3151819999748,True,0;1;2;3;4,1
qore_dpr,nq_105,0.125,1.0,0.8274459941012378,0.17255400589876224,0.0,0.2857142857142857,11.046228000168412,324.6430169999712,True,0;1;2;3;7,0;1;2;3;4;5;6;7;8;12;13;14;15;16;17;18;19;20;22;23;25;26;27;28;29;30;32;35;36;37;38;40;41;42;44;45;46;47;48;49
qore_dpr,nq_106,,0.0,0.7988994551797293,0.20110054482027073,0.0,0.0,11.03827299994009,258.9106460000039,False,0;1;2;5;9,
qore_dpr,nq_107,,0.0,0.8061846589237784,0.19381534107622156,0.0,0.0,11.14839199999551,280.44824599987805,False,0;1;2;8;9,
qore_dpr,nq_108,0.16666666666666666,0.4,0.8036145542237104,0.19638544577628958,0.0,0.0,11.359194999840838,217.39302599985422,True,0;1;2;3;4,2;3;5;6;12;14;24;29;36;40;42;43
qore_dpr,nq_109,,0.0,0.7417321820662952,0.2582678179337048,0.0,0.0,11.240873000133433,194.90195899993523,False,0;1;2;3;7,
qore_dpr,nq_110,,0.0,0.8544368697743814,0.14556313022561862,0.0,0.0,11.28303399991637,215.91867999995884,False,0;1;2;3;6,
qore_dpr,nq_111,,0.0,0.9334690528595896,0.06653094714041041,0.0,0.0,11.063777999879676,216.67600399996445,False,0;1;2;3;4,
qore_dpr,nq_112,0.25,1.0,0.8731674837680921,0.12683251623190794,0.0,0.5,11.184870000079172,238.9197930001501,True,0;1;2;3;4,0;1;2;3;4;5;6;7;8;9;13;15;17;24;26;29;33;38;44;49
qore_dpr,nq_113,0.5,0.4,0.7851288480348881,0.21487115196511186,0.0,0.4,11.019969000017227,281.57346400007555,True,0;1;2;3;7,0;1;6;40
qore_dpr,nq_114,0.0,0.0,0.8586951060615874,0.1413048939384126,0.0,0.28571428571428575,10.96966400018573,237.5635070000044,True,0;1;2;3;4,37
qore_dpr,nq_115,0.5,0.2,0.7559654589886522,0.2440345410113478,1.0,1.0,11.088101999803257,217.74941900002887,True,0;1;2;3;4,0;7
qore_dpr,nq_116,0.18181818181818182,0.8,0.9076834041738435,0.09231659582615648,0.0,0.6666666666666666,10.969685999953072,177.90578699987236,True,0;1;2;3;4,0;1;2;3;5;8;10;12;13;23;26;27;28;29;31;33;37;39;41;42;44;47
qore_dpr,nq_117,0.0,0.0,0.8585838793313456,0.1414161206686544,0.0,0.0,10.982315999854109,175.98496300001898,True,0;1;2;5;7,3;4
qore_dpr,nq_118,,0.0,0.7586439890461344,0.2413560109538656,0.0,0.0,11.019436999958998,257.7586600000359,False,0;1;2;3;4,
qore_dpr,nq_119,0.2,0.2,0.8205333102760225,0.1794666897239775,1.0,1.0,11.059966999937387,196.64013200008412,True,0;1;2;3;5,0;8;11;15;19
qore_dpr,nq_120,0.5,0.4,0.7218552216458003,0.2781447783541997,0.0,0.5,10.999308000009478,215.48571199991784,True,0;1;2;6;10,0;2;4;5
qore_dpr,nq_121,0.07692307692307693,0.2,0.8740992860932699,0.12590071390673008,0.0,0.0,11.082659999829048,215.6790930000625,True,0;1;2;3;4,0;7;10;12;17;18;26;28;29;45;46;48;49
qore_dpr,nq_122,,0.0,0.8625025582792357,0.13749744172076428,0.0,0.0,10.936946999891006,320.89782499997455,False,0;1;2;3;5,
qore_dpr,nq_123,0.5,0.6,0.8484269248039992,0.15157307519600083,1.0,1.0,10.96444499989957,194.66514999999163,True,0;1;2;3;6,1;2;4;6;7;12
qore_dpr,nq_124,1.0,0.2,0.7730680564679607,0.22693194353203927,1.0,1.0,10.919674999968265,237.991958000066,True,0;1;2;3;4,4
qore_dpr,nq_125,0.3333333333333333,0.8,0.8912383073135274,0.10876169268647262,0.0,0.6666666666666666,10.931902000038463,174.53728599980423,True,0;1;2;3;5,0;1;2;4;5;6;7;8;10;21;40;47
qore_dpr,nq_126,0.6666666666666666,0.4,0.6795047807396646,0.3204952192603354,1.0,1.0,10.989431999860244,153.3583870000257,True,0;1;2;6;8,0;1;4
qore_dpr,nq_127,0.75,0.6,0.8691740389748492,0.13082596102515076,1.0,1.0,10.944881000114037,153.17217599999822,True,0;1;2;3;4,0;1;3;7
qore_dpr,nq_128,0.25,0.4,0.8875779584899638,0.11242204151003621,1.0,1.0,10.994071000141048,174.4855300000836,True,0;1;2;4;6,0;4;9;15;28;33;35;44
qore_dpr,nq_129,0.3333333333333333,0.6,0.8785640763002018,0.12143592369979817,1.0,1.0,10.985894999976153,195.16790499983472,True,0;1;2;3;6,0;1;5;6;9;10;33;37;48
qore_dpr,nq_130,,0.0,0.7656686575322242,0.23433134246777576,0.0,0.25,11.093937999930858,280.56255299998156,False,0;1;3;4;5,
qore_dpr,nq_131,0.14285714285714285,0.2,0.9020968277200998,0.0979031722799002,0.0,0.0,10.987654000018665,197.81873600004474,True,0;1;2;3;8,0;4;15;20;23;43;46
qore_dpr,nq_132,0.0,0.0,0.8351148033603429,0.16488519663965706,0.0,0.0,11.011671999995087,343.7251240000023,True,0;1;2;3;6,9;18;19;28
qore_dpr,nq_133,0.2,0.2,0.8493613631265486,0.15063863687345136,0.0,0.3333333333333333,10.960778000026039,237.39734400010093,True,0;1;2;3;4,2;5;9;31;47
qore_dpr,nq_134,0.5,0.4,0.9010675665374688,0.09893243346253122,0.0,0.0,10.940381999944293,238.36258299979818,True,0;1;2;3;4,0;3;5;6
qore_dpr,nq_135,0.25,0.2,0.6551920456996129,0.34480795430038713,0.0,0.5,10.97911099986959,260.380959000031,True,0;1;3;4;11,0;20;28;38
qore_dpr,nq_136,0.0,0.0,0.7503361439405236,0.24966385605947639,0.0,0.0,10.954877999893142,322.95758999998725,True,0;1;2;3;5,21
qore_dpr,nq_137,0.5,0.2,0.8128466299718375,0.18715337002816246,0.0,0.2857142857142857,11.106749000191485,705.4572499998812,True,0;1;2;4;5,0;3
qore_dpr,nq_138,,0.0,0.7810591684585135,0.21894083154148647,0.0,0.0,11.15494900000158,200.0663540000005,False,0;1;2;9;10,
qore_dpr,nq_139,,0.0,0.6859099232407405,0.3140900767592595,0.0,0.0,11.247486999991452,154.20820600002116,False,0;1;2;4;8,
qore_dpr,nq_140,0.5,0.2,0.8346165373806411,0.16538346261935888,1.0,1.0,10.978409000017564,260.829104999857,True,0;1;2;3;9,1;6
qore_dpr,nq_141,0.03125,0.2,0.8682843380347673,0.13171566196523266,0.0,0.0,10.990958999855138,195.7934709998881,True,0;1;2;4;10,2;3;5;7;11;13;14;16;18;19;20;21;22;23;24;25;26;29;30;31;32;33;34;35;36;37;39;44;45;46;47;48
qore_dpr,nq_142,0.125,1.0,0.883965730798453,0.11603426920154702,0.0,0.0,11.165757999833659,281.31889199994475,True,0;1;2;3;7,0;1;2;3;4;5;6;7;8;9;10;11;12;13;14;15;16;17;18;19;20;21;22;23;24;25;26;28;30;31;36;37;39;41;42;43;44;45;47;49
qore_dpr,nq_143,0.0,0.0,0.7238720322404705,0.2761279677595295,0.0,0.6666666666666666,11.20991400011917,297.0513839998148,True,0;1;2;3;7,6;26;47
qore_dpr,nq_144,0.19047619047619047,0.8,0.8990095989078402,0.10099040109215984,0.0,0.8,11.07179200016617,197.21464600002037,True,0;1;2;3;5,0;1;3;4;5;6;8;11;12;20;21;22;28;29;36;39;40;41;43;45;48
qore_dpr,nq_145,0.0,0.0,0.8526421946299602,0.14735780537003984,0.0,0.5,11.021235000043816,238.28075899996293,True,0;1;2;3;5,8
qore_dpr,nq_146,0.14285714285714285,0.2,0.8433349824035605,0.15666501759643947,1.0,1.0,11.031768000066222,218.04991599992718,True,0;1;2;3;5,2;6;8;9;14;22;33
qore_dpr,nq_147,0.2,0.2,0.7793626283900202,0.22063737160997976,1.0,1.0,11.133503999872119,283.5366270001032,True,0;1;2;3;12,0;6;8;11;40
qore_dpr,nq_148,0.3333333333333333,0.4,0.8610778494544384,0.13892215054556156,0.0,0.0,11.092372000121031,261.16078199993353,True,0;1;2;3;7,0;1;4;6;17;22
qore_dpr,nq_149,0.5,0.2,0.8498571332940209,0.1501428667059791,0.0,0.0,11.128415000030145,195.67641300000105,True,0;1;2;3;5,2;4
qore_dpr,nq_150,,0.0,0.7249869913204645,0.2750130086795355,0.0,0.0,11.030735999838726,219.87258600006498,False,0;1;2;4;9,
qore_dpr,nq_151,0.0,0.0,0.8482530577334296,0.15174694226657037,0.0,0.0,11.165746999949988,196.8105899998136,True,0;1;2;7;8,4;6;18;22;28;38
qore_dpr,nq_152,1.0,0.4,0.767488165874199,0.232511834125801,0.0,0.8,11.089849999962098,197.8045360001488,True,0;1;3;4;5,0;1
qore_dpr,nq_153,0.6666666666666666,0.4,0.757634021045494,0.24236597895450596,1.0,1.0,11.061501999847678,174.2284770000424,True,0;1;2;5;13,0;1;46
qore_dpr,nq_154,,0.0,0.9244299459897093,0.07557005401029071,0.0,0.0,11.053085000185092,283.1043529999988,False,0;1;2;3;4,
qore_dpr,nq_155,,0.0,0.7121523003331273,0.28784769966687274,0.0,0.0,11.037123000050997,217.4190590001217,False,0;1;2;3;7,
qore_dpr,nq_156,0.1875,0.6,0.8981554537766314,0.10184454622336858,0.0,0.5,11.05996100000084,217.38793999998052,True,0;1;2;3;4,0;3;4;5;6;7;8;14;16;17;24;27;39;42;43;49
qore_dpr,nq_157,0.6666666666666666,0.4,0.7858558164346192,0.21414418356538079,0.0,0.5,11.317291000068508,221.2681410001096,True,0;1;2;3;4,0;1;49
qore_dpr,nq_158,,0.0,0.7498809080969415,0.2501190919030585,0.0,0.0,11.418618000107017,156.6861300000255,False,0;1;2;5;6,
qore_dpr,nq_159,0.0,0.0,0.7829817001103059,0.21701829988969412,0.0,0.4,11.12019400011377,218.7285550000979,True,0;1;2;3;4,32;49
qore_dpr,nq_160,0.0,0.0,0.7971948386742721,0.2028051613257279,0.0,0.0,11.274343999957637,285.7247499998721,True,0;1;2;3;5,4
qore_dpr,nq_161,0.2,0.2,0.8759277287243776,0.12407227127562237,0.0,0.0,11.220607000041127,242.20355799980098,True,0;1;2;3;5,2;12;21;25;32
qore_dpr,nq_162,0.25,0.2,0.8222553936747644,0.1777446063252356,0.0,0.5714285714285715,11.249053000028653,329.45587099993645,True,0;1;2;3;6,1;4;17;46
qore_dpr,nq_163,,0.0,0.7610890341085398,0.23891096589146021,0.0,0.8,11.304043999871283,202.74402399991232,False,0;1;2;3;5,
qore_dpr,nq_164,0.5,0.2,0.7245766618961689,0.27542333810383113,0.0,0.0,11.263805999988108,223.11787100011315,True,0;1;3;4;6,4;32
qore_dpr,nq_165,0.5,0.4,0.7814105903484123,0.21858940965158768,1.0,1.0,11.408788999915487,228.44535700005508,True,0;1;2;3;4,0;3;5;12
qore_dpr,nq_166,1.0,0.6,0.8917756147154673,0.10822438528453271,1.0,1.0,11.28656800005956,288.9998299999661,True,0;1;2;3;4,0;1;2
qore_dpr,nq_167,0.3333333333333333,0.2,0.9144128196767479,0.08558718032325208,1.0,1.0,11.239990000149191,218.30137500001,True,0;1;2;3;4,4;5;24
qore_dpr,nq_168,0.4,0.4,0.8190411042074226,0.1809588957925774,1.0,1.0,11.154329999953916,325.656213000002,True,0;1;2;3;4,0;4;17;19;39
qore_dpr,nq_169,0.11764705882352941,0.4,0.8498887384619357,0.1501112615380643,1.0,1.0,11.24593100007587,219.6378520000053,True,0;1;2;3;5,0;1;4;6;8;15;17;18;19;20;22;25;31;33;41;44;46
qore_dpr,nq_170,0.3333333333333333,0.4,0.889047232079448,0.11095276792055198,0.0,0.4,11.45351600007416,260.11112900005173,True,0;1;2;3;4,0;1;5;8;21;45
qore_dpr,nq_171,0.125,0.2,0.8168187136406966,0.18318128635930342,0.0,0.8,11.19882900002267,221.290247999832,True,0;1;2;3;9,2;4;6;15;24;32;42;44
qore_dpr,nq_172,,0.0,0.7742529130519451,0.2257470869480549,0.0,0.0,11.12859800014121,350.9608329998173,False,0;1;2;3;4,
qore_dpr,nq_173,1.0,0.4,0.6981572113666367,0.30184278863336333,1.0,1.0,11.069674999816925,175.8892730001662,True,0;1;2;4;8,0;1
qore_dpr,nq_174,0.2222222222222222,0.4,0.8346921738673985,0.16530782613260153,1.0,1.0,11.23404500003744,261.2805919998209,True,0;1;2;3;4,0;2;6;8;9;12;17;28;45
qore_dpr,nq_175,0.3333333333333333,0.8,0.8086468327023614,0.19135316729763863,0.0,0.6,11.76820199998474,415.1720849999947,True,0;1;2;3;11,0;1;2;3;4;5;6;8;17;22;23;44
qore_dpr,nq_176,,0.0,0.7983914684369516,0.20160853156304837,0.0,0.0,11.197495000033086,201.1786939999638,False,0;1;2;3;4,
qore_dpr,nq_177,0.0,0.0,0.8382026104888013,0.1617973895111987,0.0,0.0,11.12756099996659,263.86553699990145,True,0;1;2;3;4,5;7;12;13;18;20;21;31;34;37;39;43;47
qore_dpr,nq_178,0.1111111111111111,0.2,0.9223609888498876,0.0776390111501124,0.0,0.5,11.168255000029603,235.6222619998789,True,0;1;2;3;4,2;5;17;21;24;26;28;34;46
qore_dpr,nq_179,,0.0,0.6891042276328452,0.3108957723671548,0.0,0.0,11.18858400013778,198.87493900000663,False,0;1;2;3;4,
qore_dpr,nq_180,0.25,0.2,0.8695782487071124,0.13042175129288758,0.0,0.6666666666666666,11.130959999945844,370.76240999999754,True,0;1;2;3;6,1;5;13;41
qore_dpr,nq_181,0.0,0.0,0.8598748956438621,0.1401251043561379,0.0,0.0,11.015151000037804,219.8570280002059,True,0;1;2;3;8,17;30
qore_dpr,nq_182,,0.0,0.7107895972104192,0.28921040278958077,0.0,0.0,11.102290000053472,326.5720760000477,False,0;1;2;3;4,
qore_dpr,nq_183,0.0,0.0,0.6786200217349949,0.3213799782650051,0.0,0.0,11.061961999985215,217.5005220001367,True,0;1;2;4;8,12;27;29;49
qore_dpr,nq_184,0.75,0.6,0.8267078583812779,0.17329214161872208,0.0,0.0,11.049533000004885,242.44514600013645,True,0;1;2;4;7,0;2;4;9
qore_dpr,nq_185,,0.0,0.7068923131122393,0.2931076868877607,0.0,0.0,11.046906000046874,197.94326700002784,False,0;1;2;3;9,
qore_dpr,nq_186,0.18181818181818182,0.4,0.7899445807926375,0.21005541920736248,1.0,1.0,10.876029999963066,196.40753399994537,True,0;1;2;3;10,0;2;6;7;13;15;18;22;34;38;49
qore_dpr,nq_187,0.3333333333333333,0.2,0.7279854830319961,0.27201451696800394,1.0,1.0,10.836964999953125,218.59312099991257,True,0;1;2;6;14,0;5;17
qore_dpr,nq_188,0.0,0.0,0.7934669690067752,0.20653303099322484,0.0,0.0,11.007998999957636,242.54541599998447,True,0;1;2;3;5,40
qore_dpr,nq_189,,0.0,0.6794756140218967,0.3205243859781033,0.0,0.0,11.007431000052748,239.78573099998357,False,0;1;2;4;5,
qore_dpr,nq_190,0.25,0.2,0.8693263161314707,0.1306736838685293,1.0,1.0,10.99235099991347,198.742675999938,True,0;1;2;4;5,0;3;15;17
qore_dpr,nq_191,0.2222222222222222,0.4,0.9252196479288477,0.0747803520711523,1.0,1.0,11.020121000001382,242.03333199989174,True,0;1;2;3;4,0;2;6;8;9;30;35;36;47
qore_dpr,nq_192,0.0,0.0,0.8021133793857451,0.19788662061425488,0.0,0.0,10.913547999962248,196.13020400015557,True,0;1;2;4;13,3;11;22
qore_dpr,nq_193,,0.0,0.8930514925447669,0.1069485074552331,0.0,0.0,10.907339999903343,243.30828700021812,False,0;1;2;3;7,
qore_dpr,nq_194,0.6666666666666666,0.4,0.7762689566318983,0.22373104336810168,1.0,1.0,10.975128999916706,281.7118110001502,True,0;1;2;3;4,0;1;19
qore_dpr,nq_195,,0.0,0.9342217070917218,0.06577829290827819,0.0,0.0,11.007617999894137,218.77669900004548,False,0;1;2;3;5,
qore_dpr,nq_196,0.14285714285714285,0.4,0.7820349448865223,0.21796505511347775,0.0,0.5714285714285715,11.079537999876266,478.983314000061,True,0;2;3;4;6,0;1;5;6;10;12;15;16;22;26;37;38;45;46
qore_dpr,nq_197,1.0,0.2,0.8365064150450042,0.16349358495499577,0.0,0.7499999999999999,10.953949000167995,199.10930500009272,True,0;1;2;3;11,1
qore_dpr,nq_198,0.21428571428571427,0.6,0.869398329473202,0.13060167052679805,0.0,0.0,10.967154000127266,217.38379899989013,True,0;1;2;3;4,0;1;4;5;11;12;15;16;18;20;21;37;45;48
qore_dpr,nq_199,0.125,0.2,0.8764437310201224,0.12355626897987759,1.0,1.0,11.487224999882528,239.64034400000855,True,0;1;2;3;4,1;7;9;11;16;17;19;45
qore_as_control,nq_0,0.5,0.4,0.8541128623045979,0.14588713769540207,0.0,0.8571428571428571,12.971454999842535,503.07093900005384,True,0;1;25;32;37,0;1;4;38
qore_as_control,nq_1,0.3333333333333333,0.4,0.7231898500225278,0.2768101499774722,0.0,0.5714285714285715,11.131448000014643,234.0771849999328,True,1;12;30;43;48,0;1;7;9;14;30
qore_as_control,nq_2,0.23076923076923078,0.6,0.6961108830999511,0.30388911690004894,1.0,1.0,11.255929000071774,177.5810530000399,True,0;1;32;37;47,0;1;6;7;16;19;22;23;32;33;35;38;45
qore_as_control,nq_3,0.625,1.0,0.8856787463091609,0.11432125369083912,0.0,0.0,11.104821999879277,280.44391699995685,True,4;29;37;45;49,4;6;24;29;37;45;47;49
qore_as_control,nq_4,0.4,0.8,0.8538989055969182,0.14610109440308183,0.0,0.8,11.12203299999237,195.99602099992808,True,0;16;26;29;40,0;3;7;16;24;26;27;33;40;47
qore_as_control,nq_5,0.0,0.0,0.8888063393982742,0.11119366060172575,0.0,0.0,11.11444000002848,233.67206199986867,True,0;5;8;10;21,19;44
qore_as_control,nq_6,0.0,0.0,0.9058967500802556,0.09410324991974439,0.0,0.0,11.114598999938607,258.0029960001866,True,0;3;5;11;12,9;33
qore_as_control,nq_7,,0.0,0.9030805196519799,0.09691948034802012,0.0,0.6666666666666666,11.246510000091803,194.27914500010957,False,4;9;34;42;49,
qore_as_control,nq_8,,0.0,0.625220254602515,0.37477974539748504,0.0,0.28571428571428575,11.128469000141195,232.82373500001086,False,1;7;18;39;43,
qore_as_control,nq_9,,0.0,0.8074523201595352,0.19254767984046484,0.0,0.5,11.047122000036325,175.3020189999006,False,15;19;34;43;48,
qore_as_control,nq_10,0.2857142857142857,0.8,0.7949576893064805,0.20504231069351952,1.0,1.0,11.156118000144488,194.27638899992417,True,5;8;11;42;46,0;1;2;3;5;8;9;11;14;17;23;36;39;42
qore_as_control,nq_11,0.75,0.6,0.7769646693458949,0.22303533065410508,1.0,1.0,11.10225200000059,216.0223880000558,True,0;3;14;32;37,3;7;14;37
qore_as_control,nq_12,0.3333333333333333,0.2,0.7706736545523188,0.22932634544768116,0.0,0.0,11.194566000085615,214.1572980001456,True,0;14;21;29;39,0;1;41
qore_as_control,nq_13,0.7142857142857143,1.0,0.8473733470427754,0.15262665295722455,1.0,1.0,11.064218999990771,194.3234630000461,True,0;1;4;5;31,0;1;3;4;5;16;31
qore_as_control,nq_14,0.2,0.2,0.7280395526872177,0.27196044731278235,0.0,0.5,11.095393999994485,459.81848900009936,True,10;11;28;31;45,0;1;2;9;11
qore_as_control,nq_15,,0.0,0.6727730841400221,0.3272269158599779,0.0,0.0,11.365087999820389,201.01864700018268,False,15;17;18;36;49,
qore_as_control,nq_16,0.5,0.2,0.7973541831371616,0.20264581686283845,0.0,0.7499999999999999,11.17655999996714,242.0724800001608,True,5;7;27;43;46,4;27
qore_as_control,nq_17,0.2,0.2,0.8234791843263715,0.17652081567362854,1.0,1.0,11.12274799993429,198.19734699990477,True,1;13;20;22;29,8;12;22;27;28
qore_as_control,nq_18,0.05263157894736842,0.2,0.8053153524811634,0.19468464751883663,0.0,0.5,11.188172999936796,197.45207799996933,True,3;10;18;34;41,0;1;2;4;5;6;7;10;16;17;20;22;25;27;33;36;37;43;49
qore_as_control,nq_19,0.2,1.0,0.7832095675627189,0.21679043243728113,0.0,0.0,11.203393000187134,201.58402199990633,True,0;9;11;18;27,0;1;2;3;4;5;6;8;9;11;12;13;15;17;18;21;23;27;31;32;36;43;45;47;49
qore_as_control,nq_20,0.5,0.4,0.8389580345605078,0.16104196543949223,0.0,0.0,11.133691999930306,242.6429099998586,True,0;6;9;30;42,0;21;42;48
qore_as_control,nq_21,0.75,0.6,0.6604867223791132,0.3395132776208868,0.0,0.33333333333333337,11.192998000069565,306.47325499990075,True,0;1;3;25;48,0;1;3;16
qore_as_control,nq_22,0.3333333333333333,0.8,0.7779250985182056,0.22207490148179443,0.0,0.6666666666666666,11.102963999974236,172.50962999992225,True,0;3;5;26;30,0;3;5;12;17;22;24;26;28;31;34;48
qore_as_control,nq_23,0.75,0.6,0.8251881144429756,0.17481188555702443,1.0,1.0,11.115753000012774,172.9545139999118,True,5;7;8;33;34,5;8;31;33
qore_as_control,nq_24,1.0,0.8,0.9102010331457286,0.08979896685427136,1.0,1.0,11.061281000138479,216.42662600015683,True,0;1;2;4;7,0;2;4;7
qore_as_control,nq_25,0.3333333333333333,0.8,0.7718850651428916,0.22811493485710843,0.0,0.5,11.069096000028367,212.94505699984256,True,7;15;19;24;43,0;3;5;15;19;24;34;37;41;42;43;45
qore_as_control,nq_26,,0.0,0.6727415658000853,0.32725843419991474,0.0,0.0,11.002708999967581,236.5694299999177,False,8;23;29;45;46,
qore_as_control,nq_27,1.0,0.2,0.6411275353263264,0.3588724646736736,0.0,0.8,11.037004999934652,274.53434199992444,True,0;13;14;20;29,0
qore_as_control,nq_28,0.35714285714285715,1.0,0.8423135163671047,0.15768648363289528,0.0,0.6666666666666666,11.03444400018816,193.65747199981342,True,14;31;32;35;40,0;1;3;11;14;15;18;25;28;31;32;35;40;45
qore_as_control,nq_29,0.5,0.2,0.8546793899849771,0.14532061001502294,0.0,1.0,11.10378600014883,256.42706999997245,True,2;4;9;10;22,1;2
qore_as_control,nq_30,0.5,0.8,0.7933957345585538,0.20660426544144617,1.0,1.0,11.082979000093474,274.7245319999365,True,0;1;25;27;33,0;1;3;6;10;25;27;29
qore_as_control,nq_31,1.0,0.2,0.8118790882970668,0.1881209117029332,1.0,1.0,11.132169000120484,172.14674499996363,True,0;3;5;6;44,0
qore_as_control,nq_32,,0.0,0.78840390451779,0.21159609548221003,0.0,0.5,11.0597240000061,172.73693299989645,False,3;5;15;19;32,
qore_as_control,nq_33,0.0,0.0,0.6037403700293253,0.39625962997067465,0.0,0.8,11.16234699998131,213.47932400021818,True,5;28;31;39;47,0;6
qore_as_control,nq_34,0.4,0.4,0.8244662323566813,0.17553376764331874,0.0,0.0,11.027016000070944,275.13329099997463,True,2;6;7;8;31,1;4;8;13;31
qore_as_control,nq_35,1.0,0.6,0.900795916497173,0.09920408350282695,1.0,1.0,11.169770999913453,256.30183900011616,True,3;5;6;11;15,3;5;6
qore_as_control,nq_36,0.0,0.0,0.7486184147000069,0.2513815852999931,0.0,0.0,11.001581000073202,196.7902779999804,True,3;17;20;27;31,5;7
qore_as_control,nq_37,0.75,0.6,0.7393257980810525,0.2606742019189475,1.0,1.0,11.09469099992566,254.92703999998412,True,0;3;17;30;33,0;3;23;30
qore_as_control,nq_38,0.2777777777777778,1.0,0.8587860043478145,0.1412139956521855,0.0,0.8,11.11077300015495,337.51918699999806,True,0;5;6;8;11,0;1;2;3;4;5;6;7;8;11;17;19;25;26;31;33;45;47
qore_as_control,nq_39,0.05555555555555555,0.2,0.8500325287756467,0.14996747122435328,0.0,0.5,11.213204999876325,193.85185800001636,True,0;1;27;41;47,2;3;4;6;8;10;11;15;16;19;23;33;38;40;43;44;45;47
qore_as_control,nq_40,,0.0,0.8863373361045189,0.11366266389548108,0.0,0.0,11.083272999940164,440.3297179999299,False,1;6;13;30;34,
qore_as_control,nq_41,,0.0,0.8029609282684909,0.19703907173150914,0.0,0.0,10.93115100002251,381.8875050001225,False,8;12;17;31;42,
qore_as_control,nq_42,0.75,0.6,0.8090624904723966,0.19093750952760336,1.0,1.0,11.18888899986814,198.0522829999245,True,0;13;14;17;21,0;14;21;29
qore_as_control,nq_43,,0.0,0.6789006493212651,0.32109935067873485,0.0,0.0,19.08142799993584,254.17545899995275,False,8;26;34;35;36,
qore_as_control,nq_44,0.0,0.0,0.8591387544363798,0.14086124556362023,0.0,0.0,30.07369700003437,201.58840799990685,True,0;5;25;41;44,47
qore_as_control,nq_45,0.11904761904761904,1.0,0.8518551726209793,0.14814482737902068,0.0,0.5,11.214904999860664,220.84620799978438,True,6;11;35;40;49,0;1;2;3;4;5;6;7;8;10;11;13;14;15;16;17;19;20;23;24;25;26;27;28;29;30;31;32;33;35;36;37;39;40;41;43;44;45;46;47;48;49
qore_as_control,nq_46,0.0,0.0,0.8462928316981531,0.15370716830184694,0.0,0.0,11.525944999903004,285.50921399983054,True,10;20;22;28;29,8;9;12
qore_as_control,nq_47,0.25,0.4,0.8723644402056744,0.12763555979432561,0.0,0.5,11.653936000129761,263.14659800004847,True,2;16;19;29;36,2;6;9;22;36;38;40;43
qore_as_control,nq_48,0.18181818181818182,0.4,0.7677023478348122,0.23229765216518783,0.0,0.0,11.36828200014861,263.3694959999957,True,1;2;3;25;34,0;1;2;4;6;7;9;16;18;41;47
qore_as_control,nq_49,0.3333333333333333,0.2,0.7955556703109785,0.2044443296890215,0.0,0.5,11.324679999916043,224.1638680000051,True,1;6;35;41;45,10;21;45
qore_as_control,nq_50,,0.0,0.7594973493197579,0.24050265068024212,0.0,0.28571428571428575,11.461516000053962,221.37360300007458,False,3;12;17;28;29,
qore_as_control,nq_51,0.09523809523809523,0.4,0.8417895760075063,0.15821042399249374,1.0,1.0,10.99542199995085,173.69501200005288,True,31;34;42;43;49,2;3;4;5;6;15;17;19;20;21;22;25;26;28;29;37;38;40;42;43;45
qore_as_control,nq_52,,0.0,0.6580139092928325,0.34198609070716746,0.0,0.0,10.990880999997898,173.6305839999659,False,11;23;26;34;39,
qore_as_control,nq_53,0.17647058823529413,0.6,0.7091926641087198,0.29080733589128016,0.0,0.6666666666666666,10.945780000156446,234.31066800003464,True,16;17;41;43;44,0;3;4;7;9;11;13;14;22;28;34;37;41;43;44;45;46
qore_as_control,nq_54,0.2,0.2,0.8342245564672475,0.16577544353275253,0.0,0.0,10.914559999946505,234.95021999997334,True,2;21;22;40;42,1;13;34;42;47
qore_as_control,nq_55,0.3333333333333333,0.4,0.7929647419852625,0.20703525801473754,1.0,1.0,11.00003800002014,212.48546699985127,True,3;15;27;46;47,3;13;15;18;26;37
qore_as_control,nq_56,,0.0,0.7388401911112723,0.2611598088887277,0.0,0.0,11.059045999900263,173.83627700019133,False,26;28;36;40;48,
qore_as_control,nq_57,0.6666666666666666,0.8,0.8261734202623845,0.1738265797376155,1.0,1.0,11.154352999938055,176.61046899979738,True,0;1;2;4;6,0;1;2;4;5;38
qore_as_control,nq_58,,0.0,0.6135741339489021,0.38642586605109785,0.0,0.0,11.065628999858745,291.1767409998447,False,0;1;19;34;45,
qore_as_control,nq_59,,0.0,0.6484230710338081,0.35157692896619186,0.0,0.28571428571428575,11.165867000045182,236.62631600018358,False,4;21;32;33;35,
qore_as_control,nq_60,0.36363636363636365,0.8,0.7980892725757036,0.2019107274242964,0.0,0.5,11.143789000016113,244.73856399981742,True,1;3;17;30;35,1;3;4;5;6;17;18;22;28;35;37
qore_as_control,nq_61,0.5,0.8,0.7562575560518632,0.24374244394813682,0.0,0.6666666666666666,11.179758000025686,297.3809989998699,True,4;7;17;36;47,3;4;7;10;24;34;36;47
qore_as_control,nq_62,0.75,0.6,0.8016470547823153,0.19835294521768465,0.0,0.4,11.129326999935074,193.86195500010217,True,6;11;14;19;20,2;11;19;20
qore_as_control,nq_63,0.3333333333333333,0.2,0.8140309606655348,0.18596903933446518,0.0,0.6666666666666666,11.157991000118272,214.99120600014976,True,0;4;12;13;15,0;18;49
qore_as_control,nq_64,0.2727272727272727,0.6,0.8371888670370181,0.16281113296298189,0.0,0.6666666666666666,11.222488999919733,194.71023400001286,True,0;12;25;36;47,0;1;3;4;7;9;10;12;29;32;36
qore_as_control,nq_65,0.625,1.0,0.9032599662622462,0.09674003373775375,0.0,0.6666666666666666,11.163332000023729,193.09141899998394,True,0;3;6;9;37,0;3;4;5;6;7;9;37
qore_as_control,nq_66,0.36363636363636365,0.8,0.7807348065027465,0.21926519349725349,1.0,1.0,11.280760000090595,280.06933999995454,True,9;13;16;20;26,0;3;9;11;13;16;24;26;31;34;38
qore_as_control,nq_67,,0.0,0.7000849449073352,0.2999150550926648,1.0,1.0,11.092073000099845,193.77812099992298,False,1;6;7;9;31,
qore_as_control,nq_68,0.0,0.0,0.8462476448964228,0.1537523551035772,0.0,0.5,11.085504999982732,195.98166400010086,True,0;2;16;33;47,4;11
qore_as_control,nq_69,,0.0,0.6787632268143693,0.3212367731856307,0.0,0.0,11.052431999814871,256.70105599988347,False,3;8;9;23;34,
qore_as_control,nq_70,0.0,0.0,0.7029385790640859,0.29706142093591414,0.0,0.0,11.218349000046146,195.7810219998919,True,2;40;42;43;45,7;24
qore_as_control,nq_71,0.2222222222222222,0.4,0.8704958373298914,0.12950416267010856,0.0,0.6666666666666666,11.081285000045682,195.8130110001548,True,2;23;29;31;39,0;3;5;12;14;18;22;23;29
qore_as_control,nq_72,0.375,0.6,0.7401268211497769,0.2598731788502231,0.0,0.5714285714285715,11.17111999997178,234.11353899996357,True,0;1;10;17;43,0;1;2;3;4;11;14;43
qore_as_control,nq_73,1.0,0.6,0.7363225368997981,0.2636774631002019,1.0,1.0,11.206872999991901,176.88310400012597,True,0;1;4;12;43,0;1;4
qore_as_control,nq_74,0.6666666666666666,0.4,0.8103143524869306,0.18968564751306938,0.0,0.5,12.42052399993554,255.50274700003683,True,4;9;11;40;47,9;40;41
qore_as_control,nq_75,1.0,0.8,0.7895018737987641,0.21049812620123587,1.0,1.0,11.062907999985327,215.58048100018823,True,0;1;2;10;24,0;1;2;24
qore_as_control,nq_76,1.0,0.8,0.8914460782209618,0.10855392177903822,0.0,0.6666666666666666,11.026846000049773,276.96500799993373,True,0;1;3;7;10,0;1;3;10
qore_as_control,nq_77,,0.0,0.6263210278858169,0.3736789721141831,0.0,0.4,11.154349999969781,215.58827700005168,False,10;18;32;44;47,
qore_as_control,nq_78,0.4,0.4,0.8174135103336926,0.18258648966630742,1.0,1.0,11.084139999866238,257.54698300011114,True,0;13;23;28;38,0;16;19;25;28
qore_as_control,nq_79,0.5,0.4,0.8260598644210682,0.17394013557893184,0.0,0.6666666666666666,11.230858000089938,296.99726100011503,True,0;1;9;21;45,0;1;2;37
qore_as_control,nq_80,0.5,0.8,0.8094359123819028,0.19056408761809718,1.0,1.0,11.447390000057567,236.2794330001634,True,3;4;8;13;31,0;2;3;4;7;8;13;14
qore_as_control,nq_81,0.0967741935483871,0.6,0.8295594145236377,0.17044058547636232,1.0,1.0,10.993492000125116,154.109938999909,True,5;8;14;32;47,0;1;2;3;4;5;7;8;9;10;11;12;13;15;18;23;25;26;27;28;29;31;33;35;36;37;39;41;43;45;47
qore_as_control,nq_82,0.3333333333333333,0.2,0.7609242606668382,0.23907573933316184,0.0,0.5,11.081012999966333,174.9890650000907,True,3;12;18;27;44,3;5;35
qore_as_control,nq_83,,0.0,0.7450482060652505,0.25495179393474954,0.0,0.0,11.285374000181037,219.78905099990698,False,6;25;40;41;46,
qore_as_control,nq_84,0.0,0.0,0.7135132356946624,0.2864867643053376,0.0,0.28571428571428575,11.048750999862023,201.26589099982084,True,28;30;35;36;42,25
qore_as_control,nq_85,0.2,0.2,0.8338389629969738,0.1661610370030262,0.0,0.0,11.066499999969892,218.0714739999985,True,4;7;18;35;37,1;3;8;37;39
qore_as_control,nq_86,0.2857142857142857,0.4,0.6870064431662728,0.3129935568337272,0.0,0.6666666666666666,11.20426900001803,168.04713999999876,True,0;11;17;39;45,0;12;14;16;31;35;39
qore_as_control,nq_87,0.6,0.6,0.7217692124377784,0.27823078756222164,1.0,1.0,11.336349999965023,266.6544769999746,True,0;1;4;37;49,0;1;4;12;30
qore_as_control,nq_88,0.6666666666666666,0.4,0.9009832539235971,0.09901674607640287,0.0,0.3333333333333333,11.242863999996189,198.0656610001006,True,2;4;11;13;15,2;4;31
qore_as_control,nq_89,0.0,0.0,0.8466505197747969,0.15334948022520312,0.0,0.0,11.031876999822998,154.56329100015864,True,6;20;27;30;35,14;22;23;25;40
qore_as_control,nq_90,0.6666666666666666,0.4,0.6479646335455793,0.3520353664544207,0.0,0.6666666666666666,11.090858999978082,219.2721999999776,True,0;3;17;37;40,0;10;17
qore_as_control,nq_91,,0.0,0.8367339007437036,0.16326609925629643,0.0,0.6666666666666666,11.088802999893232,266.02718899994215,False,0;5;7;9;42,
qore_as_control,nq_92,,0.0,0.7839237658246304,0.21607623417536959,0.0,0.0,11.159367000118436,200.6898380000166,False,0;6;14;15;20,
qore_as_control,nq_93,,0.0,0.6628492892941423,0.33715071070585767,0.0,0.3333333333333333,11.081238000087978,219.90943300011168,False,0;3;14;31;39,
qore_as_control,nq_94,1.0,0.4,0.7324300789918518,0.26756992100814825,0.0,0.3333333333333333,10.973518000128024,282.9221839999718,True,0;2;19;22;42,0;2
qore_as_control,nq_95,0.45454545454545453,1.0,0.9343623713911284,0.06563762860887157,0.0,0.0,11.011843000005683,196.3579830000981,True,0;3;4;8;26,0;3;4;8;23;26;29;35;38;43;49
qore_as_control,nq_96,0.75,0.6,0.7630188293349178,0.23698117066508217,1.0,1.0,18.891144000008353,179.53207799996562,True,1;8;10;25;36,0;1;25;36
qore_as_control,nq_97,0.3333333333333333,0.2,0.8266711425963689,0.17332885740363113,1.0,1.0,11.206888999822695,197.818917999939,True,25;29;35;47;49,8;13;47
qore_as_control,nq_98,0.16666666666666666,0.4,0.8701348965660696,0.12986510343393043,0.0,0.0,11.074793000034333,374.3238450001627,True,0;2;33;47;48,0;1;7;10;11;18;24;25;26;28;36;48
qore_as_control,nq_99,1.0,0.4,0.800688057073935,0.19931194292606502,0.0,0.4444444444444445,11.06743200011806,263.3881179999662,True,0;3;4;5;19,0;4
qore_as_control,nq_100,0.42857142857142855,0.6,0.8360494764035818,0.16395052359641815,0.0,0.0,11.016460000064399,181.4720899999429,True,5;7;17;32;45,0;2;5;17;39;43;45
qore_as_control,nq_101,0.2222222222222222,0.4,0.7539550120356822,0.24604498796431784,0.0,0.7499999999999999,10.894804000145086,241.53773900002307,True,1;2;10;20;32,1;2;13;23;24;26;31;40;45
qore_as_control,nq_102,0.42857142857142855,0.6,0.7597615634251296,0.24023843657487043,1.0,1.0,10.979148999922472,174.772725999901,True,2;6;24;26;44,0;2;6;16;17;26;29
qore_as_control,nq_103,0.0,0.0,0.7577268664444702,0.24227313355552982,0.0,0.0,10.915560000057667,303.6330069999167,True,4;5;19;24;27,10
qore_as_control,nq_104,1.0,0.2,0.8686048803550268,0.1313951196449732,0.0,0.6666666666666665,11.28735600013897,260.729819000062,True,1;20;21;29;40,1
qore_as_control,nq_105,0.125,1.0,0.793148969370737,0.20685103062926302,0.0,0.6666666666666666,11.005092999994304,261.61606700020457,True,14;30;32;46;48,0;1;2;3;4;5;6;7;8;12;13;14;15;16;17;18;19;20;22;23;25;26;27;28;29;30;32;35;36;37;38;40;41;42;44;45;46;47;48;49
qore_as_control,nq_106,,0.0,0.7688059856294476,0.23119401437055243,0.0,0.0,10.938552999959938,196.3290059998144,False,9;14;19;34;46,
qore_as_control,nq_107,,0.0,0.8576747965199193,0.1423252034800807,0.0,0.0,10.853732999976273,283.2521350001116,False,0;1;2;5;8,
qore_as_control,nq_108,0.25,0.6,0.8449188994420638,0.15508110055793622,1.0,1.0,10.887313000012,174.47466799990252,True,2;3;36;47;48,2;3;5;6;12;14;24;29;36;40;42;43
qore_as_control,nq_109,,0.0,0.7007157105963577,0.29928428940364227,0.0,0.0,11.140498000031585,198.2826930000101,False,8;32;39;46;47,
qore_as_control,nq_110,,0.0,0.735735644299725,0.26426435570027496,0.0,0.4,11.201817000028313,242.00405300007333,False,4;9;17;34;46,
qore_as_control,nq_111,,0.0,0.8901095037365003,0.10989049626349967,0.0,0.0,11.064221999959045,221.20604600013394,False,0;13;26;27;45,
qore_as_control,nq_112,0.25,1.0,0.8449998608077905,0.15500013919220945,0.0,0.5,11.265503000004173,242.95319500015466,True,8;17;24;26;33,0;1;2;3;4;5;6;7;8;9;13;15;17;24;26;29;33;38;44;49
qore_as_control,nq_113,0.5,0.4,0.7254196632761263,0.2745803367238737,0.0,0.4,11.053386999947179,304.8985980001362,True,0;1;4;16;27,0;1;6;40
qore_as_control,nq_114,1.0,0.2,0.8434680062672809,0.1565319937327191,0.0,0.28571428571428575,11.014059999979509,240.86194200003774,True,13;19;23;30;37,37
qore_as_control,nq_115,0.5,0.2,0.7047744556625268,0.29522554433747317,1.0,1.0,10.980311000139409,217.17846799992913,True,0;23;25;28;33,0;7
qore_as_control,nq_116,0.22727272727272727,1.0,0.9464443923215111,0.05355560767848888,0.0,0.6666666666666666,10.967619999973977,177.02759799999512,True,0;1;2;5;8,0;1;2;3;5;8;10;12;13;23;26;27;28;29;31;33;37;39;41;42;44;47
qore_as_control,nq_117,0.0,0.0,0.842361266390849,0.15763873360915104,0.0,0.0,11.076875999833646,197.59066599999642,True,10;34;38;40;49,3;4
qore_as_control,nq_118,,0.0,0.7283334528893339,0.27166654711066607,0.0,0.0,11.02171399998042,415.8875820000958,False,4;6;17;29;45,
qore_as_control,nq_119,0.2,0.2,0.8427755450798046,0.15722445492019543,1.0,1.0,11.055153000143036,226.56388399991556,True,5;10;11;22;43,0;8;11;15;19
qore_as_control,nq_120,0.5,0.4,0.7455943281907123,0.25440567180928775,1.0,1.0,11.16377400012425,176.93455300013738,True,0;4;11;16;21,0;2;4;5
qore_as_control,nq_121,0.23076923076923078,0.6,0.7792417385228149,0.22075826147718514,0.0,0.5714285714285715,11.12962500019421,289.51298799984215,True,10;18;29;34;40,0;7;10;12;17;18;26;28;29;45;46;48;49
qore_as_control,nq_122,,0.0,0.7727713726849235,0.22722862731507654,0.0,0.6666666666666666,11.161641999933636,223.93913600012638,False,4;12;15;43;48,
qore_as_control,nq_123,0.16666666666666666,0.2,0.7669353862106378,0.23306461378936216,1.0,1.0,11.088390000168147,218.48660499995276,True,4;33;41;45;47,1;2;4;6;7;12
qore_as_control,nq_124,1.0,0.2,0.6442077852313124,0.3557922147686876,1.0,1.0,11.224562000052174,199.67215199994826,True,3;4;34;42;47,4
qore_as_control,nq_125,0.25,0.6,0.7352406580159325,0.2647593419840675,0.0,0.6666666666666666,11.121953999918333,176.79192799982957,True,0;1;4;26;36,0;1;2;4;5;6;7;8;10;21;40;47
qore_as_control,nq_126,0.3333333333333333,0.2,0.6652558434274194,0.3347441565725806,1.0,1.0,19.062792000113404,155.49310300002617,True,4;7;13;34;42,0;1;4
qore_as_control,nq_127,0.5,0.4,0.7377998458095565,0.2622001541904435,1.0,1.0,11.350892000109525,173.48477299992737,True,0;1;4;24;39,0;1;3;7
qore_as_control,nq_128,0.375,0.6,0.8123191957317971,0.18768080426820288,1.0,1.0,11.115357999869957,154.68435899992983,True,0;4;10;24;35,0;4;9;15;28;33;35;44
qore_as_control,nq_129,0.2222222222222222,0.4,0.7370344831346168,0.26296551686538316,0.0,0.0,11.229678000063359,175.61551399990094,True,10;25;28;29;33,0;1;5;6;9;10;33;37;48
qore_as_control,nq_130,,0.0,0.7940226502470022,0.20597734975299775,1.0,1.0,11.146803999963595,218.8838100000794,False,4;12;13;14;26,
qore_as_control,nq_131,0.14285714285714285,0.2,0.8652190216258504,0.1347809783741496,0.0,0.0,11.08039199993982,241.1294190001172,True,4;5;11;34;41,0;4;15;20;23;43;46
qore_as_control,nq_132,0.0,0.0,0.8171247351908736,0.18287526480912641,0.0,0.0,11.081188000162001,199.02487100011967,True,0;5;6;20;33,9;18;19;28
qore_as_control,nq_133,0.2,0.2,0.8272279140830274,0.17277208591697257,0.0,0.4,13.305156000114948,248.47906599984526,True,22;26;28;35;47,2;5;9;31;47
qore_as_control,nq_134,0.5,0.4,0.773066629656953,0.22693337034304695,0.0,0.0,11.085623000099076,261.5857200000846,True,3;6;19;32;48,0;3;5;6
qore_as_control,nq_135,0.0,0.0,0.6389181590582893,0.3610818409417107,0.0,0.0,11.072388999991745,198.63466300012078,True,4;27;32;43;47,0;20;28;38
qore_as_control,nq_136,1.0,0.2,0.6164406131801936,0.3835593868198064,0.0,0.6666666666666666,11.138364000089496,371.5246379999826,True,7;16;18;21;35,21
qore_as_control,nq_137,0.5,0.2,0.7618146121140696,0.23818538788593036,0.0,0.2857142857142857,11.080484999865803,717.8333889999067,True,0;4;8;43;47,0;3
qore_as_control,nq_138,,0.0,0.777208464312489,0.22279153568751098,0.0,0.0,11.05686899995817,307.3556169999847,False,5;18;25;26;37,
qore_as_control,nq_139,,0.0,0.656647186732284,0.34335281326771605,0.0,0.0,11.095586000010371,154.98978200002966,False,0;3;4;6;31,
qore_as_control,nq_140,1.0,0.4,0.8715623286380101,0.1284376713619899,1.0,1.0,11.146460999952978,241.20296799992502,True,1;6;7;16;21,1;6
qore_as_control,nq_141,0.15625,1.0,0.8469424092156383,0.15305759078436165,0.0,0.0,11.053698000068835,197.70586399999956,True,14;24;33;35;45,2;3;5;7;11;13;14;16;18;19;20;21;22;23;24;25;26;29;30;31;32;33;34;35;36;37;39;44;45;46;47;48
qore_as_control,nq_142,0.125,1.0,0.8491524205466202,0.1508475794533798,0.0,0.0,11.016776999895228,285.460730000068,True,4;6;10;37;41,0;1;2;3;4;5;6;7;8;9;10;11;12;13;14;15;16;17;18;19;20;21;22;23;24;25;26;28;30;31;36;37;39;41;42;43;44;45;47;49
qore_as_control,nq_143,0.6666666666666666,0.4,0.7396299247987199,0.2603700752012801,1.0,1.0,11.067508999985876,283.62487799995506,True,15;26;34;45;47,6;26;47
qore_as_control,nq_144,0.23809523809523808,1.0,0.8813945156728407,0.11860548432715934,0.0,0.8,10.992756999939957,210.81667099997503,True,5;28;36;39;43,0;1;3;4;5;6;8;11;12;20;21;22;28;29;36;39;40;41;43;45;48
qore_as_control,nq_145,0.0,0.0,0.7651819965285324,0.23481800347146764,0.0,0.0,11.084736000157136,239.10715900001378,True,17;18;25;30;33,8
qore_as_control,nq_146,0.42857142857142855,0.6,0.7660852427250855,0.2339147572749145,1.0,1.0,11.252426000055493,220.2464219999456,True,9;14;22;27;46,2;6;8;9;14;22;33
qore_as_control,nq_147,0.6,0.6,0.7291558225464201,0.2708441774535799,1.0,1.0,11.090683000020363,276.2203889999455,True,6;11;16;40;44,0;6;8;11;40
qore_as_control,nq_148,0.6666666666666666,0.8,0.888906527348183,0.11109347265181702,0.0,0.5714285714285715,11.040073999993183,275.5208479998146,True,0;1;6;11;22,0;1;4;6;17;22
qore_as_control,nq_149,1.0,0.4,0.8490293243660301,0.15097067563396993,0.0,0.28571428571428575,11.02896900010819,296.45708399993964,True,2;4;6;12;38,2;4
qore_as_control,nq_150,,0.0,0.7100675979290155,0.2899324020709845,0.0,0.0,11.037790000045788,233.98266799995326,False,9;16;29;31;36,
qore_as_control,nq_151,0.3333333333333333,0.4,0.8791730666282416,0.12082693337175843,0.0,0.5,11.085892999972202,256.14468599997053,True,0;1;4;10;22,4;6;18;22;28;38
qore_as_control,nq_152,1.0,0.4,0.8571879021623257,0.14281209783767435,0.0,0.8,11.16814300007718,200.38974999988568,True,0;1;2;6;20,0;1
qore_as_control,nq_153,0.3333333333333333,0.2,0.714457457785393,0.28554254221460695,1.0,1.0,11.220266999998785,198.79321999997046,True,2;11;12;30;46,0;1;46
qore_as_control,nq_154,,0.0,0.8810327436942466,0.11896725630575344,0.0,0.0,11.187542999778088,240.56388000008155,False,2;9;10;15;42,
qore_as_control,nq_155,,0.0,0.6725530340256641,0.32744696597433587,0.0,0.0,11.006697999846438,218.51432700009354,False,7;18;22;33;42,
qore_as_control,nq_156,0.1875,0.6,0.8825600566606789,0.11743994333932106,0.0,0.6666666666666666,11.16497399993932,196.54805000004671,True,1;3;7;9;16,0;3;4;5;6;7;8;14;16;17;24;27;39;42;43;49
qore_as_control,nq_157,1.0,0.6,0.7270359531888193,0.2729640468111807,0.0,0.5,11.177752999856239,220.53729499998553,True,0;1;10;31;49,0;1;49
qore_as_control,nq_158,,0.0,0.666841262445353,0.333158737554647,0.0,0.0,11.130044999845268,260.48794300004374,False,14;22;25;45;47,
qore_as_control,nq_159,0.0,0.0,0.7145377569418242,0.2854622430581758,0.0,0.0,11.036500000045635,176.33648000014546,True,15;17;25;27;40,32;49
qore_as_control,nq_160,1.0,0.2,0.7405512967891585,0.25944870321084146,0.0,0.0,10.990954000135389,242.0067369998833,True,4;12;25;41;48,4
qore_as_control,nq_161,0.2,0.2,0.8251619575527271,0.17483804244727286,0.0,0.0,10.96650500016949,260.3795610000361,True,2;27;39;42;46,2;12;21;25;32
qore_as_control,nq_162,1.0,0.8,0.7827820481251692,0.21721795187483084,1.0,1.0,11.129064999977345,241.34172100002615,True,1;4;6;17;46,1;4;17;46
qore_as_control,nq_163,,0.0,0.7001609607152997,0.29983903928470035,0.0,0.8,11.054769999873315,196.06098000008387,False,1;2;4;30;34,
qore_as_control,nq_164,1.0,0.4,0.7277034887488416,0.2722965112511584,0.0,0.0,11.007677999941734,218.1159619999562,True,4;30;32;40;49,4;32
qore_as_control,nq_165,0.75,0.6,0.721467143240701,0.27853285675929895,1.0,1.0,11.157388999890827,221.72363499998937,True,3;5;6;12;17,0;3;5;12
qore_as_control,nq_166,0.3333333333333333,0.2,0.802017314591497,0.19798268540850295,1.0,1.0,11.123496999971394,284.8585090000597,True,0;4;11;12;16,0;1;2
qore_as_control,nq_167,0.6666666666666666,0.4,0.8129930450157558,0.18700695498424424,1.0,1.0,11.172294000061811,217.07026500007487,True,2;4;24;26;27,4;5;24
qore_as_control,nq_168,0.2,0.2,0.811975466054936,0.18802453394506402,0.0,0.3333333333333333,11.31962299996303,288.73613300015677,True,4;5;14;21;31,0;4;17;19;39
qore_as_control,nq_169,0.058823529411764705,0.2,0.8388943975212303,0.1611056024787697,0.0,0.0,11.13670000017919,221.1649910000233,True,10;14;22;28;48,0;1;4;6;8;15;17;18;19;20;22;25;31;33;41;44;46
qore_as_control,nq_170,0.16666666666666666,0.2,0.8395563012593872,0.16044369874061282,0.0,0.4,11.16070100010802,261.51290400002836,True,0;2;4;7;30,0;1;5;8;21;45
qore_as_control,nq_171,0.375,0.6,0.8652156225826886,0.13478437741731142,0.0,0.8,11.100448999968648,218.6760320000758,True,2;16;24;27;32,2;4;6;15;24;32;42;44
qore_as_control,nq_172,,0.0,0.6488765919871285,0.35112340801287145,0.0,0.0,11.147783999831518,176.70285199983482,False,8;34;46;47;49,
qore_as_control,nq_173,1.0,0.4,0.8904616751255251,0.1095383248744749,1.0,1.0,11.29833699997107,178.8064879999638,True,0;1;2;3;29,0;1
qore_as_control,nq_174,0.3333333333333333,0.6,0.8105775755463419,0.1894224244536581,1.0,1.0,11.169045000087863,262.88708800007043,True,0;3;6;10;12,0;2;6;8;9;12;17;28;45
qore_as_control,nq_175,0.25,0.6,0.7173403260561949,0.2826596739438051,0.0,0.6,11.15451500004383,414.4714390001809,True,8;13;17;22;25,0;1;2;3;4;5;6;8;17;22;23;44
qore_as_control,nq_176,,0.0,0.7713437931181257,0.22865620688187427,0.0,0.0,11.220506999961799,221.33444500013866,False,0;2;8;36;47,
qore_as_control,nq_177,0.07692307692307693,0.2,0.802719988864865,0.19728001113513505,0.0,0.0,11.239017999969292,278.7729930000751,True,8;12;15;17;36,5;7;12;13;18;20;21;31;34;37;39;43;47
qore_as_control,nq_178,0.3333333333333333,0.6,0.832698252625508,0.167301747374492,0.0,0.4,11.299100000087492,219.04148199996598,True,2;24;37;40;46,2;5;17;21;24;26;28;34;46
qore_as_control,nq_179,,0.0,0.6667270105069406,0.3332729894930594,0.0,0.0,11.437193999881856,241.3340949999565,False,3;20;28;29;36,
qore_as_control,nq_180,0.25,0.2,0.8274921466995517,0.17250785330044827,0.0,0.6666666666666666,11.25485700003992,349.3037949999689,True,10;13;14;38;42,1;5;13;41
qore_as_control,nq_181,1.0,0.4,0.7808408263231523,0.21915917367684767,1.0,1.0,11.268187000041507,240.43297799994434,True,5;17;30;42;48,17;30
qore_as_control,nq_182,,0.0,0.680650005088031,0.319349994911969,0.0,0.0,11.285721999911402,285.6706860000031,False,1;3;35;36;39,
qore_as_control,nq_183,0.0,0.0,0.6278008647688829,0.37219913523111714,0.0,0.3333333333333333,10.995999999977357,238.0217160000484,True,2;17;21;38;43,12;27;29;49
qore_as_control,nq_184,0.5,0.4,0.8289451448847498,0.1710548551152502,0.0,0.25,11.301610999908007,241.57670599993253,True,0;2;15;28;36,0;2;4;9
qore_as_control,nq_185,,0.0,0.6993636784822674,0.30063632151773256,0.0,0.0,11.157550000007177,264.4647199999781,False,20;25;37;43;48,
qore_as_control,nq_186,0.36363636363636365,0.8,0.8177049319897998,0.18229506801020023,1.0,1.0,11.310118999972474,219.22823099998823,True,2;6;7;22;23,0;2;6;7;13;15;18;22;34;38;49
qore_as_control,nq_187,0.3333333333333333,0.2,0.7784468621893893,0.2215531378106107,1.0,1.0,11.094753999941531,202.15083700009018,True,0;2;9;12;30,0;5;17
qore_as_control,nq_188,1.0,0.2,0.6682250384102588,0.3317749615897412,1.0,1.0,11.20126299997537,221.69484699998065,True,8;25;33;38;40,40
qore_as_control,nq_189,,0.0,0.6510085577313012,0.3489914422686988,0.0,0.0,11.36754000003748,179.64191800001572,False,0;1;2;19;29,
qore_as_control,nq_190,0.75,0.6,0.8298663797050783,0.17013362029492174,1.0,1.0,11.248051999928066,200.6996299999173,True,0;3;15;19;41,0;3;15;17
qore_as_control,nq_191,0.4444444444444444,0.8,0.7913629567748725,0.20863704322512755,1.0,1.0,11.289912000165714,245.43497900003786,True,0;8;29;36;47,0;2;6;8;9;30;35;36;47
qore_as_control,nq_192,0.3333333333333333,0.2,0.7762841816988371,0.22371581830116294,0.0,0.0,11.061439999821232,201.2025789999825,True,0;3;6;13;37,3;11;22
qore_as_control,nq_193,,0.0,0.7972534296949242,0.2027465703050758,0.0,0.0,11.170970999955898,158.82641000007425,False,5;8;29;31;41,
qore_as_control,nq_194,1.0,0.6,0.7197537680083782,0.2802462319916218,1.0,1.0,11.155459000065093,288.091932000043,True,0;1;15;19;40,0;1;19
qore_as_control,nq_195,,0.0,0.9412237308935343,0.05877626910646572,0.0,0.0,11.36389499993129,313.4370380000746,False,8;10;22;30;40,
qore_as_control,nq_196,0.2857142857142857,0.8,0.7703895960752085,0.22961040392479148,0.0,0.4444444444444445,11.390915999982099,736.1507809998784,True,0;11;12;16;46,0;1;5;6;10;12;15;16;22;26;37;38;45;46
qore_as_control,nq_197,1.0,0.2,0.8366675199396593,0.16333248006034073,0.0,0.7499999999999999,11.3161769997987,202.8790140000183,True,1;3;4;12;32,1
qore_as_control,nq_198,0.35714285714285715,1.0,0.8340737711705757,0.16592622882942432,0.0,0.0,11.318265999989308,222.40755400002854,True,4;20;21;37;45,0;1;4;5;11;12;15;16;18;20;21;37;45;48
qore_as_control,nq_199,0.25,0.4,0.778359619071723,0.22164038092827698,1.0,1.0,11.131235999982891,224.07912399989982,True,7;10;19;29;34,1;7;9;11;16;17;19;45
qore_as_idea6,nq_0,0.5,0.4,0.8541128623045979,0.14588713769540207,0.0,0.8571428571428571,1178.1535799998437,485.6065409999246,True,0;1;25;32;37,0;1;4;38
qore_as_idea6,nq_1,0.3333333333333333,0.4,0.7231898500225278,0.2768101499774722,0.0,0.5714285714285715,1183.013924000079,235.31087600008505,True,1;12;30;43;48,0;1;7;9;14;30
qore_as_idea6,nq_2,0.15384615384615385,0.4,0.6949722457543672,0.3050277542456328,1.0,1.0,1200.9385230001044,172.0557109999845,True,0;1;28;40;47,0;1;6;7;16;19;22;23;32;33;35;38;45
qore_as_idea6,nq_3,0.625,1.0,0.8856787463091609,0.11432125369083912,0.0,0.0,1158.7036139999327,275.0003780001862,True,4;29;37;45;49,4;6;24;29;37;45;47;49
qore_as_idea6,nq_4,0.3,0.6,0.8652634822778797,0.13473651772212025,1.0,1.0,1206.357392999962,173.3963669998957,True,0;10;26;29;40,0;3;7;16;24;26;27;33;40;47
qore_as_idea6,nq_5,0.0,0.0,0.8888063393982742,0.11119366060172575,0.0,0.0,1167.551069999945,234.1080730000158,True,0;5;8;10;21,19;44
qore_as_idea6,nq_6,0.0,0.0,0.9058967500802556,0.09410324991974439,0.0,0.0,1167.331613999977,254.48308900013217,True,0;3;5;11;12,9;33
qore_as_idea6,nq_7,,0.0,0.9030805196519799,0.09691948034802012,0.0,0.6666666666666666,1189.6322630000213,196.02785300003234,False,4;9;34;42;49,
qore_as_idea6,nq_8,,0.0,0.6280751507632006,0.37192484923679936,0.0,0.4,1177.60552499999,193.10336900002767,False,1;7;28;39;43,
qore_as_idea6,nq_9,,0.0,0.8074523201595352,0.19254767984046484,0.0,0.5,1205.0438430001122,175.74825899987445,False,15;19;34;43;48,
qore_as_idea6,nq_10,0.2857142857142857,0.8,0.7949576893064805,0.20504231069351952,1.0,1.0,1191.7788549999386,195.19451199994364,True,5;8;11;42;46,0;1;2;3;5;8;9;11;14;17;23;36;39;42
qore_as_idea6,nq_11,0.75,0.6,0.7769646693458949,0.22303533065410508,1.0,1.0,1142.7242659999592,216.54181400003836,True,0;3;14;32;37,3;7;14;37
qore_as_idea6,nq_12,0.3333333333333333,0.2,0.7706736545523188,0.22932634544768116,0.0,0.0,1185.9572010000647,216.6644980000001,True,0;14;21;29;39,0;1;41
qore_as_idea6,nq_13,0.7142857142857143,1.0,0.8473733470427754,0.15262665295722455,1.0,1.0,1188.398865000181,194.96623700001692,True,0;1;4;5;31,0;1;3;4;5;16;31
qore_as_idea6,nq_14,0.2,0.2,0.7283842284941683,0.2716157715058317,0.0,0.3636363636363636,1249.019565000026,509.9037960001169,True,8;11;28;31;45,0;1;2;9;11
qore_as_idea6,nq_15,,0.0,0.6727730841400221,0.3272269158599779,0.0,0.0,1228.9733309999065,201.77301800003988,False,15;17;18;36;49,
qore_as_idea6,nq_16,0.5,0.2,0.7973541831371616,0.20264581686283845,0.0,0.7499999999999999,1189.6357760001592,243.6711230000128,True,5;7;27;43;46,4;27
qore_as_idea6,nq_17,0.2,0.2,0.8234791843263715,0.17652081567362854,1.0,1.0,1182.7014400000735,194.79781600011847,True,1;13;20;22;29,8;12;22;27;28
qore_as_idea6,nq_18,0.05263157894736842,0.2,0.8026856904695755,0.1973143095304245,0.0,0.4,1151.7797209999117,256.41962700001386,True,10;18;21;34;41,0;1;2;4;5;6;7;10;16;17;20;22;25;27;33;36;37;43;49
qore_as_idea6,nq_19,0.2,1.0,0.7832095675627189,0.21679043243728113,0.0,0.0,1166.1695360000977,195.66787100006877,True,0;9;11;18;27,0;1;2;3;4;5;6;8;9;11;12;13;15;17;18;21;23;27;31;32;36;43;45;47;49
qore_as_idea6,nq_20,0.5,0.4,0.8468139880628787,0.15318601193712134,0.0,0.0,1188.3205039998757,173.98992200014618,True,0;6;8;30;42,0;21;42;48
qore_as_idea6,nq_21,0.5,0.4,0.6470378848837413,0.35296211511625875,0.0,0.4,1175.6198599998697,275.7664289999866,True,0;1;23;41;48,0;1;3;16
qore_as_idea6,nq_22,0.3333333333333333,0.8,0.7779250985182056,0.22207490148179443,0.0,0.6666666666666666,1156.576904000076,174.0604159999748,True,0;3;5;26;30,0;3;5;12;17;22;24;26;28;31;34;48
qore_as_idea6,nq_23,0.75,0.6,0.8251881144429756,0.17481188555702443,1.0,1.0,1165.6691030000275,172.86023800011208,True,5;7;8;33;34,5;8;31;33
qore_as_idea6,nq_24,1.0,0.8,0.9102010331457286,0.08979896685427136,1.0,1.0,1185.1008660000844,216.53878600000098,True,0;1;2;4;7,0;2;4;7
qore_as_idea6,nq_25,0.25,0.6,0.7888285157577745,0.21117148424222554,0.0,0.5,1166.9191099999807,214.86301799996,True,7;15;19;43;46,0;3;5;15;19;24;34;37;41;42;43;45
qore_as_idea6,nq_26,,0.0,0.6412185469343761,0.3587814530656239,0.0,0.0,1234.618753000177,199.1645329999301,False,4;8;23;29;46,
qore_as_idea6,nq_27,1.0,0.2,0.690273565906374,0.309726434093626,0.0,0.8,1161.5904469999805,283.9262929999222,True,0;6;14;29;37,0
qore_as_idea6,nq_28,0.35714285714285715,1.0,0.8423135163671047,0.15768648363289528,0.0,0.6666666666666666,1217.4372770000446,195.8583660000386,True,14;31;32;35;40,0;1;3;11;14;15;18;25;28;31;32;35;40;45
qore_as_idea6,nq_29,0.5,0.2,0.861273147251687,0.13872685274831298,0.0,1.0,1257.2021060000225,256.4765780000471,True,0;2;4;9;22,1;2
qore_as_idea6,nq_30,0.5,0.8,0.7933957345585538,0.20660426544144617,1.0,1.0,1177.1123330001956,276.14551899978323,True,0;1;25;27;33,0;1;3;6;10;25;27;29
qore_as_idea6,nq_31,1.0,0.2,0.7901534264038919,0.20984657359610814,1.0,1.0,1170.6718279999677,201.8368690000898,True,0;5;6;44;47,0
qore_as_idea6,nq_32,,0.0,0.8175296329548765,0.18247036704512354,0.0,0.5,1177.7191030000722,173.88368999991144,False,3;5;10;15;32,
qore_as_idea6,nq_33,0.0,0.0,0.6108078294343102,0.3891921705656898,0.0,0.8,1189.6129500000825,214.699808999967,True,5;18;28;31;39,0;6
qore_as_idea6,nq_34,0.4,0.4,0.8244662323566813,0.17553376764331874,0.0,0.0,1222.3422800000208,276.9980449998002,True,2;6;7;8;31,1;4;8;13;31
qore_as_idea6,nq_35,1.0,0.6,0.900795916497173,0.09920408350282695,1.0,1.0,1162.5179430000117,256.2345000001187,True,3;5;6;11;15,3;5;6
qore_as_idea6,nq_36,0.5,0.2,0.7537270654899106,0.24627293451008936,0.0,0.0,1168.4324970001398,214.55887399997664,True,3;5;17;20;31,5;7
qore_as_idea6,nq_37,0.75,0.6,0.7521590505761617,0.24784094942383827,1.0,1.0,1178.2831809998697,255.9361829999034,True,0;3;30;33;42,0;3;23;30
qore_as_idea6,nq_38,0.2777777777777778,1.0,0.8587860043478145,0.1412139956521855,0.0,0.8,1189.2370160001065,337.7257899999222,True,0;5;6;8;11,0;1;2;3;4;5;6;7;8;11;17;19;25;26;31;33;45;47
qore_as_idea6,nq_39,0.05555555555555555,0.2,0.8477123630642242,0.15228763693577585,0.0,0.5,1208.9080420000755,264.9183240000639,True,0;1;27;38;41,2;3;4;6;8;10;11;15;16;19;23;33;38;40;43;44;45;47
qore_as_idea6,nq_40,,0.0,0.8805671142952353,0.11943288570476474,0.0,0.0,1199.064758999839,350.0132230001327,False,1;9;13;30;34,
qore_as_idea6,nq_41,,0.0,0.8029609282684909,0.19703907173150914,0.0,0.0,1217.723436000142,397.07841099993857,False,8;12;17;31;42,
qore_as_idea6,nq_42,0.75,0.6,0.8090624904723966,0.19093750952760336,1.0,1.0,1176.4613220000228,193.46931199993378,True,0;13;14;17;21,0;14;21;29
qore_as_idea6,nq_43,,0.0,0.6789006493212651,0.32109935067873485,0.0,0.0,1161.1746929997935,236.27605699994092,False,8;26;34;35;36,
qore_as_idea6,nq_44,0.0,0.0,0.8984311914956351,0.1015688085043649,0.0,0.0,1177.6072959999055,213.90470699998332,True,0;3;5;25;44,47
qore_as_idea6,nq_45,0.11904761904761904,1.0,0.8518551726209793,0.14814482737902068,0.0,0.5,1178.3131899999262,216.02350200009823,True,6;11;35;40;49,0;1;2;3;4;5;6;7;8;10;11;13;14;15;16;17;19;20;23;24;25;26;27;28;29;30;31;32;33;35;36;37;39;40;41;43;44;45;46;47;48;49
qore_as_idea6,nq_46,0.0,0.0,0.8545194579074866,0.14548054209251338,0.0,0.0,1186.6301709999334,278.027259000055,True,10;20;22;28;45,8;9;12
qore_as_idea6,nq_47,0.25,0.4,0.8723644402056744,0.12763555979432561,0.0,0.5,1193.8773159999982,256.9192230000681,True,2;16;19;29;36,2;6;9;22;36;38;40;43
qore_as_idea6,nq_48,0.18181818181818182,0.4,0.7677023478348122,0.23229765216518783,0.0,0.0,1167.9823419999593,255.192463999947,True,1;2;3;25;34,0;1;2;4;6;7;9;16;18;41;47
qore_as_idea6,nq_49,0.3333333333333333,0.2,0.7955556703109785,0.2044443296890215,0.0,0.5,1178.4719480001513,217.0265180000115,True,1;6;35;41;45,10;21;45
qore_as_idea6,nq_50,,0.0,0.813250396861747,0.18674960313825295,0.0,0.28571428571428575,1164.5744499999182,193.7831449999976,False,1;3;12;17;28,
qore_as_idea6,nq_51,0.09523809523809523,0.4,0.8417895760075063,0.15821042399249374,1.0,1.0,1214.8854700001266,172.7010550000614,True,31;34;42;43;49,2;3;4;5;6;15;17;19;20;21;22;25;26;28;29;37;38;40;42;43;45
qore_as_idea6,nq_52,,0.0,0.6647422690304591,0.3352577309695409,0.0,0.0,1167.9447110000183,257.2507800000494,False,1;11;23;26;39,
qore_as_idea6,nq_53,0.17647058823529413,0.6,0.7139277542058451,0.2860722457941549,0.0,0.6666666666666666,1144.9145409999346,233.89990800001215,True,4;16;17;43;44,0;3;4;7;9;11;13;14;22;28;34;37;41;43;44;45;46
qore_as_idea6,nq_54,0.2,0.2,0.8342245564672475,0.16577544353275253,0.0,0.0,1176.4224569999442,235.96501599990916,True,2;21;22;40;42,1;13;34;42;47
qore_as_idea6,nq_55,0.3333333333333333,0.4,0.7929647419852625,0.20703525801473754,1.0,1.0,1176.213811000025,215.19190000003618,True,3;15;27;46;47,3;13;15;18;26;37
qore_as_idea6,nq_56,,0.0,0.7388401911112723,0.2611598088887277,0.0,0.0,1184.2134840001108,173.58552500013502,False,26;28;36;40;48,
qore_as_idea6,nq_57,0.6666666666666666,0.8,0.8261734202623845,0.1738265797376155,1.0,1.0,1163.2097660001364,173.60802100006367,True,0;1;2;4;6,0;1;2;4;5;38
qore_as_idea6,nq_58,,0.0,0.6274495552498864,0.37255044475011356,0.0,0.0,1187.622716000078,256.8953380000494,False,0;1;9;19;34,
qore_as_idea6,nq_59,,0.0,0.6671214483044412,0.3328785516955588,0.0,0.0,1173.4783949998473,380.7227369998145,False,4;26;32;33;35,
qore_as_idea6,nq_60,0.36363636363636365,0.8,0.7980892725757036,0.2019107274242964,0.0,0.5,1169.9919669999872,234.77958900002704,True,1;3;17;30;35,1;3;4;5;6;17;18;22;28;35;37
qore_as_idea6,nq_61,0.5,0.8,0.7562575560518632,0.24374244394813682,0.0,0.6666666666666666,1272.5497630001428,299.41040900007465,True,4;7;17;36;47,3;4;7;10;24;34;36;47
qore_as_idea6,nq_62,0.75,0.6,0.8016470547823153,0.19835294521768465,0.0,0.4,1184.5087129997864,193.77757000006568,True,6;11;14;19;20,2;11;19;20
qore_as_idea6,nq_63,0.3333333333333333,0.2,0.841232076698547,0.15876792330145295,0.0,0.6666666666666666,1175.566622000133,214.6489220001513,True,0;4;12;15;45,0;18;49
qore_as_idea6,nq_64,0.2727272727272727,0.6,0.8371888670370181,0.16281113296298189,0.0,0.6666666666666666,1208.875808999892,194.15038300007836,True,0;12;25;36;47,0;1;3;4;7;9;10;12;29;32;36
qore_as_idea6,nq_65,0.625,1.0,0.9032599662622462,0.09674003373775375,0.0,0.6666666666666666,1202.839337000114,193.57921499999975,True,0;3;6;9;37,0;3;4;5;6;7;9;37
qore_as_idea6,nq_66,0.36363636363636365,0.8,0.7807348065027465,0.21926519349725349,1.0,1.0,1252.6387690002139,293.7717370000428,True,9;13;16;20;26,0;3;9;11;13;16;24;26;31;34;38
qore_as_idea6,nq_67,,0.0,0.7000849449073352,0.2999150550926648,1.0,1.0,1147.372457000074,206.52515899996615,False,1;6;7;9;31,
qore_as_idea6,nq_68,0.0,0.0,0.8525172561153651,0.1474827438846349,0.0,0.5,1220.2115009999943,196.55980000015916,True,0;2;16;33;45,4;11
qore_as_idea6,nq_69,,0.0,0.6787632268143693,0.3212367731856307,0.0,0.0,1259.644144000049,255.74112100002822,False,3;8;9;23;34,
qore_as_idea6,nq_70,0.0,0.0,0.7214991402779486,0.2785008597220514,0.0,0.0,1142.0283039999504,235.33057600002394,True,2;29;40;43;45,7;24
qore_as_idea6,nq_71,0.2222222222222222,0.4,0.8704958373298914,0.12950416267010856,0.0,0.6666666666666666,1200.0648609998734,194.53887999998187,True,2;23;29;31;39,0;3;5;12;14;18;22;23;29
qore_as_idea6,nq_72,0.375,0.6,0.7615788561878561,0.23842114381214385,0.0,0.6666666666666666,1157.990004000112,254.7393770000781,True,0;1;17;42;43,0;1;2;3;4;11;14;43
qore_as_idea6,nq_73,1.0,0.6,0.719990940563148,0.28000905943685195,1.0,1.0,1162.5790020000295,174.89980499999547,True,0;1;4;12;26,0;1;4
qore_as_idea6,nq_74,0.6666666666666666,0.4,0.8103143524869306,0.18968564751306938,0.0,0.5,1198.0457049999131,255.81060999979854,True,4;9;11;40;47,9;40;41
qore_as_idea6,nq_75,1.0,0.8,0.7895018737987641,0.21049812620123587,1.0,1.0,1204.820400000017,215.84354900005565,True,0;1;2;10;24,0;1;2;24
qore_as_idea6,nq_76,0.75,0.6,0.822615029269582,0.17738497073041803,0.0,0.6666666666666666,1155.2923680001186,277.9709270000694,True,0;1;3;7;25,0;1;3;10
qore_as_idea6,nq_77,,0.0,0.6444055659653998,0.3555944340346002,0.0,0.3333333333333333,1197.0838700001423,236.28452499997366,False,21;32;36;44;47,
qore_as_idea6,nq_78,0.4,0.4,0.8174135103336926,0.18258648966630742,1.0,1.0,1201.0003140001118,257.27923799968266,True,0;13;23;28;38,0;16;19;25;28
qore_as_idea6,nq_79,0.5,0.4,0.8146675922834291,0.1853324077165709,0.0,0.6666666666666666,1175.4043989999445,296.73863699963476,True,0;1;7;9;45,0;1;2;37
qore_as_idea6,nq_80,0.5,0.8,0.8094359123819028,0.19056408761809718,1.0,1.0,1175.0939300000027,235.99949800018294,True,3;4;8;13;31,0;2;3;4;7;8;13;14
qore_as_idea6,nq_81,0.0967741935483871,0.6,0.8287765905458077,0.17122340945419234,1.0,1.0,1218.2241590003287,159.6729759999107,True,0;8;14;32;47,0;1;2;3;4;5;7;8;9;10;11;12;13;15;18;23;25;26;27;28;29;31;33;35;36;37;39;41;43;45;47
qore_as_idea6,nq_82,0.3333333333333333,0.2,0.7994375719631821,0.2005624280368179,0.0,0.5,1221.3213770000948,182.10543900022458,True,3;12;18;26;27,3;5;35
qore_as_idea6,nq_83,,0.0,0.7702313805551746,0.2297686194448254,0.0,0.0,1231.3901299999088,199.21162499986167,False,6;7;25;40;46,
qore_as_idea6,nq_84,0.0,0.0,0.7135132356946624,0.2864867643053376,0.0,0.28571428571428575,1244.393012999808,203.30106400024306,True,28;30;35;36;42,25
qore_as_idea6,nq_85,0.2,0.2,0.8338389629969738,0.1661610370030262,0.0,0.0,1181.0126969999146,250.35129499974573,True,4;7;18;35;37,1;3;8;37;39
qore_as_idea6,nq_86,0.2857142857142857,0.4,0.6870064431662728,0.3129935568337272,0.0,0.6666666666666666,1188.3426939998571,153.50947900014944,True,0;11;17;39;45,0;12;14;16;31;35;39
qore_as_idea6,nq_87,0.6,0.6,0.7364073378164768,0.2635926621835232,1.0,1.0,1176.984887999879,257.1155450000333,True,0;1;4;9;49,0;1;4;12;30
qore_as_idea6,nq_88,0.6666666666666666,0.4,0.8921384642304006,0.10786153576959945,1.0,1.0,1186.6822619999766,235.50669099995503,True,2;4;9;13;15,2;4;31
qore_as_idea6,nq_89,0.0,0.0,0.8466505197747969,0.15334948022520312,0.0,0.0,1187.6556930001243,152.4940650001554,True,6;20;27;30;35,14;22;23;25;40
qore_as_idea6,nq_90,0.6666666666666666,0.4,0.6479646335455793,0.3520353664544207,0.0,0.6666666666666666,1166.2634509998497,214.14476900008594,True,0;3;17;37;40,0;10;17
qore_as_idea6,nq_91,,0.0,0.8367339007437036,0.16326609925629643,0.0,0.6666666666666666,1175.2438179996716,262.1822430000975,False,0;5;7;9;42,
qore_as_idea6,nq_92,,0.0,0.7839237658246304,0.21607623417536959,0.0,0.0,1257.6457819995994,195.93754500010618,False,0;6;14;15;20,
qore_as_idea6,nq_93,,0.0,0.6650034259821638,0.3349965740178362,0.0,0.3333333333333333,1161.6291940003975,214.09619999985807,False,0;20;31;32;33,
qore_as_idea6,nq_94,0.5,0.2,0.7136343545272765,0.2863656454727235,0.0,0.3333333333333333,1187.412964000032,277.43564599995807,True,1;2;11;19;42,0;2
qore_as_idea6,nq_95,0.45454545454545453,1.0,0.9343623713911284,0.06563762860887157,0.0,0.0,1160.1802440000029,192.81367900020996,True,0;3;4;8;26,0;3;4;8;23;26;29;35;38;43;49
qore_as_idea6,nq_96,0.75,0.6,0.7630188293349178,0.23698117066508217,1.0,1.0,1204.2104480001399,180.5199340001309,True,1;8;10;25;36,0;1;25;36
qore_as_idea6,nq_97,0.3333333333333333,0.2,0.8266711425963689,0.17332885740363113,1.0,1.0,1196.004699000241,198.63147399973968,True,25;29;35;47;49,8;13;47
qore_as_idea6,nq_98,0.16666666666666666,0.4,0.8988366876684456,0.1011633123315544,0.0,0.0,1202.7529729998605,359.1019000000415,True,0;2;8;47;48,0;1;7;10;11;18;24;25;26;28;36;48
qore_as_idea6,nq_99,1.0,0.4,0.8100432637592965,0.18995673624070353,0.0,0.4444444444444445,1176.518574000056,256.3701859999128,True,0;4;5;7;19,0;4
qore_as_idea6,nq_100,0.42857142857142855,0.6,0.8360494764035818,0.16395052359641815,0.0,0.0,1175.7790540000315,176.43120899992937,True,5;7;17;32;45,0;2;5;17;39;43;45
qore_as_idea6,nq_101,0.2222222222222222,0.4,0.7539550120356822,0.24604498796431784,0.0,0.7499999999999999,1187.095636000322,236.19285699987813,True,1;2;10;20;32,1;2;13;23;24;26;31;40;45
qore_as_idea6,nq_102,0.42857142857142855,0.6,0.7597615634251296,0.24023843657487043,1.0,1.0,1157.8199959999438,172.6132020003206,True,2;6;24;26;44,0;2;6;16;17;26;29
qore_as_idea6,nq_103,0.0,0.0,0.8007718339191431,0.19922816608085692,0.0,0.0,1188.3071500001279,227.61390100004064,True,0;4;19;27;39,10
qore_as_idea6,nq_104,1.0,0.2,0.8686048803550268,0.1313951196449732,0.0,0.6666666666666665,1200.4831929998545,254.90853900009824,True,1;20;21;29;40,1
qore_as_idea6,nq_105,0.125,1.0,0.793148969370737,0.20685103062926302,0.0,0.6666666666666666,1205.625517000044,257.36732799987294,True,14;30;32;46;48,0;1;2;3;4;5;6;7;8;12;13;14;15;16;17;18;19;20;22;23;25;26;27;28;29;30;32;35;36;37;38;40;41;42;44;45;46;47;48;49
qore_as_idea6,nq_106,,0.0,0.7692847825900776,0.2307152174099224,0.0,0.0,1173.2859280000412,235.3669539998009,False,9;14;19;35;46,
qore_as_idea6,nq_107,,0.0,0.8576747965199193,0.1423252034800807,0.0,0.0,1197.1515769996586,277.30430299970976,False,0;1;2;5;8,
qore_as_idea6,nq_108,0.25,0.6,0.8449188994420638,0.15508110055793622,1.0,1.0,1176.8116789999112,172.34957699974984,True,2;3;36;47;48,2;3;5;6;12;14;24;29;36;40;42;43
qore_as_idea6,nq_109,,0.0,0.7007157105963577,0.29928428940364227,0.0,0.0,1197.4091680003767,195.1995569997962,False,8;32;39;46;47,
qore_as_idea6,nq_110,,0.0,0.735735644299725,0.26426435570027496,0.0,0.4,1167.289449999771,234.92976599982285,False,4;9;17;34;46,
qore_as_idea6,nq_111,,0.0,0.8960536862526371,0.10394631374736285,0.0,0.0,1204.0634999998474,214.16145500006678,False,0;16;26;27;45,
qore_as_idea6,nq_112,0.25,1.0,0.8449998608077905,0.15500013919220945,0.0,0.5,1205.243359999713,236.8589519996931,True,8;17;24;26;33,0;1;2;3;4;5;6;7;8;9;13;15;17;24;26;29;33;38;44;49
qore_as_idea6,nq_113,0.75,0.6,0.7694946018855852,0.23050539811441484,1.0,1.0,1187.5252710001405,152.59025699970152,True,0;1;4;6;27,0;1;6;40
qore_as_idea6,nq_114,1.0,0.2,0.8434680062672809,0.1565319937327191,0.0,0.28571428571428575,1184.2061390002527,238.12247500018202,True,13;19;23;30;37,37
qore_as_idea6,nq_115,0.5,0.2,0.7076175299502786,0.2923824700497214,1.0,1.0,1211.3297630003217,214.92181200028426,True,0;23;28;30;33,0;7
qore_as_idea6,nq_116,0.22727272727272727,1.0,0.9464443923215111,0.05355560767848888,0.0,0.6666666666666666,1174.8209439997481,176.59727000000203,True,0;1;2;5;8,0;1;2;3;5;8;10;12;13;23;26;27;28;29;31;33;37;39;41;42;44;47
qore_as_idea6,nq_117,0.5,0.2,0.8504221790021159,0.14957782099788408,0.0,0.0,1154.261312000017,198.17365600010817,True,4;10;34;40;49,3;4
qore_as_idea6,nq_118,,0.0,0.727174844373112,0.272825155626888,0.0,0.0,1247.2154360002605,340.9186039998531,False,6;17;29;43;45,
qore_as_idea6,nq_119,0.4,0.4,0.8636852077655256,0.1363147922344744,1.0,1.0,1180.0280630000088,193.4227589999864,True,0;5;10;11;22,0;8;11;15;19
qore_as_idea6,nq_120,0.75,0.6,0.7968275709570267,0.20317242904297328,1.0,1.0,1180.783295999845,198.74347799986936,True,0;4;5;16;21,0;2;4;5
qore_as_idea6,nq_121,0.23076923076923078,0.6,0.7792417385228149,0.22075826147718514,0.0,0.5714285714285715,1169.109079000009,277.9985649999617,True,10;18;29;34;40,0;7;10;12;17;18;26;28;29;45;46;48;49
qore_as_idea6,nq_122,,0.0,0.7727222787027289,0.22727772129727108,0.0,0.6666666666666666,1184.6701810000013,215.71590299981835,False,1;12;15;43;48,
qore_as_idea6,nq_123,0.16666666666666666,0.2,0.7669353862106378,0.23306461378936216,1.0,1.0,1156.9849549996434,213.91636599992125,True,4;33;41;45;47,1;2;4;6;7;12
qore_as_idea6,nq_124,1.0,0.2,0.7063202401630715,0.2936797598369285,1.0,1.0,1171.1033500000667,194.98432900036278,True,0;3;4;27;42,4
qore_as_idea6,nq_125,0.25,0.6,0.7352406580159325,0.2647593419840675,0.0,0.6666666666666666,1194.156473000021,173.95161400008874,True,0;1;4;26;36,0;1;2;4;5;6;7;8;10;21;40;47
qore_as_idea6,nq_126,0.6666666666666666,0.4,0.6747412231246326,0.3252587768753674,1.0,1.0,1186.3445159997354,153.30090399993423,True,0;4;7;13;42,0;1;4
qore_as_idea6,nq_127,0.5,0.4,0.7377998458095565,0.2622001541904435,1.0,1.0,1171.3437359999261,174.42286999994394,True,0;1;4;24;39,0;1;3;7
qore_as_idea6,nq_128,0.5,0.8,0.8260395044230734,0.1739604955769266,1.0,1.0,1192.2957990000214,153.40603799995733,True,0;4;10;15;35,0;4;9;15;28;33;35;44
qore_as_idea6,nq_129,0.3333333333333333,0.6,0.7995135293357066,0.20048647066429337,1.0,1.0,1197.3357810002199,213.73907899987898,True,0;10;28;29;33,0;1;5;6;9;10;33;37;48
qore_as_idea6,nq_130,,0.0,0.7940226502470022,0.20597734975299775,1.0,1.0,1250.3480140003376,216.81630900002347,False,4;12;13;14;26,
qore_as_idea6,nq_131,0.2857142857142857,0.4,0.8852496581914796,0.1147503418085204,0.0,0.0,1279.1563020000467,215.0745370004188,True,0;4;5;34;41,0;4;15;20;23;43;46
qore_as_idea6,nq_132,0.0,0.0,0.8406994494597777,0.1593005505402223,0.0,0.0,1228.4636019999198,194.93638799986002,True,0;5;6;20;26,9;18;19;28
qore_as_idea6,nq_133,0.2,0.2,0.8490006223518577,0.1509993776481423,0.0,0.3333333333333333,1191.4708980002615,217.3523690003094,True,1;22;26;35;47,2;5;9;31;47
qore_as_idea6,nq_134,0.75,0.6,0.8154688240932888,0.1845311759067112,0.0,0.0,1147.938047000025,133.8140679999924,True,0;3;6;19;32,0;3;5;6
qore_as_idea6,nq_135,0.0,0.0,0.6389181590582893,0.3610818409417107,0.0,0.0,1173.8607639999827,195.08623299998362,True,4;27;32;43;47,0;20;28;38
qore_as_idea6,nq_136,1.0,0.2,0.6368482082166004,0.3631517917833996,0.0,0.6666666666666666,1172.0391600001676,359.8589059997721,True,7;16;18;21;38,21
qore_as_idea6,nq_137,1.0,0.4,0.7876172381780243,0.21238276182197569,0.0,0.5,1151.0869219996493,419.70677100016474,True,0;3;4;8;43,0;3
qore_as_idea6,nq_138,,0.0,0.777208464312489,0.22279153568751098,0.0,0.0,1214.153971000087,297.6930180002455,False,5;18;25;26;37,
qore_as_idea6,nq_139,,0.0,0.6600232611778478,0.3399767388221522,0.0,0.0,1189.3480370004,165.86034900001323,False,0;3;6;31;45,
qore_as_idea6,nq_140,1.0,0.4,0.8715623286380101,0.1284376713619899,1.0,1.0,1195.5624069996702,235.22385099977328,True,1;6;7;16;21,1;6
qore_as_idea6,nq_141,0.15625,1.0,0.8469424092156383,0.15305759078436165,0.0,0.0,1204.9072980003075,193.51802399978624,True,14;24;33;35;45,2;3;5;7;11;13;14;16;18;19;20;21;22;23;24;25;26;29;30;31;32;33;34;35;36;37;39;44;45;46;47;48
qore_as_idea6,nq_142,0.125,1.0,0.8491524205466202,0.1508475794533798,0.0,0.0,1183.2030919999852,277.7164979997906,True,4;6;10;37;41,0;1;2;3;4;5;6;7;8;9;10;11;12;13;14;15;16;17;18;19;20;21;22;23;24;25;26;28;30;31;36;37;39;41;42;43;44;45;47;49
qore_as_idea6,nq_143,0.6666666666666666,0.4,0.7396299247987199,0.2603700752012801,1.0,1.0,1168.9096860000063,277.1195350001108,True,15;26;34;45;47,6;26;47
qore_as_idea6,nq_144,0.23809523809523808,1.0,0.8813945156728407,0.11860548432715934,0.0,0.8,1179.5533569998042,193.4112870003446,True,5;28;36;39;43,0;1;3;4;5;6;8;11;12;20;21;22;28;29;36;39;40;41;43;45;48
qore_as_idea6,nq_145,0.0,0.0,0.7651819965285324,0.23481800347146764,0.0,0.0,1157.9407899998841,234.72070100024212,True,17;18;25;30;33,8
qore_as_idea6,nq_146,0.42857142857142855,0.6,0.7660852427250855,0.2339147572749145,1.0,1.0,1183.9659040001607,214.78125800013004,True,9;14;22;27;46,2;6;8;9;14;22;33
qore_as_idea6,nq_147,0.6,0.6,0.7291558225464201,0.2708441774535799,1.0,1.0,1167.4643070000457,275.72252399977515,True,6;11;16;40;44,0;6;8;11;40
qore_as_idea6,nq_148,0.6666666666666666,0.8,0.888906527348183,0.11109347265181702,0.0,0.5714285714285715,1202.1139019998373,275.87124899991977,True,0;1;6;11;22,0;1;4;6;17;22
qore_as_idea6,nq_149,1.0,0.4,0.8490293243660301,0.15097067563396993,0.0,0.28571428571428575,1166.767426000206,296.2212219999856,True,2;4;6;12;38,2;4
qore_as_idea6,nq_150,,0.0,0.7418361935279549,0.25816380647204507,0.0,0.0,1186.1121420001837,233.97666600021694,False,8;9;16;31;36,
qore_as_idea6,nq_151,0.16666666666666666,0.2,0.8619585973816619,0.13804140261833808,0.0,0.5,1200.2801090002322,255.90119200023764,True,0;1;4;10;23,4;6;18;22;28;38
qore_as_idea6,nq_152,1.0,0.4,0.8571879021623257,0.14281209783767435,0.0,0.8,1171.0165859999506,194.97435299990684,True,0;1;2;6;20,0;1
qore_as_idea6,nq_153,0.3333333333333333,0.2,0.694277382038063,0.305722617961937,1.0,1.0,1156.142305999765,193.30152199972872,True,9;11;12;30;46,0;1;46
qore_as_idea6,nq_154,,0.0,0.8770677776844178,0.1229322223155822,0.0,0.0,1162.1320189997277,235.18551600000137,False,2;9;15;27;42,
qore_as_idea6,nq_155,,0.0,0.6725530340256641,0.32744696597433587,0.0,0.0,1158.1982259999677,213.48332799971104,False,7;18;22;33;42,
qore_as_idea6,nq_156,0.1875,0.6,0.8825600566606789,0.11743994333932106,0.0,0.6666666666666666,1201.6082059999462,193.29257500021413,True,1;3;7;9;16,0;3;4;5;6;7;8;14;16;17;24;27;39;42;43;49
qore_as_idea6,nq_157,1.0,0.6,0.7270359531888193,0.2729640468111807,0.0,0.5,1197.5243890001366,214.01321500025006,True,0;1;10;31;49,0;1;49
qore_as_idea6,nq_158,,0.0,0.7071060596142257,0.2928939403857743,0.0,0.0,1150.7116089996998,173.10620099988228,False,7;14;22;25;26,
qore_as_idea6,nq_159,0.0,0.0,0.7145377569418242,0.2854622430581758,0.0,0.0,1219.6625149999818,174.9043029999484,True,15;17;25;27;40,32;49
qore_as_idea6,nq_160,1.0,0.2,0.7405512967891585,0.25944870321084146,0.0,0.0,1206.7594899999676,236.60302500002217,True,4;12;25;41;48,4
qore_as_idea6,nq_161,0.2,0.2,0.8539617712839028,0.14603822871609717,0.0,0.5714285714285715,1265.2551389996916,154.21079199995802,True,1;2;6;9;27,2;12;21;25;32
qore_as_idea6,nq_162,1.0,0.8,0.7827820481251692,0.21721795187483084,1.0,1.0,1198.5981950001587,237.3539619998155,True,1;4;6;17;46,1;4;17;46
qore_as_idea6,nq_163,,0.0,0.7001609607152997,0.29983903928470035,0.0,0.8,1179.1970899998887,194.99606599993058,False,1;2;4;30;34,
qore_as_idea6,nq_164,1.0,0.4,0.7277034887488416,0.2722965112511584,0.0,0.0,1212.3487290000412,215.29114600025423,True,4;30;32;40;49,4;32
qore_as_idea6,nq_165,0.5,0.4,0.7216014749242252,0.2783985250757748,1.0,1.0,1196.3956140002665,217.2466360002545,True,3;6;12;17;24,0;3;5;12
qore_as_idea6,nq_166,0.3333333333333333,0.2,0.802017314591497,0.19798268540850295,1.0,1.0,1193.7379220003095,277.4226460001046,True,0;4;11;12;16,0;1;2
qore_as_idea6,nq_167,0.6666666666666666,0.4,0.8579604624637376,0.14203953753626242,1.0,1.0,1195.8147109999118,213.89126899975963,True,2;4;18;24;26,4;5;24
qore_as_idea6,nq_168,0.2,0.2,0.8057851765580107,0.19421482344198926,0.0,0.3333333333333333,1234.0909950003152,279.27115700003924,True,1;4;14;21;31,0;4;17;19;39
qore_as_idea6,nq_169,0.058823529411764705,0.2,0.8566633548285931,0.14333664517140687,0.0,0.0,1255.4252560003079,236.01425400011067,True,5;9;14;22;48,0;1;4;6;8;15;17;18;19;20;22;25;31;33;41;44;46
qore_as_idea6,nq_170,0.16666666666666666,0.2,0.8395563012593872,0.16044369874061282,0.0,0.4,1197.9541179998705,255.61498000024585,True,0;2;4;7;30,0;1;5;8;21;45
qore_as_idea6,nq_171,0.5,0.8,0.8747262835236743,0.12527371647632568,0.0,0.6666666666666666,1163.2671010002014,274.5705319998706,True,2;16;24;32;42,2;4;6;15;24;32;42;44
qore_as_idea6,nq_172,,0.0,0.6886754828437727,0.31132451715622733,0.0,0.0,1160.9126819998892,175.06226400018932,False,5;8;20;46;49,
qore_as_idea6,nq_173,1.0,0.4,0.8904616751255251,0.1095383248744749,1.0,1.0,1168.0986080000366,174.78457600009278,True,0;1;2;3;29,0;1
qore_as_idea6,nq_174,0.3333333333333333,0.6,0.8105775755463419,0.1894224244536581,1.0,1.0,1176.897297999858,256.0541069997271,True,0;3;6;10;12,0;2;6;8;9;12;17;28;45
qore_as_idea6,nq_175,0.25,0.6,0.7173403260561949,0.2826596739438051,0.0,0.6,1182.432283000253,414.3088569999236,True,8;13;17;22;25,0;1;2;3;4;5;6;8;17;22;23;44
qore_as_idea6,nq_176,,0.0,0.7713437931181257,0.22865620688187427,0.0,0.0,1188.5978299997078,215.7531189996007,False,0;2;8;36;47,
qore_as_idea6,nq_177,0.07692307692307693,0.2,0.802719988864865,0.19728001113513505,0.0,0.0,1233.7941079999837,258.01994499988723,True,8;12;15;17;36,5;7;12;13;18;20;21;31;34;37;39;43;47
qore_as_idea6,nq_178,0.4444444444444444,0.8,0.8357406142137304,0.16425938578626964,0.0,0.5,1176.492407999831,214.23651899976903,True,2;24;34;40;46,2;5;17;21;24;26;28;34;46
qore_as_idea6,nq_179,,0.0,0.6667270105069406,0.3332729894930594,0.0,0.0,1197.1933300001183,235.1982769996539,False,3;20;28;29;36,
qore_as_idea6,nq_180,0.25,0.2,0.8274921466995517,0.17250785330044827,0.0,0.6666666666666666,1208.379634999801,339.14050900011716,True,10;13;14;38;42,1;5;13;41
qore_as_idea6,nq_181,1.0,0.4,0.7761163344579828,0.22388366554201722,1.0,1.0,1184.4774070000312,235.28508999970654,True,5;17;30;39;48,17;30
qore_as_idea6,nq_182,,0.0,0.686485312685031,0.313514687314969,0.0,0.0,1176.7301460004091,279.19426700009353,False,1;5;35;36;39,
qore_as_idea6,nq_183,0.0,0.0,0.6278008647688829,0.37219913523111714,0.0,0.3333333333333333,1200.729166000201,235.9655320001366,True,2;17;21;38;43,12;27;29;49
qore_as_idea6,nq_184,0.5,0.4,0.7906981240470625,0.20930187595293748,0.0,0.0,1171.40168800006,298.3030649998,True,0;2;15;20;36,0;2;4;9
qore_as_idea6,nq_185,,0.0,0.6993636784822674,0.30063632151773256,0.0,0.0,1224.0901059999487,263.362041000164,False,20;25;37;43;48,
qore_as_idea6,nq_186,0.36363636363636365,0.8,0.8177049319897998,0.18229506801020023,1.0,1.0,1182.3552310002015,198.7866640001812,True,2;6;7;22;23,0;2;6;7;13;15;18;22;34;38;49
qore_as_idea6,nq_187,0.3333333333333333,0.2,0.7784468621893893,0.2215531378106107,1.0,1.0,1171.1415979998492,196.4848659999916,True,0;2;9;12;30,0;5;17
qore_as_idea6,nq_188,1.0,0.2,0.669144698327224,0.330855301672776,1.0,1.0,1222.824004999893,213.1162289997519,True,8;25;33;40;46,40
qore_as_idea6,nq_189,,0.0,0.6902035062688405,0.3097964937311595,0.0,0.0,1167.446098000255,235.37282600000253,False,0;1;2;3;19,
qore_as_idea6,nq_190,0.75,0.6,0.8298663797050783,0.17013362029492174,1.0,1.0,1156.1851950000346,195.81748500013418,True,0;3;15;19;41,0;3;15;17
qore_as_idea6,nq_191,0.4444444444444444,0.8,0.7913629567748725,0.20863704322512755,1.0,1.0,1189.9173219999284,235.7382189998134,True,0;8;29;36;47,0;2;6;8;9;30;35;36;47
qore_as_idea6,nq_192,0.3333333333333333,0.2,0.7762841816988371,0.22371581830116294,0.0,0.0,1167.4629929998446,193.36099399970408,True,0;3;6;13;37,3;11;22
qore_as_idea6,nq_193,,0.0,0.7719379458010455,0.22806205419895453,0.0,0.25,1212.390821000099,216.99976399986554,False,8;29;31;41;46,
qore_as_idea6,nq_194,1.0,0.6,0.7197537680083782,0.2802462319916218,1.0,1.0,1159.5584759998019,281.94284800019886,True,0;1;15;19;40,0;1;19
qore_as_idea6,nq_195,,0.0,0.9483986402362866,0.051601359763713384,0.0,0.0,1178.771271000187,260.26653200005967,False,8;10;22;32;40,
qore_as_idea6,nq_196,0.2857142857142857,0.8,0.7703895960752085,0.22961040392479148,0.0,0.4444444444444445,1216.0425850001957,695.830646000104,True,0;11;12;16;46,0;1;5;6;10;12;15;16;22;26;37;38;45;46
qore_as_idea6,nq_197,1.0,0.2,0.8366675199396593,0.16333248006034073,0.0,0.7499999999999999,1247.8425660001449,194.47744199987937,True,1;3;4;12;32,1
qore_as_idea6,nq_198,0.35714285714285715,1.0,0.8340737711705757,0.16592622882942432,0.0,0.0,1188.3803109999462,214.15548899994974,True,4;20;21;37;45,0;1;4;5;11;12;15;16;18;20;21;37;45;48
qore_as_idea6,nq_199,0.25,0.4,0.778359619071723,0.22164038092827698,1.0,1.0,1214.0953470002387,216.29143699965425,True,7;10;19;29;34,1;7;9;11;16;17;19;45
topk_as,nq_0,0.5,0.4,0.8541128623045979,0.14588713769540207,0.0,0.8571428571428571,0.2592370001366362,474.34817100020155,True,0;1;25;32;37,0;1;4;38
topk_as,nq_1,0.6666666666666666,0.8,0.8147195232404482,0.18528047675955184,0.0,0.5714285714285715,0.24077400030364515,257.00449899977684,True,0;1;7;30;43,0;1;7;9;14;30
topk_as,nq_2,0.23076923076923078,0.6,0.7073026824592535,0.29269731754074646,1.0,1.0,0.2503220002836315,172.73350200002824,True,0;1;32;40;47,0;1;6;7;16;19;22;23;32;33;35;38;45
topk_as,nq_3,0.625,1.0,0.9206778542074365,0.07932214579256347,0.0,0.0,0.24461599969072267,277.13673600010225,True,24;29;37;45;49,4;6;24;29;37;45;47;49
topk_as,nq_4,0.3,0.6,0.8652634822778797,0.13473651772212025,1.0,1.0,0.23769699964759639,173.97591299959458,True,0;10;26;29;40,0;3;7;16;24;26;27;33;40;47
topk_as,nq_5,0.0,0.0,0.8888063393982742,0.11119366060172575,0.0,0.0,0.25821500003075926,235.42580299999827,True,0;5;8;10;21,19;44
topk_as,nq_6,0.0,0.0,0.9058967500802556,0.09410324991974439,0.0,0.0,0.23633399996469961,257.17894699982935,True,0;3;5;11;12,9;33
topk_as,nq_7,,0.0,0.9030805196519799,0.09691948034802012,0.0,0.6666666666666666,0.23392700040858472,194.32347900010427,False,4;9;34;42;49,
topk_as,nq_8,,0.0,0.8305633069813464,0.1694366930186536,0.0,0.3333333333333333,0.24261299995487207,232.92625100020814,False,0;1;7;14;49,
topk_as,nq_9,,0.0,0.8074523201595352,0.19254767984046484,0.0,0.5,0.13053299971943488,179.07058399987363,False,15;19;34;43;48,
topk_as,nq_10,0.21428571428571427,0.6,0.8146857005462078,0.1853142994537922,1.0,1.0,0.11996500006716815,194.1160450001007,True,8;11;28;42;46,0;1;2;3;5;8;9;11;14;17;23;36;39;42
topk_as,nq_11,1.0,0.8,0.8281666997146235,0.17183330028537647,1.0,1.0,0.11740300033125095,214.96322599978157,True,0;3;7;14;37,3;7;14;37
topk_as,nq_12,0.6666666666666666,0.4,0.8809614192203821,0.11903858077961793,0.0,0.0,0.21679400015273131,317.2498139997515,True,0;1;3;14;18,0;1;41
topk_as,nq_13,0.7142857142857143,1.0,0.8796021870085656,0.12039781299143437,1.0,1.0,0.2478430001247034,193.15224199999648,True,0;1;4;5;16,0;1;3;4;5;16;31
topk_as,nq_14,1.0,1.0,0.8793194192567189,0.12068058074328114,0.0,0.5714285714285715,0.12310800002524047,296.4068619999125,True,0;1;2;9;11,0;1;2;9;11
topk_as,nq_15,,0.0,0.7084245033339727,0.29157549666602733,0.0,0.0,0.12629600041691447,217.54522599985648,False,17;18;36;46;49,
topk_as,nq_16,0.5,0.2,0.8618908111389179,0.13810918886108214,0.0,0.7499999999999999,0.11963199995079776,234.45776600010504,True,5;7;27;42;43,4;27
topk_as,nq_17,0.2,0.2,0.8234791843263715,0.17652081567362854,1.0,1.0,0.22917100022823433,192.99963200001002,True,1;13;20;22;29,8;12;22;27;28
topk_as,nq_18,0.05263157894736842,0.2,0.8263849941803084,0.17361500581969158,0.0,0.0,0.23165199991126428,217.56344499999614,True,0;3;18;34;41,0;1;2;4;5;6;7;10;16;17;20;22;25;27;33;36;37;43;49
topk_as,nq_19,0.2,1.0,0.7832095675627189,0.21679043243728113,0.0,0.0,0.12091400003555464,194.55685000002632,True,0;9;11;18;27,0;1;2;3;4;5;6;8;9;11;12;13;15;17;18;21;23;27;31;32;36;43;45;47;49
topk_as,nq_20,0.75,0.6,0.8578963356922049,0.14210366430779509,0.0,0.0,0.22656200007986627,235.7031259998621,True,0;6;9;42;48,0;21;42;48
topk_as,nq_21,0.75,0.6,0.7655556008425448,0.23444439915745519,0.0,0.33333333333333337,0.11699099968609517,297.2276340001372,True,0;1;3;14;23,0;1;3;16
topk_as,nq_22,0.3333333333333333,0.8,0.843627516521505,0.15637248347849497,0.0,0.6666666666666666,0.12410100043780403,172.48970599985114,True,0;1;3;5;26,0;3;5;12;17;22;24;26;28;31;34;48
topk_as,nq_23,0.75,0.6,0.8251881144429756,0.17481188555702443,1.0,1.0,0.12328200000411016,172.61392199998227,True,5;7;8;33;34,5;8;31;33
topk_as,nq_24,1.0,0.8,0.9102010331457286,0.08979896685427136,1.0,1.0,0.12435300004653982,217.06908499982092,True,0;1;2;4;7,0;2;4;7
topk_as,nq_25,0.25,0.6,0.7888285157577745,0.21117148424222554,0.0,0.5,0.14723000003868947,212.5709009997081,True,7;15;19;43;46,0;3;5;15;19;24;34;37;41;42;43;45
topk_as,nq_26,,0.0,0.6727415658000853,0.32725843419991474,0.0,0.0,0.1281790000575711,236.63574800002607,False,8;23;29;45;46,
topk_as,nq_27,1.0,0.2,0.7090364907533585,0.2909635092466415,0.0,0.8,0.12705900007858872,276.65696399981243,True,0;2;6;29;32,0
topk_as,nq_28,0.35714285714285715,1.0,0.8955724609610083,0.10442753903899171,0.0,0.6666666666666666,0.13023800011069397,193.02000900006533,True,0;1;28;31;32,0;1;3;11;14;15;18;25;28;31;32;35;40;45
topk_as,nq_29,0.5,0.2,0.861273147251687,0.13872685274831298,0.0,1.0,0.27056299995820154,255.77801600002203,True,0;2;4;9;22,1;2
topk_as,nq_30,0.5,0.8,0.8532694256501344,0.14673057434986558,1.0,1.0,0.1267930001631612,277.0243710001523,True,0;1;25;27;45,0;1;3;6;10;25;27;29
topk_as,nq_31,1.0,0.2,0.8118790882970668,0.1881209117029332,1.0,1.0,0.12428199988789856,172.31604200014772,True,0;3;5;6;44,0
topk_as,nq_32,,0.0,0.8175296329548765,0.18247036704512354,0.0,0.5,0.23310300002776785,173.27178499999718,False,3;5;10;15;32,
topk_as,nq_33,0.5,0.2,0.7701061558512619,0.22989384414873815,1.0,1.0,0.1278579998142959,173.13226699980078,True,1;5;6;28;40,0;6
topk_as,nq_34,0.4,0.4,0.8347301659688432,0.1652698340311568,0.0,0.0,0.2648660001796088,275.8747359998779,True,2;4;5;7;31,1;4;8;13;31
topk_as,nq_35,1.0,0.6,0.900795916497173,0.09920408350282695,1.0,1.0,0.2397530001871928,255.7722910000848,True,3;5;6;11;15,3;5;6
topk_as,nq_36,0.0,0.0,0.8117528494934465,0.1882471505065535,0.0,0.0,0.14519100022880593,214.88373399961347,True,3;8;9;20;31,5;7
topk_as,nq_37,0.75,0.6,0.7832614966608917,0.21673850333910827,1.0,1.0,0.13058500007900875,254.76050299994313,True,0;3;11;17;30,0;3;23;30
topk_as,nq_38,0.2777777777777778,1.0,0.8587860043478145,0.1412139956521855,0.0,0.8,0.1488299999437004,337.80433799984166,True,0;5;6;8;11,0;1;2;3;4;5;6;7;8;11;17;19;25;26;31;33;45;47
topk_as,nq_39,0.0,0.0,0.867129358416509,0.13287064158349104,0.0,0.0,0.15128099994399236,154.09657599957427,True,0;1;13;27;41,2;3;4;6;8;10;11;15;16;19;23;33;38;40;43;44;45;47
topk_as,nq_40,,0.0,0.8863373361045189,0.11366266389548108,0.0,0.0,0.1278059999094694,440.2044690000366,False,1;6;13;30;34,
topk_as,nq_41,,0.0,0.8370735235087217,0.16292647649127834,0.0,0.0,0.12659100002565538,262.9206490000797,False,8;17;31;38;43,
topk_as,nq_42,0.75,0.6,0.8090624904723966,0.19093750952760336,1.0,1.0,0.23763499984852388,193.1282249997821,True,0;13;14;17;21,0;14;21;29
topk_as,nq_43,,0.0,0.7459799612947468,0.25402003870525325,0.0,0.0,0.13927100008004345,213.53809400034152,False,11;18;26;35;36,
topk_as,nq_44,0.0,0.0,0.9096881735004485,0.0903118264995515,0.0,0.0,0.1471129999117693,276.4722769998116,True,0;2;3;5;44,47
topk_as,nq_45,0.11904761904761904,1.0,0.923096031601073,0.07690396839892699,0.0,0.4,0.13003999993088655,255.08056499984377,True,1;4;17;28;49,0;1;2;3;4;5;6;7;8;10;11;13;14;15;16;17;19;20;23;24;25;26;27;28;29;30;31;32;33;35;36;37;39;40;41;43;44;45;46;47;48;49
topk_as,nq_46,1.0,0.6,0.9087676936285444,0.09123230637145563,0.0,0.28571428571428575,0.12687400021604844,193.09379199967225,True,0;8;9;12;20,8;9;12
topk_as,nq_47,0.25,0.4,0.8723644402056744,0.12763555979432561,0.0,0.5,0.13115499996274593,256.9474500000979,True,2;16;19;29;36,2;6;9;22;36;38;40;43
topk_as,nq_48,0.2727272727272727,0.6,0.8434577214043735,0.15654227859562653,0.0,0.0,0.1281190002373478,255.2810019997196,True,0;1;2;3;34,0;1;2;4;6;7;9;16;18;41;47
topk_as,nq_49,0.0,0.0,0.8376098351029313,0.1623901648970687,0.0,0.5,0.1450079998903675,216.003451999768,True,1;6;35;36;41,10;21;45
topk_as,nq_50,,0.0,0.813250396861747,0.18674960313825295,0.0,0.28571428571428575,0.2466840001034143,194.7820230002435,False,1;3;12;17;28,
topk_as,nq_51,0.09523809523809523,0.4,0.8417895760075063,0.15821042399249374,1.0,1.0,0.13428399961412651,172.16471299980185,True,31;34;42;43;49,2;3;4;5;6;15;17;19;20;21;22;25;26;28;29;37;38;40;42;43;45
topk_as,nq_52,,0.0,0.6905605089810551,0.30943949101894486,0.0,0.0,0.12868300018453738,173.9150750004228,False,11;14;23;26;39,
topk_as,nq_53,0.17647058823529413,0.6,0.7321601765601041,0.2678398234398959,0.0,0.6666666666666666,0.23810699985915562,234.60288599972046,True,16;17;34;44;45,0;3;4;7;9;11;13;14;22;28;34;37;41;43;44;45;46
topk_as,nq_54,0.2,0.2,0.9022158195782299,0.09778418042177006,0.0,0.0,0.131657000110863,214.8904450000373,True,1;2;15;21;22,1;13;34;42;47
topk_as,nq_55,0.3333333333333333,0.4,0.8249703875930621,0.17502961240693793,1.0,1.0,0.19055199982176418,220.85614099978557,True,3;10;15;27;31,3;13;15;18;26;37
topk_as,nq_56,,0.0,0.8097942838097062,0.1902057161902938,0.0,0.0,0.21235200028968393,178.8226220000979,False,0;8;12;40;48,
topk_as,nq_57,0.6666666666666666,0.8,0.8763986541559958,0.12360134584400417,1.0,1.0,0.10734299985415419,175.88024699989546,True,0;1;2;5;6,0;1;2;4;5;38
topk_as,nq_58,,0.0,0.7804741264089976,0.2195258735910024,0.0,0.0,0.10389799990662141,261.61743500006196,False,0;1;5;18;25,
topk_as,nq_59,,0.0,0.6938990202424822,0.3061009797575178,0.0,0.0,0.1395799999954761,174.74823200018363,False,26;32;33;35;43,
topk_as,nq_60,0.36363636363636365,0.8,0.7980892725757036,0.2019107274242964,0.0,0.5,0.13466299969877582,234.21597400010796,True,1;3;17;30;35,1;3;4;5;6;17;18;22;28;35;37
topk_as,nq_61,0.625,1.0,0.7823651760511299,0.21763482394887013,0.0,0.6666666666666666,0.12826000011045835,295.6423629998426,True,3;4;7;36;47,3;4;7;10;24;34;36;47
topk_as,nq_62,0.25,0.2,0.857893965044094,0.142106034955906,0.0,0.4,0.25034199961737613,175.73370899981455,True,4;6;9;11;14,2;11;19;20
topk_as,nq_63,0.3333333333333333,0.2,0.8693924960291743,0.13060750397082566,0.0,0.6666666666666666,0.13130799970895168,214.71760699978404,True,0;4;11;12;15,0;18;49
topk_as,nq_64,0.2727272727272727,0.6,0.8371888670370181,0.16281113296298189,0.0,0.6666666666666666,0.2367279998907179,193.03560599973935,True,0;12;25;36;47,0;1;3;4;7;9;10;12;29;32;36
topk_as,nq_65,0.625,1.0,0.9032599662622462,0.09674003373775375,0.0,0.6666666666666666,0.1588959999025974,198.26009400003386,True,0;3;6;9;37,0;3;4;5;6;7;9;37
topk_as,nq_66,0.36363636363636365,0.8,0.8309820659179918,0.16901793408200816,1.0,1.0,0.11835999976028688,282.54645100014386,True,0;9;13;16;20,0;3;9;11;13;16;24;26;31;34;38
topk_as,nq_67,,0.0,0.7686284650893382,0.23137153491066176,1.0,1.0,0.11012000004484435,196.99245799984055,False,1;4;6;7;9,
topk_as,nq_68,0.0,0.0,0.8692748480420341,0.13072515195796586,0.0,0.5,0.11035399984393734,178.34121200030495,True,0;2;12;16;33,4;11
topk_as,nq_69,,0.0,0.6787632268143693,0.3212367731856307,0.0,0.0,0.11088000019299216,260.7904460001009,False,3;8;9;23;34,
topk_as,nq_70,0.0,0.0,0.7439220591915813,0.2560779408084187,0.0,0.0,0.10795699972732109,238.5779520000142,True,2;29;42;43;45,7;24
topk_as,nq_71,0.2222222222222222,0.4,0.8704958373298914,0.12950416267010856,0.0,0.6666666666666666,0.10912800007645274,199.31441800008542,True,2;23;29;31;39,0;3;5;12;14;18;22;23;29
topk_as,nq_72,0.5,0.8,0.785158793075236,0.21484120692476405,0.0,0.6666666666666666,0.10507000024517765,244.90448400001696,True,0;1;2;10;43,0;1;2;3;4;11;14;43
topk_as,nq_73,1.0,0.6,0.7563262992147284,0.24367370078527162,1.0,1.0,0.10382799973740475,175.28194900023664,True,0;1;4;7;12,0;1;4
topk_as,nq_74,0.6666666666666666,0.4,0.8103143524869306,0.18968564751306938,0.0,0.5,0.1084790001186775,263.491860999693,True,4;9;11;40;47,9;40;41
topk_as,nq_75,1.0,0.8,0.7895018737987641,0.21049812620123587,1.0,1.0,0.11367099978087936,218.37738900012482,True,0;1;2;10;24,0;1;2;24
topk_as,nq_76,1.0,0.8,0.8914460782209618,0.10855392177903822,0.0,0.6666666666666666,0.1584920000823331,284.6378360000017,True,0;1;3;7;10,0;1;3;10
topk_as,nq_77,,0.0,0.6783292598663863,0.32167074013361374,0.0,0.1,0.15187200006039347,692.451624000114,False,4;21;37;44;47,
topk_as,nq_78,0.4,0.4,0.8174135103336926,0.18258648966630742,1.0,1.0,0.1659680001466768,265.64160099997025,True,0;13;23;28;38,0;16;19;25;28
topk_as,nq_79,0.5,0.4,0.8260598644210682,0.17394013557893184,0.0,0.6666666666666666,0.1686500004325353,305.6312149997211,True,0;1;9;21;45,0;1;2;37
topk_as,nq_80,0.625,1.0,0.9066003072942825,0.09339969270571746,1.0,1.0,0.1652529999773833,242.58048699994106,True,0;2;3;4;7,0;2;3;4;7;8;13;14
topk_as,nq_81,0.0967741935483871,0.6,0.8701281981029624,0.12987180189703762,1.0,1.0,0.1700749999145046,156.97783499990692,True,2;5;8;14;32,0;1;2;3;4;5;7;8;9;10;11;12;13;15;18;23;25;26;27;28;29;31;33;35;36;37;39;41;43;45;47
topk_as,nq_82,0.3333333333333333,0.2,0.7994375719631821,0.2005624280368179,0.0,0.5,0.16431800031568855,179.0540729998611,True,3;12;18;26;27,3;5;35
topk_as,nq_83,,0.0,0.8088554754976748,0.19114452450232522,0.0,0.0,0.1677860000199871,218.66393799973594,False,1;6;7;40;46,
topk_as,nq_84,0.0,0.0,0.8152721762492412,0.1847278237507588,0.0,0.0,0.22336500023811823,281.9779349997589,True,15;17;19;27;30,25
topk_as,nq_85,0.2,0.2,0.8338389629969738,0.1661610370030262,0.0,0.0,0.10115599980053958,218.39434900039123,True,4;7;18;35;37,1;3;8;37;39
topk_as,nq_86,0.2857142857142857,0.4,0.7139759296768933,0.2860240703231067,0.0,0.6666666666666666,0.16512699994564173,156.7007100002229,True,0;11;17;36;39,0;12;14;16;31;35;39
topk_as,nq_87,0.6,0.6,0.762505675705426,0.23749432429457396,1.0,1.0,0.12864700011050445,262.231588999839,True,0;1;4;23;49,0;1;4;12;30
topk_as,nq_88,0.6666666666666666,0.4,0.9009832539235971,0.09901674607640287,0.0,0.3333333333333333,0.09768000018084422,196.6439390002961,True,2;4;11;13;15,2;4;31
topk_as,nq_89,0.0,0.0,0.8466505197747969,0.15334948022520312,0.0,0.0,0.10470400002304814,154.6507460002431,True,6;20;27;30;35,14;22;23;25;40
topk_as,nq_90,0.6666666666666666,0.4,0.6914946806861917,0.3085053193138083,0.0,0.6666666666666666,0.22803299998486182,214.48558300016884,True,0;3;12;17;23,0;10;17
topk_as,nq_91,,0.0,0.8367339007437036,0.16326609925629643,0.0,0.6666666666666666,0.1309019999098382,257.95513399998526,False,0;5;7;9;42,
topk_as,nq_92,,0.0,0.9017995846648423,0.09820041533515766,0.0,0.09523809523809525,0.1339959999313578,650.8378350004023,False,0;6;8;20;34,
topk_as,nq_93,,0.0,0.6837294536259343,0.3162705463740657,0.0,0.3333333333333333,0.11692699990817346,219.7157169998718,False,0;10;13;14;31,
topk_as,nq_94,1.0,0.4,0.7936594530074729,0.20634054699252713,0.0,0.3333333333333333,0.18731399995886022,300.76870399989275,True,0;2;20;28;42,0;2
topk_as,nq_95,0.45454545454545453,1.0,0.9343623713911284,0.06563762860887157,0.0,0.0,0.12474999994083191,195.65752900007283,True,0;3;4;8;26,0;3;4;8;23;26;29;35;38;43;49
topk_as,nq_96,1.0,0.8,0.8283629206628025,0.17163707933719752,1.0,1.0,0.10734100033005234,181.70508799994423,True,0;1;7;25;36,0;1;25;36
topk_as,nq_97,0.3333333333333333,0.2,0.8266711425963689,0.17332885740363113,1.0,1.0,0.16830300000947318,199.18214699964665,True,25;29;35;47;49,8;13;47
topk_as,nq_98,0.16666666666666666,0.4,0.8988366876684456,0.1011633123315544,0.0,0.0,0.1702939998722286,370.0116390000403,True,0;2;8;47;48,0;1;7;10;11;18;24;25;26;28;36;48
topk_as,nq_99,1.0,0.4,0.8100432637592965,0.18995673624070353,0.0,0.4444444444444445,0.11604700011957902,263.2470309999917,True,0;4;5;7;19,0;4
topk_as,nq_100,0.42857142857142855,0.6,0.8360494764035818,0.16395052359641815,0.0,0.0,0.10316899988538353,177.37269799999922,True,5;7;17;32;45,0;2;5;17;39;43;45
topk_as,nq_101,0.3333333333333333,0.6,0.8047276893621312,0.19527231063786876,0.0,0.7499999999999999,0.15621400007148623,240.41758700013816,True,0;1;2;32;40,1;2;13;23;24;26;31;40;45
topk_as,nq_102,0.42857142857142855,0.6,0.7919874835084297,0.20801251649157027,1.0,1.0,0.17136399992523366,177.42030599993086,True,0;2;6;21;44,0;2;6;16;17;26;29
topk_as,nq_103,1.0,0.2,0.8375558032505019,0.16244419674949806,0.0,0.0,0.15069799974298803,218.78684900002554,True,0;4;10;19;27,10
topk_as,nq_104,1.0,0.2,0.9210335850745244,0.07896641492547563,0.0,0.6666666666666665,0.16613099978712853,264.0705559997514,True,1;12;20;21;40,1
topk_as,nq_105,0.125,1.0,0.8114993948521869,0.18850060514781308,0.0,0.6666666666666666,0.1486480000494339,270.5673430000388,True,14;30;32;35;48,0;1;2;3;4;5;6;7;8;12;13;14;15;16;17;18;19;20;22;23;25;26;27;28;29;30;32;35;36;37;38;40;41;42;44;45;46;47;48;49
topk_as,nq_106,,0.0,0.7688059856294476,0.23119401437055243,0.0,0.0,0.17390899984093267,199.0925629997946,False,9;14;19;34;46,
topk_as,nq_107,,0.0,0.8576747965199193,0.1423252034800807,0.0,0.0,0.1722070001051179,287.2725970000829,False,0;1;2;5;8,
topk_as,nq_108,0.25,0.6,0.8449188994420638,0.15508110055793622,1.0,1.0,0.15674899987061508,176.81644499998583,True,2;3;36;47;48,2;3;5;6;12;14;24;29;36;40;42;43
topk_as,nq_109,,0.0,0.7176035754780792,0.2823964245219208,0.0,0.0,0.1401829999849724,197.99273899980108,False,8;23;32;39;47,
topk_as,nq_110,,0.0,0.783424236536374,0.21657576346362595,0.0,0.28571428571428575,0.09643000021242187,368.62730399980137,False,4;5;9;17;46,
topk_as,nq_111,,0.0,0.8960536862526371,0.10394631374736285,0.0,0.0,0.1036779999594728,218.37195699981748,False,0;16;26;27;45,
topk_as,nq_112,0.25,1.0,0.8846197498289857,0.11538025017101428,0.0,0.5,0.1026600002660416,244.12691499992434,True,1;2;9;17;33,0;1;2;3;4;5;6;7;8;9;13;15;17;24;26;29;33;38;44;49
topk_as,nq_113,0.75,0.6,0.7977972357016758,0.20220276429832418,0.0,0.4,0.24383000027228263,281.74458800003777,True,0;1;4;6;43,0;1;6;40
topk_as,nq_114,1.0,0.2,0.8434680062672809,0.1565319937327191,0.0,0.28571428571428575,0.0999540002339927,255.82488000009107,True,13;19;23;30;37,37
topk_as,nq_115,1.0,0.4,0.8093490566873001,0.19065094331269994,1.0,1.0,0.1091119997909118,217.6877950000744,True,0;7;20;41;43,0;7
topk_as,nq_116,0.22727272727272727,1.0,0.9464443923215111,0.05355560767848888,0.0,0.6666666666666666,0.10253200025545084,177.12103400026535,True,0;1;2;5;8,0;1;2;3;5;8;10;12;13;23;26;27;28;29;31;33;37;39;41;42;44;47
topk_as,nq_117,1.0,0.4,0.896713270978782,0.10328672902121805,0.0,0.0,0.10360999976910534,178.66783699992084,True,3;4;10;20;49,3;4
topk_as,nq_118,,0.0,0.7283334528893339,0.27166654711066607,0.0,0.0,0.10853799994947622,412.0325359999697,False,4;6;17;29;45,
topk_as,nq_119,0.2,0.2,0.9068188569676234,0.09318114303237657,1.0,1.0,0.2407779998065962,196.9221560002552,True,5;7;10;11;22,0;8;11;15;19
topk_as,nq_120,0.75,0.6,0.7968275709570267,0.20317242904297328,1.0,1.0,0.1276329999200243,195.04161800023212,True,0;4;5;16;21,0;2;4;5
topk_as,nq_121,0.23076923076923078,0.6,0.8018661542328944,0.19813384576710558,0.0,0.5714285714285715,0.11950500038437895,276.2688010002421,True,7;10;29;34;40,0;7;10;12;17;18;26;28;29;45;46;48;49
topk_as,nq_122,,0.0,0.8633568928044209,0.13664310719557915,0.0,0.6666666666666666,0.14623200013375026,215.636497000105,False,1;2;4;12;15,
topk_as,nq_123,0.6666666666666666,0.8,0.8398899255657062,0.16011007443429381,0.0,0.8571428571428571,0.13480799998433213,257.312230000025,True,1;2;4;7;41,1;2;4;6;7;12
topk_as,nq_124,1.0,0.2,0.7539301704604086,0.24606982953959144,1.0,1.0,0.1436120001017116,194.17391700017106,True,0;3;4;31;42,4
topk_as,nq_125,0.3333333333333333,0.8,0.9008238566901084,0.09917614330989155,0.0,0.6666666666666666,0.19127299992760527,179.5559269999103,True,0;1;4;10;11,0;1;2;4;5;6;7;8;10;21;40;47
topk_as,nq_126,0.6666666666666666,0.4,0.689030936941825,0.31096906305817495,1.0,1.0,0.16257400011454592,158.0214660002639,True,1;4;7;11;13,0;1;4
topk_as,nq_127,1.0,0.8,0.8462861851883876,0.1537138148116124,1.0,1.0,0.28898599975946127,156.25902400006453,True,0;1;3;7;10,0;1;3;7
topk_as,nq_128,0.5,0.8,0.8858979607425219,0.11410203925747808,1.0,1.0,0.1704549999885785,178.21380700024747,True,0;4;10;15;33,0;4;9;15;28;33;35;44
topk_as,nq_129,0.3333333333333333,0.6,0.7995135293357066,0.20048647066429337,1.0,1.0,0.160969000262412,220.83529800011092,True,0;10;28;29;33,0;1;5;6;9;10;33;37;48
topk_as,nq_130,,0.0,0.816334345520449,0.18366565447955097,0.0,0.0,0.1739220001581998,199.2492230001517,False,4;12;13;26;29,
topk_as,nq_131,0.14285714285714285,0.2,0.8800038128866836,0.11999618711331639,0.0,0.0,0.1614289999452012,262.5116619997243,True,4;5;24;34;41,0;4;15;20;23;43;46
topk_as,nq_132,0.0,0.0,0.8492753708075277,0.15072462919247231,0.0,0.0,0.2889840002353594,203.38831699973525,True,0;1;5;6;20,9;18;19;28
topk_as,nq_133,0.2,0.2,0.8624446857520546,0.13755531424794543,0.0,0.3333333333333333,0.12913499995192979,215.57136499995977,True,1;22;26;28;47,2;5;9;31;47
topk_as,nq_134,0.5,0.4,0.8250622533998406,0.17493774660015937,0.0,0.0,0.12351699979262776,134.1778119999617,True,1;3;6;19;32,0;3;5;6
topk_as,nq_135,0.0,0.0,0.6389181590582893,0.3610818409417107,0.0,0.0,0.12745000003633322,195.4691180003465,True,4;27;32;43;47,0;20;28;38
topk_as,nq_136,1.0,0.2,0.6771538637537351,0.3228461362462649,0.0,0.5714285714285715,0.12032099994030432,380.10648099998434,True,3;18;19;21;22,21
topk_as,nq_137,1.0,0.4,0.7882257194483644,0.2117742805516356,0.0,0.5,0.12224099964441848,419.72674899989215,True,0;3;4;8;34,0;3
topk_as,nq_138,,0.0,0.8073466658349734,0.1926533341650266,0.0,0.0,0.12005200005660299,278.8169169998582,False,5;18;25;37;39,
topk_as,nq_139,,0.0,0.7004407460535695,0.29955925394643046,0.0,0.0,0.12768300030074897,318.4215309997853,False,0;3;5;6;27,
topk_as,nq_140,1.0,0.4,0.8715623286380101,0.1284376713619899,1.0,1.0,0.18299399971510866,242.4721510001291,True,1;6;7;16;21,1;6
topk_as,nq_141,0.15625,1.0,0.8469424092156383,0.15305759078436165,0.0,0.0,0.18216799981018994,198.06813900004272,True,14;24;33;35;45,2;3;5;7;11;13;14;16;18;19;20;21;22;23;24;25;26;29;30;31;32;33;34;35;36;37;39;44;45;46;47;48
topk_as,nq_142,0.125,1.0,0.8491524205466202,0.1508475794533798,0.0,0.0,0.16505400026289863,282.96650700031023,True,4;6;10;37;41,0;1;2;3;4;5;6;7;8;9;10;11;12;13;14;15;16;17;18;19;20;21;22;23;24;25;26;28;30;31;36;37;39;41;42;43;44;45;47;49
topk_as,nq_143,0.6666666666666666,0.4,0.789988918050742,0.210011081949258,1.0,1.0,0.15751599994473509,265.1825220000319,True,8;15;26;45;47,6;26;47
topk_as,nq_144,0.23809523809523808,1.0,0.9183819274778976,0.0816180725221024,0.0,0.8,0.16528500009371783,200.988260000031,True,4;11;12;22;28,0;1;3;4;5;6;8;11;12;20;21;22;28;29;36;39;40;41;43;45;48
topk_as,nq_145,0.0,0.0,0.8801306528060067,0.11986934719399334,0.0,0.5714285714285715,0.1386529997944308,337.57510399982493,True,1;2;18;25;33,8
topk_as,nq_146,0.5714285714285714,0.8,0.910151780322869,0.08984821967713097,1.0,1.0,0.12493700023696874,214.31351699993684,True,2;3;9;14;22,2;6;8;9;14;22;33
topk_as,nq_147,0.8,0.8,0.7848343231225374,0.21516567687746257,1.0,1.0,0.14481399966825848,276.8760420003673,True,0;6;11;16;40,0;6;8;11;40
topk_as,nq_148,0.6666666666666666,0.8,0.888906527348183,0.11109347265181702,0.0,0.5714285714285715,0.14443700001720572,275.484552999842,True,0;1;6;11;22,0;1;4;6;17;22
topk_as,nq_149,1.0,0.4,0.8490293243660301,0.15097067563396993,0.0,0.28571428571428575,0.12176399968666374,296.12261299962483,True,2;4;6;12;38,2;4
topk_as,nq_150,,0.0,0.8619167808384607,0.13808321916153932,0.0,0.0,0.14571699966836604,234.78278300035527,False,2;8;31;36;37,
topk_as,nq_151,0.3333333333333333,0.4,0.8791730666282416,0.12082693337175843,0.0,0.5,0.12312599983488326,255.81164100003662,True,0;1;4;10;22,4;6;18;22;28;38
topk_as,nq_152,1.0,0.4,0.8571879021623257,0.14281209783767435,0.0,0.8,0.13982500013298704,197.11740299999292,True,0;1;2;6;20,0;1
topk_as,nq_153,0.3333333333333333,0.2,0.714457457785393,0.28554254221460695,1.0,1.0,0.128259999655711,193.69482999991305,True,2;11;12;30;46,0;1;46
topk_as,nq_154,,0.0,0.9103907119541519,0.08960928804584811,0.0,0.0,0.11764800001401454,235.1112460000877,False,0;2;9;10;42,
topk_as,nq_155,,0.0,0.7211094149312824,0.27889058506871756,0.0,0.0,0.12319699999352451,212.98033699986263,False,17;18;22;33;42,
topk_as,nq_156,0.1875,0.6,0.8825600566606789,0.11743994333932106,0.0,0.6666666666666666,0.13389200012170477,193.5697720000462,True,1;3;7;9;16,0;3;4;5;6;7;8;14;16;17;24;27;39;42;43;49
topk_as,nq_157,1.0,0.6,0.7727960271246715,0.22720397287532845,0.0,0.5,0.13187700005801162,195.30495099979817,True,0;1;5;31;49,0;1;49
topk_as,nq_158,,0.0,0.721576047372319,0.27842395262768105,0.0,0.0,0.12935099994138,254.81433999993897,False,0;7;14;22;25,
topk_as,nq_159,0.5,0.2,0.740987556872493,0.25901244312750704,0.0,0.0,0.12696400017375709,173.79333300004873,True,15;25;27;32;40,32;49
topk_as,nq_160,1.0,0.2,0.8016011845955469,0.19839881540445314,0.0,0.0,0.12048100006722962,237.35098199995264,True,4;5;12;21;48,4
topk_as,nq_161,0.2,0.2,0.8438913161534384,0.15610868384656162,0.0,0.0,0.11351599960107706,236.77971200004322,True,2;6;9;20;27,2;12;21;25;32
topk_as,nq_162,1.0,0.8,0.7827820481251692,0.21721795187483084,1.0,1.0,0.1380240000798949,237.58819799968478,True,1;4;6;17;46,1;4;17;46
topk_as,nq_163,,0.0,0.7769254736244452,0.2230745263755548,0.0,0.8,0.12682500027949573,194.5435009997709,False,1;2;4;15;20,
topk_as,nq_164,1.0,0.4,0.7947461753247801,0.2052538246752199,0.0,0.0,0.1385800001116877,256.50719699979163,True,4;11;32;40;49,4;32
topk_as,nq_165,0.5,0.4,0.8440211278840669,0.1559788721159331,1.0,1.0,0.2508019997549127,217.11272999982612,True,3;11;12;17;31,0;3;5;12
topk_as,nq_166,1.0,0.6,0.8759060051441709,0.12409399485582906,1.0,1.0,0.1208230000884214,277.21411699985765,True,0;1;2;4;12,0;1;2
topk_as,nq_167,0.6666666666666666,0.4,0.8579604624637376,0.14203953753626242,1.0,1.0,0.128006000068126,213.69189000006372,True,2;4;18;24;26,4;5;24
topk_as,nq_168,0.2,0.2,0.811975466054936,0.18802453394506402,0.0,0.3333333333333333,0.12498999967647251,278.82809500033545,True,4;5;14;21;31,0;4;17;19;39
topk_as,nq_169,0.11764705882352941,0.4,0.8977439860016153,0.10225601399838469,0.0,0.0,0.1260230001207674,173.25000600021667,True,9;10;22;44;48,0;1;4;6;8;15;17;18;19;20;22;25;31;33;41;44;46
topk_as,nq_170,0.16666666666666666,0.2,0.8897376750688764,0.11026232493112365,0.0,0.4,0.2239380000901292,255.008337000163,True,0;2;4;7;12,0;1;5;8;21;45
topk_as,nq_171,0.5,0.8,0.9020113315608984,0.09798866843910159,0.0,0.6666666666666666,0.11733399969671154,275.3255160000663,True,2;24;27;32;42,2;4;6;15;24;32;42;44
topk_as,nq_172,,0.0,0.6759015285100073,0.3240984714899927,0.0,0.0,0.12194200007797917,173.8095959999555,False,5;8;46;47;49,
topk_as,nq_173,1.0,0.4,0.8904616751255251,0.1095383248744749,1.0,1.0,0.14621899981648312,205.98897399986527,True,0;1;2;3;29,0;1
topk_as,nq_174,0.4444444444444444,0.8,0.8382355258005919,0.1617644741994081,1.0,1.0,0.12982699990971014,256.42660600033196,True,0;2;6;10;12,0;2;6;8;9;12;17;28;45
topk_as,nq_175,0.4166666666666667,1.0,0.8605591613918072,0.13944083860819279,0.0,0.6,0.1229859999511973,401.25627099996564,True,0;1;2;4;8,0;1;2;3;4;5;6;8;17;22;23;44
topk_as,nq_176,,0.0,0.8330938602966157,0.1669061397033843,0.0,0.0,0.12006999986624578,319.5597330000055,False,0;2;5;6;8,
topk_as,nq_177,0.07692307692307693,0.2,0.8052295703215107,0.19477042967848934,0.0,0.0,0.12981899999431334,256.0003919998053,True,2;8;12;15;36,5;7;12;13;18;20;21;31;34;37;39;43;47
topk_as,nq_178,0.3333333333333333,0.6,0.8885995238465455,0.1114004761534545,0.0,0.4,0.13274899993120926,213.86455200035925,True,2;24;34;37;40,2;5;17;21;24;26;28;34;46
topk_as,nq_179,,0.0,0.7177405613677103,0.28225943863228975,0.0,0.0,0.12847600009990856,235.28390699993906,False,2;3;20;23;29,
topk_as,nq_180,0.75,0.6,0.8916826670281914,0.10831733297180857,0.0,0.6666666666666666,0.12877700009994442,359.8951900003158,True,1;5;8;13;33,1;5;13;41
topk_as,nq_181,1.0,0.4,0.7808408263231523,0.21915917367684767,1.0,1.0,0.12923700023748097,235.0343299999622,True,5;17;30;42;48,17;30
topk_as,nq_182,,0.0,0.7730803396489941,0.22691966035100586,0.0,0.0,0.12882999999419553,173.6208929996792,False,6;7;27;35;45,
topk_as,nq_183,0.0,0.0,0.679884442185327,0.32011555781467305,0.0,0.4,0.13164999973014346,256.8911670000489,True,17;21;24;38;43,12;27;29;49
topk_as,nq_184,0.5,0.4,0.8289451448847498,0.1710548551152502,0.0,0.25,0.12744000014208723,235.81829300019308,True,0;2;15;28;36,0;2;4;9
topk_as,nq_185,,0.0,0.7388247614485597,0.2611752385514403,0.0,0.0,0.13145999992048019,308.3207620002213,False,20;29;37;43;48,
topk_as,nq_186,0.45454545454545453,1.0,0.870760978832607,0.12923902116739305,1.0,1.0,0.14453299991146196,197.44347100004234,True,2;7;13;22;38,0;2;6;7;13;15;18;22;34;38;49
topk_as,nq_187,0.3333333333333333,0.2,0.8090706173496229,0.19092938265037707,1.0,1.0,0.12134700000387966,218.1577279998237,True,0;2;9;12;18,0;5;17
topk_as,nq_188,1.0,0.2,0.70747476651404,0.29252523348596005,1.0,1.0,0.12207899999339134,219.8051850000411,True,16;25;31;33;40,40
topk_as,nq_189,,0.0,0.7425523977141765,0.25744760228582353,0.0,0.0,0.1700580000942864,241.06148100008795,False,0;1;2;3;40,
topk_as,nq_190,0.75,0.6,0.8298663797050783,0.17013362029492174,1.0,1.0,0.1684970002315822,200.10477799996806,True,0;3;15;19;41,0;3;15;17
topk_as,nq_191,0.5555555555555556,1.0,0.8975705603313875,0.10242943966861251,1.0,1.0,0.18296300004294608,242.45819100042354,True,0;2;6;9;36,0;2;6;8;9;30;35;36;47
topk_as,nq_192,1.0,0.6,0.8524286981536701,0.14757130184632994,0.0,0.0,0.12845199989897083,284.499667000091,True,0;3;6;11;22,3;11;22
topk_as,nq_193,,0.0,0.8316650553538709,0.16833494464612908,0.0,0.20000000000000004,0.1712399998723413,306.69899599979544,False,5;8;25;29;41,
topk_as,nq_194,1.0,0.6,0.7357130081483589,0.26428699185164106,1.0,1.0,0.16070399988166173,286.0331900001256,True,0;1;19;30;40,0;1;19
topk_as,nq_195,,0.0,0.9486185379596741,0.0513814620403259,0.0,0.0,0.1288089997615316,299.32521399996403,False,3;8;10;22;40,
topk_as,nq_196,0.2857142857142857,0.8,0.7703895960752085,0.22961040392479148,0.0,0.4444444444444445,0.12092400038454798,693.161666999913,True,0;11;12;16;46,0;1;5;6;10;12;15;16;22;26;37;38;45;46
topk_as,nq_197,1.0,0.2,0.8861587196731264,0.11384128032687357,0.0,0.7499999999999999,0.25226299976566224,194.67032599959566,True,1;3;4;12;41,1
topk_as,nq_198,0.35714285714285715,1.0,0.8340737711705757,0.16592622882942432,0.0,0.0,0.13306800019563525,214.31441300001097,True,4;20;21;37;45,0;1;4;5;11;12;15;16;18;20;21;37;45;48
topk_as,nq_199,0.625,1.0,0.9080339424455097,0.09196605755449028,1.0,1.0,0.12036400039505679,214.98488800034465,True,1;7;9;16;17,1;7;9;11;16;17;19;45
mmr_as,nq_0,0.5,0.4,0.8541128623045979,0.14588713769540207,0.0,0.8571428571428571,2.0737459999509156,485.1394520001122,True,0;1;25;32;37,0;1;4;38
mmr_as,nq_1,0.5,0.6,0.7357346641611191,0.2642653358388809,0.0,0.5714285714285715,0.9403379999639583,259.9100819998057,True,0;7;30;43;48,0;1;7;9;14;30
mmr_as,nq_2,0.23076923076923078,0.6,0.7073026824592535,0.29269731754074646,1.0,1.0,1.0459270001774712,175.34437099993738,True,0;1;32;40;47,0;1;6;7;16;19;22;23;32;33;35;38;45
mmr_as,nq_3,0.625,1.0,0.9206778542074365,0.07932214579256347,0.0,0.0,1.0387680003987043,279.92122600016955,True,24;29;37;45;49,4;6;24;29;37;45;47;49
mmr_as,nq_4,0.3,0.6,0.8652634822778797,0.13473651772212025,1.0,1.0,0.9556589998283016,176.92951100025311,True,0;10;26;29;40,0;3;7;16;24;26;27;33;40;47
mmr_as,nq_5,0.0,0.0,0.8888063393982742,0.11119366060172575,0.0,0.0,0.898114999927202,235.4995210002926,True,0;5;8;10;21,19;44
mmr_as,nq_6,0.0,0.0,0.9058967500802556,0.09410324991974439,0.0,0.0,0.9129109998866625,259.47898200001873,True,0;3;5;11;12,9;33
mmr_as,nq_7,,0.0,0.9030805196519799,0.09691948034802012,0.0,0.6666666666666666,1.0096359997078252,195.16621000002488,False,4;9;34;42;49,
mmr_as,nq_8,,0.0,0.5902911232589947,0.4097088767410053,0.0,0.28571428571428575,0.9144149998974171,233.80152300023838,False,1;7;30;38;44,
mmr_as,nq_9,,0.0,0.8074523201595352,0.19254767984046484,0.0,0.5,0.8620859998700325,179.75743199986027,False,15;19;34;43;48,
mmr_as,nq_10,0.2857142857142857,0.8,0.7949576893064805,0.20504231069351952,1.0,1.0,0.9354890003123728,195.98805300029198,True,5;8;11;42;46,0;1;2;3;5;8;9;11;14;17;23;36;39;42
mmr_as,nq_11,1.0,0.8,0.8281666997146235,0.17183330028537647,1.0,1.0,0.9110050000344927,214.9881179998374,True,0;3;7;14;37,3;7;14;37
mmr_as,nq_12,0.6666666666666666,0.4,0.8348104558803848,0.16518954411961517,0.0,0.0,0.9772009998414433,317.97819499979596,True,0;1;14;18;21,0;1;41
mmr_as,nq_13,0.7142857142857143,1.0,0.8796021870085655,0.12039781299143448,1.0,1.0,3.9694510001027083,193.8351970002259,True,0;1;4;5;16,0;1;3;4;5;16;31
mmr_as,nq_14,0.4,0.4,0.7685981967762856,0.2314018032237144,0.0,0.5714285714285715,0.9048829997482244,297.138263999841,True,0;10;11;31;45,0;1;2;9;11
mmr_as,nq_15,,0.0,0.6952022496850265,0.30479775031497347,0.0,0.0,0.9746780001478328,217.33664500015948,False,15;18;36;46;49,
mmr_as,nq_16,0.5,0.2,0.8618908111389179,0.13810918886108214,0.0,0.7499999999999999,0.8710980000614654,233.55361099993388,True,5;7;27;42;43,4;27
mmr_as,nq_17,0.2,0.2,0.8234791843263715,0.17652081567362854,1.0,1.0,1.0313839998161711,192.80885899979694,True,1;13;20;22;29,8;12;22;27;28
mmr_as,nq_18,0.05263157894736842,0.2,0.8263849941803084,0.17361500581969158,0.0,0.0,0.9952589998647454,214.71253700019588,True,0;3;18;34;41,0;1;2;4;5;6;7;10;16;17;20;22;25;27;33;36;37;43;49
mmr_as,nq_19,0.2,1.0,0.7832095675627189,0.21679043243728113,0.0,0.0,0.9112910001931596,194.32585599997765,True,0;9;11;18;27,0;1;2;3;4;5;6;8;9;11;12;13;15;17;18;21;23;27;31;32;36;43;45;47;49
mmr_as,nq_20,0.5,0.4,0.7984669162265696,0.20153308377343038,0.0,0.0,0.9012569998958497,256.60511700016286,True,0;6;9;42;44,0;21;42;48
mmr_as,nq_21,0.75,0.6,0.6585921659525678,0.34140783404743225,0.0,0.33333333333333337,0.8765459997448488,297.07708700016155,True,0;1;3;37;48,0;1;3;16
mmr_as,nq_22,0.3333333333333333,0.8,0.843627516521505,0.15637248347849497,0.0,0.6666666666666666,0.902453999970021,172.64219300022887,True,0;1;3;5;26,0;3;5;12;17;22;24;26;28;31;34;48
mmr_as,nq_23,0.75,0.6,0.8251881144429758,0.1748118855570242,1.0,1.0,0.868937999712216,172.78792799970688,True,5;7;8;33;34,5;8;31;33
mmr_as,nq_24,1.0,0.8,0.9102010331457286,0.08979896685427136,1.0,1.0,0.8834609998302767,196.76582300007794,True,0;1;2;4;7,0;2;4;7
mmr_as,nq_25,0.25,0.6,0.7888285157577745,0.21117148424222554,0.0,0.5,0.8731040002203372,212.5746970000364,True,7;15;19;43;46,0;3;5;15;19;24;34;37;41;42;43;45
mmr_as,nq_26,,0.0,0.6727415658000853,0.32725843419991474,0.0,0.0,1.0255910001433222,235.24452999981804,False,8;23;29;45;46,
mmr_as,nq_27,1.0,0.2,0.6235679464936871,0.3764320535063129,0.0,0.8,0.9461439999540744,277.1674159998838,True,0;2;29;31;38,0
mmr_as,nq_28,0.35714285714285715,1.0,0.84806005824649,0.15193994175351,0.0,0.6666666666666666,0.9435489996576507,193.68693400019765,True,0;14;31;35;40,0;1;3;11;14;15;18;25;28;31;32;35;40;45
mmr_as,nq_29,0.5,0.2,0.8546793899849771,0.14532061001502294,0.0,1.0,0.753079999867623,256.0080140001446,True,2;4;9;10;22,1;2
mmr_as,nq_30,0.5,0.8,0.8532694256501344,0.14673057434986558,1.0,1.0,0.8712690000720613,276.79098099997645,True,0;1;25;27;45,0;1;3;6;10;25;27;29
mmr_as,nq_31,1.0,0.2,0.8118790882970668,0.1881209117029332,1.0,1.0,0.8908720001272741,172.38575800001854,True,0;3;5;6;44,0
mmr_as,nq_32,,0.0,0.8175296329548765,0.18247036704512354,0.0,0.5,0.9034340000653174,175.4376990002129,False,3;5;10;15;32,
mmr_as,nq_33,0.0,0.0,0.601999529485259,0.39800047051474097,0.0,0.8,0.9277750000364904,214.27460699987932,True,5;24;28;31;39,0;6
mmr_as,nq_34,0.6,0.6,0.8358643250517019,0.16413567494829806,0.0,0.0,0.9069200000340061,275.2218430000539,True,2;4;5;8;31,1;4;8;13;31
mmr_as,nq_35,1.0,0.6,0.900795916497173,0.09920408350282695,1.0,1.0,0.9482099999331695,255.422584000371,True,3;5;6;11;15,3;5;6
mmr_as,nq_36,0.0,0.0,0.8117528494934467,0.18824715050655327,0.0,0.0,0.8433140001216088,273.2210090002809,True,3;8;9;20;31,5;7
mmr_as,nq_37,0.75,0.6,0.7393257980810525,0.2606742019189475,1.0,1.0,1.0307140000804793,263.9924280001651,True,0;3;17;30;33,0;3;23;30
mmr_as,nq_38,0.2777777777777778,1.0,0.8587860043478145,0.1412139956521855,0.0,0.8,1.227623999966454,350.8243850001236,True,0;5;6;8;11,0;1;2;3;4;5;6;7;8;11;17;19;25;26;31;33;45;47
mmr_as,nq_39,0.0,0.0,0.867129358416509,0.13287064158349104,0.0,0.0,1.0399499997220119,161.34388599994054,True,0;1;13;27;41,2;3;4;6;8;10;11;15;16;19;23;33;38;40;43;44;45;47
mmr_as,nq_40,,0.0,0.8863373361045189,0.11366266389548108,0.0,0.0,0.9420490000593418,457.12409399993703,False,1;6;13;30;34,
mmr_as,nq_41,,0.0,0.8370735235087217,0.16292647649127834,0.0,0.0,1.0364380000282836,258.67494700014504,False,8;17;31;38;43,
mmr_as,nq_42,0.75,0.6,0.8090624904723966,0.19093750952760336,1.0,1.0,1.0491250000086438,193.59231799990084,True,0;13;14;17;21,0;14;21;29
mmr_as,nq_43,,0.0,0.6736776737696115,0.3263223262303885,0.0,0.0,0.9313969999311666,193.77902699989136,False,18;21;34;35;36,
mmr_as,nq_44,0.0,0.0,0.8984311914956351,0.1015688085043649,0.0,0.0,0.9165309998024895,213.94018999990294,True,0;3;5;25;44,47
mmr_as,nq_45,0.11904761904761904,1.0,0.8460478246279063,0.1539521753720937,0.0,0.4,0.9692429998722218,254.36861200023486,True,4;11;16;35;40,0;1;2;3;4;5;6;7;8;10;11;13;14;15;16;17;19;20;23;24;25;26;27;28;29;30;31;32;33;35;36;37;39;40;41;43;44;45;46;47;48;49
mmr_as,nq_46,0.3333333333333333,0.2,0.8670275400222891,0.1329724599777109,0.0,0.22222222222222224,0.9842489998845849,277.2867230000884,True,10;12;19;20;22,8;9;12
mmr_as,nq_47,0.25,0.4,0.8723644402056745,0.1276355597943255,0.0,0.0,1.063154999883409,277.64414300008866,True,2;16;19;29;36,2;6;9;22;36;38;40;43
mmr_as,nq_48,0.2727272727272727,0.6,0.8434577214043735,0.15654227859562653,0.0,0.0,0.9278140000787971,254.2604410000422,True,0;1;2;3;34,0;1;2;4;6;7;9;16;18;41;47
mmr_as,nq_49,0.0,0.0,0.8376098351029315,0.16239016489706848,0.0,0.5,0.9018109999487933,215.18388599997706,True,1;6;35;36;41,10;21;45
mmr_as,nq_50,,0.0,0.813250396861747,0.18674960313825295,0.0,0.28571428571428575,0.9826909999901545,195.19664500012368,False,1;3;12;17;28,
mmr_as,nq_51,0.09523809523809523,0.4,0.8417895760075063,0.15821042399249374,1.0,1.0,1.113710000026913,173.34227199989982,True,31;34;42;43;49,2;3;4;5;6;15;17;19;20;21;22;25;26;28;29;37;38;40;42;43;45
mmr_as,nq_52,,0.0,0.6584023932835315,0.34159760671646855,0.0,0.0,0.9871440001916199,199.11950799996703,False,11;23;26;39;47,
mmr_as,nq_53,0.058823529411764705,0.2,0.6656111242624461,0.33438887573755394,0.0,0.5,0.977872000021307,247.47536900031264,True,16;17;38;44;48,0;3;4;7;9;11;13;14;22;28;34;37;41;43;44;45;46
mmr_as,nq_54,0.4,0.4,0.8586250293275011,0.14137497067249893,0.0,0.0,1.1129229997095536,221.60492500006512,True,1;2;21;22;42,1;13;34;42;47
mmr_as,nq_55,0.3333333333333333,0.4,0.810779937283544,0.18922006271645597,1.0,1.0,1.1932809998143057,230.60625100015386,True,3;10;15;27;46,3;13;15;18;26;37
mmr_as,nq_56,,0.0,0.7758025015688833,0.2241974984311167,0.0,0.0,0.96627199991417,190.7948039997791,False,0;12;36;40;48,
mmr_as,nq_57,0.6666666666666666,0.8,0.8763986541559958,0.12360134584400417,1.0,1.0,1.0310200000276382,177.6076930000272,True,0;1;2;5;6,0;1;2;4;5;38
mmr_as,nq_58,,0.0,0.6061683119352612,0.3938316880647388,0.0,0.0,1.0151239998776873,261.65746100014076,False,0;1;29;38;45,
mmr_as,nq_59,,0.0,0.6484230710338081,0.35157692896619186,0.0,0.28571428571428575,1.1105190001217125,243.64827599993077,False,4;21;32;33;35,
mmr_as,nq_60,0.36363636363636365,0.8,0.7980892725757036,0.2019107274242964,0.0,0.5,0.9360300000480493,234.43023200024982,True,1;3;17;30;35,1;3;4;5;6;17;18;22;28;35;37
mmr_as,nq_61,0.625,1.0,0.7823651760511299,0.21763482394887013,0.0,0.6666666666666666,0.8028749998629792,296.1315730003662,True,3;4;7;36;47,3;4;7;10;24;34;36;47
mmr_as,nq_62,0.25,0.2,0.857893965044094,0.142106034955906,0.0,0.4,0.9706229998300842,175.7480029996259,True,4;6;9;11;14,2;11;19;20
mmr_as,nq_63,0.3333333333333333,0.2,0.8693924960291743,0.13060750397082566,0.0,0.6666666666666666,0.8173870000973693,214.79340600035357,True,0;4;11;12;15,0;18;49
mmr_as,nq_64,0.2727272727272727,0.6,0.8371888670370181,0.16281113296298189,0.0,0.6666666666666666,0.8928739998737001,193.1910789999165,True,0;12;25;36;47,0;1;3;4;7;9;10;12;29;32;36
mmr_as,nq_65,0.625,1.0,0.9032599662622462,0.09674003373775375,0.0,0.6666666666666666,0.8774679999987711,194.41061699990314,True,0;3;6;9;37,0;3;4;5;6;7;9;37
mmr_as,nq_66,0.36363636363636365,0.8,0.8309820659179918,0.16901793408200816,1.0,1.0,0.8910639999157866,276.8802969999342,True,0;9;13;16;20,0;3;9;11;13;16;24;26;31;34;38
mmr_as,nq_67,,0.0,0.7000849449073352,0.2999150550926648,1.0,1.0,0.8678600001985615,193.72407399987424,False,1;6;7;9;31,
mmr_as,nq_68,0.0,0.0,0.8295969313161325,0.17040306868386745,0.0,0.5,0.8647669997117191,194.10951000008936,True,0;2;16;33;48,4;11
mmr_as,nq_69,,0.0,0.6787632268143693,0.3212367731856307,0.0,0.0,0.9613100000933628,257.0068109998829,False,3;8;9;23;34,
mmr_as,nq_70,0.0,0.0,0.7439220591915815,0.2560779408084185,0.0,0.0,4.526631000317138,234.33237600011125,True,2;29;42;43;45,7;24
mmr_as,nq_71,0.2222222222222222,0.4,0.8704958373298914,0.12950416267010856,0.0,0.6666666666666666,0.8529209999323939,195.61793800039595,True,2;23;29;31;39,0;3;5;12;14;18;22;23;29
mmr_as,nq_72,0.375,0.6,0.689314424330411,0.310685575669589,0.0,0.6666666666666666,0.8449729998574185,236.10358399992037,True,0;1;27;31;43,0;1;2;3;4;11;14;43
mmr_as,nq_73,1.0,0.6,0.7363225368997981,0.2636774631002019,1.0,1.0,0.8978930000012042,173.8191839999672,True,0;1;4;12;43,0;1;4
mmr_as,nq_74,0.6666666666666666,0.4,0.8103143524869306,0.18968564751306938,0.0,0.5,0.8644290001029731,256.78581000011036,True,4;9;11;40;47,9;40;41
mmr_as,nq_75,1.0,0.8,0.7895018737987641,0.21049812620123587,1.0,1.0,0.8570159998271265,216.1466150000706,True,0;1;2;10;24,0;1;2;24
mmr_as,nq_76,1.0,0.8,0.8914460782209618,0.10855392177903822,0.0,0.6666666666666666,0.8931760003179079,276.34152200016615,True,0;1;3;7;10,0;1;3;10
mmr_as,nq_77,,0.0,0.5967713770919504,0.4032286229080496,0.0,0.5,0.8676309998918441,153.51231300019208,False,16;25;26;34;47,
mmr_as,nq_78,0.4,0.4,0.8174135103336926,0.18258648966630742,1.0,1.0,0.9431189996575995,257.7779799999007,True,0;13;23;28;38,0;16;19;25;28
mmr_as,nq_79,0.5,0.4,0.8260598644210682,0.17394013557893184,0.0,0.6666666666666666,0.8861539999998058,295.9024289998524,True,0;1;9;21;45,0;1;2;37
mmr_as,nq_80,0.625,1.0,0.8628615743697811,0.13713842563021894,1.0,1.0,0.8913470001061796,259.340691000034,True,0;4;8;13;14,0;2;3;4;7;8;13;14
mmr_as,nq_81,0.0967741935483871,0.6,0.8540810978894016,0.14591890211059844,1.0,1.0,0.8650409999972908,153.93631899996763,True,0;2;8;14;32,0;1;2;3;4;5;7;8;9;10;11;12;13;15;18;23;25;26;27;28;29;31;33;35;36;37;39;41;43;45;47
mmr_as,nq_82,0.3333333333333333,0.2,0.7994375719631821,0.2005624280368179,0.0,0.5,0.9111209997172409,175.5794480000077,True,3;12;18;26;27,3;5;35
mmr_as,nq_83,,0.0,0.8088554754976748,0.19114452450232522,0.0,0.0,0.8992709999802173,215.10729400006312,False,1;6;7;40;46,
mmr_as,nq_84,0.0,0.0,0.7048573892267427,0.2951426107732573,0.0,0.0,1.084707000245544,194.67008399988117,True,22;30;35;42;46,25
mmr_as,nq_85,0.2,0.2,0.8338389629969738,0.1661610370030262,0.0,0.0,1.6201830003410578,216.55865499997162,True,4;7;18;35;37,1;3;8;37;39
mmr_as,nq_86,0.2857142857142857,0.4,0.7056264494487732,0.2943735505512268,0.0,0.6666666666666666,0.9055020000232616,155.17896500023198,True,0;11;17;32;39,0;12;14;16;31;35;39
mmr_as,nq_87,0.6,0.6,0.7228630715577472,0.2771369284422528,1.0,1.0,0.8911950003493985,260.9743200000594,True,0;1;4;47;49,0;1;4;12;30
mmr_as,nq_88,0.6666666666666666,0.4,0.9009832539235971,0.09901674607640287,0.0,0.3333333333333333,0.8660789999339613,193.5768769999413,True,2;4;11;13;15,2;4;31
mmr_as,nq_89,0.0,0.0,0.8466505197747967,0.15334948022520334,0.0,0.0,0.8733250001569104,154.34671699995306,True,6;20;27;30;35,14;22;23;25;40
mmr_as,nq_90,0.6666666666666666,0.4,0.6720409069703914,0.3279590930296086,0.0,0.6666666666666666,0.9547810000185564,213.91133799988893,True,0;3;12;17;40,0;10;17
mmr_as,nq_91,,0.0,0.8141987434308404,0.18580125656915958,0.0,0.6666666666666666,0.9080269996957213,257.8033330000835,False,0;5;7;9;44,
mmr_as,nq_92,,0.0,0.8083157425105212,0.19168425748947882,0.0,0.0,1.0026320001088607,219.46427500006394,False,0;6;8;20;35,
mmr_as,nq_93,,0.0,0.6397730793955294,0.3602269206044706,0.0,0.3333333333333333,0.9110340001825534,215.07825600019714,False,0;21;28;31;42,
mmr_as,nq_94,1.0,0.4,0.7936594530074729,0.20634054699252713,0.0,0.3333333333333333,0.8313840003211226,276.6215500000726,True,0;2;20;28;42,0;2
mmr_as,nq_95,0.45454545454545453,1.0,0.9343623713911284,0.06563762860887157,0.0,0.0,0.8670130000609788,193.75618999993094,True,0;3;4;8;26,0;3;4;8;23;26;29;35;38;43;49
mmr_as,nq_96,0.75,0.6,0.7895116276864481,0.21048837231355189,0.0,0.5,0.883492000411934,298.85185400007686,True,1;7;10;25;36,0;1;25;36
mmr_as,nq_97,0.3333333333333333,0.2,0.8266711425963689,0.17332885740363113,1.0,1.0,0.925772999835317,194.31210300035673,True,25;29;35;47;49,8;13;47
mmr_as,nq_98,0.16666666666666666,0.4,0.8988366876684456,0.1011633123315544,0.0,0.0,0.9578839999448974,359.59390800007895,True,0;2;8;47;48,0;1;7;10;11;18;24;25;26;28;36;48
mmr_as,nq_99,1.0,0.4,0.8100432637592965,0.18995673624070353,0.0,0.4444444444444445,0.9248579999621143,262.0159300004161,True,0;4;5;7;19,0;4
mmr_as,nq_100,0.42857142857142855,0.6,0.8360494764035818,0.16395052359641815,0.0,0.0,0.8848490001582832,195.74251599988202,True,5;7;17;32;45,0;2;5;17;39;43;45
mmr_as,nq_101,0.3333333333333333,0.6,0.8047276893621312,0.19527231063786876,0.0,0.7499999999999999,0.8676259999447211,236.78836399994907,True,0;1;2;32;40,1;2;13;23;24;26;31;40;45
mmr_as,nq_102,0.2857142857142857,0.4,0.7689874111483941,0.23101258885160592,1.0,1.0,0.8705750001354318,173.32020399999237,True,2;6;21;24;44,0;2;6;16;17;26;29
mmr_as,nq_103,0.0,0.0,0.8007718339191431,0.19922816608085692,0.0,0.0,0.8932060000006459,214.59071700019194,True,0;4;19;27;39,10
mmr_as,nq_104,1.0,0.2,0.8686048803550269,0.13139511964497308,0.0,0.6666666666666665,0.9349140000267653,256.22099100019113,True,1;20;21;29;40,1
mmr_as,nq_105,0.125,1.0,0.8114993948521869,0.18850060514781308,0.0,0.4,0.9155360003205715,299.17147499963903,True,14;30;32;35;48,0;1;2;3;4;5;6;7;8;12;13;14;15;16;17;18;19;20;22;23;25;26;27;28;29;30;32;35;36;37;38;40;41;42;44;45;46;47;48;49
mmr_as,nq_106,,0.0,0.7688059856294476,0.23119401437055243,0.0,0.0,0.8437050000793533,193.6203589998513,False,9;14;19;34;46,
mmr_as,nq_107,,0.0,0.8576747965199193,0.1423252034800807,0.0,0.0,0.8593770003244572,278.5039450000113,False,0;1;2;5;8,
mmr_as,nq_108,0.25,0.6,0.8449188994420638,0.15508110055793622,1.0,1.0,0.8338460002050851,173.16757400021743,True,2;3;36;47;48,2;3;5;6;12;14;24;29;36;40;42;43
mmr_as,nq_109,,0.0,0.7176035754780792,0.2823964245219208,0.0,0.0,0.8721730000615935,195.28533299990158,False,8;23;32;39;47,
mmr_as,nq_110,,0.0,0.7834242365363743,0.21657576346362573,0.0,0.28571428571428575,0.8987689998321002,363.87873400008175,False,4;5;9;17;46,
mmr_as,nq_111,,0.0,0.8960536862526371,0.10394631374736285,0.0,0.0,0.9275749998778338,215.44080500007112,False,0;16;26;27;45,
mmr_as,nq_112,0.25,1.0,0.8454698279405172,0.15453017205948283,0.0,0.5,0.8474450000903744,239.5775009999852,True,2;8;17;24;26,0;1;2;3;4;5;6;7;8;9;13;15;17;24;26;29;33;38;44;49
mmr_as,nq_113,0.75,0.6,0.7558929537941731,0.2441070462058269,1.0,1.0,0.8503660001224489,153.95482599979005,True,0;1;4;6;41,0;1;6;40
mmr_as,nq_114,1.0,0.2,0.8434680062672809,0.1565319937327191,0.0,0.28571428571428575,0.8918569997149461,238.5245059999761,True,13;19;23;30;37,37
mmr_as,nq_115,0.5,0.2,0.6661133474549507,0.33388665254504934,1.0,1.0,0.8783729999777279,215.4806319999807,True,0;31;33;44;46,0;7
mmr_as,nq_116,0.22727272727272727,1.0,0.9464443923215111,0.05355560767848888,0.0,0.6666666666666666,0.8438479999313131,187.55929500002821,True,0;1;2;5;8,0;1;2;3;5;8;10;12;13;23;26;27;28;29;31;33;37;39;41;42;44;47
mmr_as,nq_117,1.0,0.4,0.869998445524115,0.13000155447588502,0.0,0.0,0.858832000176335,175.58740899994518,True,3;4;10;34;49,3;4
mmr_as,nq_118,,0.0,0.7283334528893339,0.27166654711066607,0.0,0.0,0.877723000030528,400.73887600010494,False,4;6;17;29;45,
mmr_as,nq_119,0.2,0.2,0.9068188569676234,0.09318114303237657,1.0,1.0,0.9760090001691424,194.97800799990728,True,5;7;10;11;22,0;8;11;15;19
mmr_as,nq_120,0.75,0.6,0.7968275709570267,0.20317242904297328,1.0,1.0,0.7776140000714804,194.3316369997774,True,0;4;5;16;21,0;2;4;5
mmr_as,nq_121,0.23076923076923078,0.6,0.7586151175324318,0.24138488246756817,0.0,0.5714285714285715,0.9141410000665928,276.98760600014793,True,7;10;29;40;47,0;7;10;12;17;18;26;28;29;45;46;48;49
mmr_as,nq_122,,0.0,0.8633568928044211,0.13664310719557893,0.0,0.6666666666666666,0.9117849999711325,217.07580699967366,False,1;2;4;12;15,
mmr_as,nq_123,0.3333333333333333,0.4,0.7851761718873285,0.21482382811267153,1.0,1.0,0.9466839997003262,214.16748799993002,True,4;7;33;44;45,1;2;4;6;7;12
mmr_as,nq_124,1.0,0.2,0.6947170638680114,0.30528293613198865,1.0,1.0,0.8528419998583558,195.03204499960702,True,0;3;4;42;47,4
mmr_as,nq_125,0.3333333333333333,0.8,0.9008238566901084,0.09917614330989155,0.0,0.6666666666666666,0.9153880000667414,175.44853300023533,True,0;1;4;10;11,0;1;2;4;5;6;7;8;10;21;40;47
mmr_as,nq_126,0.3333333333333333,0.2,0.6498175262797311,0.3501824737202689,1.0,1.0,0.8992350003609317,153.69716599980165,True,4;7;13;26;35,0;1;4
mmr_as,nq_127,0.5,0.4,0.6875237374871569,0.3124762625128431,0.0,0.0,0.9306199999628006,382.1992210000644,True,0;1;26;39;40,0;1;3;7
mmr_as,nq_128,0.5,0.8,0.8858979607425221,0.11410203925747786,1.0,1.0,0.9025570002449967,174.72730300005423,True,0;4;10;15;33,0;4;9;15;28;33;35;44
mmr_as,nq_129,0.3333333333333333,0.6,0.7995135293357066,0.20048647066429337,1.0,1.0,0.9167650000563299,214.51611399970716,True,0;10;28;29;33,0;1;5;6;9;10;33;37;48
mmr_as,nq_130,,0.0,0.816334345520449,0.18366565447955097,0.0,0.0,1.0440009996273147,199.00987300025008,False,4;12;13;26;29,
mmr_as,nq_131,0.14285714285714285,0.2,0.8800038128866836,0.11999618711331639,0.0,0.0,1.0462039999765693,259.03516200014565,True,4;5;24;34;41,0;4;15;20;23;43;46
mmr_as,nq_132,0.0,0.0,0.8492753708075277,0.15072462919247231,0.0,0.0,0.8628540003883245,343.5335499998473,True,0;1;5;6;20,9;18;19;28
mmr_as,nq_133,0.2,0.2,0.8490006223518577,0.1509993776481423,0.0,0.3333333333333333,0.9751350003170955,221.58402800005206,True,1;22;26;35;47,2;5;9;31;47
mmr_as,nq_134,0.5,0.4,0.8250622533998406,0.17493774660015937,0.0,0.0,0.9520089997749892,137.66365899982702,True,1;3;6;19;32,0;3;5;6
mmr_as,nq_135,0.0,0.0,0.6389181590582893,0.3610818409417107,0.0,0.0,0.9525069999654079,197.22987200020725,True,4;27;32;43;47,0;20;28;38
mmr_as,nq_136,1.0,0.2,0.6071440621518296,0.3928559378481704,0.0,0.5714285714285715,0.8669320000080916,386.89698600001066,True,18;19;21;22;30,21
mmr_as,nq_137,0.5,0.2,0.7416505241352646,0.25834947586473545,0.0,0.2857142857142857,0.9660159998929885,709.5927860000302,True,0;4;8;40;41,0;3
mmr_as,nq_138,,0.0,0.8073466658349734,0.1926533341650266,0.0,0.0,1.0067949997392134,284.71585299985236,False,5;18;25;37;39,
mmr_as,nq_139,,0.0,0.6671210962282819,0.33287890377171814,0.0,0.0,0.9821740000006685,326.50032999981704,False,0;3;5;6;40,
mmr_as,nq_140,1.0,0.4,0.8715623286380101,0.1284376713619899,1.0,1.0,0.9753499998623738,264.4634869998299,True,1;6;7;16;21,1;6
mmr_as,nq_141,0.15625,1.0,0.8469424092156383,0.15305759078436165,0.0,0.0,1.035436000165646,197.13512499993158,True,14;24;33;35;45,2;3;5;7;11;13;14;16;18;19;20;21;22;23;24;25;26;29;30;31;32;33;34;35;36;37;39;44;45;46;47;48
mmr_as,nq_142,0.125,1.0,0.8491524205466202,0.1508475794533798,0.0,0.0,0.9697939999568916,280.98714299994754,True,4;6;10;37;41,0;1;2;3;4;5;6;7;8;9;10;11;12;13;14;15;16;17;18;19;20;21;22;23;24;25;26;28;30;31;36;37;39;41;42;43;44;45;47;49
mmr_as,nq_143,0.6666666666666666,0.4,0.7899889180507419,0.2100110819492581,1.0,1.0,0.9294589999626623,285.35968600044725,True,8;15;26;45;47,6;26;47
mmr_as,nq_144,0.19047619047619047,0.8,0.8556489145662722,0.14435108543372777,0.0,0.8,1.0120060001099773,197.18137900008514,True,12;21;36;37;43,0;1;3;4;5;6;8;11;12;20;21;22;28;29;36;39;40;41;43;45;48
mmr_as,nq_145,0.0,0.0,0.7764067389123263,0.22359326108767374,0.0,0.0,0.9641360002206056,240.57353699981832,True,1;18;21;25;33,8
mmr_as,nq_146,0.5714285714285714,0.8,0.8248666771032273,0.17513332289677275,1.0,1.0,0.9294790002059017,219.3846330001179,True,2;9;14;22;46,2;6;8;9;14;22;33
mmr_as,nq_147,0.8,0.8,0.7848343231225374,0.21516567687746257,1.0,1.0,0.8958349999375059,284.15058700011286,True,0;6;11;16;40,0;6;8;11;40
mmr_as,nq_148,0.6666666666666666,0.8,0.888906527348183,0.11109347265181702,0.0,0.5714285714285715,0.8539390000805724,284.014653000213,True,0;1;6;11;22,0;1;4;6;17;22
mmr_as,nq_149,1.0,0.4,0.8490293243660301,0.15097067563396993,0.0,0.28571428571428575,1.0089689999404072,303.46882499998173,True,2;4;6;12;38,2;4
mmr_as,nq_150,,0.0,0.770842787880575,0.22915721211942497,0.0,0.0,0.8721130002413702,238.71924700006275,False,1;8;31;36;37,
mmr_as,nq_151,0.3333333333333333,0.4,0.8791730666282416,0.12082693337175843,0.0,0.5,0.8859009999468981,260.0627629999508,True,0;1;4;10;22,4;6;18;22;28;38
mmr_as,nq_152,1.0,0.4,0.8571879021623257,0.14281209783767435,0.0,0.8,0.8706120001988893,196.33947100010118,True,0;1;2;6;20,0;1
mmr_as,nq_153,0.3333333333333333,0.2,0.714457457785393,0.28554254221460695,1.0,1.0,0.8961260000432958,194.91473799962478,True,2;11;12;30;46,0;1;46
mmr_as,nq_154,,0.0,0.9103907119541519,0.08960928804584811,0.0,0.0,0.8829879998302204,238.72707300006368,False,0;2;9;10;42,
mmr_as,nq_155,,0.0,0.7260197476600263,0.2739802523399737,0.0,0.0,0.9888690001389477,284.78329099971234,False,16;18;22;33;42,
mmr_as,nq_156,0.1875,0.6,0.8825600566606789,0.11743994333932106,0.0,0.6666666666666666,1.0099520000039774,198.41276799979823,True,1;3;7;9;16,0;3;4;5;6;7;8;14;16;17;24;27;39;42;43;49
mmr_as,nq_157,1.0,0.6,0.7334756663665919,0.2665243336334081,0.0,0.5,0.9783499999684864,218.34698699967703,True,0;1;31;43;49,0;1;49
mmr_as,nq_158,,0.0,0.6838196693394162,0.3161803306605838,0.0,0.0,0.8704960000613937,262.8998780000984,False,7;14;22;25;40,
mmr_as,nq_159,0.0,0.0,0.7145377569418242,0.2854622430581758,0.0,0.0,1.100608999877295,179.97181800001272,True,15;17;25;27;40,32;49
mmr_as,nq_160,1.0,0.2,0.7518076664751785,0.2481923335248215,0.0,0.0,1.0295719998794084,245.09572499982824,True,4;5;12;25;48,4
mmr_as,nq_161,0.2,0.2,0.7638582694655023,0.23614173053449772,0.0,0.22222222222222224,0.7903000000624161,286.49281099978907,True,2;31;33;36;44,2;12;21;25;32
mmr_as,nq_162,1.0,0.8,0.7827820481251692,0.21721795187483084,1.0,1.0,0.8618020001449622,248.00787300000593,True,1;4;6;17;46,1;4;17;46
mmr_as,nq_163,,0.0,0.6861305176305011,0.31386948236949885,0.0,0.8,1.0284560003128718,200.23181899978226,False,1;2;4;24;48,
mmr_as,nq_164,1.0,0.4,0.7668622136092187,0.2331377863907813,0.0,0.0,0.9296959997300291,222.93008399992686,True,0;4;32;40;49,4;32
mmr_as,nq_165,0.75,0.6,0.7921364222232128,0.2078635777767872,1.0,1.0,0.8953690003181691,223.5977840000487,True,3;5;11;12;17,0;3;5;12
mmr_as,nq_166,0.6666666666666666,0.4,0.8613622458046943,0.13863775419530566,1.0,1.0,0.9221100003742322,286.97927099983644,True,0;2;4;11;12,0;1;2
mmr_as,nq_167,0.6666666666666666,0.4,0.8579604624637376,0.14203953753626242,1.0,1.0,0.8847859999150387,217.678775999957,True,2;4;18;24;26,4;5;24
mmr_as,nq_168,0.2,0.2,0.811975466054936,0.18802453394506402,0.0,0.3333333333333333,0.8670520001032855,283.90250699976605,True,4;5;14;21;31,0;4;17;19;39
mmr_as,nq_169,0.0,0.0,0.8296911461585038,0.1703088538414962,0.0,0.5,0.9633499998926709,195.3349169998546,True,5;9;42;48;49,0;1;4;6;8;15;17;18;19;20;22;25;31;33;41;44;46
mmr_as,nq_170,0.16666666666666666,0.2,0.8897376750688764,0.11026232493112365,0.0,0.4,0.8100249997369247,260.12090200038074,True,0;2;4;7;12,0;1;5;8;21;45
mmr_as,nq_171,0.375,0.6,0.8679737544708658,0.13202624552913422,0.0,0.8,1.019872000142641,199.34504899993044,True,2;16;24;27;42,2;4;6;15;24;32;42;44
mmr_as,nq_172,,0.0,0.6488765919871285,0.35112340801287145,0.0,0.0,0.9018499999911,177.63967000018965,False,8;34;46;47;49,
mmr_as,nq_173,1.0,0.4,0.8904616751255251,0.1095383248744749,1.0,1.0,0.8805519996712974,176.17056199969738,True,0;1;2;3;29,0;1
mmr_as,nq_174,0.3333333333333333,0.6,0.8105775755463419,0.1894224244536581,1.0,1.0,0.8676440002091113,260.97673999993276,True,0;3;6;10;12,0;2;6;8;9;12;17;28;45
mmr_as,nq_175,0.25,0.6,0.7454957667800279,0.25450423321997206,0.0,0.6,0.8352410000043164,411.06644899991807,True,0;8;13;22;25,0;1;2;3;4;5;6;8;17;22;23;44
mmr_as,nq_176,,0.0,0.7135515943433097,0.2864484056566903,0.0,0.0,0.8627530000921979,197.51083500023014,False,0;2;8;37;49,
mmr_as,nq_177,0.07692307692307693,0.2,0.802719988864865,0.19728001113513505,0.0,0.0,0.8551949999855424,260.47648800022216,True,8;12;15;17;36,5;7;12;13;18;20;21;31;34;37;39;43;47
mmr_as,nq_178,0.3333333333333333,0.6,0.832698252625508,0.167301747374492,0.0,0.4,0.9688039999673492,218.90703300005043,True,2;24;37;40;46,2;5;17;21;24;26;28;34;46
mmr_as,nq_179,,0.0,0.6033081320931302,0.39669186790686983,0.0,0.0,0.8958819998952094,221.10915700022815,False,3;17;18;19;20,
mmr_as,nq_180,0.25,0.2,0.8488108677187511,0.15118913228124886,0.0,0.6666666666666666,0.880210000104853,373.567568999988,True,1;9;10;14;40,1;5;13;41
mmr_as,nq_181,1.0,0.4,0.7808408263231523,0.21915917367684767,1.0,1.0,0.9500830001343274,242.98458700013725,True,5;17;30;42;48,17;30
mmr_as,nq_182,,0.0,0.7001796546644534,0.2998203453355466,0.0,0.0,0.9541260001242335,177.91731899978913,False,1;20;35;39;45,
mmr_as,nq_183,0.0,0.0,0.6426260933758592,0.3573739066241408,0.0,0.3333333333333333,0.8925370002543787,241.69055499987735,True,17;21;35;38;43,12;27;29;49
mmr_as,nq_184,0.5,0.4,0.8289451448847498,0.1710548551152502,0.0,0.25,1.2221520000821329,241.34853000032308,True,0;2;15;28;36,0;2;4;9
mmr_as,nq_185,,0.0,0.6993636784822674,0.30063632151773256,0.0,0.0,0.8672019998812175,263.1910139998581,False,20;25;37;43;48,
mmr_as,nq_186,0.36363636363636365,0.8,0.8360722044981796,0.16392779550182035,1.0,1.0,0.8499360001223977,196.5666850001071,True,2;7;22;23;38,0;2;6;7;13;15;18;22;34;38;49
mmr_as,nq_187,0.3333333333333333,0.2,0.7441082806969564,0.25589171930304355,1.0,1.0,0.864335000187566,217.16479999986404,True,0;2;9;12;19,0;5;17
mmr_as,nq_188,1.0,0.2,0.631432983146411,0.36856701685358895,1.0,1.0,0.900207000086084,217.77533200020116,True,29;32;40;42;43,40
mmr_as,nq_189,,0.0,0.623057773785337,0.376942226214663,0.0,0.0,0.9938690000126371,220.3502480001589,False,0;1;9;33;42,
mmr_as,nq_190,0.75,0.6,0.8298663797050783,0.17013362029492174,1.0,1.0,0.9588309999344347,199.06964600022548,True,0;3;15;19;41,0;3;15;17
mmr_as,nq_191,0.5555555555555556,1.0,0.8629038770465417,0.1370961229534583,1.0,1.0,1.0326679998797772,243.2731120002245,True,0;8;9;35;36,0;2;6;8;9;30;35;36;47
mmr_as,nq_192,0.3333333333333333,0.2,0.7431725011471648,0.2568274988528352,0.0,0.0,1.0007139999288484,199.92917699983082,True,0;3;6;26;34,3;11;22
mmr_as,nq_193,,0.0,0.8316650553538709,0.16833494464612908,0.0,0.20000000000000004,0.9483339999860618,307.9530079999131,False,5;8;25;29;41,
mmr_as,nq_194,1.0,0.6,0.7197537680083782,0.2802462319916218,1.0,1.0,1.0176079999837384,289.3842409998797,True,0;1;15;19;40,0;1;19
mmr_as,nq_195,,0.0,0.9486185379596741,0.0513814620403259,0.0,0.0,0.9161389998553204,309.6398299999237,False,3;8;10;22;40,
mmr_as,nq_196,0.2857142857142857,0.8,0.7703895960752085,0.22961040392479148,0.0,0.4444444444444445,1.02072199979375,732.7386930001012,True,0;11;12;16;46,0;1;5;6;10;12;15;16;22;26;37;38;45;46
mmr_as,nq_197,1.0,0.2,0.8861587196731264,0.11384128032687357,0.0,0.7499999999999999,1.0358639997321006,202.85388000002058,True,1;3;4;12;41,1
mmr_as,nq_198,0.35714285714285715,1.0,0.8340737711705757,0.16592622882942432,0.0,0.0,0.8987559999695804,224.01158799993937,True,4;20;21;37;45,0;1;4;5;11;12;15;16;18;20;21;37;45;48
mmr_as,nq_199,0.25,0.4,0.8415035732874714,0.15849642671252862,1.0,1.0,0.8959990000221296,235.37181300025622,True,1;8;10;17;34,1;7;9;11;16;17;19;45
