configuration,question_id,n_candidates,prefiltered,pool_size,K,lam,gamma_effective,selected_count,selected_ranks,gold_ranks,gold_in_pool,gold_selected,gold_pool_count,gold_selected_count,quality_sum_selected,quality_mean_selected,pair_count_selected,b_pair_sum_selected,w_pair_sum_selected,residual_pair_sum_selected,objective_without_constant,qubo_energy_recomputed,recorded_energy,recorded_terms_total,exact_optimal_under_w,best_objective_under_w,objective_regret,combination_count,a_pool_mean,a_pool_std,a_pool_min,a_pool_q10,a_pool_q50,a_pool_q90,a_pool_max,a_selected_mean,a_selected_std,a_selected_min,a_selected_q10,a_selected_q50,a_selected_q90,a_selected_max,b_pool_mean,b_pool_std,b_pool_min,b_pool_q10,b_pool_q50,b_pool_q90,b_pool_max,b_selected_mean,b_selected_std,b_selected_min,b_selected_q10,b_selected_q50,b_selected_q90,b_selected_max,w_pool_mean,w_pool_std,w_pool_min,w_pool_q10,w_pool_q50,w_pool_q90,w_pool_max,w_selected_mean,w_selected_std,w_selected_min,w_selected_q10,w_selected_q50,w_selected_q90,w_selected_max,residual_pool_mean,residual_pool_std,residual_pool_min,residual_pool_q10,residual_pool_q50,residual_pool_q90,residual_pool_max,residual_selected_mean,residual_selected_std,residual_selected_min,residual_selected_q10,residual_selected_q50,residual_selected_q90,residual_selected_max
qore_dpr,nq_0,50,True,15,5,2.0,0.5,5,0;1;2;3;4,0;1;4;38,1,1,3,3,3.719029557120609,0.7438059114241218,10,8.820913502054196,4.410456751027098,0.0,0.6914271939064891,-49.30857280609351,-49.30857280609351,-49.30857280609351,True,0.6914271939064891,0.0,3003,0.46841291948315916,0.22548761074055804,0.2605517636483964,0.2645215776528808,0.39117994712182724,0.8084743363064958,1.0,0.7438059114241218,0.1737097140819049,0.4984327515417313,0.5458881129472503,0.7682052700375679,0.9341281521943124,1.0,0.8616840265566247,0.044038756740931405,0.7419202826941493,0.8120688327379207,0.8614262864875666,0.9243987883970751,0.9999999999999998,0.8820913502054198,0.031066691238968363,0.8337222223422512,0.841232964416802,0.8857264811427299,0.927694768692667,0.9339137450017412,0.43084201327831234,0.022019378370465702,0.37096014134707467,0.40603441636896037,0.4307131432437833,0.46219939419853756,0.4999999999999999,0.4410456751027099,0.015533345619484181,0.4168611111711256,0.420616482208401,0.44286324057136495,0.4638473843463335,0.4669568725008706,0.0,0.0,0.0,0.0,0.0,0.0,0.0,0.0,0.0,0.0,0.0,0.0,0.0,0.0
qore_dpr,nq_1,50,True,15,5,2.0,0.5,5,0;1;2;6;8,0;1;7;9;14;30,1,1,5,2,3.4963929608857454,0.699278592177149,10,8.803520995973182,4.401760497986591,0.0,0.9053675371008456,-49.094632462899156,-49.09463246289915,-49.094632462899156,True,0.9053675371008456,0.0,3003,0.4935285306331927,0.21695580200411985,0.2508140146253926,0.2625863531424538,0.4801830307106651,0.7971549240059104,1.0,0.699278592177149,0.22116195098991148,0.4527738549084376,0.4765818089546318,0.6082014778306019,0.9692495552491132,1.0,0.8544486233038434,0.04476403024848284,0.7481429061776842,0.8024895028317086,0.8480937396884947,0.9133089109680497,0.9804006111199353,0.8803520995973182,0.045018091410768915,0.8243301577836231,0.8285194022559446,0.8828176264605745,0.9196208608673274,0.9804006111199353,0.4272243116519217,0.02238201512424142,0.3740714530888421,0.4012447514158543,0.42404686984424733,0.45665445548402483,0.49020030555996763,0.4401760497986591,0.022509045705384458,0.41216507889181153,0.4142597011279723,0.44140881323028724,0.4598104304336637,0.49020030555996763,0.0,0.0,0.0,0.0,0.0,0.0,0.0,0.0,0.0,0.0,0.0,0.0,0.0,0.0
qore_dpr,nq_2,50,True,15,5,2.0,0.5,5,0;1;2;3;13,0;1;6;7;16;19;22;23;32;33;35;38;45,1,1,4,2,3.6870814439332316,0.7374162887866463,10,7.596790521849469,3.7983952609247345,0.0,0.11131381699150289,-49.888686183008495,-49.88868618300849,-49.888686183008495,True,0.11131381699150289,0.0,3003,0.4426213080815476,0.2942084757622531,0.14495229948437138,0.16984542681629441,0.35435276671645766,0.9653645282997094,1.0,0.7374162887866463,0.3216625056592558,0.16815017782659905,0.3372105854970526,0.9575675658131518,0.9882250013162991,1.0,0.7300891091963873,0.0794521197136604,0.5128270913225601,0.6427903921185409,0.725068235672576,0.8326899109084055,0.9914678296876349,0.7596790521849469,0.1365837509702188,0.5128270913225601,0.6269936345192093,0.7775198322742142,0.8901125948748663,0.9914678296876349,0.3650445545981936,0.0397260598568302,0.25641354566128005,0.32139519605927047,0.362534117836288,0.41634495545420275,0.49573391484381746,0.37983952609247346,0.0682918754851094,0.25641354566128005,0.31349681725960465,0.3887599161371071,0.44505629743743313,0.49573391484381746,0.0,0.0,0.0,0.0,0.0,0.0,0.0,0.0,0.0,0.0,0.0,0.0,0.0,0.0
qore_dpr,nq_3,50,True,15,5,2.0,0.5,5,0;1;2;3;4,4;6;24;29;37;45;47;49,1,1,2,1,4.348020483111778,0.8696040966223556,10,8.917927999498925,4.458963999749463,0.0,0.11094351663768443,-49.88905648336232,-49.88905648336231,-49.88905648336232,True,0.11094351663768443,0.0,3003,0.6863483853169882,0.14521036651032213,0.5159613096777531,0.5260576216831325,0.6655335436817876,0.8750215693374024,1.0,0.8696040966223556,0.072952552110821,0.8013924378006517,0.8015132674701287,0.8596927533233332,0.9540963120053794,1.0,0.909602499313917,0.03252731696283874,0.7898063605948461,0.8630366134117565,0.9143734929760599,0.9487068317870033,0.964616017144848,0.8917927999498925,0.029082188635150902,0.8584291713405472,0.8615450333921835,0.878823127035922,0.9287732294901485,0.936626502603682,0.4548012496569585,0.01626365848141937,0.39490318029742305,0.43151830670587826,0.4571867464880299,0.47435341589350166,0.482308008572424,0.44589639997494623,0.014541094317575451,0.4292145856702736,0.43077251669609173,0.439411563517961,0.46438661474507426,0.468313251301841,0.0,0.0,0.0,0.0,0.0,0.0,0.0,0.0,0.0,0.0,0.0,0.0,0.0,0.0
qore_dpr,nq_4,50,True,15,5,2.0,0.5,5,0;1;2;3;8,0;3;7;16;24;26;27;33;40;47,1,1,3,2,4.465856186876347,0.8931712373752694,10,8.353656647314311,4.176828323657156,0.0,-0.28902786321919116,-50.28902786321919,-50.28902786321919,-50.28902786321919,True,-0.28902786321919116,0.0,3003,0.7572608631811991,0.11962937140154675,0.6155909653220509,0.6406396969800879,0.7234705908730023,0.9383884130756468,1.0,0.8931712373752694,0.09480442065503605,0.7226344373900405,0.7818689217312861,0.9255612383512214,0.9787759451567721,1.0,0.8612242891092404,0.05010326809367138,0.7633813744231486,0.7892030475861584,0.8552065074948481,0.927697215971678,0.9849097893754402,0.8353656647314311,0.04621231886353544,0.7691716694542281,0.7833791040235444,0.8334932193244967,0.88769820745674,0.9263295907599697,0.4306121445546202,0.02505163404683569,0.3816906872115743,0.3946015237930792,0.42760325374742403,0.463848607985839,0.4924548946877201,0.4176828323657156,0.02310615943176772,0.38458583472711405,0.3916895520117722,0.41674660966224836,0.44384910372837,0.46316479537998484,0.0,0.0,0.0,0.0,0.0,0.0,0.0,0.0,0.0,0.0,0.0,0.0,0.0,0.0
qore_dpr,nq_5,50,True,15,5,2.0,0.5,5,0;1;2;3;6,19;44,0,0,0,0,4.022759216876461,0.8045518433752923,10,8.784629868006986,4.392314934003493,0.0,0.3695557171270316,-49.63044428287297,-49.63044428287296,-49.630444282872965,True,0.3695557171270316,0.0,3003,0.6286144003847621,0.15378023896515064,0.4985960122394149,0.5033502910592568,0.5310743071794617,0.8507239166127668,1.0,0.8045518433752923,0.13076914981422574,0.6224796631673217,0.6593888377531221,0.8029612791681178,0.9530262699636798,1.0,0.8702521421221914,0.048120660975078694,0.7659452626312958,0.8025014359534522,0.8656844282551777,0.9308491389429354,0.9650147578569427,0.8784629868006988,0.04194167463025409,0.808103743779344,0.8318317177966674,0.8685422913485069,0.9371956215385391,0.9498130575018967,0.4351260710610957,0.024060330487539347,0.3829726313156479,0.4012507179767261,0.43284221412758883,0.4654245694714677,0.48250737892847134,0.4392314934003494,0.020970837315127045,0.404051871889672,0.4159158588983337,0.43427114567425346,0.46859781076926954,0.47490652875094835,0.0,0.0,0.0,0.0,0.0,0.0,0.0,0.0,0.0,0.0,0.0,0.0,0.0,0.0
qore_dpr,nq_6,50,True,15,5,2.0,0.5,5,0;1;2;3;6,9;33,1,0,1,0,4.107441186190061,0.8214882372380122,10,8.2411355936688,4.1205677968344,0.0,0.013126610644338399,-49.986873389355665,-49.986873389355665,-49.986873389355665,True,0.013126610644338399,0.0,3003,0.5451186889579831,0.2323300549111317,0.26389689582725273,0.318667248794537,0.47255958569219747,0.9300546830337867,1.0,0.8214882372380122,0.1869079842878678,0.4782003565131184,0.5967918643609901,0.9134116954635032,0.976460003232257,1.0,0.8241954454222945,0.08737383604014819,0.6327673795007037,0.6879018457688175,0.8593324360914922,0.911135963043594,0.9912544258246628,0.8241135593668799,0.11687233240576378,0.6652273505580483,0.6666432444211324,0.8955535461036344,0.9319828559217858,0.9331523006381632,0.41209772271114725,0.04368691802007409,0.31638368975035186,0.34395092288440876,0.4296662180457461,0.455567981521797,0.4956272129123314,0.41205677968343996,0.05843616620288189,0.33261367527902413,0.3333216222105662,0.4477767730518172,0.4659914279608929,0.4665761503190816,0.0,0.0,0.0,0.0,0.0,0.0,0.0,0.0,0.0,0.0,0.0,0.0,0.0,0.0
qore_dpr,nq_7,50,True,15,5,2.0,0.5,5,0;1;2;3;4,,0,0,0,0,4.587754364272691,0.9175508728545381,10,8.771192610803181,4.385596305401591,0.0,-0.20215805887109983,-50.2021580588711,-50.2021580588711,-50.2021580588711,True,-0.20215805887109983,0.0,3003,0.6337060167235996,0.21420931950682096,0.37420101850493537,0.38762705115577256,0.5498669237378712,0.9417801831632332,1.0,0.9175508728545381,0.06270194693701289,0.8118359284950856,0.8462115179076639,0.9255296854370559,0.9810455393256072,1.0,0.8815567983305103,0.04448461945746828,0.7912716924935044,0.8165042575164131,0.8834551385469673,0.943175210151631,0.959833036820289,0.8771192610803181,0.056916732084506975,0.8057794166529605,0.8173358176172624,0.8727751718591779,0.9590424459167319,0.959833036820289,0.44077839916525513,0.02224230972873414,0.3956358462467522,0.40825212875820655,0.44172756927348367,0.4715876050758155,0.4799165184101445,0.43855963054015906,0.028458366042253488,0.40288970832648024,0.4086679088086312,0.43638758592958893,0.47952122295836597,0.4799165184101445,0.0,0.0,0.0,0.0,0.0,0.0,0.0,0.0,0.0,0.0,0.0,0.0,0.0,0.0
qore_dpr,nq_8,50,True,15,5,2.0,0.5,5,0;1;2;3;6,,0,0,0,0,4.121140024638452,0.8242280049276902,10,6.163735739468986,3.081867869734493,0.0,-1.039272154903959,-51.03927215490396,-51.03927215490396,-51.039272154903955,True,-1.039272154903959,0.0,3003,0.6560337932121652,0.16220563691340456,0.43798350041161394,0.4475498753481203,0.6259217524828202,0.8843522481127062,1.0,0.8242280049276902,0.13727117718660256,0.6480671660526516,0.6879219042837041,0.7543453003030179,0.9884094186609994,1.0,0.6657497679897832,0.0917742701523403,0.4600062162855714,0.5715794230769423,0.6478997078389391,0.7990428688347145,0.9066791111495149,0.6163735739468986,0.08653948602511623,0.48608991956221825,0.5029891583609559,0.6142765649297334,0.723803731649258,0.7915644543378166,0.3328748839948916,0.04588713507617015,0.2300031081427857,0.28578971153847116,0.32394985391946957,0.39952143441735727,0.45333955557475747,0.3081867869734493,0.043269743012558114,0.24304495978110913,0.25149457918047796,0.3071382824648667,0.361901865824629,0.3957822271689083,0.0,0.0,0.0,0.0,0.0,0.0,0.0,0.0,0.0,0.0,0.0,0.0,0.0,0.0
qore_dpr,nq_9,50,True,15,5,2.0,0.5,5,0;2;3;4;8,,0,0,0,0,2.588827478173137,0.5177654956346274,10,7.518974836728525,3.7594874183642624,0.0,1.1706599401911255,-48.82934005980887,-48.82934005980888,-48.82934005980887,True,1.1706599401911255,0.0,3003,0.38460975678111475,0.17481679907879083,0.2648274427722439,0.2756393180017966,0.3267635176097317,0.4287375599049486,1.0,0.5177654956346274,0.2448575788875049,0.3147073009916675,0.3576786749445755,0.424631498829558,0.7709411769911896,1.0,0.777623247565319,0.06286040935434231,0.661217716693285,0.7186872955585314,0.7648180597733826,0.9043280958385858,0.9433953542484921,0.7518974836728525,0.044052766817235335,0.6931731051235297,0.7091076567091208,0.7352986615456236,0.8126944106155823,0.8452261819537017,0.3888116237826595,0.031430204677171156,0.3306088583466425,0.3593436477792657,0.3824090298866913,0.4521640479192929,0.47169767712424604,0.37594874183642624,0.022026383408617668,0.34658655256176485,0.3545538283545604,0.3676493307728118,0.40634720530779117,0.42261309097685085,0.0,0.0,0.0,0.0,0.0,0.0,0.0,0.0,0.0,0.0,0.0,0.0,0.0,0.0
qore_dpr,nq_10,50,True,15,5,2.0,0.5,5,0;1;2;4;5,0;1;2;3;5;8;9;11;14;17;23;36;39;42,1,1,9,4,2.9258207692298512,0.5851641538459702,10,8.279995304100671,4.139997652050336,0.0,1.2141768828204844,-48.78582311717952,-48.785823117179504,-48.78582311717952,True,1.2141768828204844,0.0,3003,0.33250563211573014,0.24607354670691203,0.1637444907107386,0.17190008867374865,0.2402891504147855,0.707353476476394,1.0,0.5851641538459702,0.28836476031861236,0.25254355217728064,0.2566113261320224,0.694925307583336,0.8862555689620398,1.0,0.8012991647201234,0.047628193039852405,0.7054127773474707,0.7477175747813161,0.7936385896565983,0.8520025643634588,0.9868024463620837,0.8279995304100674,0.08671556874593492,0.7266699792976908,0.740573871538211,0.7925334017639478,0.9427600157909102,0.9868024463620837,0.4006495823600617,0.023814096519926203,0.3527063886737353,0.37385878739065803,0.39681929482829914,0.4260012821817294,0.49340122318104185,0.4139997652050337,0.04335778437296746,0.3633349896488454,0.3702869357691055,0.3962667008819739,0.4713800078954551,0.49340122318104185,0.0,0.0,0.0,0.0,0.0,0.0,0.0,0.0,0.0,0.0,0.0,0.0,0.0,0.0
qore_dpr,nq_11,50,True,15,5,2.0,0.5,5,0;1;2;3;5,3;7;14;37,1,1,3,1,3.155167815285031,0.6310335630570062,10,7.156764214990264,3.578382107495132,0.0,0.42321429221010076,-49.5767857077899,-49.5767857077899,-49.576785707789895,True,0.42321429221010076,0.0,3003,0.4417114068145061,0.1803745365553868,0.2762087440559518,0.30010378332363674,0.3862605251629647,0.6024761512555571,1.0,0.6310335630570062,0.1939271443561119,0.44351962278700374,0.4696586482187548,0.5959622621171522,0.8427274976057976,1.0,0.7604730051138437,0.07593269465016188,0.6159385172946028,0.671447120788675,0.7471947455408482,0.8511052889483524,0.9935960537230148,0.7156764214990263,0.05205587610424248,0.6338954105828697,0.676123298774444,0.6943351485556636,0.7968085521802074,0.8038820493465717,0.3802365025569219,0.03796634732508094,0.3079692586473014,0.3357235603943375,0.3735973727704241,0.4255526444741762,0.4967980268615074,0.35783821074951316,0.02602793805212124,0.31694770529143484,0.338061649387222,0.3471675742778318,0.3984042760901037,0.40194102467328585,0.0,0.0,0.0,0.0,0.0,0.0,0.0,0.0,0.0,0.0,0.0,0.0,0.0,0.0
qore_dpr,nq_12,50,True,15,5,2.0,0.5,5,0;1;2;3;6,0;1;41,1,1,2,2,3.509053999257012,0.7018107998514024,10,8.111818883957486,4.055909441978743,0.0,0.5468554427217311,-49.45314455727827,-49.45314455727827,-49.45314455727827,True,0.5468554427217311,0.0,3003,0.41821312765426283,0.2557336523147525,0.18131716328142333,0.19451242889968895,0.30755714165485737,0.825068794412457,1.0,0.7018107998514024,0.2455816153070757,0.3205075782241563,0.42939223738896626,0.6621376126277383,0.9734758329075744,1.0,0.7611022580357172,0.08367913379703992,0.5813368725793342,0.6704395656000531,0.7419761641135394,0.8722930989277708,0.9810396952354722,0.8111818883957487,0.11037937944752406,0.6639915371035537,0.6767875549334529,0.8484118316855462,0.9437784931398484,0.9810396952354722,0.3805511290178586,0.04183956689851996,0.2906684362896671,0.33521978280002657,0.3709880820567697,0.4361465494638854,0.4905198476177361,0.40559094419787434,0.05518968972376203,0.33199576855177687,0.33839377746672644,0.4242059158427731,0.4718892465699242,0.4905198476177361,0.0,0.0,0.0,0.0,0.0,0.0,0.0,0.0,0.0,0.0,0.0,0.0,0.0,0.0
qore_dpr,nq_13,50,True,15,5,2.0,0.5,5,0;1;2;3;10,0;1;3;4;5;16;31,1,1,5,3,3.3177765946601117,0.6635553189320224,10,7.550997581995319,3.7754987909976596,0.0,0.45772219633754796,-49.54227780366245,-49.54227780366245,-49.54227780366245,True,0.45772219633754796,0.0,3003,0.45350494413125386,0.20750871663220205,0.2643273661409345,0.29246995950968585,0.3470814123404207,0.7449618696279849,1.0,0.6635553189320224,0.2363125536949718,0.32373875251569834,0.41629933380406314,0.591883561083484,0.9388056301297276,1.0,0.7258043583945156,0.06357148011410006,0.5998283077104525,0.6603174970547491,0.7183681834014551,0.8110709386101789,0.9415715370489979,0.7550997581995319,0.09367134305121348,0.6340569487870247,0.6504635407580849,0.7319690161415028,0.8773472491639408,0.9415715370489979,0.3629021791972578,0.03178574005705003,0.29991415385522624,0.33015874852737453,0.35918409170072757,0.40553546930508944,0.47078576852449894,0.37754987909976595,0.04683567152560674,0.31702847439351234,0.32523177037904244,0.3659845080707514,0.4386736245819704,0.47078576852449894,0.0,0.0,0.0,0.0,0.0,0.0,0.0,0.0,0.0,0.0,0.0,0.0,0.0,0.0
qore_dpr,nq_14,50,True,15,5,2.0,0.5,5,0;1;2;3;14,0;1;2;9;11,1,1,5,3,3.3982720430880162,0.6796544086176033,10,8.059254078152927,4.0296270390764635,0.0,0.6313549959884472,-49.368645004011555,-49.36864500401156,-49.368645004011555,True,0.6313549959884472,0.0,3003,0.525546332426294,0.1818109281593341,0.30119982254935346,0.3279809677933325,0.500108563555761,0.7099058386886148,1.0,0.6796544086176033,0.222652553265679,0.30119982254935346,0.45428630787062346,0.6899393606153289,0.8892867296283222,1.0,0.8136012617607309,0.07931494973977546,0.6334404803243178,0.6975888675743243,0.8323079931303718,0.9058437989644803,0.988420034123388,0.8059254078152926,0.10341820685170884,0.6576076657971388,0.675252552269243,0.8643727462158212,0.9092040293670183,0.9222402290539691,0.40680063088036544,0.03965747486988773,0.3167202401621589,0.34879443378716213,0.4161539965651859,0.45292189948224015,0.494210017061694,0.4029627039076463,0.05170910342585442,0.3288038328985694,0.3376262761346215,0.4321863731079106,0.45460201468350914,0.46112011452698454,0.0,0.0,0.0,0.0,0.0,0.0,0.0,0.0,0.0,0.0,0.0,0.0,0.0,0.0
qore_dpr,nq_15,50,True,15,5,2.0,0.5,5,0;1;2;3;4,,0,0,0,0,3.1184680923543473,0.6236936184708695,10,6.953146986725225,3.4765734933626127,0.0,0.3581054010082654,-49.64189459899173,-49.641894598991726,-49.64189459899173,True,0.3581054010082654,0.0,3003,0.4104052613812175,0.1909279928361862,0.23523106174914882,0.24782305229969434,0.33790316160529643,0.5573297144983588,1.0,0.6236936184708695,0.1897007823937229,0.499582513325323,0.5036540729481594,0.5407239274480363,0.8273600956794296,1.0,0.7214108210451096,0.04988057059662741,0.6060157929035253,0.6557069777595808,0.7227567372807197,0.7782328398190165,0.9430753044892748,0.6953146986725225,0.04116146094015666,0.6205183887471358,0.6449357633911258,0.6980190537039983,0.7339619696983111,0.7781507200153879,0.3607054105225548,0.024940285298313707,0.3030078964517626,0.3278534888797904,0.3613783686403598,0.38911641990950824,0.4715376522446374,0.34765734933626125,0.02058073047007833,0.3102591943735679,0.3224678816955629,0.34900952685199915,0.36698098484915553,0.38907536000769394,0.0,0.0,0.0,0.0,0.0,0.0,0.0,0.0,0.0,0.0,0.0,0.0,0.0,0.0
qore_dpr,nq_16,50,True,15,5,2.0,0.5,5,0;1;2;4;6,4;27,1,1,1,1,4.68885429991077,0.937770859982154,10,8.43822614485343,4.219113072426715,0.0,-0.46974122748405467,-50.46974122748406,-50.469741227484064,-50.46974122748406,True,-0.46974122748405467,0.0,3003,0.8012354712606344,0.13546497855337794,0.6027648474607817,0.6134293633661361,0.7867863210120744,0.9774702886557681,1.0,0.937770859982154,0.06355860426316096,0.8257007461365673,0.8597095377383797,0.969941042620474,0.9929959144050523,1.0,0.8426134432723139,0.049514632601628646,0.7403240443805859,0.7845890764151905,0.8383940229978727,0.9154808143814386,0.9453270258771511,0.8438226144853431,0.05689469464484307,0.7403240443805859,0.7917491533412558,0.8412823461853544,0.920375639948135,0.9375538908617068,0.42130672163615696,0.024757316300814323,0.3701620221902929,0.39229453820759524,0.41919701149893634,0.4577404071907193,0.47266351293857556,0.42191130724267156,0.028447347322421535,0.3701620221902929,0.3958745766706279,0.4206411730926772,0.4601878199740675,0.4687769454308534,0.0,0.0,0.0,0.0,0.0,0.0,0.0,0.0,0.0,0.0,0.0,0.0,0.0,0.0
qore_dpr,nq_17,50,True,15,5,2.0,0.5,5,0;2;3;6;7,8;12;22;27;28,1,0,2,0,3.563220775417058,0.7126441550834116,10,7.42959970374187,3.714799851870935,0.0,0.15157907645387692,-49.84842092354612,-49.848420923546115,-49.84842092354612,True,0.15157907645387692,0.0,3003,0.5709992628118642,0.17578801922512868,0.37550628011070025,0.3980821356851036,0.5237733004107191,0.7907727187055501,1.0,0.7126441550834116,0.1752514942887242,0.5237733004107191,0.5291542766177574,0.722925285462659,0.9117185794461462,1.0,0.7967694511183093,0.05847237936825896,0.6468085067122653,0.7145875801065109,0.8046984951950065,0.866070360182368,0.9153794065533891,0.7429599703741869,0.061148401576714174,0.6468085067122653,0.6771399804174829,0.7406414969864134,0.8129815251443313,0.8602786585680888,0.39838472555915466,0.02923618968412948,0.32340425335613265,0.35729379005325546,0.40234924759750323,0.433035180091184,0.45768970327669456,0.37147998518709346,0.030574200788357087,0.32340425335613265,0.33856999020874146,0.3703207484932067,0.40649076257216565,0.4301393292840444,0.0,0.0,0.0,0.0,0.0,0.0,0.0,0.0,0.0,0.0,0.0,0.0,0.0,0.0
qore_dpr,nq_18,50,True,15,5,2.0,0.5,5,0;1;2;3;6,0;1;2;4;5;6;7;10;16;17;20;22;25;27;33;36;37;43;49,1,1,8,4,3.827124762811599,0.7654249525623198,10,8.245267216477982,4.122633608238991,0.0,0.295508845427392,-49.70449115457261,-49.70449115457261,-49.70449115457261,True,0.295508845427392,0.0,3003,0.520472983927132,0.21265624226970317,0.29280009042272626,0.3200265788013508,0.4593542995321309,0.8411591234475719,1.0,0.7654249525623198,0.16924950738239994,0.5291544790075421,0.5751036093738227,0.7560333194045801,0.9591638637904933,1.0,0.8231488269920009,0.03652185093071421,0.7437966363808982,0.7779510983149245,0.8241297307057653,0.8669563651270891,0.9227129105712807,0.8245267216477983,0.03371301874730642,0.7437966363808982,0.7863032144126241,0.8291020097369957,0.8562878157298008,0.8698568426171379,0.41157441349600044,0.018260925465357104,0.3718983181904491,0.38897554915746224,0.41206486535288267,0.43347818256354453,0.46135645528564034,0.41226336082389914,0.01685650937365321,0.3718983181904491,0.39315160720631204,0.41455100486849783,0.4281439078649004,0.43492842130856896,0.0,0.0,0.0,0.0,0.0,0.0,0.0,0.0,0.0,0.0,0.0,0.0,0.0,0.0
qore_dpr,nq_19,50,True,15,5,2.0,0.5,5,0;1;2;3;7,0;1;2;3;4;5;6;8;9;11;12;13;15;17;18;21;23;27;31;32;36;43;45;47;49,1,1,12,4,3.43534744484562,0.687069488969124,10,7.912520839063701,3.9562604195318505,0.0,0.5209129746862304,-49.47908702531377,-49.479087025313774,-49.47908702531377,True,0.5209129746862304,0.0,3003,0.5284798349449272,0.1594572900362023,0.33945162280214936,0.36750837354156735,0.5231716951443253,0.6827407107553489,1.0,0.687069488969124,0.16943146357034763,0.5231716951443253,0.538399462004035,0.6391003584463408,0.8847337115845418,1.0,0.8033746547547596,0.05154163611382184,0.7030748136269962,0.7480575287528715,0.7968645488976881,0.8620607621513271,0.9777474572913083,0.7912520839063701,0.0339864237971421,0.7433874484211156,0.7576136226120528,0.7835829714587383,0.8334140026858363,0.8395537659407236,0.4016873273773798,0.02577081805691092,0.3515374068134981,0.37402876437643573,0.39843227444884405,0.43103038107566355,0.48887372864565415,0.39562604195318507,0.01699321189857105,0.3716937242105578,0.3788068113060264,0.39179148572936917,0.41670700134291816,0.4197768829703618,0.0,0.0,0.0,0.0,0.0,0.0,0.0,0.0,0.0,0.0,0.0,0.0,0.0,0.0
qore_dpr,nq_20,50,True,15,5,2.0,0.5,5,0;1;2;3;4,0;21;42;48,1,1,1,1,3.320133610947791,0.6640267221895582,10,8.764251243929053,4.382125621964526,0.0,1.0619920110167356,-48.938007988983266,-48.93800798898326,-48.938007988983266,True,1.0619920110167356,0.0,3003,0.4345585049094966,0.20942975031972608,0.26473253537157004,0.2721911763912638,0.3645874350689631,0.7414207423309904,1.0,0.6640267221895582,0.22088926180913188,0.4149774258451149,0.43525910383032435,0.6113199812286597,0.9312618332263511,1.0,0.8471510056924951,0.03904181059947992,0.7642384830432455,0.7925799696550622,0.8495246450495596,0.896131712909142,0.938975735645462,0.8764251243929053,0.015208117519212654,0.8483222736244256,0.8613244668445786,0.8751294912444655,0.8977403142747488,0.9000201981598995,0.42357550284624756,0.01952090529973996,0.38211924152162274,0.3962899848275311,0.4247623225247798,0.448065856454571,0.469487867822731,0.43821256219645266,0.007604058759606327,0.4241611368122128,0.4306622334222893,0.43756474562223274,0.4488701571373744,0.45001009907994977,0.0,0.0,0.0,0.0,0.0,0.0,0.0,0.0,0.0,0.0,0.0,0.0,0.0,0.0
qore_dpr,nq_21,50,True,15,5,2.0,0.5,5,0;1;2;3;5,0;1;3;16,1,1,3,3,4.228497465688713,0.8456994931377426,10,7.192452280745297,3.5962261403726483,0.0,-0.632271325316065,-50.63227132531607,-50.63227132531606,-50.63227132531606,True,-0.632271325316065,0.0,3003,0.5689935233588089,0.2343881261211486,0.27885979825733254,0.3121860833493243,0.4845600736276402,0.8945022495297438,1.0,0.8456994931377426,0.11964315576921397,0.6483827952836265,0.7130260055660735,0.8378603005973079,0.9729054195272138,1.0,0.698001797099533,0.08728392549284669,0.4781542639279371,0.6069391606875322,0.6919720807484452,0.7883911974705263,0.9923935171934217,0.7192452280745297,0.087812038704325,0.6299955692417087,0.6386673629350926,0.691177216030618,0.8180793571265226,0.9300924316791355,0.3490008985497665,0.043641962746423346,0.23907713196396854,0.3034695803437661,0.3459860403742226,0.39419559873526316,0.49619675859671086,0.35962261403726486,0.0439060193521625,0.31499778462085437,0.3193336814675463,0.345588608015309,0.4090396785632613,0.46504621583956773,0.0,0.0,0.0,0.0,0.0,0.0,0.0,0.0,0.0,0.0,0.0,0.0,0.0,0.0
qore_dpr,nq_22,50,True,15,5,2.0,0.5,5,0;1;2;4;6,0;3;5;12;17;22;24;26;28;31;34;48,1,1,4,1,4.220733024571437,0.8441466049142875,10,7.723352067657571,3.8616760338287857,0.0,-0.35905699074265174,-50.35905699074265,-50.359056990742644,-50.35905699074265,True,-0.35905699074265174,0.0,3003,0.6170650524014526,0.20448081970498577,0.361964393951168,0.38254510980215406,0.585928150692383,0.8939449512767511,1.0,0.8441466049142875,0.1098239909045091,0.7034389910324356,0.7190700620114077,0.8546073387936528,0.9680680105061934,1.0,0.7968802714708312,0.07578086233055173,0.633520583497694,0.6883321851916118,0.8009885697816482,0.8832351977319127,0.9913311281737355,0.7723352067657572,0.09078467560180807,0.6398641756729232,0.6606581996975006,0.8041934875634585,0.8688845557236635,0.8752139594906356,0.3984401357354156,0.037890431165275865,0.316760291748847,0.3441660925958059,0.4004942848908241,0.44161759886595636,0.49566556408686774,0.3861676033828786,0.045392337800904035,0.3199320878364616,0.3303290998487503,0.40209674378172927,0.43444227786183176,0.4376069797453178,0.0,0.0,0.0,0.0,0.0,0.0,0.0,0.0,0.0,0.0,0.0,0.0,0.0,0.0
qore_dpr,nq_23,50,True,15,5,2.0,0.5,5,0;1;2;3;4,5;8;31;33,1,0,2,0,4.325459688229789,0.8650919376459578,10,8.662834720146476,4.331417360073238,0.0,0.005957671843448864,-49.99404232815655,-49.99404232815655,-49.99404232815655,True,0.005957671843448864,0.0,3003,0.6352901171597267,0.18178717468321107,0.4154097780175866,0.4454617116167705,0.5859307158574524,0.9241487020815593,1.0,0.8650919376459578,0.10739188444964282,0.7076880274506168,0.7350341025014122,0.904411826696905,0.9749226476018649,1.0,0.8291738196230843,0.05303300832219559,0.6829428420062881,0.7515239943539925,0.8390430581011159,0.8862428310757968,0.9265952218029283,0.8662834720146474,0.025644082772162406,0.8296098142564768,0.843075454242861,0.8574236031261622,0.9042431306212534,0.9057544116143567,0.41458690981154217,0.026516504161097795,0.34147142100314404,0.37576199717699627,0.41952152905055795,0.4431214155378984,0.46329761090146415,0.4331417360073237,0.012822041386081203,0.4148049071282384,0.4215377271214305,0.4287118015630811,0.4521215653106267,0.45287720580717833,0.0,0.0,0.0,0.0,0.0,0.0,0.0,0.0,0.0,0.0,0.0,0.0,0.0,0.0
qore_dpr,nq_24,50,True,15,5,2.0,0.5,5,0;1;2;5;8,0;2;4;7,1,1,4,2,3.3048414414924934,0.6609682882984986,10,8.103952440175421,4.0519762200877105,0.0,0.7471347785952172,-49.25286522140478,-49.25286522140478,-49.25286522140478,True,0.7471347785952172,0.0,3003,0.4773469481986591,0.19427444223538506,0.2726165852859972,0.31268121759333595,0.4291508076677276,0.7523833360092934,1.0,0.6609682882984986,0.2286205018174734,0.38356425295063956,0.40976347660738627,0.6547279493015744,0.9269947708591091,1.0,0.804376721752313,0.07175053462843786,0.6663700349544304,0.7201096492874228,0.7947247993287316,0.9027656840951191,0.9928394773274056,0.8103952440175421,0.08062427945134293,0.6778854736007304,0.7284167879873927,0.7853892382509396,0.9250973918519138,0.9377483289390514,0.4021883608761565,0.03587526731421893,0.3331850174772152,0.3600548246437114,0.3973623996643658,0.4513828420475596,0.4964197386637028,0.4051976220087711,0.040312139725671464,0.3389427368003652,0.36420839399369637,0.3926946191254698,0.4625486959259569,0.4688741644695257,0.0,0.0,0.0,0.0,0.0,0.0,0.0,0.0,0.0,0.0,0.0,0.0,0.0,0.0
qore_dpr,nq_25,50,True,15,5,2.0,0.5,5,0;1;2;3;5,0;3;5;15;19;24;34;37;41;42;43;45,1,1,3,3,3.9950859903306846,0.7990171980661369,10,8.267368432842451,4.1336842164212255,0.0,0.13859822609054095,-49.861401773909456,-49.86140177390946,-49.861401773909456,True,0.13859822609054095,0.0,3003,0.525082545298305,0.23170527619339717,0.29104523830721174,0.3046086017426445,0.4208416717309933,0.8785591248843592,1.0,0.7990171980661369,0.15029952969553498,0.6270365366973365,0.6290973628083594,0.8147869305535664,0.968429568441955,1.0,0.8299152754698451,0.0592341555870322,0.7243370795316104,0.7565757289389241,0.8223403319146265,0.9116922661659064,0.9999999999999999,0.8267368432842451,0.03792662864579164,0.7722797807538991,0.7947969617380759,0.8158861707801827,0.8692648996190893,0.9138192418550245,0.41495763773492256,0.0296170777935161,0.3621685397658052,0.37828786446946205,0.41117016595731326,0.4558461330829532,0.49999999999999994,0.41336842164212256,0.01896331432289582,0.38613989037694957,0.39739848086903795,0.40794308539009133,0.43463244980954463,0.45690962092751225,0.0,0.0,0.0,0.0,0.0,0.0,0.0,0.0,0.0,0.0,0.0,0.0,0.0,0.0
qore_dpr,nq_26,50,True,15,5,2.0,0.5,5,0;1;3;4;6,,0,0,0,0,3.9908347050919453,0.798166941018389,10,6.584346864891085,3.2921734324455425,0.0,-0.6986612726464028,-50.698661272646405,-50.698661272646405,-50.698661272646405,True,-0.6986612726464028,0.0,3003,0.5952376206660733,0.19625808487511892,0.31819072198605447,0.3553563880421597,0.5795270611603875,0.8229905597806102,1.0,0.798166941018389,0.12631557298538695,0.6718604483330985,0.688221204237961,0.714377519425133,0.9567337596953837,1.0,0.6844579814778408,0.05756146482490158,0.5116804079314509,0.6164267325227948,0.686294375357652,0.7517345949012061,0.8118222543897773,0.6584346864891086,0.06261533230046802,0.5692121124280431,0.572625235355346,0.6560984606568945,0.7388058407932626,0.7545658487280376,0.3422289907389204,0.02878073241245079,0.25584020396572543,0.3082133662613974,0.343147187678826,0.37586729745060304,0.40591112719488864,0.3292173432445543,0.03130766615023401,0.2846060562140216,0.286312617677673,0.32804923032844724,0.3694029203966313,0.3772829243640188,0.0,0.0,0.0,0.0,0.0,0.0,0.0,0.0,0.0,0.0,0.0,0.0,0.0,0.0
qore_dpr,nq_27,50,True,15,5,2.0,0.5,5,0;1;2;3;7,0,1,1,1,1,3.632224874866049,0.7264449749732098,10,6.8086275589004375,3.4043137794502187,0.0,-0.2279110954158301,-50.22791109541583,-50.227911095415834,-50.227911095415834,True,-0.2279110954158301,0.0,3003,0.5089009011453091,0.2081215665193266,0.24128979530934197,0.26964331737225483,0.5081540537974254,0.7316951750518847,1.0,0.7264449749732098,0.15911529900990884,0.5081540537974254,0.5721805862644294,0.7090754330516407,0.8987100012208191,1.0,0.6794763869975812,0.07825983632767414,0.49418419433855076,0.5842857617767931,0.6742798145872634,0.7670630574084352,0.926695339507379,0.6808627558900436,0.05930893108364779,0.5841275815155209,0.617609472426678,0.6707181723904773,0.7525506745278912,0.7915640424063468,0.3397381934987906,0.03912991816383707,0.24709209716927538,0.29214288088839657,0.3371399072936317,0.3835315287042176,0.4633476697536895,0.3404313779450218,0.029654465541823896,0.29206379075776046,0.308804736213339,0.33535908619523863,0.3762753372639456,0.3957820212031734,0.0,0.0,0.0,0.0,0.0,0.0,0.0,0.0,0.0,0.0,0.0,0.0,0.0,0.0
qore_dpr,nq_28,50,True,15,5,2.0,0.5,5,0;1;2;3;4,0;1;3;11;14;15;18;25;28;31;32;35;40;45,1,1,5,3,4.317470319634703,0.8634940639269406,10,8.464318135940948,4.232159067970474,0.0,-0.08531125166422893,-50.08531125166423,-50.08531125166424,-50.08531125166423,True,-0.08531125166422893,0.0,3003,0.6690477929984779,0.15552416610622102,0.4942526636225266,0.5025047184170471,0.6165783866057839,0.8973984779299847,1.0,0.8634940639269406,0.09046254196074492,0.7572815829528158,0.7662216133942161,0.8546788432267884,0.9703512937595129,1.0,0.8501183647372952,0.04168617858961623,0.7385778836463632,0.7945195199297228,0.8487737339787219,0.901934793262717,0.993528228238419,0.8464318135940948,0.056701773187647804,0.7675653199271362,0.7890067318899404,0.8442344465637919,0.8802598326385256,0.993528228238419,0.4250591823686476,0.020843089294808114,0.3692889418231816,0.3972597599648614,0.42438686698936096,0.4509673966313585,0.4967641141192095,0.4232159067970474,0.028350886593823902,0.3837826599635681,0.3945033659449702,0.42211722328189594,0.4401299163192628,0.4967641141192095,0.0,0.0,0.0,0.0,0.0,0.0,0.0,0.0,0.0,0.0,0.0,0.0,0.0,0.0
qore_dpr,nq_29,50,True,15,5,2.0,0.5,5,0;1;2;4;6,1;2,1,1,2,2,4.038771974171014,0.8077543948342027,10,8.720137120107891,4.3600685600539455,0.0,0.32129658588293175,-49.67870341411707,-49.67870341411707,-49.67870341411707,True,0.32129658588293175,0.0,3003,0.5843064549486408,0.21005500843794758,0.329515361812625,0.3538870786129558,0.5388854930257141,0.8945953075809452,1.0,0.8077543948342027,0.16224250580931193,0.5989420226578119,0.6399158030195097,0.7423838959487097,0.9984278328009744,1.0,0.8630841469230168,0.05384248299628851,0.7281282900161559,0.7867170728761569,0.8747340253442412,0.923022540057592,0.9961557685507568,0.8720137120107891,0.036519317393182454,0.818475926949221,0.8197113560068233,0.8815416823208474,0.907518729671009,0.9198783337910912,0.4315420734615084,0.026921241498144254,0.36406414500807793,0.39335853643807844,0.4373670126721206,0.461511270028796,0.4980778842753784,0.43600685600539457,0.018259658696591227,0.4092379634746105,0.40985567800341166,0.4407708411604237,0.4537593648355045,0.4599391668955456,0.0,0.0,0.0,0.0,0.0,0.0,0.0,0.0,0.0,0.0,0.0,0.0,0.0,0.0
qore_dpr,nq_30,50,True,15,5,2.0,0.5,5,0;1;2;5;7,0;1;3;6;10;25;27;29,1,1,5,2,3.1573040001430113,0.6314608000286023,10,7.804753557795437,3.9023767788977186,0.0,0.7450727787547073,-49.254927221245296,-49.254927221245296,-49.254927221245296,True,0.7450727787547073,0.0,3003,0.4162003110494044,0.2136108972781328,0.20353237714442346,0.20852108521681098,0.4225910057859956,0.6471410269397386,1.0,0.6314608000286023,0.20684740584146927,0.4225910057859956,0.4331271190985526,0.6216399811701893,0.8656566896477753,1.0,0.7846836326903908,0.08596681305404277,0.5866241702966849,0.6730328109015673,0.7816208156311865,0.8990041730508593,0.9395667303751859,0.7804753557795436,0.06967511331402355,0.6719382069767048,0.6988362667879131,0.774700723819629,0.8814361823249168,0.9121486992290916,0.3923418163451954,0.04298340652702139,0.29331208514834245,0.33651640545078365,0.39081040781559323,0.44950208652542967,0.46978336518759295,0.3902376778897718,0.03483755665701178,0.3359691034883524,0.34941813339395655,0.3873503619098145,0.4407180911624584,0.4560743496145458,0.0,0.0,0.0,0.0,0.0,0.0,0.0,0.0,0.0,0.0,0.0,0.0,0.0,0.0
qore_dpr,nq_31,50,True,15,5,2.0,0.5,5,0;1;2;4;9,0,1,1,1,1,3.5503749511658267,0.7100749902331653,10,7.449614566360175,3.7248072831800876,0.0,0.1744323320142609,-49.82556766798574,-49.82556766798574,-49.82556766798574,True,0.1744323320142609,0.0,3003,0.5156995435791399,0.19719232230614187,0.2703707585733751,0.31354531334864266,0.46745690681963276,0.809807998322963,1.0,0.7100749902331653,0.20943711056547698,0.4306287935815221,0.46650137688547555,0.7492677256138813,0.940067272051607,1.0,0.772813355585272,0.057679777674142,0.6751405083500495,0.7065465717792059,0.7720205845500219,0.8214968108680532,0.9851905059022483,0.7449614566360174,0.04087220999583057,0.6817978990889417,0.7032136317485115,0.73866012385635,0.7983904647130371,0.8077713674851976,0.386406677792636,0.028839888837071,0.33757025417502473,0.35327328588960294,0.38601029227501094,0.4107484054340266,0.49259525295112416,0.3724807283180087,0.020436104997915285,0.34089894954447086,0.35160681587425574,0.369330061928175,0.39919523235651855,0.4038856837425988,0.0,0.0,0.0,0.0,0.0,0.0,0.0,0.0,0.0,0.0,0.0,0.0,0.0,0.0
qore_dpr,nq_32,50,True,15,5,2.0,0.5,5,0;1;2;3;4,,0,0,0,0,3.96669981379766,0.793339962759532,10,8.067421193815465,4.033710596907732,0.0,0.06701078311007214,-49.93298921688993,-49.93298921688992,-49.93298921688993,True,0.06701078311007214,0.0,3003,0.5275157226408252,0.21385237633580917,0.2691658268651935,0.29365216868997646,0.4904369414764044,0.7732752257453099,1.0,0.793339962759532,0.10719985775620904,0.6984683355913426,0.7092250912658422,0.7622376315596281,0.9122534487476391,1.0,0.7988484589964062,0.0635353897346175,0.6304516082983116,0.7112118016764788,0.8114622243560041,0.8618231634274028,0.9951525436247781,0.8067421193815465,0.036719542706860446,0.7598754808998158,0.7625600181341912,0.810910191271802,0.8508507000198378,0.8622604423293342,0.3994242294982031,0.03176769486730875,0.3152258041491558,0.3556059008382394,0.40573111217800206,0.4309115817137014,0.49757627181238906,0.40337105969077325,0.018359771353430223,0.3799377404499079,0.3812800090670956,0.405455095635901,0.4254253500099189,0.4311302211646671,0.0,0.0,0.0,0.0,0.0,0.0,0.0,0.0,0.0,0.0,0.0,0.0,0.0,0.0
qore_dpr,nq_33,50,True,15,5,2.0,0.5,5,0;1;2;3;8,0;6,1,1,2,1,3.217750579582347,0.6435501159164694,10,6.553419461072959,3.2767097305364796,0.0,0.05895915095413251,-49.94104084904587,-49.94104084904587,-49.94104084904587,True,0.05895915095413251,0.0,3003,0.46380216333208835,0.18058560893275832,0.3149590811547888,0.3490086876576033,0.3779915620766397,0.679617486701099,1.0,0.6435501159164694,0.2158306196410404,0.36724635951564816,0.43069300147409506,0.5758363334593055,0.8995219688782512,1.0,0.6822200713524833,0.09065452069421415,0.5506904607839516,0.5758434015455628,0.6670499079379801,0.8138269705390632,0.9268537002039801,0.655341946107296,0.10624723893808727,0.5557832037157341,0.557750521907762,0.6388368868884196,0.7746736184793175,0.9211610248235063,0.34111003567624165,0.04532726034710707,0.2753452303919758,0.2879217007727814,0.33352495396899007,0.4069134852695316,0.46342685010199003,0.327670973053648,0.053123619469043634,0.27789160185786704,0.278875260953881,0.3194184434442098,0.38733680923965874,0.46058051241175313,0.0,0.0,0.0,0.0,0.0,0.0,0.0,0.0,0.0,0.0,0.0,0.0,0.0,0.0
qore_dpr,nq_34,50,True,15,5,2.0,0.5,5,0;1;2;3;4,1;4;8;13;31,1,1,4,2,4.65485260164988,0.9309705203299761,10,8.390498889909836,4.195249444954918,0.0,-0.4596031566949623,-50.45960315669496,-50.45960315669497,-50.45960315669496,True,-0.4596031566949623,0.0,3003,0.7223592497995698,0.17044919390292287,0.43984793589737975,0.5469181938061588,0.7185751711871163,0.9425547294958797,1.0,0.9309705203299761,0.043144264320561905,0.8752732641429254,0.8841027078888456,0.9339237445182884,0.9793234877923762,1.0,0.8397153112475113,0.05116374215322593,0.7228270890950164,0.7736979390624195,0.8338117197651379,0.9070725284809064,0.9838110073825617,0.8390498889909835,0.03501675999288928,0.7948134699894687,0.7976660715920646,0.8376856772540627,0.8762522706119236,0.8968778072033903,0.41985765562375565,0.025581871076612965,0.3614135445475082,0.38684896953120973,0.41690585988256895,0.4535362642404532,0.49190550369128083,0.41952494449549177,0.01750837999644464,0.39740673499473433,0.3988330357960323,0.41884283862703137,0.4381261353059618,0.44843890360169514,0.0,0.0,0.0,0.0,0.0,0.0,0.0,0.0,0.0,0.0,0.0,0.0,0.0,0.0
qore_dpr,nq_35,50,True,15,5,2.0,0.5,5,0;1;2;3;4,3;5;6,1,1,3,1,3.9242237425396764,0.7848447485079353,10,8.627003113089224,4.313501556544612,0.0,0.38927781400493533,-49.610722185995066,-49.610722185995066,-49.610722185995066,True,0.38927781400493533,0.0,3003,0.6041416390003006,0.16469750276400488,0.3673369763380606,0.4067008578172676,0.6216680419889079,0.7530121955900132,1.0,0.7848447485079353,0.10966445068074027,0.7097370415859064,0.7128406321364832,0.7259110710241993,0.9084318447868891,1.0,0.8662727430213687,0.04869801144451431,0.7246784303056091,0.7976866892763084,0.8745516318880799,0.9186064504452973,0.994325666766258,0.8627003113089223,0.06756922262191345,0.7522251695295987,0.7776856539907604,0.8946518005722757,0.9369971771297375,0.9383309158831865,0.43313637151068435,0.024349005722257153,0.36233921515280454,0.3988433446381542,0.43727581594403997,0.45930322522264866,0.497162833383129,0.43135015565446116,0.033784611310956725,0.37611258476479936,0.3888428269953802,0.44732590028613783,0.46849858856486876,0.46916545794159326,0.0,0.0,0.0,0.0,0.0,0.0,0.0,0.0,0.0,0.0,0.0,0.0,0.0,0.0
qore_dpr,nq_36,50,True,15,5,2.0,0.5,5,0;1;2;5;6,5;7,1,1,2,1,4.408542802701782,0.8817085605403564,10,8.449364177361039,4.224682088680519,0.0,-0.1838607140212627,-50.183860714021264,-50.183860714021264,-50.183860714021264,True,-0.1838607140212627,0.0,3003,0.7700684876599971,0.11468847291821041,0.605867137349298,0.6213446012781993,0.7915890870984135,0.9021601851680561,1.0,0.8817085605403564,0.073225636608243,0.8023350588552792,0.8044635774128923,0.8848532399512922,0.9654792594583594,1.0,0.8640501345181874,0.048093334776622795,0.7481229756496648,0.8030808074365277,0.8615584428550065,0.9345392932659997,0.9665628860800267,0.8449364177361037,0.04557895613509463,0.7481229756496648,0.788310192529846,0.8518000542946329,0.8897914780421635,0.907363290090351,0.4320250672590937,0.024046667388311398,0.3740614878248324,0.4015404037182638,0.43077922142750324,0.46726964663299986,0.48328144304001336,0.42246820886805186,0.022789478067547313,0.3740614878248324,0.394155096264923,0.42590002714731645,0.44489573902108176,0.4536816450451755,0.0,0.0,0.0,0.0,0.0,0.0,0.0,0.0,0.0,0.0,0.0,0.0,0.0,0.0
qore_dpr,nq_37,50,True,15,5,2.0,0.5,5,0;1;2;3;5,0;3;23;30,1,1,2,2,2.847743865200977,0.5695487730401954,10,7.561810549288883,3.7809052746444416,0.0,0.9331614094434646,-49.066838590556536,-49.06683859055654,-49.066838590556536,True,0.9331614094434646,0.0,3003,0.3471138839539073,0.212907244065683,0.15516623177141164,0.15682739284921163,0.29248325190613667,0.5265686301724776,1.0,0.5695487730401954,0.22726833402338575,0.33103972351765487,0.3899023336294322,0.48268052779628395,0.822330946035976,1.0,0.7504519951256651,0.06101262783547297,0.6395326237171723,0.6864107417512229,0.7412648519362122,0.8317303572032418,0.9216692486229625,0.7561810549288882,0.06035460002522845,0.6867204321135628,0.710266450050002,0.7408312026372459,0.790879619523843,0.9216692486229625,0.37522599756283254,0.030506313917736484,0.31976631185858617,0.3432053708756114,0.3706324259681061,0.4158651786016209,0.46083462431148126,0.3780905274644441,0.030177300012614226,0.3433602160567814,0.355133225025001,0.37041560131862294,0.3954398097619215,0.46083462431148126,0.0,0.0,0.0,0.0,0.0,0.0,0.0,0.0,0.0,0.0,0.0,0.0,0.0,0.0
qore_dpr,nq_38,50,True,15,5,2.0,0.5,5,0;1;2;3;9,0;1;2;3;4;5;6;7;8;11;17;19;25;26;31;33;45;47,1,1,10,4,3.467755852891931,0.6935511705783861,10,7.992060470381712,3.996030235190856,0.0,0.5282743822989251,-49.471725617701075,-49.47172561770108,-49.471725617701075,True,0.5282743822989251,0.0,3003,0.4974612989454513,0.20699753998871512,0.2087415180800752,0.25046632200452373,0.5065946009458626,0.739842992685721,1.0,0.6935511705783861,0.19883297694109206,0.4213825162294745,0.49588975707193844,0.6169531915518609,0.9287078107099844,1.0,0.7840209352164248,0.07480568227507933,0.6679751300582935,0.7064794886184979,0.756686185691051,0.8950434265888471,0.9878484784859262,0.7992060470381712,0.06752120915158139,0.7067148803879435,0.7158313630153377,0.8077690460148663,0.8750368027468419,0.8959221566194946,0.3920104676082124,0.037402841137539666,0.3339875650291467,0.3532397443092489,0.3783430928455255,0.44752171329442353,0.4939242392429631,0.3996030235190856,0.03376060457579069,0.35335744019397175,0.35791568150766884,0.40388452300743316,0.43751840137342096,0.4479610783097473,0.0,0.0,0.0,0.0,0.0,0.0,0.0,0.0,0.0,0.0,0.0,0.0,0.0,0.0
qore_dpr,nq_39,50,True,15,5,2.0,0.5,5,0;1;2;3;4,2;3;4;6;8;10;11;15;16;19;23;33;38;40;43;44;45;47,1,1,7,3,4.524929381004675,0.9049858762009351,10,8.706747374338544,4.353373687169272,0.0,-0.17155569383540303,-50.1715556938354,-50.1715556938354,-50.1715556938354,True,-0.17155569383540303,0.0,3003,0.6507686189994458,0.19744459494226352,0.4177718805565457,0.4604123613632196,0.5465178808738418,0.9469447884108614,1.0,0.9049858762009351,0.0778385080006096,0.7843189773998611,0.8097348104773658,0.9435315884792655,0.9796881020127701,1.0,0.8731561282995561,0.045240848462073456,0.7855818530904177,0.8152308358129006,0.8662805718456803,0.9378663943730237,0.9586974513879333,0.8706747374338544,0.03803792444807967,0.8145354173481238,0.8281427365319181,0.8596112082984875,0.9243290150747225,0.9454610288927406,0.43657806414977807,0.022620424231036728,0.39279092654520886,0.4076154179064503,0.43314028592284015,0.46893319718651183,0.47934872569396664,0.4353373687169272,0.019018962224039836,0.4072677086740619,0.41407136826595903,0.42980560414924374,0.46216450753736127,0.4727305144463703,0.0,0.0,0.0,0.0,0.0,0.0,0.0,0.0,0.0,0.0,0.0,0.0,0.0,0.0
qore_dpr,nq_40,50,True,15,5,2.0,0.5,5,0;1;2;3;4,,0,0,0,0,4.463527026868286,0.8927054053736573,10,9.233831239719937,4.616915619859968,0.0,0.15338859299168206,-49.84661140700832,-49.84661140700832,-49.84661140700832,True,0.15338859299168206,0.0,3003,0.6065412891608926,0.21664401590791307,0.35835793169068325,0.38572126187475564,0.5300206240235473,0.9080678696508012,1.0,0.8927054053736573,0.07592324424869347,0.7632113735868181,0.811631680782404,0.9078211868630508,0.963292929937054,1.0,0.8778193955967086,0.0367962257369356,0.7860400062346679,0.8342197633915429,0.8782579688444934,0.922713346866524,0.9873655807026225,0.9233831239719936,0.03702263087679159,0.8699438525400139,0.8789628396240361,0.9196266781988599,0.9671194762292126,0.9873655807026225,0.4389096977983543,0.0183981128684678,0.3930200031173339,0.41710988169577146,0.4391289844222467,0.461356673433262,0.49368279035131124,0.4616915619859968,0.018511315438395796,0.43497192627000697,0.43948141981201805,0.45981333909942995,0.4835597381146063,0.49368279035131124,0.0,0.0,0.0,0.0,0.0,0.0,0.0,0.0,0.0,0.0,0.0,0.0,0.0,0.0
qore_dpr,nq_41,50,True,15,5,2.0,0.5,5,0;1;2;3;7,,0,0,0,0,2.3582268095304393,0.47164536190608786,10,8.224332078537216,4.112166039268608,0.0,1.7539392297381688,-48.246060770261835,-48.24606077026182,-48.246060770261835,True,1.7539392297381688,0.0,3003,0.3275432684661158,0.18778478240766516,0.19819442323054692,0.21074235725224683,0.27881684574199905,0.3804722506450902,1.0,0.47164536190608786,0.26690712848892256,0.27881684574199905,0.29576261220649913,0.3723248524301214,0.7543615397820278,1.0,0.8404824289783742,0.032412299569089885,0.7590271188846995,0.7969731133611632,0.8384455322832103,0.8839472478563827,0.9071311508776803,0.8224332078537214,0.0258094339579949,0.7919564758622301,0.7954030773233597,0.8163618580431005,0.8547649482063954,0.8728142198160119,0.4202412144891871,0.016206149784544942,0.37951355944234977,0.3984865566805816,0.41922276614160514,0.44197362392819134,0.45356557543884013,0.4112166039268607,0.01290471697899745,0.39597823793111503,0.39770153866167984,0.40818092902155023,0.4273824741031977,0.43640710990800596,0.0,0.0,0.0,0.0,0.0,0.0,0.0,0.0,0.0,0.0,0.0,0.0,0.0,0.0
qore_dpr,nq_42,50,True,15,5,2.0,0.5,5,0;1;2;8;14,0;14;21;29,1,1,2,2,2.838349780192619,0.5676699560385238,10,8.011895612771378,4.005947806385689,0.0,1.1675980261930698,-48.83240197380693,-48.832401973806924,-48.83240197380693,True,1.1675980261930698,0.0,3003,0.4716147734562407,0.1554194403102454,0.33176841717254985,0.34336384586480667,0.4278864630942193,0.5470953565422877,1.0,0.5676699560385238,0.23089926518031068,0.33176841717254985,0.3698698871745929,0.5032010298157962,0.8305432964106463,1.0,0.8305721350368641,0.05074659076799229,0.7027123866347564,0.7501168546045165,0.8360596866830037,0.883693677566423,0.9963644731330701,0.8011895612771378,0.0661530550858953,0.7027123866347564,0.7050610656377875,0.7979056799086209,0.87825217314094,0.8957031509165524,0.41528606751843206,0.025373295383996144,0.3513561933173782,0.37505842730225825,0.41802984334150184,0.4418468387832115,0.49818223656653504,0.4005947806385689,0.03307652754294765,0.3513561933173782,0.35253053281889374,0.39895283995431047,0.43912608657047,0.4478515754582762,0.0,0.0,0.0,0.0,0.0,0.0,0.0,0.0,0.0,0.0,0.0,0.0,0.0,0.0
qore_dpr,nq_43,50,True,15,5,2.0,0.5,5,0;1;2;3;4,,0,0,0,0,3.787490274763523,0.7574980549527046,10,7.182174518386402,3.591087259193201,0.0,-0.19640301557032203,-50.196403015570326,-50.196403015570326,-50.196403015570326,True,-0.19640301557032203,0.0,3003,0.5119296234115447,0.21572864485133775,0.29997747839973793,0.3013377830555669,0.45625895745464967,0.8687912042913886,1.0,0.7574980549527046,0.19371026229815924,0.5267556611113386,0.5422906514884731,0.7414684083370869,0.9814692273043693,1.0,0.7360766145189568,0.0692400529496344,0.5939611988315058,0.6653933540814109,0.7245392801709705,0.8163560253916652,0.9999999999999998,0.7182174518386402,0.049050901807803915,0.620088904572302,0.6803168260196041,0.7183847195766848,0.7515905785253711,0.8262213506080329,0.3680383072594784,0.0346200264748172,0.2969805994157529,0.33269667704070544,0.36226964008548523,0.4081780126958326,0.4999999999999999,0.3591087259193201,0.024525450903901957,0.310044452286151,0.34015841300980204,0.3591923597883424,0.3757952892626856,0.41311067530401646,0.0,0.0,0.0,0.0,0.0,0.0,0.0,0.0,0.0,0.0,0.0,0.0,0.0,0.0
qore_dpr,nq_44,50,True,15,5,2.0,0.5,5,0;1;2;3;4,47,0,0,0,0,4.535560356257668,0.9071120712515336,10,9.086247083426981,4.5431235417134905,0.0,0.007563185455822463,-49.99243681454418,-49.99243681454418,-49.99243681454418,True,0.007563185455822463,0.0,3003,0.726166576506181,0.15569876804635968,0.5003305884474364,0.5352856319542904,0.7317301266843216,0.9273698948834809,1.0,0.9071120712515336,0.060483378462478435,0.8313433205222944,0.8423824996729473,0.8989778275919372,0.978519175897804,1.0,0.9147065569570417,0.022162311049657088,0.8645926335158727,0.8864771306738093,0.9175130858096031,0.9391512685068659,0.9694988952126302,0.9086247083426979,0.02003205049999456,0.8801950095960407,0.8838492305802197,0.9064381561349956,0.9360411325144214,0.9409877703801578,0.45735327847852086,0.011081155524828544,0.43229631675793634,0.44323856533690464,0.45875654290480156,0.46957563425343296,0.4847494476063151,0.45431235417134896,0.01001602524999728,0.44009750479802034,0.44192461529010985,0.4532190780674978,0.4680205662572107,0.4704938851900789,0.0,0.0,0.0,0.0,0.0,0.0,0.0,0.0,0.0,0.0,0.0,0.0,0.0,0.0
qore_dpr,nq_45,50,True,15,5,2.0,0.5,5,0;1;2;3;4,0;1;2;3;4;5;6;7;8;10;11;13;14;15;16;17;19;20;23;24;25;26;27;28;29;30;31;32;33;35;36;37;39;40;41;43;44;45;46;47;48;49,1,1,13,5,3.993359235135915,0.798671847027183,10,9.172957819190053,4.5864789095950265,0.0,0.5931196744591114,-49.40688032554089,-49.4068803255409,-49.40688032554089,True,0.5931196744591114,0.0,3003,0.5621445889141367,0.19088142794514393,0.35700571145175625,0.3715261708244351,0.5116169932201858,0.7985939793952049,1.0,0.798671847027183,0.11279570069878246,0.6611854188224143,0.6946926024590877,0.7686914182221847,0.9274116080708874,1.0,0.8816715237089595,0.03518622377950642,0.7958855197978751,0.8368952251294979,0.882252542264971,0.926867899558407,0.9533146059223174,0.9172957819190055,0.022696113242445536,0.8787855834031151,0.8933470717269231,0.9198428739962174,0.9441773124935025,0.9533146059223174,0.44083576185447976,0.01759311188975321,0.39794275989893757,0.41844761256474894,0.4411262711324855,0.4634339497792035,0.4766573029611587,0.45864789095950276,0.011348056621222768,0.43939279170155754,0.44667353586346153,0.4599214369981087,0.4720886562467512,0.4766573029611587,0.0,0.0,0.0,0.0,0.0,0.0,0.0,0.0,0.0,0.0,0.0,0.0,0.0,0.0
qore_dpr,nq_46,50,True,15,5,2.0,0.5,5,0;1;2;3;4,8;9;12,1,0,3,0,4.227749091058149,0.8455498182116298,10,9.358387436284355,4.679193718142177,0.0,0.45144462708402866,-49.54855537291597,-49.54855537291597,-49.54855537291597,True,0.45144462708402866,0.0,3003,0.6717082144494116,0.1443938062936794,0.46566764837769253,0.4948079452759246,0.6525873323255372,0.8342609281081961,1.0,0.8455498182116298,0.08595063353111558,0.7343231597265784,0.7714683556568044,0.8274147047973001,0.9355300307928507,1.0,0.9045746488535327,0.030136819974328724,0.8169423928433477,0.8635607160903647,0.9079079410792521,0.935540108507182,0.9788476870467666,0.9358387436284357,0.011338882171149678,0.9131247485770643,0.9249789956845711,0.934333409539835,0.9494253399323083,0.951219013616805,0.45228732442676634,0.015068409987164362,0.40847119642167384,0.43178035804518233,0.45395397053962605,0.467770054253591,0.4894238435233833,0.46791937181421783,0.005669441085574839,0.45656237428853214,0.46248949784228555,0.4671667047699175,0.47471266996615413,0.4756095068084025,0.0,0.0,0.0,0.0,0.0,0.0,0.0,0.0,0.0,0.0,0.0,0.0,0.0,0.0
qore_dpr,nq_47,50,True,15,5,2.0,0.5,5,0;1;2;3;4,2;6;9;22;36;38;40;43,1,1,3,1,3.823098442689634,0.7646196885379268,10,9.01395502498428,4.50697751249214,0.0,0.6838790698025061,-49.31612093019749,-49.31612093019749,-49.31612093019749,True,0.6838790698025061,0.0,3003,0.5642607430619455,0.17157178029496478,0.39063017876968076,0.40222737797514885,0.5414429051869398,0.78571464993545,1.0,0.7646196885379268,0.14120030310441067,0.6175608241066731,0.6370477159525229,0.6892054449077412,0.9400216479815691,1.0,0.8951609785670337,0.02929230483138226,0.8328449106069549,0.8572620033631269,0.8971004708776295,0.9319284653577539,0.9731882327161061,0.901395502498428,0.029533274631723484,0.8344499849777387,0.8688306279996382,0.9062656377252193,0.9331565420152124,0.9332091182564466,0.44758048928351685,0.01464615241569113,0.41642245530347743,0.42863100168156343,0.4485502354388147,0.46596423267887693,0.48659411635805305,0.450697751249214,0.014766637315861742,0.41722499248886935,0.4344153139998191,0.45313281886260964,0.4665782710076062,0.4666045591282233,0.0,0.0,0.0,0.0,0.0,0.0,0.0,0.0,0.0,0.0,0.0,0.0,0.0,0.0
qore_dpr,nq_48,50,True,15,5,2.0,0.5,5,0;1;2;3;5,0;1;2;4;6;7;9;16;18;41;47,1,1,7,3,3.653702352608225,0.7307404705216449,10,8.646392887618315,4.323196443809158,0.0,0.6694940912009328,-49.33050590879907,-49.330505908799054,-49.33050590879907,True,0.6694940912009328,0.0,3003,0.4835179814460453,0.20860955823794566,0.2787104663933511,0.29861455496213135,0.3568040254759871,0.7516408020833604,1.0,0.7307404705216449,0.16489133034003528,0.48951439320571105,0.5596346330102532,0.7399148896395402,0.9037832308183629,1.0,0.819123454581862,0.05951179655055765,0.6696799381402777,0.7441567324135092,0.8153340017989451,0.9041104876889238,0.9808060948898774,0.8646392887618315,0.06425364130302207,0.7581579228247091,0.7634200141601459,0.8706229791760218,0.9183489319967361,0.9808060948898774,0.409561727290931,0.029755898275278823,0.33483996907013885,0.3720783662067546,0.40766700089947255,0.4520552438444619,0.4904030474449387,0.43231964438091575,0.03212682065151103,0.37907896141235453,0.38171000708007297,0.4353114895880109,0.45917446599836803,0.4904030474449387,0.0,0.0,0.0,0.0,0.0,0.0,0.0,0.0,0.0,0.0,0.0,0.0,0.0,0.0
qore_dpr,nq_49,50,True,15,5,2.0,0.5,5,0;1;2;3;4,10;21;45,1,0,1,0,3.9439939642427104,0.788798792848542,10,7.818707215220048,3.909353607610024,0.0,-0.0346403566326865,-50.034640356632686,-50.034640356632686,-50.034640356632686,True,-0.0346403566326865,0.0,3003,0.5200296029846854,0.21148592840107386,0.2922718935918345,0.31644388219095954,0.4640572685657964,0.7725703282578101,1.0,0.788798792848542,0.11028641980934727,0.7028024610444705,0.7033755531507364,0.7480172943752635,0.9155756070051365,1.0,0.7983526327935363,0.06896199927145037,0.6706544334433134,0.7103132890508785,0.7950791695617554,0.8965814867318415,0.9653480942428027,0.7818707215220048,0.03878288172704876,0.7079385853200063,0.7403869594143442,0.784153592681517,0.8350235524311986,0.8358434018669545,0.39917631639676815,0.034480999635725186,0.3353272167216567,0.35515664452543927,0.3975395847808777,0.44829074336592073,0.48267404712140133,0.3909353607610024,0.01939144086352438,0.35396929266000315,0.3701934797071721,0.3920767963407585,0.4175117762155993,0.41792170093347725,0.0,0.0,0.0,0.0,0.0,0.0,0.0,0.0,0.0,0.0,0.0,0.0,0.0,0.0
qore_dpr,nq_50,50,True,15,5,2.0,0.5,5,0;1;2;3;6,,0,0,0,0,3.031122224465601,0.6062244448931202,10,7.76533584016195,3.882667920080975,0.0,0.851545695615374,-49.14845430438463,-49.14845430438463,-49.14845430438463,True,0.851545695615374,0.0,3003,0.39282035883710137,0.2053696106061142,0.2089521176635035,0.21425960727061882,0.3370235192404264,0.5877455594038133,1.0,0.6062244448931202,0.21032803240720285,0.41323455562975964,0.43478093403948004,0.513633704526276,0.854861385062202,1.0,0.8135213174614393,0.08570070847646148,0.6307979700717318,0.6723785270157577,0.8379275774860966,0.9075572486812816,0.941316670396309,0.7765335840161949,0.07405466803016084,0.6624688943185146,0.670303849895107,0.7883994692553897,0.8442340986138908,0.9009927887640381,0.40676065873071965,0.04285035423823074,0.3153989850358659,0.33618926350787887,0.4189637887430483,0.4537786243406408,0.4706583351981545,0.38826679200809744,0.03702733401508042,0.3312344471592573,0.3351519249475535,0.39419973462769486,0.4221170493069454,0.45049639438201905,0.0,0.0,0.0,0.0,0.0,0.0,0.0,0.0,0.0,0.0,0.0,0.0,0.0,0.0
qore_dpr,nq_51,50,True,15,5,2.0,0.5,5,0;1;2;3;4,2;3;4;5;6;15;17;19;20;21;22;25;26;28;29;37;38;40;42;43;45,1,1,5,3,4.31990785521078,0.863981571042156,10,9.061749554822892,4.530874777411446,0.0,0.21096692220066604,-49.78903307779933,-49.78903307779933,-49.78903307779933,True,0.21096692220066604,0.0,3003,0.655482469838734,0.17424415792720974,0.4295408471339147,0.45005612352096064,0.6102339773499477,0.8799058866285948,1.0,0.863981571042156,0.08111731035755086,0.7673381929551258,0.7794987308323507,0.8649609406794259,0.9559476735712162,1.0,0.8879072169251605,0.03616710869429023,0.8090478413512465,0.8437666699678843,0.8828595460970065,0.9391065652562735,0.9927918103431471,0.9061749554822892,0.023686039554054596,0.862979309333324,0.8787004113820558,0.9053679183936145,0.9312287506103872,0.944791996390945,0.44395360846258025,0.018083554347145116,0.40452392067562326,0.42188333498394215,0.4414297730485032,0.4695532826281367,0.49639590517157356,0.4530874777411446,0.011843019777027298,0.431489654666662,0.4393502056910279,0.45268395919680726,0.4656143753051936,0.4723959981954725,0.0,0.0,0.0,0.0,0.0,0.0,0.0,0.0,0.0,0.0,0.0,0.0,0.0,0.0
qore_dpr,nq_52,50,True,15,5,2.0,0.5,5,0;1;2;4;9,,0,0,0,0,4.480334603453063,0.8960669206906126,10,6.7210451066646195,3.3605225533323098,0.0,-1.119812050120753,-51.11981205012075,-51.11981205012075,-51.11981205012075,True,-1.119812050120753,0.0,3003,0.8051164231711685,0.10430338988181032,0.6288983756684223,0.6771833116728966,0.7763596785939896,0.9236978590368281,1.0,0.8960669206906126,0.07806965569140296,0.7631984484957732,0.8070912112274828,0.9141281037125855,0.9720310783678626,1.0,0.7254093283774883,0.0627672080234635,0.5793718649370835,0.6508441287431032,0.7203798909244264,0.7978297137420265,0.9901320142708113,0.6721045106664619,0.04670085961447303,0.5793718649370835,0.627626792381828,0.6750648941682483,0.7253402247937855,0.7558120949020841,0.36270466418874414,0.03138360401173175,0.28968593246854174,0.3254220643715516,0.3601899454622132,0.39891485687101325,0.49506600713540566,0.33605225533323096,0.023350429807236516,0.28968593246854174,0.313813396190914,0.33753244708412417,0.36267011239689273,0.37790604745104206,0.0,0.0,0.0,0.0,0.0,0.0,0.0,0.0,0.0,0.0,0.0,0.0,0.0,0.0
qore_dpr,nq_53,50,True,15,5,2.0,0.5,5,0;1;2;3;5,0;3;4;7;9;11;13;14;22;28;34;37;41;43;44;45;46,1,1,8,2,4.180257925513956,0.8360515851027914,10,7.683149975396712,3.841574987698356,0.0,-0.3386829378156002,-50.3386829378156,-50.338682937815605,-50.3386829378156,True,-0.3386829378156002,0.0,3003,0.6285500624110332,0.17152654287052502,0.45183869862042836,0.4560725119130764,0.5662789708751376,0.8883812390630356,1.0,0.8360515851027914,0.12598197226990035,0.6399867016821341,0.7000636566766061,0.8083702086753484,0.9766887703952641,1.0,0.7957803998479425,0.06033200994147987,0.6628518625157139,0.707690364366802,0.8001295553979817,0.8740857978147402,0.9356338497068766,0.7683149975396713,0.04825418753807271,0.693010628177473,0.6943153801052518,0.7868782995101962,0.8185674358987307,0.8270953383976701,0.39789019992397123,0.030166004970739936,0.33142593125785696,0.353845182183401,0.40006477769899085,0.4370428989073701,0.4678169248534383,0.3841574987698356,0.024127093769036354,0.3465053140887365,0.3471576900526259,0.3934391497550981,0.40928371794936536,0.41354766919883507,0.0,0.0,0.0,0.0,0.0,0.0,0.0,0.0,0.0,0.0,0.0,0.0,0.0,0.0
qore_dpr,nq_54,50,True,15,5,2.0,0.5,5,0;1;2;3;4,1;13;34;42;47,1,1,2,1,3.7919948729565665,0.7583989745913133,10,8.976580198879981,4.488290099439991,0.0,0.6962952264834241,-49.30370477351658,-49.30370477351658,-49.30370477351658,True,0.6962952264834241,0.0,3003,0.5051345944483793,0.21517276171702981,0.30169553735028204,0.31603921557382453,0.43062863631541065,0.854031525008674,1.0,0.7583989745913133,0.19312561830270722,0.5635661626603277,0.5720877217632672,0.6605183245923169,0.9932161301144983,1.0,0.881896125155014,0.04638611449521331,0.8002216377128581,0.8298214655666775,0.862268082489602,0.9479492753229495,0.9798369831415007,0.8976580198879981,0.03803002728901844,0.8421198884513496,0.844479265434558,0.9041774556059037,0.9458416411894968,0.9552161203640357,0.440948062577507,0.023193057247606653,0.4001108188564291,0.41491073278333873,0.431134041244801,0.47397463766147474,0.48991849157075035,0.44882900994399905,0.01901501364450922,0.4210599442256748,0.422239632717279,0.45208872780295184,0.4729208205947484,0.47760806018201785,0.0,0.0,0.0,0.0,0.0,0.0,0.0,0.0,0.0,0.0,0.0,0.0,0.0,0.0
qore_dpr,nq_55,50,True,15,5,2.0,0.5,5,0;1;2;3;4,3;13;15;18;26;37,1,1,2,1,3.7683117942552915,0.7536623588510583,10,8.8525619683694,4.4262809841847,0.0,0.6579691899294087,-49.34203081007059,-49.3420308100706,-49.34203081007059,True,0.6579691899294087,0.0,3003,0.5427664298083666,0.18171450296335143,0.318352582542613,0.3485399403202954,0.4980155961530205,0.7735726782877507,1.0,0.7536623588510583,0.1423052010851494,0.5987747413163883,0.6140113133828518,0.7301492529303164,0.9210086514104161,1.0,0.8896989989003788,0.02907376646876459,0.824512793102049,0.84593407213978,0.8905126033645553,0.9266367648099625,0.9468374780703632,0.88525619683694,0.019208689634835192,0.8552264546175953,0.8671330116354266,0.8816869878922412,0.9184489742882207,0.9188391583730372,0.4448494994501894,0.014536883234382295,0.4122563965510245,0.42296703606989,0.44525630168227764,0.46331838240498124,0.4734187390351816,0.44262809841847,0.009604344817417596,0.42761322730879764,0.4335665058177133,0.4408434939461206,0.45922448714411035,0.4594195791865186,0.0,0.0,0.0,0.0,0.0,0.0,0.0,0.0,0.0,0.0,0.0,0.0,0.0,0.0
qore_dpr,nq_56,50,True,15,5,2.0,0.5,5,0;1;2;3;4,,0,0,0,0,4.171229690716699,0.8342459381433398,10,8.10176046269267,4.050880231346335,0.0,-0.12034945937036401,-50.12034945937037,-50.12034945937036,-50.12034945937037,True,-0.12034945937036401,0.0,3003,0.5737881452405103,0.21095714267037716,0.33321029223760734,0.34980733565010713,0.5192574319822821,0.8836388353710138,1.0,0.8342459381433398,0.13249429452494244,0.6073248464987305,0.6914381403388732,0.8206961125015755,0.9702402602469224,1.0,0.7571600473594233,0.06818853660950332,0.6251638344133725,0.6760728422344637,0.7515086268998762,0.8241126071643776,0.9967002439072213,0.8101760462692669,0.07492283865321904,0.7164209407072251,0.719168737492781,0.7896627680829638,0.8889230561742277,0.9740486273290293,0.37858002367971166,0.03409426830475166,0.31258191720668627,0.33803642111723187,0.3757543134499381,0.4120563035821888,0.49835012195361067,0.40508802313463343,0.03746141932660952,0.35821047035361253,0.3595843687463905,0.3948313840414819,0.44446152808711387,0.48702431366451465,0.0,0.0,0.0,0.0,0.0,0.0,0.0,0.0,0.0,0.0,0.0,0.0,0.0,0.0
qore_dpr,nq_57,50,True,15,5,2.0,0.5,5,0;1;2;4;8,0;1;2;4;5;38,1,1,5,4,3.2463660037038875,0.6492732007407775,10,7.616142827124414,3.808071413562207,0.0,0.5617054098583196,-49.43829459014168,-49.43829459014167,-49.43829459014168,True,0.5617054098583196,0.0,3003,0.42716070757026386,0.23303045461228158,0.20679046071537538,0.2180789453144402,0.37879559790822587,0.7886005406824519,1.0,0.6492732007407775,0.273002448866047,0.3249827932421789,0.36282233401687325,0.5624019924361221,0.9757598291386688,1.0,0.7454742114289963,0.0985802852851717,0.5544326348007875,0.634906130257369,0.7208477789523652,0.8851862532502992,0.9873706450143095,0.7616142827124415,0.10256453434229934,0.6061773066935455,0.6569438384765294,0.7332263255590508,0.8910126812584185,0.9549092152800176,0.37273710571449814,0.04929014264258585,0.27721631740039376,0.3174530651286845,0.3604238894761826,0.4425931266251496,0.49368532250715474,0.38080714135622074,0.05128226717114967,0.30308865334677276,0.3284719192382647,0.3666131627795254,0.44550634062920924,0.4774546076400088,0.0,0.0,0.0,0.0,0.0,0.0,0.0,0.0,0.0,0.0,0.0,0.0,0.0,0.0
qore_dpr,nq_58,50,True,15,5,2.0,0.5,5,0;1;2;3;9,,0,0,0,0,2.89190875241922,0.578381750483844,10,6.768614539271852,3.384307269635926,0.0,0.492398517216706,-49.50760148278329,-49.5076014827833,-49.50760148278329,True,0.492398517216706,0.0,3003,0.39343560371618413,0.1925344582394795,0.24226709172896874,0.24944001807660945,0.3144900234799438,0.5448754285826563,1.0,0.578381750483844,0.23157718923500561,0.2891532975075892,0.3813867411999332,0.524678501606264,0.8233360186267672,1.0,0.7101284083053699,0.08316037540705672,0.490327172792267,0.6028685723036924,0.7224509233006443,0.7938062236635095,0.91849151578985,0.6768614539271852,0.09303444233762025,0.4972764301031449,0.5789518684269768,0.7097518792912993,0.7847977788099076,0.7938241560409302,0.35506420415268497,0.04158018770352836,0.2451635863961335,0.3014342861518462,0.36122546165032215,0.39690311183175475,0.459245757894925,0.3384307269635926,0.04651722116881012,0.24863821505157244,0.2894759342134884,0.3548759396456497,0.3923988894049538,0.3969120780204651,0.0,0.0,0.0,0.0,0.0,0.0,0.0,0.0,0.0,0.0,0.0,0.0,0.0,0.0
qore_dpr,nq_59,50,True,15,5,2.0,0.5,5,0;1;2;4;8,,0,0,0,0,3.955380172394788,0.7910760344789577,10,6.78871120498277,3.394355602491385,0.0,-0.5610245699034033,-50.5610245699034,-50.56102456990341,-50.5610245699034,True,-0.5610245699034033,0.0,3003,0.643481446722116,0.1596338121718715,0.4558289531283954,0.47165752833617297,0.6346011520280165,0.8524049923313608,1.0,0.7910760344789577,0.145138636984528,0.6027235479187597,0.6229889111792069,0.8357840435616499,0.9453942499378005,1.0,0.7275041223005688,0.09074034841738533,0.5411296469771059,0.6154709900121637,0.7211278834112439,0.8439161630054894,0.992185945396101,0.6788711204982769,0.10352630779852902,0.5411296469771059,0.56046788725278,0.6742422976835554,0.7903151811653369,0.9000710956891718,0.3637520611502844,0.04537017420869267,0.27056482348855293,0.3077354950060818,0.36056394170562195,0.4219580815027447,0.4960929726980505,0.33943556024913846,0.05176315389926451,0.27056482348855293,0.28023394362639,0.3371211488417777,0.39515759058266847,0.4500355478445859,0.0,0.0,0.0,0.0,0.0,0.0,0.0,0.0,0.0,0.0,0.0,0.0,0.0,0.0
qore_dpr,nq_60,50,True,15,5,2.0,0.5,5,0;1;2;3;7,1;3;4;5;6;17;18;22;28;35;37,1,1,5,2,3.5575464258029728,0.7115092851605945,10,8.178505417605344,4.089252708802672,0.0,0.531706282999699,-49.4682937170003,-49.4682937170003,-49.4682937170003,True,0.531706282999699,0.0,3003,0.5308483929313695,0.16858675408588375,0.3492420208284183,0.3711055239122375,0.4669259546358397,0.7322274274544167,1.0,0.7115092851605945,0.174495100320066,0.4669259546358397,0.5382580971318796,0.6749553436014964,0.9081635266758787,1.0,0.81975789553929,0.04486037313859665,0.7375434023273469,0.7610235419947754,0.8197563963427426,0.8692460514148251,1.0,0.8178505417605344,0.044035676485227805,0.738067746411283,0.7381879327881764,0.8291967307346673,0.858236463439759,0.8784142855018946,0.409878947769645,0.022430186569298325,0.36877170116367347,0.3805117709973877,0.4098781981713713,0.43462302570741257,0.5,0.4089252708802672,0.022017838242613903,0.3690338732056415,0.3690939663940882,0.41459836536733363,0.4291182317198795,0.4392071427509473,0.0,0.0,0.0,0.0,0.0,0.0,0.0,0.0,0.0,0.0,0.0,0.0,0.0,0.0
qore_dpr,nq_61,50,True,15,5,2.0,0.5,5,0;1;2;3;8,3;4;7;10;24;34;36;47,1,1,4,1,3.7213476169645077,0.7442695233929015,10,8.737864046993622,4.368932023496811,0.0,0.6475844065323031,-49.3524155934677,-49.3524155934677,-49.3524155934677,True,0.6475844065323031,0.0,3003,0.5681607744336172,0.17239919129381073,0.3526721020883786,0.4007468186934798,0.554080853978492,0.7989774662656134,1.0,0.7442695233929015,0.17296518957754006,0.5113146288539047,0.5670754992450401,0.6830612185085119,0.9505019859081392,1.0,0.8527614224036535,0.0752282535688669,0.6792619434478693,0.7450151354935733,0.8773509564393813,0.9438482518962311,0.9707162506225401,0.8737864046993622,0.07604658659187319,0.7414248390583532,0.7698475317043234,0.9115973241185631,0.9493595063180583,0.9528460292522083,0.42638071120182675,0.03761412678443345,0.33963097172393464,0.37250756774678667,0.43867547821969066,0.47192412594811556,0.48535812531127004,0.4368932023496811,0.038023293295936594,0.3707124195291766,0.3849237658521617,0.45579866205928155,0.47467975315902916,0.47642301462610415,0.0,0.0,0.0,0.0,0.0,0.0,0.0,0.0,0.0,0.0,0.0,0.0,0.0,0.0
qore_dpr,nq_62,50,True,15,5,2.0,0.5,5,0;1;2;3;8,2;11;19;20,1,1,2,1,3.9766637781629117,0.7953327556325823,10,8.619709981306565,4.309854990653283,0.0,0.33319121249037087,-49.66680878750963,-49.66680878750962,-49.66680878750963,True,0.33319121249037087,0.0,3003,0.5898427209705372,0.20770577087316117,0.3239471403812825,0.34541854419410745,0.5266161178509532,0.8656395147313691,1.0,0.7953327556325823,0.17084889990258434,0.4897270363951473,0.5983665511265165,0.8486351819757366,0.950790294627383,1.0,0.8391189316017598,0.06563709316621699,0.7042271801852052,0.7582914853133109,0.8395994075165466,0.9211459997714562,0.9727404659415033,0.8619709981306567,0.0563325858588424,0.7707503994235874,0.7803474809139693,0.8900072132261284,0.9189197651751861,0.9314671920909652,0.4195594658008799,0.032818546583108496,0.3521135900926026,0.37914574265665546,0.4197997037582733,0.4605729998857281,0.48637023297075166,0.43098549906532835,0.0281662929294212,0.3853751997117937,0.39017374045698466,0.4450036066130642,0.45945988258759307,0.4657335960454826,0.0,0.0,0.0,0.0,0.0,0.0,0.0,0.0,0.0,0.0,0.0,0.0,0.0,0.0
qore_dpr,nq_63,50,True,15,5,2.0,0.5,5,0;1;2;5;13,0;18;49,1,1,1,1,3.0688155351180364,0.6137631070236073,10,7.911916090550849,3.9559580452754246,0.0,0.8871425101573882,-49.11285748984261,-49.11285748984262,-49.11285748984261,True,0.8871425101573882,0.0,3003,0.4817774132869909,0.16857082876309432,0.3160115595649542,0.34649014898560915,0.4344834319411087,0.6275586276921875,1.0,0.6137631070236073,0.22220992421794722,0.3412297658797571,0.4055677269443306,0.5387401636303283,0.8747083748267042,1.0,0.8314904596984181,0.06795421228052659,0.658502523953626,0.7358110199098079,0.8427287952966644,0.9143337465913777,0.9851681595771049,0.7911916090550849,0.08376810943028629,0.658502523953626,0.6879267214805194,0.7931158374609861,0.8969448232917338,0.900988293582233,0.41574522984920903,0.033977106140263294,0.329251261976813,0.36790550995490395,0.4213643976483322,0.45716687329568884,0.49258407978855245,0.39559580452754245,0.04188405471514314,0.329251261976813,0.3439633607402597,0.39655791873049306,0.4484724116458669,0.4504941467911165,0.0,0.0,0.0,0.0,0.0,0.0,0.0,0.0,0.0,0.0,0.0,0.0,0.0,0.0
qore_dpr,nq_64,50,True,15,5,2.0,0.5,5,0;1;2;4;5,0;1;3;4;7;9;10;12;29;32;36,1,1,8,3,3.9501705806366134,0.7900341161273227,10,7.644331785007599,3.8221658925037993,0.0,-0.12800468813281407,-50.12800468813281,-50.12800468813282,-50.12800468813281,True,-0.12800468813281407,0.0,3003,0.5308020050125314,0.2268367674179852,0.23505846113080056,0.2880732668676096,0.4371766420456427,0.8041727667185585,1.0,0.7900341161273227,0.12291823969089108,0.6406826537709913,0.6720993011162266,0.749927130601835,0.936134609651883,1.0,0.7836609528083868,0.08982433586514696,0.5921904822181745,0.6621914041036144,0.806178928453059,0.8866930498314741,0.9868045537285186,0.7644331785007599,0.09308947918782937,0.6369906146829369,0.6495597429497242,0.7947171562597886,0.8768557339125911,0.8976215264753129,0.3918304764041934,0.04491216793257348,0.29609524110908725,0.3310957020518072,0.4030894642265295,0.44334652491573706,0.4934022768642593,0.38221658925037993,0.04654473959391468,0.31849530734146847,0.3247798714748621,0.3973585781298943,0.43842786695629554,0.44881076323765645,0.0,0.0,0.0,0.0,0.0,0.0,0.0,0.0,0.0,0.0,0.0,0.0,0.0,0.0
qore_dpr,nq_65,50,True,15,5,2.0,0.5,5,0;1;2;4;10,0;3;4;5;6;7;9;37,1,1,7,2,3.635098865360552,0.7270197730721104,10,8.461332777756429,4.230666388878214,0.0,0.5955675235176625,-49.404432476482334,-49.40443247648234,-49.404432476482334,True,0.5955675235176625,0.0,3003,0.5702133468740491,0.1806446243974184,0.33177171803877237,0.4063520465220309,0.4879236763043518,0.7552570015777352,1.0,0.7270197730721104,0.18180355360861308,0.42976358151934085,0.537894055988442,0.7394515405586755,0.9063175902361766,1.0,0.872003301697853,0.051023467445161584,0.7217104042265571,0.7845744519536494,0.8809142763834291,0.9206364896087792,0.9599934102825345,0.8461332777756428,0.06006683959971491,0.757438125823636,0.7671289206829831,0.8622264751793635,0.9187728091990022,0.9251263771971063,0.4360016508489265,0.025511733722580792,0.36085520211327854,0.3922872259768247,0.44045713819171456,0.4603182448043896,0.47999670514126724,0.4230666388878214,0.030033419799857453,0.378719062911818,0.38356446034149155,0.43111323758968173,0.4593864045995011,0.46256318859855317,0.0,0.0,0.0,0.0,0.0,0.0,0.0,0.0,0.0,0.0,0.0,0.0,0.0,0.0
qore_dpr,nq_66,50,True,15,5,2.0,0.5,5,0;1;2;3;6,0;3;9;11;13;16;24;26;31;34;38,1,1,5,2,3.6160637358408945,0.7232127471681788,10,7.837403587442957,3.9187017937214783,0.0,0.30263805788058384,-49.697361942119414,-49.697361942119414,-49.697361942119414,True,0.30263805788058384,0.0,3003,0.5637342874111676,0.158250291564457,0.36415683490892403,0.4145040384594702,0.5461761004936493,0.7460090412736652,1.0,0.7232127471681788,0.1630239090258725,0.5467592542801456,0.5712254235931116,0.6540942056262391,0.9229142393487797,1.0,0.8025494636062351,0.08886017018730294,0.6019108862647014,0.6682945995801844,0.8199109032499176,0.9146603105019683,0.96290219040953,0.7837403587442956,0.071956419792969,0.6900703551828075,0.7003538487127773,0.7885691607730465,0.8530185804318525,0.9305016289434145,0.40127473180311757,0.04443008509365147,0.3009554431323507,0.3341472997900922,0.4099554516249588,0.45733015525098414,0.481451095204765,0.3918701793721478,0.0359782098964845,0.34503517759140373,0.35017692435638864,0.39428458038652325,0.42650929021592626,0.46525081447170724,0.0,0.0,0.0,0.0,0.0,0.0,0.0,0.0,0.0,0.0,0.0,0.0,0.0,0.0
qore_dpr,nq_67,50,True,15,5,2.0,0.5,5,0;1;2;3;5,,0,0,0,0,4.626199073513651,0.9252398147027302,10,7.214440698078936,3.607220349039468,0.0,-1.018978724474183,-51.01897872447418,-51.01897872447419,-51.01897872447418,True,-1.018978724474183,0.0,3003,0.6178227078713942,0.25212532430196877,0.27136779264184424,0.33465407338078945,0.5653279165276544,0.9788419806376754,1.0,0.9252398147027302,0.08567194995086104,0.7668401737235717,0.8242551646151893,0.9527338433240133,0.99849896220538,1.0,0.7246553168720191,0.07469014002433065,0.5741508164249874,0.6353745510772278,0.7050442105766174,0.8288972585066281,0.9057067898428388,0.7214440698078936,0.05661705182146401,0.6472934790348108,0.6715285919658567,0.6947411235374934,0.8032789429604315,0.8041564694758382,0.36232765843600956,0.037345070012165325,0.2870754082124937,0.3176872755386139,0.3525221052883087,0.41444862925331405,0.4528533949214194,0.3607220349039468,0.028308525910732005,0.3236467395174054,0.33576429598292834,0.3473705617687467,0.4016394714802157,0.4020782347379191,0.0,0.0,0.0,0.0,0.0,0.0,0.0,0.0,0.0,0.0,0.0,0.0,0.0,0.0
qore_dpr,nq_68,50,True,15,5,2.0,0.5,5,0;1;2;3;4,4;11,1,1,2,1,3.4561570230519614,0.6912314046103923,10,8.397082391964847,4.198541195982424,0.0,0.7423841729304623,-49.257615827069536,-49.25761582706954,-49.257615827069536,True,0.7423841729304623,0.0,3003,0.47416719344824193,0.19028759746080826,0.2929263770070378,0.2958805680812508,0.4030553331366682,0.657727253571579,1.0,0.6912314046103923,0.16149966587705952,0.5308483290488432,0.5665363057861689,0.6270850014749884,0.8712621686543892,1.0,0.8417267819770466,0.04503493010809333,0.7461870146514064,0.7930097197487732,0.839244268392565,0.8954628932866912,0.9727275681250985,0.8397082391964847,0.03197931554883901,0.7971483776791324,0.7992816245989577,0.8423830706890068,0.8764624141525453,0.8947198766381335,0.4208633909885233,0.022517465054046663,0.3730935073257032,0.3965048598743866,0.4196221341962825,0.4477314466433456,0.48636378406254926,0.41985411959824237,0.015989657774419505,0.3985741888395662,0.39964081229947884,0.4211915353445034,0.43823120707627267,0.44735993831906673,0.0,0.0,0.0,0.0,0.0,0.0,0.0,0.0,0.0,0.0,0.0,0.0,0.0,0.0
qore_dpr,nq_69,50,True,15,5,2.0,0.5,5,0;1;2;4;7,,0,0,0,0,3.0171785547996466,0.6034357109599292,10,6.65309587725928,3.32654793862964,0.0,0.30936938382999335,-49.690630616170004,-49.69063061617001,-49.690630616170004,True,0.30936938382999335,0.0,3003,0.4458649002394655,0.17521696890935917,0.2713827106036529,0.2962368540605142,0.4069769852984145,0.5859299096867594,1.0,0.6034357109599292,0.21249949349047054,0.4069769852984145,0.4301609653016945,0.5061443541500545,0.8556481120178252,1.0,0.7039522685630945,0.07695478524003162,0.5650001414723382,0.6192537748330079,0.6934039287586625,0.8025093231933499,0.9420652085506427,0.6653095877259281,0.0371789034793303,0.6188008364486957,0.6299302263420605,0.6575614612667671,0.6888873930593513,0.7592988874974762,0.3519761342815472,0.03847739262001581,0.2825000707361691,0.30962688741650396,0.34670196437933126,0.40125466159667494,0.47103260427532134,0.33265479386296404,0.01858945173966515,0.30940041822434783,0.31496511317103026,0.32878073063338353,0.34444369652967566,0.3796494437487381,0.0,0.0,0.0,0.0,0.0,0.0,0.0,0.0,0.0,0.0,0.0,0.0,0.0,0.0
qore_dpr,nq_70,50,True,15,5,2.0,0.5,5,0;1;2;5;8,7;24,1,0,1,0,3.661059336388681,0.7322118672777362,10,7.739840902004266,3.869920451002133,0.0,0.2088611146134518,-49.791138885386545,-49.79113888538655,-49.791138885386545,True,0.2088611146134518,0.0,3003,0.5343153485418917,0.2078842462235682,0.2842304422584006,0.31385549099695104,0.5002620695826702,0.8209300913408374,1.0,0.7322118672777362,0.1927789073762537,0.46391110088400545,0.5068841205008725,0.7727633000313205,0.9412165142188729,1.0,0.7820557730006142,0.0718847239514765,0.5999556610689266,0.6855668155069784,0.7744076516903137,0.8879242530613909,0.944290040333831,0.7739840902004267,0.08510118486059935,0.671531394863947,0.6772503451892689,0.7618323047250963,0.8857449787010336,0.8961751294790663,0.3910278865003071,0.03594236197573825,0.2999778305344633,0.3427834077534892,0.38720382584515683,0.44396212653069544,0.4721450201669155,0.38699204510021334,0.042550592430299676,0.3357656974319735,0.3386251725946344,0.38091615236254817,0.4428724893505168,0.44808756473953315,0.0,0.0,0.0,0.0,0.0,0.0,0.0,0.0,0.0,0.0,0.0,0.0,0.0,0.0
qore_dpr,nq_71,50,True,15,5,2.0,0.5,5,0;1;2;3;5,0;3;5;12;14;18;22;23;29,1,1,5,3,3.9508195150004792,0.7901639030000959,10,8.638184982927836,4.319092491463918,0.0,0.3682729764634387,-49.63172702353656,-49.631727023536556,-49.63172702353656,True,0.3682729764634387,0.0,3003,0.5767831240614716,0.1843355385828776,0.3531534553819611,0.41664813572318604,0.5287668935109748,0.865241541263299,1.0,0.7901639030000959,0.16097122267303163,0.5482483465925428,0.6104375539154605,0.7703417042078021,0.9714032397201189,1.0,0.8850696780106819,0.05826999539172588,0.7539043137586674,0.7993018825943936,0.912544260437498,0.9435944911645282,0.9750346443380182,0.8638184982927836,0.061852951663155284,0.7578737244721891,0.7907695121724008,0.8991385100259109,0.9195264218653774,0.9323161502352765,0.44253483900534096,0.02913499769586294,0.3769521568793337,0.3996509412971968,0.456272130218749,0.4717972455822641,0.4875173221690091,0.4319092491463918,0.030926475831577642,0.3789368622360946,0.3953847560862004,0.44956925501295547,0.4597632109326887,0.46615807511763824,0.0,0.0,0.0,0.0,0.0,0.0,0.0,0.0,0.0,0.0,0.0,0.0,0.0,0.0
qore_dpr,nq_72,50,True,15,5,2.0,0.5,5,0;1;2;5;13,0;1;2;3;4;11;14;43,1,1,7,3,3.4794072878849,0.69588145757698,10,7.477190978414858,3.738595489207429,0.0,0.25918820132252884,-49.74081179867747,-49.74081179867747,-49.74081179867747,True,0.25918820132252884,0.0,3003,0.5182582941150106,0.19845290929983694,0.33145838375689124,0.3524711577248891,0.4369396261933575,0.8127636412531934,1.0,0.69588145757698,0.2333740870612182,0.3502143337367218,0.4261813096678768,0.7033653354847385,0.9542783380395321,1.0,0.7389795901022165,0.08358569421178164,0.5791407615367038,0.639155506775409,0.7243354854272818,0.8601943741274515,0.910028704019994,0.7477190978414858,0.09982970736033853,0.5827649736373122,0.6426704227909927,0.7434714963324532,0.8642216613685219,0.8888547734845879,0.36948979505110824,0.04179284710589082,0.2895703807683519,0.3195777533877045,0.3621677427136409,0.43009718706372574,0.455014352009997,0.3738595489207429,0.04991485368016926,0.2913824868186561,0.32133521139549637,0.3717357481662266,0.4321108306842609,0.44442738674229393,0.0,0.0,0.0,0.0,0.0,0.0,0.0,0.0,0.0,0.0,0.0,0.0,0.0,0.0
qore_dpr,nq_73,50,True,15,5,2.0,0.5,5,0;1;2;3;5,0;1;4,1,1,3,2,2.4002785690570327,0.48005571381140644,10,7.166004873766264,3.583002436883132,0.0,1.1827238678260992,-48.8172761321739,-48.81727613217391,-48.8172761321739,True,1.1827238678260992,0.0,3003,0.2760859386371503,0.22574708071686972,0.13924341590945757,0.15077438086594364,0.1943872570852283,0.5074329724352429,1.0,0.48005571381140644,0.29847453912393257,0.2036500519825309,0.2176338199778615,0.3368922731347179,0.8484507087875706,1.0,0.7088913102482091,0.06373876659904806,0.600362653628141,0.6536144382641397,0.6910663464136367,0.7835155354255614,0.9835149911374702,0.7166004873766265,0.06709835238506304,0.600362653628141,0.6209094288314192,0.7283642445154992,0.7770336282762038,0.8517988557192243,0.35444565512410453,0.03186938329952403,0.3001813268140705,0.32680721913206984,0.34553317320681837,0.3917577677127807,0.4917574955687351,0.35830024368831326,0.03354917619253152,0.3001813268140705,0.3104547144157096,0.3641821222577496,0.3885168141381019,0.42589942785961216,0.0,0.0,0.0,0.0,0.0,0.0,0.0,0.0,0.0,0.0,0.0,0.0,0.0,0.0
qore_dpr,nq_74,50,True,15,5,2.0,0.5,5,0;1;2;3;4,9;40;41,1,0,1,0,3.7178187541637606,0.7435637508327522,10,8.400180604550112,4.200090302275056,0.0,0.48227154811129536,-49.51772845188871,-49.5177284518887,-49.5177284518887,True,0.48227154811129536,0.0,3003,0.4470379994727526,0.23506787638104035,0.22726050826129135,0.2293928733294634,0.34977280312504466,0.7249599694560132,1.0,0.7435637508327522,0.13662743443336417,0.6000555817447732,0.6318041860326191,0.690208392583733,0.8992510749483467,1.0,0.8039883184374813,0.08007091866869578,0.6248650442684259,0.702567122817728,0.7848131788571653,0.9287628944206944,0.9976602803740957,0.8400180604550114,0.08241889432615294,0.7757171592159071,0.7766853332846297,0.7913192496682633,0.9514761783346678,0.9976602803740957,0.40199415921874065,0.04003545933434789,0.31243252213421296,0.351283561408864,0.39240658942858264,0.4643814472103472,0.49883014018704785,0.4200090302275057,0.04120944716307647,0.38785857960795356,0.38834266664231487,0.39565962483413164,0.4757380891673339,0.49883014018704785,0.0,0.0,0.0,0.0,0.0,0.0,0.0,0.0,0.0,0.0,0.0,0.0,0.0,0.0
qore_dpr,nq_75,50,True,15,5,2.0,0.5,5,0;1;2;3;8,0;1;2;24,1,1,3,3,3.2609173374217453,0.6521834674843491,10,7.69444207643009,3.847221038215045,0.0,0.5863037007932999,-49.4136962992067,-49.413696299206705,-49.4136962992067,True,0.5863037007932999,0.0,3003,0.4238682088396876,0.219027336862695,0.21039839469708926,0.24933300265295846,0.3433980414703252,0.7385565801636867,1.0,0.6521834674843491,0.2379648031324053,0.3017383266069939,0.37973740972049996,0.6945460284535432,0.9071587791881797,1.0,0.735972362783159,0.06953699830892314,0.615088725621727,0.660536216307134,0.7277427119051653,0.8016519827313836,0.9952675829556491,0.769444207643009,0.09859974253433536,0.658063444565109,0.6620584318762063,0.786770170577835,0.8397354074938437,0.9952675829556491,0.3679861813915795,0.03476849915446157,0.3075443628108635,0.330268108153567,0.36387135595258263,0.4008259913656918,0.49763379147782455,0.3847221038215045,0.04929987126716768,0.3290317222825545,0.33102921593810314,0.3933850852889175,0.41986770374692184,0.49763379147782455,0.0,0.0,0.0,0.0,0.0,0.0,0.0,0.0,0.0,0.0,0.0,0.0,0.0,0.0
qore_dpr,nq_76,50,True,15,5,2.0,0.5,5,0;1;2;3;4,0;1;3;10,1,1,4,3,4.403047729828609,0.8806095459657218,10,8.097106021507894,4.048553010753947,0.0,-0.3544947190746619,-50.354494719074665,-50.354494719074665,-50.354494719074665,True,-0.3544947190746619,0.0,3003,0.5484002374666364,0.2553905703665121,0.22548229377325799,0.24699401989507064,0.4785966300974482,0.9327921153354216,1.0,0.8806095459657218,0.10094802132213111,0.7508663670983218,0.7783483037063136,0.8338698856588492,0.9994961073812546,1.0,0.7561418808195967,0.07130233175326549,0.6465623803911482,0.6868191001962545,0.7388710057811964,0.8727764110957537,0.9933414080529122,0.8097106021507893,0.10680726988171158,0.6729129073640019,0.6776053218917594,0.8647598166145536,0.9016190638961968,0.9717482526830806,0.37807094040979833,0.035651165876632744,0.3232811901955741,0.34340955009812724,0.3694355028905982,0.43638820554787683,0.4966707040264561,0.40485530107539464,0.05340363494085579,0.33645645368200094,0.3388026609458797,0.4323799083072768,0.4508095319480984,0.4858741263415403,0.0,0.0,0.0,0.0,0.0,0.0,0.0,0.0,0.0,0.0,0.0,0.0,0.0,0.0
qore_dpr,nq_77,50,True,15,5,2.0,0.5,5,0;1;2;5;6,,0,0,0,0,4.368488050981094,0.873697610196219,10,6.864237928790478,3.432118964395239,0.0,-0.9363690865858554,-50.936369086585856,-50.936369086585856,-50.936369086585856,True,-0.9363690865858554,0.0,3003,0.7129713772568133,0.16376640233070655,0.428735838223871,0.5015475661618957,0.7650775341818059,0.9109415551520158,1.0,0.873697610196219,0.08691321562861502,0.7681664315571524,0.7770522722490238,0.875113982651256,0.9739306413943423,1.0,0.7128828618195525,0.06287194516138143,0.5647970297888993,0.637786862763874,0.7140234784789827,0.7807005587101146,0.9136303505941874,0.6864237928790478,0.09442447494687592,0.5647970297888993,0.6054136278924791,0.6557618678109005,0.7882546712309091,0.9136303505941874,0.35644143090977626,0.03143597258069072,0.28239851489444967,0.318893431381937,0.35701173923949137,0.3903502793550573,0.4568151752970937,0.3432118964395239,0.04721223747343796,0.28239851489444967,0.30270681394623955,0.32788093390545026,0.39412733561545454,0.4568151752970937,0.0,0.0,0.0,0.0,0.0,0.0,0.0,0.0,0.0,0.0,0.0,0.0,0.0,0.0
qore_dpr,nq_78,50,True,15,5,2.0,0.5,5,0;1;2;7;10,0;16;19;25;28,1,1,1,1,2.4043261206010156,0.4808652241202031,10,7.923259453782161,3.9616297268910805,0.0,1.557303606290065,-48.44269639370994,-48.44269639370993,-48.44269639370994,True,1.557303606290065,0.0,3003,0.3441049949449616,0.18933336398882378,0.18512679615867708,0.2125567457804225,0.3038536251232118,0.4303937158557089,1.0,0.4808652241202031,0.26951743125849076,0.24228948435570663,0.2669151406627087,0.4225804540877466,0.7742410228137402,1.0,0.8276735748954971,0.04876474925256967,0.7310911049464159,0.7655682652028856,0.8265467064268447,0.9017285037347559,0.9915280976422803,0.7923259453782161,0.042847477385454545,0.7310911049464159,0.736086091728483,0.7998156479025402,0.8382579462186571,0.8700402077899411,0.41383678744774854,0.024382374626284835,0.36554555247320797,0.3827841326014428,0.41327335321342235,0.45086425186737794,0.49576404882114017,0.39616297268910805,0.021423738692727273,0.36554555247320797,0.3680430458642415,0.3999078239512701,0.41912897310932856,0.43502010389497053,0.0,0.0,0.0,0.0,0.0,0.0,0.0,0.0,0.0,0.0,0.0,0.0,0.0,0.0
qore_dpr,nq_79,50,True,15,5,2.0,0.5,5,0;1;3;5;11,0;1;2;37,1,1,3,2,2.8332855603201175,0.5666571120640235,10,7.818709015288572,3.909354507644286,0.0,1.0760689473241687,-48.92393105267583,-48.92393105267583,-48.92393105267583,True,1.0760689473241687,0.0,3003,0.39057562659084133,0.2155140094340743,0.18446306954986355,0.2011927010479488,0.35121620537045106,0.6444220229769083,1.0,0.5666571120640235,0.2808258691540316,0.2538968446880231,0.30021526519755093,0.4218194638721365,0.9151505423192461,1.0,0.7915460666376151,0.07449849858775098,0.6531091121158678,0.7028363504378046,0.7734802942089168,0.9010016760146387,0.9445360015674811,0.7818709015288572,0.09511715833028336,0.6726239961474705,0.7009107816161853,0.7388014178706894,0.9195892345918317,0.9420326460789812,0.39577303331880753,0.03724924929387549,0.3265545560579339,0.3514181752189023,0.3867401471044584,0.4505008380073193,0.47226800078374054,0.3909354507644286,0.04755857916514168,0.33631199807373524,0.3504553908080926,0.3694007089353447,0.45979461729591586,0.4710163230394906,0.0,0.0,0.0,0.0,0.0,0.0,0.0,0.0,0.0,0.0,0.0,0.0,0.0,0.0
qore_dpr,nq_80,50,True,15,5,2.0,0.5,5,0;1;4;5;6,0;2;3;4;7;8;13;14,1,1,8,2,4.053769445188305,0.810753889037661,10,7.939537851526143,3.9697689257630717,0.0,-0.08400051942523312,-50.08400051942523,-50.08400051942523,-50.08400051942523,True,-0.08400051942523312,0.0,3003,0.5700241822268748,0.23195474851360004,0.3019664289018185,0.30793753195218737,0.5496582637485697,0.8111333593008253,1.0,0.810753889037661,0.10037653067431025,0.7288872118217007,0.7313027971857731,0.7665755775738248,0.9293521922243592,1.0,0.7889652384900069,0.07687088180029557,0.5786903686548471,0.7001299815815204,0.7773731507170561,0.8963301134728731,0.9734202165681396,0.7939537851526144,0.04704368683857536,0.7320480654673561,0.7419502033473186,0.7834489038613303,0.8569633525525812,0.858860789372066,0.39448261924500344,0.038435440900147784,0.28934518432742357,0.3500649907907602,0.3886865753585281,0.44816505673643653,0.4867101082840698,0.3969768925763072,0.02352184341928768,0.36602403273367806,0.3709751016736593,0.39172445193066513,0.4284816762762906,0.429430394686033,0.0,0.0,0.0,0.0,0.0,0.0,0.0,0.0,0.0,0.0,0.0,0.0,0.0,0.0
qore_dpr,nq_81,50,True,15,5,2.0,0.5,5,0;1;2;3;4,0;1;2;3;4;5;7;8;9;10;11;12;13;15;18;23;25;26;27;28;29;31;33;35;36;37;39;41;43;45;47,1,1,13,5,4.314182231239805,0.862836446247961,10,8.591748900644903,4.295874450322452,0.0,-0.018307780917353078,-50.018307780917354,-50.01830778091735,-50.018307780917354,True,-0.018307780917353078,0.0,3003,0.6714873338445564,0.15648612923665225,0.46655282074621984,0.5053948050308933,0.6553432683978131,0.8984967366506734,1.0,0.862836446247961,0.09346006265383604,0.7464703621332915,0.7638998793335233,0.8405194586645606,0.9748593021232328,1.0,0.8495970984394964,0.04227724744264645,0.7496065983563239,0.7986088759014301,0.8480409883676534,0.9061687209199664,0.9520508438465651,0.8591748900644903,0.030106477597825327,0.8145225486611968,0.8261696114978062,0.8578764865223918,0.8985057546174642,0.9226776017608876,0.4247985492197482,0.021138623721323226,0.37480329917816196,0.3993044379507151,0.4240204941838267,0.4530843604599832,0.47602542192328257,0.42958744503224516,0.015053238798912663,0.4072612743305984,0.4130848057489031,0.4289382432611959,0.4492528773087321,0.4613388008804438,0.0,0.0,0.0,0.0,0.0,0.0,0.0,0.0,0.0,0.0,0.0,0.0,0.0,0.0
qore_dpr,nq_82,50,True,15,5,2.0,0.5,5,0;1;2;3;7,3;5;35,1,1,2,1,3.4765117818413547,0.695302356368271,10,8.542569174493254,4.271284587246627,0.0,0.7947728054052723,-49.20522719459473,-49.20522719459473,-49.20522719459473,True,0.7947728054052723,0.0,3003,0.49635899160945995,0.19257923405063618,0.2736916765066522,0.2833341718283433,0.45908588260477984,0.7248378991852787,1.0,0.695302356368271,0.1851406969849865,0.45908588260477984,0.5156552937149373,0.62655997064281,0.9161426072854365,1.0,0.8411955518664316,0.040641489155750665,0.7166778252370971,0.7893093353315366,0.845880551993093,0.8902380166234265,0.9243426371678516,0.8542569174493254,0.04453464169726649,0.7804131032304737,0.7894176192675388,0.8584445130884857,0.8948338900477838,0.9238860859100887,0.4205977759332158,0.020320744577875333,0.35833891261854856,0.3946546676657683,0.4229402759965465,0.44511900831171325,0.4621713185839258,0.4271284587246627,0.022267320848633244,0.3902065516152369,0.3947088096337694,0.42922225654424284,0.4474169450238919,0.46194304295504435,0.0,0.0,0.0,0.0,0.0,0.0,0.0,0.0,0.0,0.0,0.0,0.0,0.0,0.0
qore_dpr,nq_83,50,True,15,5,2.0,0.5,5,0;1;2;3;4,,0,0,0,0,4.540958468741175,0.9081916937482349,10,7.673386916765157,3.8366934583825785,0.0,-0.7042650103585961,-50.7042650103586,-50.7042650103586,-50.7042650103586,True,-0.7042650103585961,0.0,3003,0.6365039651128409,0.23165825152592565,0.3383896643211443,0.3765569747137044,0.7012621270400674,0.9708974904634429,1.0,0.9081916937482349,0.0895667326244477,0.7706512702813434,0.7978261820756481,0.9406684937609635,0.9964200619727049,1.0,0.7864950857812378,0.07370099026575812,0.6169760497232527,0.6941944827271158,0.7863041931957478,0.879801576585937,0.981920407123589,0.7673386916765157,0.09112549695754948,0.6479226140147616,0.6489454130793479,0.7672573885384448,0.8261437102122591,0.981920407123589,0.3932475428906189,0.03685049513287906,0.30848802486162635,0.3470972413635579,0.3931520965978739,0.4399007882929685,0.4909602035617945,0.38366934583825785,0.04556274847877474,0.3239613070073808,0.32447270653967397,0.3836286942692224,0.41307185510612954,0.4909602035617945,0.0,0.0,0.0,0.0,0.0,0.0,0.0,0.0,0.0,0.0,0.0,0.0,0.0,0.0
qore_dpr,nq_84,50,True,15,5,2.0,0.5,5,0;1;2;3;7,25,0,0,0,0,4.3664625624629245,0.8732925124925849,10,7.875464684293589,3.9377323421467945,0.0,-0.42873022031613006,-50.42873022031613,-50.42873022031613,-50.42873022031613,True,-0.42873022031613006,0.0,3003,0.6945133170452146,0.1629983767779413,0.45375732713982647,0.4757367357403553,0.6862249771262531,0.9352466845634885,1.0,0.8732925124925849,0.11103117650630158,0.6862249771262531,0.7393011190540826,0.9077333373550911,0.9814355664143014,1.0,0.8146832943115317,0.08372227506199255,0.6794905409308091,0.7188676681564721,0.7806775275466707,0.9266918437103288,0.9517459069114256,0.7875464684293588,0.06587687835684246,0.7177214573434828,0.7273672249468784,0.7633262329437963,0.8990178879468241,0.924224144270527,0.4073416471557659,0.041861137530996274,0.33974527046540454,0.35943383407823604,0.3903387637733354,0.4633459218551644,0.4758729534557128,0.3937732342146794,0.03293843917842123,0.3588607286717414,0.3636836124734392,0.38166311647189816,0.44950894397341207,0.4621120721352635,0.0,0.0,0.0,0.0,0.0,0.0,0.0,0.0,0.0,0.0,0.0,0.0,0.0,0.0
qore_dpr,nq_85,50,True,15,5,2.0,0.5,5,0;1;2;4;5,1;3;8;37;39,1,1,3,1,3.9539731635334774,0.7907946327066955,10,8.755776190935494,4.377888095467747,0.0,0.42391493193426966,-49.57608506806573,-49.57608506806574,-49.57608506806573,True,0.42391493193426966,0.0,3003,0.6087467527006096,0.17103491501820123,0.4090477391992153,0.42666891579654637,0.5921316364687905,0.8739247410901854,1.0,0.7907946327066955,0.15759564583039742,0.6071814339053494,0.6158464430199955,0.7842196133575634,0.97349126383144,1.0,0.890186055131668,0.030749917861855085,0.7967435857876555,0.8539177851983821,0.8911008974924484,0.9288813124013849,0.9953909591735912,0.8755776190935493,0.021675006160647572,0.8441175240128129,0.8483714032953704,0.8745012982194313,0.8926927479117096,0.9266068040796591,0.445093027565834,0.015374958930927543,0.39837179289382774,0.42695889259919106,0.4455504487462242,0.46444065620069247,0.4976954795867956,0.4377888095467746,0.010837503080323786,0.42205876200640646,0.4241857016476852,0.43725064910971567,0.4463463739558548,0.46330340203982956,0.0,0.0,0.0,0.0,0.0,0.0,0.0,0.0,0.0,0.0,0.0,0.0,0.0,0.0
qore_dpr,nq_86,50,True,15,5,2.0,0.5,5,0;1;2;3;9,0;12;14;16;31;35;39,1,1,3,1,2.3892183319909974,0.4778436663981995,10,7.490657553217586,3.745328776608793,0.0,1.3561104446177956,-48.6438895553822,-48.6438895553822,-48.6438895553822,True,1.3561104446177956,0.0,3003,0.3098752747568457,0.1986822953364426,0.17970193325587713,0.198730835192639,0.22668401477575847,0.428170550351231,1.0,0.4778436663981995,0.27218854991018426,0.22425320188504866,0.2646744259201007,0.3781238526436551,0.7846140061958461,1.0,0.7319291084414261,0.0564580559966487,0.5987620674237483,0.6677515950308649,0.7292049619264118,0.7902443902527221,0.9661662618098993,0.7490657553217586,0.07477969804353084,0.631182491974531,0.657780126760916,0.743664552262919,0.853515892064028,0.8747906102196655,0.36596455422071306,0.02822902799832435,0.29938103371187413,0.33387579751543245,0.3646024809632059,0.39512219512636104,0.48308313090494964,0.3745328776608793,0.03738984902176542,0.3155912459872655,0.328890063380458,0.3718322761314595,0.426757946032014,0.43739530510983277,0.0,0.0,0.0,0.0,0.0,0.0,0.0,0.0,0.0,0.0,0.0,0.0,0.0,0.0
qore_dpr,nq_87,50,True,15,5,2.0,0.5,5,0;1;2;3;5,0;1;4;12;30,1,1,4,2,4.099093869103208,0.8198187738206416,10,7.454083193913903,3.7270415969569517,0.0,-0.37205227214625625,-50.372052272146256,-50.37205227214625,-50.372052272146256,True,-0.37205227214625625,0.0,3003,0.5333219751466047,0.23700710810828873,0.2787015068527727,0.2939454554632878,0.5115459123147984,0.8517990105757338,1.0,0.8198187738206416,0.11579130833234282,0.6693158585527146,0.7007048385875464,0.7869740528534289,0.9580062596229082,1.0,0.7404429332214605,0.053893326215377804,0.6046954257422467,0.6707801171163105,0.7351251734257203,0.8046791345109364,0.9017270695001427,0.7454083193913903,0.043061624092965586,0.6594925043642603,0.6929759935572258,0.7504399280419907,0.7883219276020366,0.8044967131371462,0.37022146661073024,0.026946663107688902,0.30234771287112333,0.33539005855815524,0.36756258671286013,0.4023395672554682,0.45086353475007135,0.37270415969569515,0.021530812046482793,0.32974625218213016,0.3464879967786129,0.37521996402099533,0.3941609638010183,0.4022483565685731,0.0,0.0,0.0,0.0,0.0,0.0,0.0,0.0,0.0,0.0,0.0,0.0,0.0,0.0
qore_dpr,nq_88,50,True,15,5,2.0,0.5,5,0;1;2;3;5,2;4;31,1,1,2,1,4.631605460521131,0.9263210921042262,10,8.973337727553755,4.4866688637768775,0.0,-0.14493659674425352,-50.14493659674425,-50.144936596744245,-50.14493659674425,True,-0.14493659674425352,0.0,3003,0.6996861059458108,0.2078596539228846,0.34757678192208813,0.43201314648791533,0.6732505607279559,0.9564726004784027,1.0,0.9263210921042262,0.05713346504431427,0.8428300307361991,0.8587975180998512,0.9357170395267946,0.9881238564451232,1.0,0.9024708692583534,0.02378273847150057,0.8463907534449229,0.870909369042614,0.9017552724646619,0.9353866184452723,0.9876473621272401,0.8973337727553756,0.026147450691994832,0.8463907534449229,0.8534975155754169,0.9034405817081299,0.9173354218822707,0.9374011016378097,0.4512354346291767,0.011891369235750284,0.42319537672246144,0.435454684521307,0.45087763623233096,0.46769330922263613,0.49382368106362007,0.4486668863776878,0.013073725345997416,0.42319537672246144,0.42674875778770843,0.45172029085406495,0.45866771094113534,0.4687005508189048,0.0,0.0,0.0,0.0,0.0,0.0,0.0,0.0,0.0,0.0,0.0,0.0,0.0,0.0
qore_dpr,nq_89,50,True,15,5,2.0,0.5,5,0;1;2;3;4,14;22;23;25;40,1,0,1,0,4.508570951710881,0.9017141903421763,10,9.00182813793446,4.50091406896723,0.0,-0.007656882743651394,-50.00765688274365,-50.00765688274366,-50.00765688274365,True,-0.007656882743651394,0.0,3003,0.6437020219024242,0.20065563037569822,0.4422320444532691,0.4476511534886666,0.5676323914926434,0.9192900368621425,1.0,0.9017141903421763,0.06626602697500854,0.8010307587385723,0.832363867618579,0.8880798017904469,0.9760387440973092,1.0,0.8671558150734635,0.030113687199166288,0.7805248046546283,0.8322703609310127,0.8703829434529179,0.9006286571541329,0.983418898001109,0.900182813793446,0.03349790134453292,0.8661536822255448,0.8706831243044861,0.8895428783276387,0.9296265675650915,0.983418898001109,0.43357790753673175,0.015056843599583144,0.39026240232731413,0.41613518046550635,0.43519147172645894,0.45031432857706644,0.4917094490005545,0.450091406896723,0.01674895067226646,0.4330768411127724,0.43534156215224307,0.44477143916381934,0.46481328378254577,0.4917094490005545,0.0,0.0,0.0,0.0,0.0,0.0,0.0,0.0,0.0,0.0,0.0,0.0,0.0,0.0
qore_dpr,nq_90,50,True,15,5,2.0,0.5,5,0;1;2;3;5,0;10;17,1,1,2,1,3.819384068493628,0.7638768136987256,10,6.886996322206482,3.443498161103241,0.0,-0.3758859073903871,-50.37588590739038,-50.37588590739039,-50.37588590739038,True,-0.3758859073903871,0.0,3003,0.5506225531766592,0.19111756804087615,0.3311497310672506,0.3498593185488087,0.5373845564061756,0.7981524378201926,1.0,0.7638768136987256,0.1490985932092315,0.5495312554454526,0.6019135465433719,0.7773353004728105,0.9248122117540456,1.0,0.676050626310616,0.06041420282541391,0.5656821782565856,0.6052992446854673,0.6754148028971245,0.7616225153946198,0.8331178943060931,0.6886996322206482,0.06963569966102999,0.5691653812894288,0.6258220999387148,0.686551842223323,0.7609827151932483,0.8331178943060931,0.338025313155308,0.030207101412706956,0.2828410891282928,0.3026496223427336,0.33770740144856226,0.3808112576973099,0.41655894715304653,0.3443498161103241,0.034817849830514995,0.2845826906447144,0.3129110499693574,0.3432759211116615,0.38049135759662417,0.41655894715304653,0.0,0.0,0.0,0.0,0.0,0.0,0.0,0.0,0.0,0.0,0.0,0.0,0.0,0.0
qore_dpr,nq_91,50,True,15,5,2.0,0.5,5,0;1;2;5;9,,0,0,0,0,3.3098498127695213,0.6619699625539043,10,8.286090304953788,4.143045152476894,0.0,0.8331953397073728,-49.16680466029263,-49.16680466029263,-49.16680466029263,True,0.8331953397073728,0.0,3003,0.5179188202621757,0.1603674548018589,0.35922863103931885,0.3799516770173534,0.48650413480969196,0.6774799723815136,1.0,0.6619699625539043,0.19149330222127853,0.44330949661842173,0.4740953025151747,0.6513990524648188,0.8779469009303907,1.0,0.839645941849709,0.06431425350034786,0.7152788164240036,0.7643475596789815,0.8234007268294139,0.9323586246958928,0.9554808522595302,0.828609030495379,0.0679286296349801,0.7450668215270678,0.7462458401069969,0.8133812624710177,0.9215583745352823,0.943447879045012,0.4198229709248545,0.03215712675017393,0.3576394082120018,0.38217377983949075,0.41170036341470695,0.4661793123479464,0.4777404261297651,0.4143045152476895,0.03396431481749005,0.3725334107635339,0.37312292005349845,0.40669063123550886,0.46077918726764117,0.471723939522506,0.0,0.0,0.0,0.0,0.0,0.0,0.0,0.0,0.0,0.0,0.0,0.0,0.0,0.0
qore_dpr,nq_92,50,True,15,5,2.0,0.5,5,0;1;2;3;4,,0,0,0,0,2.9847779743907705,0.5969555948781541,10,7.38738503749375,3.693692518746875,0.0,0.7089145443561047,-49.291085455643895,-49.291085455643895,-49.291085455643895,True,0.7089145443561047,0.0,3003,0.4152062346444479,0.1847640013181501,0.24875123657187442,0.26679020774407486,0.40033056527009514,0.5604074068913627,1.0,0.5969555948781541,0.21039207719773584,0.4432483175655906,0.44399792395257137,0.48718493541959845,0.8436889551490157,1.0,0.7747494906410162,0.09466829436661268,0.6167362301225167,0.6743538088468002,0.7427180771361432,0.9340965122017393,0.9590333584594126,0.738738503749375,0.08724394628562875,0.630876514826052,0.6500305620892199,0.6984399361388449,0.8308333504895021,0.9243163593328546,0.3873747453205081,0.04733414718330634,0.30836811506125833,0.3371769044234001,0.3713590385680716,0.46704825610086964,0.4795166792297063,0.3693692518746875,0.04362197314281437,0.315438257413026,0.32501528104460997,0.34921996806942246,0.41541667524475107,0.4621581796664273,0.0,0.0,0.0,0.0,0.0,0.0,0.0,0.0,0.0,0.0,0.0,0.0,0.0,0.0
qore_dpr,nq_93,50,True,15,5,2.0,0.5,5,0;1;2;3;7,,0,0,0,0,2.0970026380702302,0.41940052761404606,10,6.955513679978301,3.4777568399891505,0.0,1.3807542019189203,-48.61924579808108,-48.61924579808108,-48.61924579808108,True,1.3807542019189203,0.0,3003,0.2366174407600067,0.21934037284864963,0.11439536427141782,0.11728456269854386,0.16881376028624417,0.36633570558541634,1.0,0.41940052761404606,0.3036724598242472,0.16881376028624417,0.19364886996683395,0.26018350196172046,0.7748415365338188,1.0,0.690829315580055,0.06108982211957769,0.5541463658727646,0.6284963997671477,0.6873546081458188,0.7360667458698852,0.9051711408715999,0.69555136799783,0.060818469618563485,0.6249530616647015,0.6355924809598735,0.687007638432618,0.7435485913919013,0.8546737849765771,0.3454146577900275,0.030544911059788845,0.2770731829363823,0.31424819988357383,0.3436773040729094,0.3680333729349426,0.45258557043579994,0.347775683998915,0.030409234809281743,0.3124765308323508,0.31779624047993676,0.343503819216309,0.37177429569595066,0.42733689248828854,0.0,0.0,0.0,0.0,0.0,0.0,0.0,0.0,0.0,0.0,0.0,0.0,0.0,0.0
qore_dpr,nq_94,50,True,15,5,2.0,0.5,5,0;1;2;3;6,0;2,1,1,2,2,2.207664701856534,0.4415329403713068,10,7.457016371502999,3.7285081857514997,0.0,1.5208434838949656,-48.479156516105036,-48.479156516105036,-48.479156516105036,True,1.5208434838949656,0.0,3003,0.2761708786879227,0.2030370662667993,0.14891234676937457,0.160128560052009,0.2161504422250989,0.35237496758006154,1.0,0.4415329403713068,0.2832721953066209,0.22357246584623752,0.2479038153268901,0.3371993514869755,0.7449968179901809,1.0,0.7562652402378555,0.06394943050782602,0.6070911840040232,0.6724832727888356,0.7597807221579225,0.8338235859868556,0.8934347508785366,0.7457016371502999,0.05952067181987221,0.6217375186597046,0.6677201780795599,0.7485629483610847,0.8155413181513687,0.8301947314836484,0.37813262011892773,0.03197471525391301,0.3035455920020116,0.3362416363944178,0.37989036107896124,0.4169117929934278,0.4467173754392683,0.37285081857514996,0.029760335909936105,0.3108687593298523,0.33386008903977993,0.37428147418054236,0.4077706590756843,0.4150973657418242,0.0,0.0,0.0,0.0,0.0,0.0,0.0,0.0,0.0,0.0,0.0,0.0,0.0,0.0
qore_dpr,nq_95,50,True,15,5,2.0,0.5,5,0;1;2;3;4,0;3;4;8;23;26;29;35;38;43;49,1,1,4,3,4.203256714099464,0.8406513428198927,10,9.204314984841792,4.602157492420896,0.0,0.39890077832143245,-49.60109922167857,-49.60109922167857,-49.60109922167857,True,0.39890077832143245,0.0,3003,0.5968813622813871,0.20105891543434967,0.3604466894755845,0.37340342412397154,0.5623299924886139,0.894978284315831,1.0,0.8406513428198927,0.1278613326709967,0.7286717849352012,0.7308901398836025,0.7462103489950184,0.9976627631452158,1.0,0.8882107363402537,0.045515614727126154,0.7703185222762405,0.8311059900267599,0.8901937738175039,0.9551443644138243,0.9831956873074227,0.920431498484179,0.030792653219566726,0.8670340156744104,0.8768511248267618,0.9233917196193047,0.940247270305245,0.9831956873074227,0.44410536817012686,0.022757807363563077,0.38515926113812027,0.41555299501337994,0.44509688690875193,0.47757218220691217,0.49159784365371134,0.4602157492420895,0.015396326609783363,0.4335170078372052,0.4384255624133809,0.46169585980965233,0.4701236351526225,0.49159784365371134,0.0,0.0,0.0,0.0,0.0,0.0,0.0,0.0,0.0,0.0,0.0,0.0,0.0,0.0
qore_dpr,nq_96,50,True,15,5,2.0,0.5,5,0;1;2;3;5,0;1;25;36,1,1,2,2,3.5207069316321693,0.7041413863264339,10,8.483491357700203,4.241745678850101,0.0,0.721038747217932,-49.27896125278207,-49.278961252782075,-49.27896125278207,True,0.721038747217932,0.0,3003,0.4302945930923351,0.2580877839458153,0.14973228081447826,0.1624214052962504,0.4095973503449753,0.8250611164654946,1.0,0.7041413863264339,0.23580383927063497,0.42674973610537426,0.46201523704621594,0.6118255388804749,0.9868872672755366,1.0,0.7815611622397853,0.08042961761349561,0.5723312078094852,0.678743170520036,0.7723924397843074,0.8824365858669209,0.9974664438726519,0.8483491357700202,0.07223667058489887,0.7618752746983755,0.7704811690185175,0.8710791180152215,0.9039187028324549,0.9974664438726519,0.39078058111989267,0.040214808806747805,0.2861656039047426,0.339371585260018,0.3861962198921537,0.44121829293346043,0.49873322193632597,0.4241745678850101,0.036118335292449434,0.38093763734918773,0.38524058450925874,0.43553955900761077,0.45195935141622745,0.49873322193632597,0.0,0.0,0.0,0.0,0.0,0.0,0.0,0.0,0.0,0.0,0.0,0.0,0.0,0.0
qore_dpr,nq_97,50,True,15,5,2.0,0.5,5,0;1;2;3;7,8;13;47,1,0,2,0,3.5480780407712538,0.7096156081542507,10,7.532229284627911,3.7661146423139553,0.0,0.21803660154270155,-49.7819633984573,-49.7819633984573,-49.7819633984573,True,0.21803660154270155,0.0,3003,0.5076333493163623,0.18605809996162054,0.2913542711012307,0.3368357961727911,0.4825076645888729,0.741722607267919,1.0,0.7096156081542507,0.1752662300630583,0.4825076645888729,0.5306085901515482,0.6798181567208637,0.9131968963863825,1.0,0.7665161210280604,0.05460381377993059,0.6642269571097642,0.7090471122428789,0.7595809946365659,0.8266196963285769,0.9854950179985407,0.753222928462791,0.035542900411888345,0.6813049060928027,0.7076707584886699,0.7528079494150797,0.7911909168725539,0.7997398001497193,0.3832580605140302,0.027301906889965297,0.3321134785548821,0.35452355612143943,0.37979049731828296,0.41330984816428845,0.49274750899927033,0.3766114642313955,0.017771450205944173,0.34065245304640135,0.35383537924433495,0.37640397470753983,0.39559545843627697,0.3998699000748597,0.0,0.0,0.0,0.0,0.0,0.0,0.0,0.0,0.0,0.0,0.0,0.0,0.0,0.0
qore_dpr,nq_98,50,True,15,5,2.0,0.5,5,0;1;2;3;11,0;1;7;10;11;18;24;25;26;28;36;48,1,1,5,3,3.343777136995876,0.6687554273991753,10,8.334742395196713,4.1673711975983565,0.0,0.8235940606024803,-49.17640593939752,-49.17640593939751,-49.17640593939752,True,0.8235940606024803,0.0,3003,0.45784273679093335,0.20784062969480466,0.30405689578485867,0.30976190548231614,0.34667880992075617,0.7467850129652434,1.0,0.6687554273991753,0.23517629977626583,0.3158057966892487,0.42250808625744707,0.6023043942644305,0.9372421701729808,1.0,0.8576341952898549,0.06609482989935445,0.7022908627649191,0.7460166235056483,0.8607812393696234,0.9343852446137771,0.9790506223446176,0.8334742395196713,0.09873146237800333,0.7192922847879282,0.7201553946490569,0.8462479580644754,0.9485427625241422,0.9740740363352033,0.4288170976449274,0.03304741494967722,0.35114543138245957,0.3730083117528242,0.4303906196848117,0.46719262230688857,0.4895253111723088,0.41673711975983563,0.049365731189001665,0.3596461423939641,0.36007769732452843,0.4231239790322377,0.4742713812620711,0.48703701816760164,0.0,0.0,0.0,0.0,0.0,0.0,0.0,0.0,0.0,0.0,0.0,0.0,0.0,0.0
qore_dpr,nq_99,50,True,15,5,2.0,0.5,5,0;1;2;3;4,0;4,1,1,2,2,4.224971696123266,0.8449943392246532,10,8.356472042205324,4.178236021102662,0.0,-0.04673567502060383,-50.04673567502061,-50.0467356750206,-50.04673567502061,True,-0.04673567502060383,0.0,3003,0.5883669751275049,0.21023641773208446,0.32160952559976236,0.3456333109006875,0.5745909390286426,0.8770933030660022,1.0,0.8449943392246532,0.09899475502516422,0.7336895771422339,0.7408452563563548,0.8336435160804763,0.9624239310892078,1.0,0.7876539064785285,0.06467512234356758,0.6609614030709593,0.710336498660154,0.7824705392632815,0.8789640598343637,0.9709415144267747,0.8356472042205324,0.04311361404261349,0.7926526723867466,0.7928875891026141,0.8264989951996848,0.8919535557214142,0.9391750900171507,0.39382695323926425,0.03233756117178379,0.33048070153547965,0.355168249330077,0.39123526963164074,0.4394820299171818,0.48547075721338734,0.4178236021102662,0.021556807021306745,0.3963263361933733,0.39644379455130707,0.4132494975998424,0.4459767778607071,0.46958754500857536,0.0,0.0,0.0,0.0,0.0,0.0,0.0,0.0,0.0,0.0,0.0,0.0,0.0,0.0
qore_dpr,nq_100,50,True,15,5,2.0,0.5,5,0;1;2;4;5,0;2;5;17;39;43;45,1,1,3,3,3.9885036909830296,0.7977007381966059,10,8.368112340578362,4.184056170289181,0.0,0.19555247930615138,-49.80444752069385,-49.80444752069385,-49.80444752069385,True,0.19555247930615138,0.0,3003,0.613079635393685,0.17585004060729906,0.3856570426818361,0.3981920742251321,0.6366438887100044,0.8284056622899598,1.0,0.7977007381966059,0.12531075482760554,0.6680440771349863,0.6767116262984032,0.750211679963746,0.9522139935363076,1.0,0.8307176350696847,0.04773745433214521,0.7311448396918133,0.7801470850424063,0.8227659334349189,0.9020692683725412,0.9497882745226301,0.8368112340578362,0.025268455599718315,0.8039670538129451,0.8161698640128139,0.8350649945273345,0.8552371103077485,0.8996172703404424,0.41535881753484233,0.023868727166072606,0.36557241984590666,0.39007354252120313,0.41138296671745944,0.4510346341862706,0.4748941372613151,0.4184056170289181,0.012634227799859158,0.40198352690647254,0.40808493200640694,0.41753249726366726,0.42761855515387426,0.4498086351702212,0.0,0.0,0.0,0.0,0.0,0.0,0.0,0.0,0.0,0.0,0.0,0.0,0.0,0.0
qore_dpr,nq_101,50,True,15,5,2.0,0.5,5,0;1;2;4;5,1;2;13;23;24;26;31;40;45,1,1,3,2,3.2782026747899744,0.6556405349579949,10,8.192528473776607,4.096264236888303,0.0,0.8180615620983289,-49.18193843790167,-49.18193843790167,-49.18193843790167,True,0.8180615620983289,0.0,3003,0.4273711061352959,0.21739351263393478,0.24800714260917864,0.2765929841005346,0.3165811810039575,0.7669877803235436,1.0,0.6556405349579949,0.2425797665746581,0.36536008123307645,0.37894709435534263,0.7056060369367493,0.9231635770325627,1.0,0.8063530848029409,0.05620208291972468,0.6480899765491561,0.7408619076807602,0.8016126796297809,0.8764579388515331,0.946026693619847,0.8192528473776607,0.05854923006830553,0.7256696989285104,0.7435789388875703,0.818096184833929,0.8857781085994214,0.8980061862856936,0.40317654240147044,0.02810104145986234,0.32404498827457806,0.3704309538403801,0.40080633981489044,0.43822896942576656,0.4730133468099235,0.40962642368883034,0.029274615034152764,0.3628348494642552,0.37178946944378516,0.4090480924169645,0.4428890542997107,0.4490030931428468,0.0,0.0,0.0,0.0,0.0,0.0,0.0,0.0,0.0,0.0,0.0,0.0,0.0,0.0
qore_dpr,nq_102,50,True,15,5,2.0,0.5,5,0;1;2;5;6,0;2;6;16;17;26;29,1,1,3,3,3.233192945511977,0.6466385891023954,10,7.755796204942646,3.877898102471323,0.0,0.644705156959346,-49.35529484304065,-49.35529484304065,-49.35529484304065,True,0.644705156959346,0.0,3003,0.4483190951366787,0.20080132451752497,0.24402354686640024,0.2975026920960061,0.3727440235468664,0.7217459139965062,1.0,0.6466385891023954,0.22616449435267766,0.40314197516092753,0.40891095742898853,0.6287300485773768,0.913502596377037,1.0,0.772651787023343,0.055360987497474264,0.6610008720092215,0.709094078368518,0.7738748098116817,0.8337937683210609,0.9974146080589824,0.7755796204942644,0.07832258746237178,0.7067510560131702,0.7104452244881543,0.7570826907974479,0.8102983462698337,0.9974146080589824,0.3863258935116715,0.027680493748737132,0.33050043600461076,0.354547039184259,0.38693740490584083,0.41689688416053045,0.4987073040294912,0.3877898102471322,0.03916129373118589,0.3533755280065851,0.35522261224407714,0.37854134539872397,0.40514917313491683,0.4987073040294912,0.0,0.0,0.0,0.0,0.0,0.0,0.0,0.0,0.0,0.0,0.0,0.0,0.0,0.0
qore_dpr,nq_103,50,True,15,5,2.0,0.5,5,0;1;2;3;5,10,1,0,1,0,3.7241609500713064,0.7448321900142613,10,7.795920129741286,3.897960064870643,0.0,0.17379911479933652,-49.82620088520066,-49.82620088520066,-49.82620088520066,True,0.17379911479933652,0.0,3003,0.5371267096296332,0.18252020267763125,0.3453531607189956,0.3567426260004528,0.5248873214123161,0.7630227504545656,1.0,0.7448321900142613,0.14852152107543404,0.5596187017279328,0.5951707509493944,0.7330165184125331,0.9132107620597015,1.0,0.7779659607270185,0.049851904209286764,0.6634549131001405,0.7248349325898221,0.7721898106200883,0.8242159656485017,0.9190707200809056,0.7795920129741286,0.043100557960659765,0.7276718908436869,0.7387611291992895,0.7737146348491333,0.8055447677466196,0.8935806808832734,0.38898298036350926,0.024925952104643382,0.33172745655007024,0.36241746629491106,0.38609490531004415,0.4121079828242509,0.4595353600404528,0.3897960064870643,0.021550278980329882,0.36383594542184344,0.36938056459964475,0.38685731742456664,0.4027723838733098,0.4467903404416367,0.0,0.0,0.0,0.0,0.0,0.0,0.0,0.0,0.0,0.0,0.0,0.0,0.0,0.0
qore_dpr,nq_104,50,True,15,5,2.0,0.5,5,0;1;2;3;4,1,1,1,1,1,3.3257118954606497,0.6651423790921299,10,9.383947984768682,4.691973992384341,0.0,1.3662620969236912,-48.63373790307631,-48.63373790307631,-48.63373790307631,True,1.3662620969236912,0.0,3003,0.4341510866277074,0.19492423426776448,0.2600029843225221,0.28266573386203137,0.3840138159455777,0.6151456814162323,1.0,0.6651423790921299,0.17116671093149657,0.5178778042235502,0.5438962042842151,0.5990024535044998,0.850363133342955,1.0,0.9124261382926028,0.02900643973095921,0.8171014313519157,0.8768866014318474,0.91669980012469,0.9451729987201565,0.9638546933747301,0.9383947984768681,0.010564241186589038,0.9210358356206787,0.9214407518355705,0.942059513590189,0.9485364349301634,0.9519476796768122,0.4562130691463014,0.014503219865479604,0.40855071567595785,0.4384433007159237,0.458349900062345,0.47258649936007824,0.48192734668736503,0.46919739923843407,0.005282120593294519,0.46051791781033935,0.46072037591778525,0.4710297567950945,0.4742682174650817,0.4759738398384061,0.0,0.0,0.0,0.0,0.0,0.0,0.0,0.0,0.0,0.0,0.0,0.0,0.0,0.0
qore_dpr,nq_105,50,True,15,5,2.0,0.5,5,0;1;2;3;7,0;1;2;3;4;5;6;7;8;12;13;14;15;16;17;18;19;20;22;23;25;26;27;28;29;30;32;35;36;37;38;40;41;42;44;45;46;47;48;49,1,1,12,5,3.4702407534543322,0.6940481506908664,10,8.274459941012378,4.137229970506189,0.0,0.6669892170518565,-49.33301078294814,-49.33301078294814,-49.33301078294814,True,0.6669892170518565,0.0,3003,0.5642242499783375,0.14672098453654292,0.38721013937305454,0.42838217944530727,0.5322804257843483,0.6524065347366176,1.0,0.6940481506908664,0.15936918307462639,0.5322804257843483,0.5740516833412207,0.6417226002972759,0.8638116630784716,1.0,0.8339120126356301,0.04715987686774487,0.7410579600375462,0.7752528083173617,0.8290861790178754,0.882698036681853,0.9999999999999999,0.8274459941012378,0.03395368820183008,0.7684792750862804,0.7880908515825424,0.8192451324196901,0.8754316988236807,0.8764508882622776,0.41695600631781504,0.023579938433872436,0.3705289800187731,0.3876264041586808,0.4145430895089377,0.4413490183409265,0.49999999999999994,0.4137229970506189,0.01697684410091504,0.3842396375431402,0.3940454257912712,0.40962256620984505,0.43771584941184033,0.4382254441311388,0.0,0.0,0.0,0.0,0.0,0.0,0.0,0.0,0.0,0.0,0.0,0.0,0.0,0.0
qore_dpr,nq_106,50,True,15,5,2.0,0.5,5,0;1;2;5;9,,0,0,0,0,3.437966793448753,0.6875933586897507,10,7.988994551797291,3.9944972758986457,0.0,0.5565304824498929,-49.443469517550106,-49.443469517550106,-49.443469517550106,True,0.5565304824498929,0.0,3003,0.5216234947299219,0.18266720008896514,0.3290771793669636,0.34338355690017086,0.47727256533505097,0.7544285614532106,1.0,0.6875933586897507,0.2049343097418583,0.4044082544686054,0.4614809990751415,0.6872624617195527,0.9196823845102596,1.0,0.8324687495434736,0.06362015752523452,0.6549405767191487,0.7356609986673808,0.8483416603865612,0.8999532571428055,0.9298760011349572,0.7988994551797292,0.07266115630724111,0.6787548999292803,0.708807974931306,0.8238370265706121,0.8677997747693309,0.9123570506814342,0.4162343747717368,0.03181007876261726,0.32747028835957437,0.3678304993336904,0.4241708301932806,0.44997662857140275,0.4649380005674786,0.3994497275898646,0.036330578153620556,0.33937744996464014,0.354403987465653,0.41191851328530604,0.43389988738466545,0.4561785253407171,0.0,0.0,0.0,0.0,0.0,0.0,0.0,0.0,0.0,0.0,0.0,0.0,0.0,0.0
qore_dpr,nq_107,50,True,15,5,2.0,0.5,5,0;1;2;8;9,,0,0,0,0,2.7348046251113223,0.5469609250222645,10,8.061846589237783,4.0309232946188915,0.0,1.2961186695075693,-48.70388133049243,-48.703881330492436,-48.70388133049243,True,1.2961186695075693,0.0,3003,0.3183892090549337,0.2694798356816506,0.1308492864345279,0.13708141049703018,0.19862439002848373,0.7335049717738669,1.0,0.5469609250222645,0.36058116243738175,0.18849315875083722,0.18939080129832853,0.39919774485342285,0.9825505825549986,1.0,0.7803124990922639,0.07071378924952552,0.6395605312569879,0.693869692717345,0.774701590862796,0.8759646261149204,0.9916280881735122,0.8061846589237783,0.0985550368876601,0.6502100373461142,0.7079739400744931,0.7746425624629178,0.9244096025295425,0.9916280881735122,0.39015624954613193,0.03535689462476276,0.31978026562849393,0.3469348463586725,0.387350795431398,0.4379823130574602,0.4958140440867561,0.40309232946188917,0.04927751844383005,0.3251050186730571,0.35398697003724655,0.3873212812314589,0.46220480126477126,0.4958140440867561,0.0,0.0,0.0,0.0,0.0,0.0,0.0,0.0,0.0,0.0,0.0,0.0,0.0,0.0
qore_dpr,nq_108,50,True,15,5,2.0,0.5,5,0;1;2;3;4,2;3;5;6;12;14;24;29;36;40;42;43,1,1,6,2,4.532435396094176,0.9064870792188351,10,8.036145542237103,4.018072771118551,0.0,-0.5143626249756243,-50.514362624975625,-50.51436262497563,-50.514362624975625,True,-0.5143626249756243,0.0,3003,0.6434641850102694,0.20421090643689066,0.36416934520010674,0.39663317049397184,0.6047761055477553,0.9088658489887328,1.0,0.9064870792188351,0.059994064704901984,0.8103772380742408,0.8480441870989451,0.9082113972081366,0.9637208600703188,1.0,0.80382826008819,0.056707750523191346,0.6901815590099956,0.7297750050183349,0.8012170406974922,0.8721586611926404,0.9895689487482697,0.8036145542237104,0.08547647405267905,0.6901815590099956,0.7279260105975662,0.7935813609471605,0.8872101830940969,0.9895689487482697,0.401914130044095,0.028353875261595673,0.3450907795049978,0.36488750250916746,0.4006085203487461,0.4360793305963202,0.49478447437413486,0.4018072771118552,0.042738237026339526,0.3450907795049978,0.3639630052987831,0.39679068047358024,0.44360509154704847,0.49478447437413486,0.0,0.0,0.0,0.0,0.0,0.0,0.0,0.0,0.0,0.0,0.0,0.0,0.0,0.0
qore_dpr,nq_109,50,True,15,5,2.0,0.5,5,0;1;2;3;7,,0,0,0,0,3.8435168111573352,0.7687033622314671,10,7.417321820662952,3.708660910331476,0.0,-0.1348559008258592,-50.13485590082586,-50.13485590082586,-50.13485590082586,True,-0.1348559008258592,0.0,3003,0.5895160418181047,0.17865028496202737,0.2854919322050604,0.38515312177873423,0.5843186214317102,0.7905457517279332,1.0,0.7687033622314671,0.13858033334938302,0.5843186214317102,0.6232970155934932,0.7795719900287065,0.9191446371443004,1.0,0.7792549992361403,0.09018859227680845,0.6309560444297617,0.6753834371503366,0.754893245928222,0.9259468689764825,0.9623101193802883,0.7417321820662952,0.08573507842399604,0.6309560444297617,0.6687935503105331,0.7290021772246902,0.7983932791620297,0.9577688670578225,0.38962749961807014,0.045094296138404225,0.31547802221488086,0.3376917185751683,0.377446622964111,0.46297343448824124,0.48115505969014416,0.3708660910331476,0.04286753921199802,0.31547802221488086,0.33439677515526656,0.3645010886123451,0.39919663958101487,0.47888443352891125,0.0,0.0,0.0,0.0,0.0,0.0,0.0,0.0,0.0,0.0,0.0,0.0,0.0,0.0
qore_dpr,nq_110,50,True,15,5,2.0,0.5,5,0;1;2;3;6,,0,0,0,0,3.5136397315982872,0.7027279463196574,10,8.544368697743813,4.272184348871907,0.0,0.7585446172736194,-49.24145538272638,-49.24145538272638,-49.24145538272638,True,0.7585446172736194,0.0,3003,0.4883057220444734,0.20946259469705605,0.23963563279719607,0.2752392067104199,0.4737018734952366,0.7893306737003651,1.0,0.7027279463196574,0.21366876912681101,0.47929577544452384,0.49520342232922765,0.5991838219906146,0.9664380966027463,1.0,0.8341181750449067,0.06856807654254046,0.714715026298654,0.7475488623111776,0.834017258788543,0.9148101923865268,0.9775829087902028,0.8544368697743814,0.07177733163501437,0.7545884721551271,0.7628261278758136,0.8476296811565642,0.9372027289179905,0.9775829087902028,0.41705908752245335,0.03428403827127023,0.357357513149327,0.3737744311555888,0.4170086293942715,0.4574050961932634,0.4887914543951014,0.4272184348871907,0.03588866581750719,0.37729423607756357,0.3814130639379068,0.4238148405782821,0.46860136445899525,0.4887914543951014,0.0,0.0,0.0,0.0,0.0,0.0,0.0,0.0,0.0,0.0,0.0,0.0,0.0,0.0
qore_dpr,nq_111,50,True,15,5,2.0,0.5,5,0;1;2;3;4,,0,0,0,0,3.5026254100359493,0.7005250820071899,10,9.334690528595896,4.667345264297948,0.0,1.1647198542619988,-48.835280145738004,-48.835280145738004,-48.835280145738004,True,1.1647198542619988,0.0,3003,0.49426959191753916,0.1771934379007025,0.3332048488471795,0.3348056606593614,0.43118279146967897,0.6708778112536676,1.0,0.7005250820071899,0.15555105215831158,0.5677375455267732,0.5831470308284102,0.6314907609165926,0.8788543379246871,1.0,0.9124067566750224,0.029823495901549812,0.8309789173687524,0.8761881010691899,0.9138614065144289,0.9491448367144449,0.9667831459545831,0.9334690528595898,0.016843995172378223,0.9096737437343847,0.9111957661152285,0.9313286938577326,0.953613712673729,0.961364057704599,0.4562033783375112,0.014911747950774906,0.4154894586843762,0.43809405053459494,0.45693070325721447,0.47457241835722247,0.4833915729772916,0.4667345264297949,0.008421997586189112,0.45483687186719235,0.45559788305761423,0.4656643469288663,0.4768068563368645,0.4806820288522995,0.0,0.0,0.0,0.0,0.0,0.0,0.0,0.0,0.0,0.0,0.0,0.0,0.0,0.0
qore_dpr,nq_112,50,True,15,5,2.0,0.5,5,0;1;2;3;4,0;1;2;3;4;5;6;7;8;9;13;15;17;24;26;29;33;38;44;49,1,1,11,5,4.159481837226204,0.8318963674452409,10,8.731674837680922,4.365837418840461,0.0,0.2063555816142566,-49.793644418385746,-49.793644418385746,-49.793644418385746,True,0.2063555816142566,0.0,3003,0.5340086068136117,0.23036305442287555,0.27474312750281454,0.3115689913540878,0.43250608677921953,0.8709390138157007,1.0,0.8318963674452409,0.1100047018678503,0.701145443603154,0.7140278199519197,0.8202599583654435,0.9618900203130156,1.0,0.8084591247523365,0.0799487596905428,0.6502758329513816,0.7100646280868177,0.7962579272814394,0.9144974905423477,0.9921696387753579,0.8731674837680922,0.05915238937146642,0.7956802033112728,0.8006082606056727,0.850750943804964,0.9538292725165862,0.9784900480602541,0.40422956237616825,0.0399743798452714,0.3251379164756908,0.35503231404340885,0.3981289636407197,0.4572487452711739,0.49608481938767895,0.4365837418840461,0.02957619468573321,0.3978401016556364,0.40030413030283635,0.425375471902482,0.4769146362582931,0.48924502403012704,0.0,0.0,0.0,0.0,0.0,0.0,0.0,0.0,0.0,0.0,0.0,0.0,0.0,0.0
qore_dpr,nq_113,50,True,15,5,2.0,0.5,5,0;1;2;3;7,0;1;6;40,1,1,3,2,3.6789228546579746,0.7357845709315949,10,7.85128848034888,3.92564424017444,0.0,0.24672138551646539,-49.753278614483534,-49.753278614483534,-49.753278614483534,True,0.24672138551646539,0.0,3003,0.4910773370134242,0.2249902880048658,0.30113733016117167,0.3245638876709769,0.37493920422827104,0.8792182682009962,1.0,0.7357845709315949,0.2348291171438118,0.37493920422827104,0.44421691452174394,0.8714591703982693,0.9537564000277924,1.0,0.7515004785092447,0.08896984408110517,0.5293694571088894,0.6452803528716231,0.7335236801739058,0.8788277252444374,0.9613235985851588,0.785128848034888,0.09634216570431867,0.6276657581378277,0.6953084780991448,0.7622761181516305,0.8989175436538656,0.9613235985851588,0.37575023925462236,0.044484922040552585,0.2646847285544447,0.32264017643581155,0.3667618400869529,0.4394138626222187,0.4806617992925794,0.392564424017444,0.04817108285215933,0.31383287906891383,0.3476542390495724,0.38113805907581527,0.4494587718269328,0.4806617992925794,0.0,0.0,0.0,0.0,0.0,0.0,0.0,0.0,0.0,0.0,0.0,0.0,0.0,0.0
qore_dpr,nq_114,50,True,15,5,2.0,0.5,5,0;1;2;3;4,37,0,0,0,0,4.334941452112974,0.8669882904225948,10,8.586951060615874,4.293475530307937,0.0,-0.041465921805037276,-50.041465921805035,-50.04146592180504,-50.041465921805035,True,-0.041465921805037276,0.0,3003,0.6581496447250308,0.18141159537433063,0.4231041481106128,0.4434818949507508,0.6521082724520634,0.8588205793929199,1.0,0.8669882904225948,0.07122000704999815,0.8074593377545717,0.8130145305329255,0.8243014870092387,0.952733323059483,1.0,0.8722409094268557,0.04395739328572055,0.7791471267655479,0.8118047409904771,0.8677740451173723,0.9294724823885184,0.9661611317259418,0.8586951060615874,0.05657869192807658,0.7791471267655479,0.7812673750148248,0.8470178387119514,0.9290062512635172,0.9430424049286278,0.43612045471342786,0.021978696642860274,0.38957356338277394,0.40590237049523853,0.43388702255868616,0.4647362411942592,0.4830805658629709,0.4293475530307937,0.02828934596403829,0.38957356338277394,0.3906336875074124,0.4235089193559757,0.4645031256317586,0.4715212024643139,0.0,0.0,0.0,0.0,0.0,0.0,0.0,0.0,0.0,0.0,0.0,0.0,0.0,0.0
qore_dpr,nq_115,50,True,15,5,2.0,0.5,5,0;1;2;3;4,0;7,1,1,2,1,4.089706159201789,0.8179412318403578,10,7.559654589886522,3.779827294943261,0.0,-0.3098788642585282,-50.30987886425853,-50.30987886425853,-50.30987886425853,True,-0.3098788642585282,0.0,3003,0.5022109055172128,0.2509579795195355,0.22410585799024255,0.24975670147829776,0.4343093991403984,0.9236173464666673,1.0,0.8179412318403578,0.15967030330243187,0.6288684464950655,0.6355550875715138,0.8276712582282763,0.9950325621169045,1.0,0.7480929384893512,0.0361214875446364,0.6509150696508024,0.7015145629839554,0.7484438867382621,0.7910819497380962,0.8427489530689036,0.7559654589886521,0.03609792045120885,0.7054376512622222,0.7175193701068205,0.7481151422052446,0.7890902401172312,0.8412599514607715,0.3740464692446756,0.0180607437723182,0.3254575348254012,0.3507572814919777,0.37422194336913106,0.3955409748690481,0.4213744765344518,0.37798272949432604,0.018048960225604423,0.3527188256311111,0.35875968505341027,0.3740575711026223,0.3945451200586156,0.42062997573038574,0.0,0.0,0.0,0.0,0.0,0.0,0.0,0.0,0.0,0.0,0.0,0.0,0.0,0.0
qore_dpr,nq_116,50,True,15,5,2.0,0.5,5,0;1;2;3;4,0;1;2;3;5;8;10;12;13;23;26;27;28;29;31;33;37;39;41;42;44;47,1,1,9,4,4.361456667698741,0.8722913335397482,10,9.076834041738433,4.5384170208692165,0.0,0.17696035317047532,-49.82303964682953,-49.82303964682953,-49.82303964682953,True,0.17696035317047532,0.0,3003,0.6057693458671526,0.22446128149859476,0.32460311064549924,0.3428858228252556,0.6153032674360573,0.899679208497511,1.0,0.8722913335397482,0.0902792903304858,0.7238139267905439,0.7716818438230316,0.8840810221217481,0.9640311997658745,1.0,0.8625842451983323,0.04720738615396426,0.7587945459534454,0.8099509492745105,0.8516367243047104,0.936627127140662,0.9854059366356723,0.9076834041738435,0.04436840549670967,0.8429178681478691,0.846858373437818,0.9271031262388414,0.9499174827874828,0.9610149410421645,0.43129212259916616,0.02360369307698213,0.3793972729767227,0.40497547463725525,0.4258183621523552,0.468313563570331,0.49270296831783617,0.45384170208692176,0.022184202748354837,0.42145893407393453,0.423429186718909,0.4635515631194207,0.4749587413937414,0.4805074705210822,0.0,0.0,0.0,0.0,0.0,0.0,0.0,0.0,0.0,0.0,0.0,0.0,0.0,0.0
qore_dpr,nq_117,50,True,15,5,2.0,0.5,5,0;1;2;5;7,3;4,1,0,2,0,3.776879923216995,0.755375984643399,10,8.585838793313457,4.292919396656728,0.0,0.5160394734397333,-49.48396052656027,-49.48396052656027,-49.48396052656027,True,0.5160394734397333,0.0,3003,0.6034597236291973,0.15296363997662354,0.4260908776341315,0.4577989393799428,0.5770562235099416,0.7956657684641677,1.0,0.755375984643399,0.15138142215547706,0.5770562235099416,0.59764859875713,0.7355307719165846,0.9343023064650225,1.0,0.8639445113014259,0.045234387148430345,0.7500913649309064,0.7989885163489552,0.867246135956271,0.9148029572035988,0.9517243371535449,0.8585838793313456,0.040384324817531486,0.751970902918905,0.8349067722118713,0.8586851647582117,0.8970070022108483,0.9011383673711377,0.43197225565071296,0.022617193574215173,0.3750456824654532,0.3994942581744776,0.4336230679781355,0.4574014786017994,0.47586216857677244,0.4292919396656728,0.020192162408765743,0.3759854514594525,0.41745338610593563,0.42934258237910583,0.44850350110542414,0.45056918368556886,0.0,0.0,0.0,0.0,0.0,0.0,0.0,0.0,0.0,0.0,0.0,0.0,0.0,0.0
qore_dpr,nq_118,50,True,15,5,2.0,0.5,5,0;1;2;3;4,,0,0,0,0,3.7408888669601885,0.7481777733920378,10,7.586439890461344,3.793219945230672,0.0,0.052331078270483555,-49.947668921729516,-49.947668921729516,-49.947668921729516,True,0.052331078270483555,0.0,3003,0.4744604814188127,0.22539110443237498,0.2622964379728981,0.2742935008170053,0.34637397656660407,0.8040110172369257,1.0,0.7481777733920378,0.16334258939295032,0.5442271245766229,0.5676698079529591,0.761428641913679,0.9329597069809694,1.0,0.7743991663888522,0.058185128267725,0.6520743442406394,0.7079715523499356,0.7705645674104891,0.8441784834203906,0.9979456552525036,0.7586439890461345,0.0905944364321206,0.6664734728950563,0.6715102696282254,0.7345197757102248,0.823481924974925,0.9979456552525036,0.3871995831944261,0.0290925641338625,0.3260371721203197,0.3539857761749678,0.38528228370524453,0.4220892417101953,0.4989728276262518,0.37932199452306725,0.0452972182160603,0.33323673644752816,0.3357551348141127,0.3672598878551124,0.4117409624874625,0.4989728276262518,0.0,0.0,0.0,0.0,0.0,0.0,0.0,0.0,0.0,0.0,0.0,0.0,0.0,0.0
qore_dpr,nq_119,50,True,15,5,2.0,0.5,5,0;1;2;3;5,0;8;11;15;19,1,1,3,1,3.73264250562785,0.7465285011255699,10,8.205333102760227,4.102666551380113,0.0,0.3700240457522632,-49.62997595424774,-49.62997595424774,-49.62997595424774,True,0.3700240457522632,0.0,3003,0.6095394427627457,0.1494623612354715,0.3370776260173734,0.4252160262899227,0.6335255197101066,0.7089300646978567,1.0,0.7465285011255699,0.12895184371174906,0.6478555488722295,0.657860325005257,0.6911080791631824,0.8883245553550558,1.0,0.8455223176837133,0.05478848943850607,0.7089173815380437,0.7758822833502832,0.8430697185207436,0.9118837041917569,0.9496429302523512,0.8205333102760226,0.0528789968691469,0.7274285123870339,0.763595338473174,0.8320263628335541,0.8752409558856282,0.8985413774106722,0.42276115884185667,0.027394244719253034,0.35445869076902187,0.3879411416751416,0.4215348592603718,0.45594185209587845,0.4748214651261756,0.4102666551380113,0.02643949843457345,0.36371425619351694,0.381797669236587,0.41601318141677707,0.4376204779428141,0.4492706887053361,0.0,0.0,0.0,0.0,0.0,0.0,0.0,0.0,0.0,0.0,0.0,0.0,0.0,0.0
qore_dpr,nq_120,50,True,15,5,2.0,0.5,5,0;1;2;6;10,0;2;4;5,1,1,4,2,3.74754635535031,0.7495092710700619,10,7.218552216458002,3.609276108229001,0.0,-0.1382702471213091,-50.13827024712131,-50.13827024712131,-50.138270247121305,True,-0.1382702471213091,0.0,3003,0.5867159181104282,0.22205398610757926,0.2792933960498857,0.33863310102688116,0.5277403614724582,0.8491625968995016,1.0,0.7495092710700619,0.20218245011491162,0.4168489074835626,0.5063156977549741,0.8247317096164587,0.9461799420352788,1.0,0.7642538643424224,0.1108718935360001,0.5267462993697671,0.5995665011708433,0.7646878493384515,0.9041911785320307,0.9518426482762361,0.7218552216458003,0.1084974848175491,0.5927582491975747,0.5949756606520343,0.7283375450960496,0.869127918939204,0.9004658384713606,0.3821269321712112,0.05543594676800005,0.26337314968488357,0.29978325058542166,0.38234392466922573,0.45209558926601534,0.47592132413811805,0.36092761082290015,0.05424874240877455,0.29637912459878735,0.29748783032601717,0.3641687725480248,0.434563959469602,0.4502329192356803,0.0,0.0,0.0,0.0,0.0,0.0,0.0,0.0,0.0,0.0,0.0,0.0,0.0,0.0
qore_dpr,nq_121,50,True,15,5,2.0,0.5,5,0;1;2;3;4,0;7;10;12;17;18;26;28;29;45;46;48;49,1,1,4,1,4.123674873568081,0.8247349747136165,10,8.740992860932698,4.370496430466349,0.0,0.24682155689826768,-49.75317844310173,-49.75317844310173,-49.75317844310173,True,0.24682155689826768,0.0,3003,0.6157169506135075,0.17357848944530735,0.4320959871930834,0.43930553740134404,0.5414035054622092,0.8720057566443291,1.0,0.8247349747136165,0.11953458060438064,0.6870255855350836,0.6993409235155956,0.7964772894182582,0.9689432272513505,1.0,0.8387231571792534,0.04803764893221581,0.7023963794703704,0.7705095538457315,0.8460879305907603,0.8942103521854949,0.9512862103411588,0.8740992860932699,0.02158663479702956,0.8454470543950126,0.8468473706053165,0.8674578573466694,0.9016002394164949,0.9143640580052117,0.4193615785896267,0.024018824466107903,0.3511981897351852,0.38525477692286575,0.42304396529538013,0.44710517609274747,0.4756431051705794,0.43704964304663496,0.01079331739851478,0.4227235271975063,0.4234236853026582,0.4337289286733347,0.45080011970824746,0.45718202900260585,0.0,0.0,0.0,0.0,0.0,0.0,0.0,0.0,0.0,0.0,0.0,0.0,0.0,0.0
qore_dpr,nq_122,50,True,15,5,2.0,0.5,5,0;1;2;3;5,,0,0,0,0,4.33078926962719,0.866157853925438,10,8.625025582792357,4.312512791396179,0.0,-0.018276478231011417,-50.01827647823101,-50.018276478231,-50.01827647823101,True,-0.018276478231011417,0.0,3003,0.6181625238505972,0.20274817833617556,0.38715770581214004,0.4120989396830375,0.5677478937417776,0.9281152147207193,1.0,0.866157853925438,0.12200053316053365,0.6477447572248796,0.7203837005671868,0.9205311168613921,0.9732685119841084,1.0,0.810603812323196,0.0861830367927279,0.6255593690128882,0.7112124363655494,0.7870874639983662,0.9200405043188865,0.9906855515703643,0.8625025582792357,0.07021944148591334,0.7721191504449417,0.7758039787998934,0.9013465043667899,0.9334047509002723,0.9396856049463573,0.405301906161598,0.04309151839636395,0.3127796845064441,0.3556062181827747,0.3935437319991831,0.46002025215944325,0.49534277578518215,0.43125127913961786,0.03510972074295667,0.38605957522247086,0.3879019893999467,0.45067325218339493,0.46670237545013615,0.46984280247317867,0.0,0.0,0.0,0.0,0.0,0.0,0.0,0.0,0.0,0.0,0.0,0.0,0.0,0.0
qore_dpr,nq_123,50,True,15,5,2.0,0.5,5,0;1;2;3;6,1;2;4;6;7;12,1,1,6,3,3.428820087610397,0.6857640175220794,10,8.484269248039991,4.242134624019996,0.0,0.8133145364095986,-49.1866854635904,-49.18668546359041,-49.1866854635904,True,0.8133145364095986,0.0,3003,0.4833960199201948,0.18798527654427435,0.299304885877419,0.31634974590722575,0.4754582012437396,0.6623624547878884,1.0,0.6857640175220794,0.16794374004099438,0.5039188543342826,0.5476943590555724,0.6228185774763794,0.8754900158648912,1.0,0.8330492574008985,0.04919000646481321,0.7456149550601039,0.7646679456215939,0.8314091382763878,0.8920087939739482,0.981068349032935,0.8484269248039992,0.023663268471303418,0.814655379818526,0.8226654564193797,0.8490139118811904,0.872556610627835,0.8977343029045283,0.41652462870044926,0.024595003232406605,0.37280747753005195,0.38233397281079695,0.4157045691381939,0.4460043969869741,0.4905341745164675,0.4242134624019996,0.011831634235651709,0.407327689909263,0.41133272820968986,0.4245069559405952,0.4362783053139175,0.44886715145226413,0.0,0.0,0.0,0.0,0.0,0.0,0.0,0.0,0.0,0.0,0.0,0.0,0.0,0.0
qore_dpr,nq_124,50,True,15,5,2.0,0.5,5,0;1;2;3;4,4,1,1,1,1,4.845392378138279,0.9690784756276558,10,7.730680564679608,3.865340282339804,0.0,-0.9800520957984751,-50.98005209579848,-50.98005209579847,-50.98005209579848,True,-0.9800520957984751,0.0,3003,0.6838512800687423,0.2183211718952995,0.43709966938887473,0.448890343299791,0.5583494147332894,0.9958886156521348,1.0,0.9690784756276558,0.04330635906959422,0.8854186216997038,0.91865747179539,0.9949309502382935,0.998610823704545,1.0,0.772237160088512,0.06868490674618719,0.6317306429952717,0.6968969948568632,0.765872559824777,0.8742483013596231,0.9211577043362591,0.7730680564679608,0.08017872399974109,0.6515495278936487,0.6619615622552365,0.7797354102245797,0.8602056343528846,0.8914241835287544,0.386118580044256,0.03434245337309359,0.31586532149763585,0.3484484974284316,0.3829362799123885,0.43712415067981153,0.46057885216812955,0.3865340282339804,0.040089361999870544,0.32577476394682436,0.33098078112761825,0.38986770511228985,0.4301028171764423,0.4457120917643772,0.0,0.0,0.0,0.0,0.0,0.0,0.0,0.0,0.0,0.0,0.0,0.0,0.0,0.0
qore_dpr,nq_125,50,True,15,5,2.0,0.5,5,0;1;2;3;5,0;1;2;4;5;6;7;8;10;21;40;47,1,1,9,4,4.3042843763889564,0.8608568752777914,10,8.912383073135274,4.456191536567637,0.0,0.15190716017868056,-49.84809283982132,-49.84809283982132,-49.84809283982132,True,0.15190716017868056,0.0,3003,0.6303894827716242,0.22961321951055647,0.24575249161042498,0.2603372817850116,0.6833137704723571,0.9275539052620556,1.0,0.8608568752777914,0.11397653612684791,0.6958774474017763,0.7247658497616211,0.8831559007470987,0.9828610299754774,1.0,0.8532849200869183,0.07072910209254758,0.6726282738073043,0.7481821172304097,0.8718214266328062,0.9308277301745478,0.9753991722743465,0.8912383073135274,0.04294020068951495,0.8160355170094971,0.8243963274193487,0.9086797578626957,0.9345322448431064,0.9425369513064055,0.4266424600434591,0.03536455104627379,0.33631413690365214,0.37409105861520486,0.4359107133164031,0.4654138650872739,0.48769958613717324,0.4456191536567637,0.021470100344757475,0.40801775850474853,0.4121981637096743,0.45433987893134786,0.4672661224215532,0.47126847565320273,0.0,0.0,0.0,0.0,0.0,0.0,0.0,0.0,0.0,0.0,0.0,0.0,0.0,0.0
qore_dpr,nq_126,50,True,15,5,2.0,0.5,5,0;1;2;6;8,0;1;4,1,1,3,2,3.7735150287035872,0.7547030057407175,10,6.795047807396646,3.397523903698323,0.0,-0.3759911250052643,-50.375991125005264,-50.37599112500527,-50.375991125005264,True,-0.3759911250052643,0.0,3003,0.5528889448159252,0.19986639424504227,0.319050243210289,0.34627070324873405,0.5359695216936635,0.8646175675499763,1.0,0.7547030057407175,0.19177082354598074,0.5308514746657756,0.5332944254726437,0.7940262693147154,0.9646713732160601,1.0,0.7038264712791128,0.06866673571866505,0.5850987444463389,0.6197665339562687,0.6987365797571984,0.7879593550501435,0.9871591982599599,0.6795047807396646,0.08187374099612647,0.5850987444463389,0.6066455373126926,0.6683344686703302,0.7322269221868543,0.8928063866689189,0.3519132356395564,0.034333367859332525,0.29254937222316946,0.30988326697813434,0.3493682898785992,0.39397967752507174,0.49357959912997995,0.3397523903698323,0.04093687049806324,0.29254937222316946,0.3033227686563463,0.3341672343351651,0.36611346109342713,0.44640319333445944,0.0,0.0,0.0,0.0,0.0,0.0,0.0,0.0,0.0,0.0,0.0,0.0,0.0,0.0
qore_dpr,nq_127,50,True,15,5,2.0,0.5,5,0;1;2;3;4,0;1;3;7,1,1,4,3,3.822557796994729,0.7645115593989458,10,8.691740389748492,4.345870194874246,0.0,0.5233123978795171,-49.476687602120485,-49.476687602120485,-49.476687602120485,True,0.5233123978795171,0.0,3003,0.4313621975291367,0.26704421217021823,0.15703027533022634,0.18057032365226666,0.34473114390936027,0.7512503486946779,1.0,0.7645115593989458,0.12498306396585392,0.6536514579753628,0.6643786238122801,0.709059155881741,0.9117511242279877,1.0,0.7487834059521806,0.07920057631298803,0.594837020808282,0.655084463465597,0.7327291430735777,0.8532789109514815,0.9696300462263545,0.8691740389748492,0.04379734170322571,0.8211786143670781,0.8275120403777053,0.8528931731316033,0.9318274001867904,0.9696300462263545,0.3743917029760903,0.039600288156494017,0.297418510404141,0.3275422317327985,0.36636457153678886,0.4266394554757407,0.48481502311317726,0.4345870194874246,0.021898670851612855,0.41058930718353903,0.41375602018885266,0.42644658656580164,0.4659137000933952,0.48481502311317726,0.0,0.0,0.0,0.0,0.0,0.0,0.0,0.0,0.0,0.0,0.0,0.0,0.0,0.0
qore_dpr,nq_128,50,True,15,5,2.0,0.5,5,0;1;2;4;6,0;4;9;15;28;33;35;44,1,1,3,2,4.041431431229022,0.8082862862458041,10,8.87577958489964,4.43788979244982,0.0,0.39645836122079814,-49.603541638779205,-49.6035416387792,-49.603541638779205,True,0.39645836122079814,0.0,3003,0.5597473746646716,0.2204100386865316,0.32043009665547784,0.3482628301047438,0.47803514376996803,0.9428240385004246,1.0,0.8082862862458041,0.1891680333074293,0.548482428115016,0.5732359364257694,0.933628220164193,0.979581833623165,1.0,0.8667380540636668,0.04888973933162045,0.7421082098274009,0.795564941885336,0.8655696557442191,0.9346801785952268,0.9651565195156252,0.8875779584899638,0.057251298555626155,0.7670561635397037,0.8304242787085566,0.9083203728337446,0.9490802443444541,0.9651565195156252,0.4333690270318334,0.024444869665810224,0.37105410491370044,0.397782470942668,0.43278482787210953,0.4673400892976134,0.4825782597578126,0.4437889792449819,0.028625649277813078,0.38352808176985187,0.4152121393542783,0.4541601864168723,0.4745401221722271,0.4825782597578126,0.0,0.0,0.0,0.0,0.0,0.0,0.0,0.0,0.0,0.0,0.0,0.0,0.0,0.0
qore_dpr,nq_129,50,True,15,5,2.0,0.5,5,0;1;2;3;6,0;1;5;6;9;10;33;37;48,1,1,6,3,3.6240910457814426,0.7248182091562885,10,8.785640763002018,4.392820381501009,0.0,0.7687293357195664,-49.23127066428043,-49.23127066428043,-49.23127066428043,True,0.7687293357195664,0.0,3003,0.49164862536568077,0.20251359350049422,0.26558052671351673,0.2882021543033358,0.4290496941208847,0.744374942436136,1.0,0.7248182091562885,0.1685562360303629,0.47740112053956346,0.549916830619648,0.7421238763256334,0.8983502612705885,1.0,0.8575033997069105,0.06021001287030577,0.7285360751243406,0.7843516143254919,0.8623834084716077,0.9459764419026389,0.9872523666753905,0.8785640763002018,0.053559691759945266,0.7716451221301839,0.8286331081113543,0.8763231887422063,0.9490118782326585,0.9525431786174201,0.42875169985345524,0.030105006435152886,0.3642680375621703,0.39217580716274597,0.43119170423580383,0.4729882209513194,0.49362618333769526,0.4392820381501009,0.026779845879972633,0.38582256106509194,0.41431655405567713,0.43816159437110314,0.47450593911632927,0.47627158930871005,0.0,0.0,0.0,0.0,0.0,0.0,0.0,0.0,0.0,0.0,0.0,0.0,0.0,0.0
qore_dpr,nq_130,50,True,15,5,2.0,0.5,5,0;1;3;4;5,,0,0,0,0,4.51377532530401,0.9027550650608018,10,7.656686575322241,3.8283432876611205,0.0,-0.6854320376428897,-50.68543203764289,-50.68543203764288,-50.68543203764289,True,-0.6854320376428897,0.0,3003,0.7061579605905336,0.17877972297621694,0.4879203028323074,0.4947911679200912,0.6317312601347509,0.9426681938782798,1.0,0.9027550650608018,0.07590343774638232,0.8188825784128815,0.8245805238194751,0.8766371011901141,0.9940512815086593,1.0,0.7916659600720828,0.06410608698498667,0.6615775067891417,0.7156611035096493,0.7907638405708126,0.8745742985235087,0.9434649397945709,0.7656686575322241,0.05352717854315902,0.6921940019862155,0.7076653525775436,0.7693386402898752,0.8069898734785834,0.8871916636986475,0.3958329800360414,0.032053043492493334,0.33078875339457087,0.35783055175482464,0.3953819202854063,0.4372871492617543,0.47173246989728546,0.38283432876611206,0.02676358927157951,0.34609700099310775,0.3538326762887718,0.3846693201449376,0.4034949367392917,0.4435958318493238,0.0,0.0,0.0,0.0,0.0,0.0,0.0,0.0,0.0,0.0,0.0,0.0,0.0,0.0
qore_dpr,nq_131,50,True,15,5,2.0,0.5,5,0;1;2;3;8,0;4;15;20;23;43;46,1,1,2,1,4.4488274874083285,0.8897654974816657,10,9.020968277201,4.5104841386005,0.0,0.06165665119217145,-49.93834334880783,-49.93834334880783,-49.93834334880783,True,0.06165665119217145,0.0,3003,0.7102830784810544,0.1868038624264184,0.45560548085057334,0.4859551660330522,0.6571833763175715,0.9577784318608916,1.0,0.8897654974816657,0.13048203667913655,0.6371457916955687,0.7437593266877575,0.9351140403056992,0.989155210492408,1.0,0.9149672478851618,0.042826341369097076,0.8277847182986187,0.8493888006516345,0.9355221402019589,0.9613416175563216,0.9821668787293538,0.9020968277201,0.05404435605300276,0.8320506877223206,0.8362845821683558,0.9316429498462672,0.9518354687733714,0.9646120312423698,0.4574836239425809,0.021413170684548538,0.41389235914930933,0.42469440032581723,0.46776107010097945,0.4806708087781608,0.4910834393646769,0.45104841386005,0.02702217802650138,0.4160253438611603,0.4181422910841779,0.4658214749231336,0.4759177343866857,0.4823060156211849,0.0,0.0,0.0,0.0,0.0,0.0,0.0,0.0,0.0,0.0,0.0,0.0,0.0,0.0
qore_dpr,nq_132,50,True,15,5,2.0,0.5,5,0;1;2;3;6,9;18;19;28,1,0,1,0,3.6169510927986375,0.7233902185597275,10,8.351148033603428,4.175574016801714,0.0,0.5586229240030764,-49.441377075996925,-49.441377075996925,-49.441377075996925,True,0.5586229240030764,0.0,3003,0.5288850243010337,0.18858540612095226,0.34484931763654747,0.350410335467942,0.5269405427397047,0.7842949708726632,1.0,0.7233902185597275,0.19361603207096542,0.5273713201932915,0.5505678883329113,0.5911762418256986,0.9652163160949226,1.0,0.8414112827773526,0.045090391415651514,0.7309512827496251,0.7769281281156448,0.8383592199314115,0.8944771921828513,0.9855511405212481,0.8351148033603428,0.04869298009538883,0.735535325986809,0.7879280215578194,0.82167391401331,0.8897417756056032,0.8992319208796683,0.4207056413886763,0.022545195707825757,0.36547564137481253,0.3884640640578224,0.41917960996570575,0.44723859609142563,0.4927755702606241,0.4175574016801714,0.024346490047694416,0.3677676629934045,0.3939640107789097,0.410836957006655,0.4448708878028016,0.44961596043983415,0.0,0.0,0.0,0.0,0.0,0.0,0.0,0.0,0.0,0.0,0.0,0.0,0.0,0.0
qore_dpr,nq_133,50,True,15,5,2.0,0.5,5,0;1;2;3;4,2;5;9;31;47,1,1,3,1,3.3751501813532108,0.6750300362706422,10,8.493613631265486,4.246806815632743,0.0,0.8716566342795322,-49.12834336572047,-49.12834336572047,-49.12834336572047,True,0.8716566342795322,0.0,3003,0.44690518531640855,0.20076098072045567,0.27450993752001474,0.2825998578245337,0.37085766328034686,0.6968714583886931,1.0,0.6750300362706422,0.19034487976981607,0.4486953243349436,0.49458120694706575,0.6047771865155882,0.903307055854972,1.0,0.8461583291744218,0.055550199102987016,0.7399306849656792,0.7770531708024059,0.83416195263926,0.929976199384972,0.9663581765196764,0.8493613631265486,0.04699905593793076,0.7999799262290126,0.8041767598786564,0.830106196413166,0.924551266739197,0.9347281853546313,0.4230791645872109,0.027775099551493508,0.3699653424828396,0.38852658540120294,0.41708097631963,0.464988099692486,0.4831790882598382,0.4246806815632743,0.02349952796896538,0.3999899631145063,0.4020883799393282,0.415053098206583,0.4622756333695985,0.46736409267731566,0.0,0.0,0.0,0.0,0.0,0.0,0.0,0.0,0.0,0.0,0.0,0.0,0.0,0.0
qore_dpr,nq_134,50,True,15,5,2.0,0.5,5,0;1;2;3;4,0;3;5;6,1,1,4,2,4.285469882048231,0.8570939764096461,10,9.010675665374691,4.505337832687346,0.0,0.2198679506391148,-49.78013204936089,-49.78013204936089,-49.78013204936089,True,0.2198679506391148,0.0,3003,0.6059609160804078,0.20348449595951817,0.35995239928598927,0.3808527527912919,0.5571859577893669,0.9146647999719996,1.0,0.8570939764096461,0.11134498945323228,0.7368212523187848,0.7423429351440272,0.8207455111826677,0.990911063665955,1.0,0.867523650534645,0.03987725262591123,0.7566085722531604,0.8093402946529802,0.872263062519806,0.9120696118720791,0.9489140498103118,0.901067566537469,0.01601785329019799,0.8746271506474447,0.885739785049161,0.8980141905037973,0.9149531948497381,0.9345961217724701,0.4337618252673225,0.019938626312955614,0.3783042861265802,0.4046701473264901,0.436131531259903,0.45603480593603957,0.4744570249051559,0.4505337832687345,0.008008926645098995,0.43731357532372234,0.4428698925245805,0.44900709525189864,0.45747659742486907,0.46729806088623504,0.0,0.0,0.0,0.0,0.0,0.0,0.0,0.0,0.0,0.0,0.0,0.0,0.0,0.0
qore_dpr,nq_135,50,True,15,5,2.0,0.5,5,0;1;3;4;11,0;20;28;38,1,1,1,1,2.8181448822827586,0.5636289764565517,10,6.55192045699613,3.275960228498065,0.0,0.4578153462153063,-49.542184653784695,-49.5421846537847,-49.542184653784695,True,0.4578153462153063,0.0,3003,0.40354741499173147,0.1919927301708589,0.236761644112488,0.24702172440213294,0.33195426810719175,0.5703990455163709,1.0,0.5636289764565517,0.24002138054444155,0.28285652118765975,0.3475411425136042,0.5008883833691333,0.8359327612893779,1.0,0.6714997434245654,0.0808928058743604,0.5291263439310968,0.5832924670260078,0.6575540605286321,0.7800460683705097,0.9947004508729822,0.655192045699613,0.07592358544367872,0.5507081093684465,0.5536112672319276,0.6641385187399613,0.77019920321402,0.77393181817884,0.3357498717122827,0.0404464029371802,0.2645631719655484,0.2916462335130039,0.32877703026431604,0.39002303418525486,0.4973502254364911,0.3275960228498065,0.03796179272183936,0.27535405468422325,0.2768056336159638,0.33206925936998066,0.38509960160701,0.38696590908942,0.0,0.0,0.0,0.0,0.0,0.0,0.0,0.0,0.0,0.0,0.0,0.0,0.0,0.0
qore_dpr,nq_136,50,True,15,5,2.0,0.5,5,0;1;2;3;5,21,0,0,0,0,4.058249293831313,0.8116498587662626,10,7.503361439405234,3.751680719702617,0.0,-0.3065685741286961,-50.3065685741287,-50.3065685741287,-50.3065685741287,True,-0.3065685741286961,0.0,3003,0.5571769636029505,0.21847041876603124,0.3187574391984319,0.33685134630986147,0.5121084983034186,0.884782582948913,1.0,0.8116498587662626,0.1541775065785786,0.6348782192113414,0.6642909592642818,0.7209701010842724,0.9975963616768028,1.0,0.712822074962281,0.08037806793890402,0.5483673745928656,0.6269575524597141,0.6993339778258622,0.802690122666488,0.9935460923808201,0.7503361439405234,0.09140960301192104,0.6269241319512538,0.6872748654683881,0.7399535459839957,0.8156438362179751,0.9935460923808201,0.3564110374811405,0.04018903396945201,0.2741836872964328,0.31347877622985704,0.3496669889129311,0.401345061333244,0.4967730461904101,0.3751680719702617,0.04570480150596052,0.3134620659756269,0.34363743273419406,0.3699767729919978,0.40782191810898755,0.4967730461904101,0.0,0.0,0.0,0.0,0.0,0.0,0.0,0.0,0.0,0.0,0.0,0.0,0.0,0.0
qore_dpr,nq_137,50,True,15,5,2.0,0.5,5,0;1;2;4;5,0;3,1,1,2,1,3.354764800724125,0.670952960144825,10,8.128466299718376,4.064233149859188,0.0,0.7094683491350628,-49.290531650864935,-49.290531650864935,-49.290531650864935,True,0.7094683491350628,0.0,3003,0.4204502525323955,0.2296554681619886,0.19437159640254145,0.2023259290987631,0.3716341173982675,0.7531134287788602,1.0,0.670952960144825,0.21920897504804354,0.4247999428889311,0.4409833879525278,0.6285517629675127,0.9344618157279034,1.0,0.8076649422918564,0.05990394893143977,0.6737833798066831,0.73097420093275,0.8077226794271165,0.8917955037012814,0.949893098338036,0.8128466299718375,0.05794570511571828,0.738040966097739,0.7425711281260189,0.8006489256889621,0.9000422722638424,0.9035127389397684,0.4038324711459282,0.029951974465719886,0.33689168990334156,0.365487100466375,0.40386133971355825,0.4458977518506407,0.474946549169018,0.40642331498591877,0.02897285255785914,0.3690204830488695,0.37128556406300944,0.40032446284448103,0.4500211361319212,0.4517563694698842,0.0,0.0,0.0,0.0,0.0,0.0,0.0,0.0,0.0,0.0,0.0,0.0,0.0,0.0
qore_dpr,nq_138,50,True,15,5,2.0,0.5,5,0;1;2;9;10,,0,0,0,0,3.9641367971433734,0.7928273594286748,10,7.8105916845851375,3.9052958422925688,0.0,-0.05884095485080465,-50.05884095485081,-50.05884095485081,-50.05884095485081,True,-0.05884095485080465,0.0,3003,0.6930881998433074,0.14628017002800972,0.48290600705116615,0.5152001220394142,0.661416900198879,0.8831687307900922,1.0,0.7928273594286748,0.16109476851744384,0.5894221207738203,0.6024362683059121,0.8424279063460496,0.9641317121677816,1.0,0.7990470253956496,0.0805886306332889,0.6811638524403972,0.7197056960469459,0.7646297641215679,0.9329238342777361,0.9671483605242274,0.7810591684585136,0.06236176523301737,0.7313160756300265,0.7322742129112491,0.7567859267866128,0.8518523133141822,0.9332665441896558,0.3995235126978248,0.04029431531664445,0.3405819262201986,0.35985284802347295,0.38231488206078396,0.46646191713886803,0.4835741802621137,0.3905295842292568,0.031180882616508684,0.36565803781501327,0.36613710645562453,0.3783929633933064,0.4259261566570911,0.4666332720948279,0.0,0.0,0.0,0.0,0.0,0.0,0.0,0.0,0.0,0.0,0.0,0.0,0.0,0.0
qore_dpr,nq_139,50,True,15,5,2.0,0.5,5,0;1;2;4;8,,0,0,0,0,3.2613668572952967,0.6522733714590593,10,6.859099232407403,3.4295496162037016,0.0,0.16818275890840484,-49.83181724109159,-49.83181724109159,-49.83181724109159,True,0.16818275890840484,0.0,3003,0.46386559292173113,0.19346914425286948,0.2909765410073862,0.3145722526968671,0.37134568251162947,0.7209240208746686,1.0,0.6522733714590593,0.22167823835362252,0.3708671657468696,0.41010620737949544,0.6599846607866349,0.9046201043733431,1.0,0.7122395678659056,0.06350447292839913,0.5550577188428157,0.6237660126494357,0.722235809497827,0.7777859986605483,0.8512689814726672,0.6859099232407404,0.0773312428002726,0.566002765868029,0.5732854153641807,0.7009877146061176,0.7777180346569998,0.8212850937019692,0.3561197839329528,0.031752236464199564,0.27752885942140787,0.3118830063247178,0.3611179047489135,0.38889299933027416,0.4256344907363336,0.3429549616203702,0.0386656214001363,0.2830013829340145,0.2866427076820903,0.3504938573030588,0.3888590173284999,0.4106425468509846,0.0,0.0,0.0,0.0,0.0,0.0,0.0,0.0,0.0,0.0,0.0,0.0,0.0,0.0
qore_dpr,nq_140,50,True,15,5,2.0,0.5,5,0;1;2;3;9,1;6,1,1,2,1,3.7794214634134087,0.7558842926826818,10,8.346165373806413,4.173082686903206,0.0,0.3936612234897976,-49.6063387765102,-49.606338776510206,-49.6063387765102,True,0.3936612234897976,0.0,3003,0.5307324688071708,0.2208477466985875,0.25882521421581495,0.26579518945584596,0.5297779140071579,0.8167392967465326,1.0,0.7558842926826818,0.18069744687365802,0.45174318472745817,0.5556486270214046,0.7648179809382156,0.9405414029141642,1.0,0.8153419352293003,0.09136999892889477,0.5924013563179771,0.6881546651779765,0.854335359429556,0.9169133770833687,0.9901216169141253,0.8346165373806412,0.08491274401589192,0.7273892872552048,0.7310253444934274,0.8761858015755462,0.9221139787269241,0.9404512173015077,0.40767096761465016,0.04568499946444739,0.29620067815898854,0.34407733258898826,0.427167679714778,0.45845668854168437,0.49506080845706263,0.4173082686903206,0.04245637200794596,0.3636946436276024,0.3655126722467137,0.4380929007877731,0.46105698936346207,0.47022560865075386,0.0,0.0,0.0,0.0,0.0,0.0,0.0,0.0,0.0,0.0,0.0,0.0,0.0,0.0
qore_dpr,nq_141,50,True,15,5,2.0,0.5,5,0;1;2;4;10,2;3;5;7;11;13;14;16;18;19;20;21;22;23;24;25;26;29;30;31;32;33;34;35;36;37;39;44;45;46;47;48,1,1,7,1,3.7023924117451905,0.7404784823490381,10,8.682843380347673,4.341421690173837,0.0,0.6390292784286462,-49.360970721571356,-49.36097072157135,-49.360970721571356,True,0.6390292784286462,0.0,3003,0.541375262232667,0.22837428566990178,0.24746320026540589,0.3220981446102505,0.40046707512587987,0.8333568123838644,1.0,0.7404784823490381,0.21796138972194423,0.3519210057967651,0.4908897470636206,0.7866015790342429,0.9458107871801116,1.0,0.869771298084451,0.061984290452328915,0.7396532538620172,0.7762509211685631,0.8693896157906198,0.9534907192224376,0.99248469798748,0.8682843380347673,0.08465828329244339,0.7559311904578795,0.7564930138064555,0.9212310088785882,0.952584165479654,0.9662951006704362,0.4348856490422255,0.030992145226164457,0.3698266269310086,0.38812546058428155,0.4346948078953099,0.4767453596112188,0.49624234899374,0.4341421690173837,0.042329141646221695,0.37796559522893974,0.37824650690322775,0.4606155044392941,0.476292082739827,0.4831475503352181,0.0,0.0,0.0,0.0,0.0,0.0,0.0,0.0,0.0,0.0,0.0,0.0,0.0,0.0
qore_dpr,nq_142,50,True,15,5,2.0,0.5,5,0;1;2;3;7,0;1;2;3;4;5;6;7;8;9;10;11;12;13;14;15;16;17;18;19;20;21;22;23;24;25;26;28;30;31;36;37;39;41;42;43;44;45;47;49,1,1,15,5,4.530020926517173,0.9060041853034345,10,8.83965730798453,4.419828653992265,0.0,-0.11019227252490804,-50.110192272524905,-50.110192272524905,-50.11019227252491,True,-0.11019227252490804,0.0,3003,0.7701853384370366,0.1335499782674291,0.5688537418962875,0.5791414877578624,0.7666293306264704,0.9341402251663244,1.0,0.9060041853034345,0.07796565353364336,0.7666293306264704,0.8216203174730168,0.9071532686119743,0.9808526118143566,1.0,0.8815999921790003,0.031833812848537986,0.7970049373262803,0.8406400007933572,0.8832365560166295,0.9216516016478268,0.9481865535637356,0.883965730798453,0.038235995568200266,0.8155068155407782,0.8186524573796854,0.8899351218850446,0.9163602129017305,0.9481865535637356,0.44079999608950016,0.015916906424268993,0.39850246866314015,0.4203200003966786,0.44161827800831477,0.4608258008239134,0.4740932767818678,0.4419828653992265,0.019117997784100133,0.4077534077703891,0.4093262286898427,0.4449675609425223,0.45818010645086527,0.4740932767818678,0.0,0.0,0.0,0.0,0.0,0.0,0.0,0.0,0.0,0.0,0.0,0.0,0.0,0.0
qore_dpr,nq_143,50,True,15,5,2.0,0.5,5,0;1;2;3;7,6;26;47,1,0,1,0,3.6528497409326426,0.7305699481865285,10,7.238720322404705,3.6193601612023527,0.0,-0.033489579730289876,-50.033489579730286,-50.033489579730286,-50.033489579730286,True,-0.033489579730289876,0.0,3003,0.5628728844441334,0.1604168279437339,0.3587920004054338,0.41843468775565856,0.5251163812139363,0.7485325951864392,1.0,0.7305699481865285,0.15778018740759278,0.5251163812139363,0.5713445197661033,0.718476920440861,0.9074278846733965,1.0,0.746917483040524,0.05570962055412126,0.614028212526943,0.687522448101976,0.7440330340575871,0.8081311781757594,0.998157763091233,0.7238720322404706,0.04356814124749298,0.6725976681278752,0.6804427713469475,0.7155215775330124,0.7772595774556774,0.8139792984270742,0.373458741520262,0.02785481027706063,0.3070141062634715,0.343761224050988,0.37201651702879357,0.4040655890878797,0.4990788815456165,0.3619360161202353,0.02178407062374649,0.3362988340639376,0.34022138567347376,0.3577607887665062,0.3886297887278387,0.4069896492135371,0.0,0.0,0.0,0.0,0.0,0.0,0.0,0.0,0.0,0.0,0.0,0.0,0.0,0.0
qore_dpr,nq_144,50,True,15,5,2.0,0.5,5,0;1;2;3;5,0;1;3;4;5;6;8;11;12;20;21;22;28;29;36;39;40;41;43;45;48,1,1,9,4,4.317339861653806,0.8634679723307611,10,8.9900959890784,4.4950479945392,0.0,0.17770813288539422,-49.82229186711461,-49.82229186711461,-49.82229186711461,True,0.17770813288539422,0.0,3003,0.6777712058133719,0.1536007850968508,0.48619621043785266,0.5058003548860779,0.6347961917115603,0.8958379673294709,1.0,0.8634679723307611,0.10328862024520469,0.683621573602322,0.748847533724454,0.8819056057841407,0.9620504833438763,1.0,0.8947104368959843,0.039179021748909554,0.8105833715542975,0.8416212292493027,0.9005568685897608,0.9450076516018147,0.9693530727435749,0.8990095989078399,0.03697766734237404,0.8445572833599044,0.8531922337772785,0.9053812661570682,0.9397663265976761,0.9524192094206247,0.44735521844799214,0.019589510874454777,0.40529168577714875,0.42081061462465136,0.4502784342948804,0.47250382580090733,0.4846765363717874,0.44950479945391997,0.01848883367118702,0.4222786416799522,0.42659611688863924,0.4526906330785341,0.46988316329883806,0.4762096047103124,0.0,0.0,0.0,0.0,0.0,0.0,0.0,0.0,0.0,0.0,0.0,0.0,0.0,0.0
qore_dpr,nq_145,50,True,15,5,2.0,0.5,5,0;1;2;3;5,8,1,0,1,0,4.002683981803341,0.8005367963606682,10,8.526421946299601,4.263210973149801,0.0,0.2605269913464596,-49.73947300865354,-49.73947300865354,-49.73947300865354,True,0.2605269913464596,0.0,3003,0.49238322157492476,0.25572429548206616,0.2617689614223705,0.2872089386384037,0.38119025883705143,0.8894659753495787,1.0,0.8005367963606682,0.21203308692420278,0.39102347308008206,0.5721148149184125,0.8563961663941575,0.9646050058612772,1.0,0.8029166517090162,0.07676466309233665,0.6132374778824091,0.6872007287086842,0.8123092446934888,0.9070035091391168,0.9591967432411008,0.8526421946299599,0.08096966347422388,0.7378545831616328,0.7571073740831099,0.8872442819574496,0.9415396387113809,0.9428846229905379,0.4014583258545081,0.038382331546168325,0.30661873894120456,0.3436003643543421,0.4061546223467444,0.4535017545695584,0.4795983716205504,0.42632109731497997,0.04048483173711194,0.3689272915808164,0.37855368704155495,0.4436221409787248,0.47076981935569046,0.47144231149526894,0.0,0.0,0.0,0.0,0.0,0.0,0.0,0.0,0.0,0.0,0.0,0.0,0.0,0.0
qore_dpr,nq_146,50,True,15,5,2.0,0.5,5,0;1;2;3;5,2;6;8;9;14;22;33,1,1,5,1,4.219282245872316,0.8438564491744633,10,8.433349824035604,4.216674912017802,0.0,-0.00260733385451406,-50.00260733385451,-50.002607333854506,-50.00260733385451,True,-0.00260733385451406,0.0,3003,0.5586871573835069,0.2355086809899722,0.2900574605009948,0.3140861011815095,0.4212869849386717,0.8956851696536898,1.0,0.8438564491744633,0.1174214462249879,0.6695491915630505,0.71469571991195,0.8235267773534513,0.9775163058082063,1.0,0.8041195123625297,0.06629851830902181,0.6480110190491283,0.7188736106590089,0.7965176306880458,0.8917533132687323,0.9435352567024251,0.8433349824035605,0.07494123061121138,0.724637554157023,0.7438172818322653,0.8869083068035883,0.9094657755451406,0.9420410676524639,0.4020597561812648,0.033149259154510904,0.32400550952456414,0.35943680532950445,0.3982588153440229,0.44587665663436615,0.47176762835121255,0.42166749120178026,0.03747061530560569,0.3623187770785115,0.3719086409161326,0.44345415340179417,0.4547328877725703,0.47102053382623194,0.0,0.0,0.0,0.0,0.0,0.0,0.0,0.0,0.0,0.0,0.0,0.0,0.0,0.0
qore_dpr,nq_147,50,True,15,5,2.0,0.5,5,0;1;2;3;12,0;6;8;11;40,1,1,4,1,2.979496750395222,0.5958993500790444,10,7.7936262839002035,3.8968131419501018,0.0,0.9173163915548797,-49.08268360844512,-49.08268360844512,-49.08268360844512,True,0.9173163915548797,0.0,3003,0.43830830259382864,0.18936406952486767,0.2365382926400843,0.24956152292288775,0.3916871596697699,0.615132838573687,1.0,0.5958993500790444,0.24152989580401604,0.26325860706130333,0.36438674688213596,0.5248133672931671,0.8701383277709468,1.0,0.790888592033471,0.08577542041680224,0.5990942277048228,0.6646546094611606,0.8032895535961242,0.890855877951619,0.9763227270039843,0.7793626283900204,0.09639433112615867,0.6365385271160858,0.6663440621104428,0.8091904618998061,0.8853563577982823,0.9074931778334213,0.3954442960167355,0.04288771020840112,0.2995471138524114,0.3323273047305803,0.4016447767980621,0.4454279389758095,0.48816136350199213,0.3896813141950102,0.04819716556307933,0.3182692635580429,0.3331720310552214,0.4045952309499031,0.44267817889914113,0.45374658891671066,0.0,0.0,0.0,0.0,0.0,0.0,0.0,0.0,0.0,0.0,0.0,0.0,0.0,0.0
qore_dpr,nq_148,50,True,15,5,2.0,0.5,5,0;1;2;3;7,0;1;4;6;17;22,1,1,4,2,4.08440100530578,0.8168802010611561,10,8.610778494544384,4.305389247272192,0.0,0.22098824196641154,-49.77901175803359,-49.77901175803359,-49.77901175803359,True,0.22098824196641154,0.0,3003,0.6241136367867449,0.1849133035680278,0.37877576096062554,0.4152638927673834,0.5612588662384809,0.9069911197989389,1.0,0.8168802010611561,0.15743225393889024,0.5612588662384809,0.6261953644233454,0.8636704831052778,0.9743486177045518,1.0,0.8768668357129928,0.05269702717609657,0.7417910759399629,0.7926668395009412,0.8831047181017089,0.933790107342473,0.9688167917829942,0.8610778494544384,0.06732270693521943,0.7624005910656364,0.7832237549066026,0.8793854996825328,0.931069268255109,0.9688167917829942,0.4384334178564964,0.026348513588048284,0.3708955379699814,0.3963334197504706,0.44155235905085444,0.4668950536712365,0.4844083958914971,0.4305389247272192,0.03366135346760971,0.3812002955328182,0.3916118774533013,0.4396927498412664,0.4655346341275545,0.4844083958914971,0.0,0.0,0.0,0.0,0.0,0.0,0.0,0.0,0.0,0.0,0.0,0.0,0.0,0.0
qore_dpr,nq_149,50,True,15,5,2.0,0.5,5,0;1;2;3;5,2;4,1,1,2,1,4.189669194291081,0.8379338388582163,10,8.498571332940209,4.249285666470104,0.0,0.059616472179023106,-49.94038352782098,-49.94038352782098,-49.94038352782098,True,0.059616472179023106,0.0,3003,0.6380209884462364,0.17758168740189886,0.38803521110627476,0.42617923987995693,0.5885016952647133,0.8868281940849007,1.0,0.8379338388582163,0.12258898564337602,0.6998851687246569,0.7231062862248288,0.761397218849511,0.9881795376967308,1.0,0.8116832585331878,0.060048022044450255,0.683561121645847,0.7337329384897875,0.8071650907061829,0.8946584605493746,0.9711121483546042,0.8498571332940209,0.04470207240195176,0.7792312171107456,0.7951135244116001,0.8444325726874462,0.9039631016176228,0.9153652486263848,0.4058416292665939,0.030024011022225128,0.3417805608229235,0.36686646924489374,0.40358254535309146,0.4473292302746873,0.4855560741773021,0.42492856664701045,0.02235103620097588,0.3896156085553728,0.39755676220580005,0.4222162863437231,0.4519815508088114,0.4576826243131924,0.0,0.0,0.0,0.0,0.0,0.0,0.0,0.0,0.0,0.0,0.0,0.0,0.0,0.0
qore_dpr,nq_150,50,True,15,5,2.0,0.5,5,0;1;2;4;9,,0,0,0,0,3.078357052134692,0.6156714104269384,10,7.249869913204643,3.6249349566023215,0.0,0.5465779044676293,-49.45342209553237,-49.453422095532375,-49.45342209553237,True,0.5465779044676293,0.0,3003,0.4775138095761952,0.16186051568028645,0.3095853626826414,0.35061605544499,0.41550989589063014,0.5965901931173806,1.0,0.6156714104269384,0.2057543057964317,0.3977082937464372,0.4354466902021182,0.5828324549209429,0.842304807432669,1.0,0.7738126457263377,0.0931813381261645,0.5994985062848752,0.6452678762433692,0.7789561973612065,0.9137729437695444,0.9383201832355823,0.7249869913204644,0.06776075139532989,0.6073373230452034,0.6403778567056844,0.7446383392532259,0.793894024316413,0.8220590569592745,0.38690632286316884,0.04659066906308225,0.2997492531424376,0.3226339381216846,0.38947809868060324,0.4568864718847722,0.46916009161779115,0.3624934956602322,0.033880375697664944,0.3036686615226017,0.3201889283528422,0.37231916962661293,0.3969470121582065,0.41102952847963725,0.0,0.0,0.0,0.0,0.0,0.0,0.0,0.0,0.0,0.0,0.0,0.0,0.0,0.0
qore_dpr,nq_151,50,True,15,5,2.0,0.5,5,0;1;2;7;8,4;6;18;22;28;38,1,0,2,0,3.3920650980019507,0.6784130196003901,10,8.482530577334295,4.241265288667147,0.0,0.8492001906651967,-49.150799809334806,-49.1507998093348,-49.150799809334806,True,0.8492001906651967,0.0,3003,0.4575334196015081,0.23166101066058378,0.2582245897836495,0.2683741430244355,0.37540071380859086,0.8589009471798411,1.0,0.6784130196003901,0.2781766823039516,0.3575149734907029,0.36466926961785806,0.6829434962087653,0.9904823657975568,1.0,0.8293571951100458,0.05796187312932164,0.7071373980710927,0.7597711350699414,0.8219663440459937,0.9090993786716732,0.9977367541642936,0.8482530577334296,0.06940905779233948,0.7469976836704412,0.7788965207817953,0.8327252324010812,0.9319573338241713,0.9829597755185561,0.4146785975550229,0.02898093656466082,0.35356869903554633,0.3798855675349707,0.41098317202299683,0.4545496893358366,0.4988683770821468,0.4241265288667148,0.03470452889616974,0.3734988418352206,0.38944826039089764,0.4163626162005406,0.46597866691208567,0.49147988775927803,0.0,0.0,0.0,0.0,0.0,0.0,0.0,0.0,0.0,0.0,0.0,0.0,0.0,0.0
qore_dpr,nq_152,50,True,15,5,2.0,0.5,5,0;1;3;4;5,0;1,1,1,2,2,2.999618232726526,0.5999236465453052,10,7.67488165874199,3.837440829370995,0.0,0.837822596644469,-49.16217740335553,-49.16217740335553,-49.16217740335553,True,0.837822596644469,0.0,3003,0.3680701680938915,0.22764299263310966,0.18273993275712724,0.19438951625202222,0.2483909456365396,0.6614575535595562,1.0,0.5999236465453052,0.24654129339059772,0.3889122024981335,0.3950336363881028,0.4285990536557456,0.911156475739836,1.0,0.7269699218672151,0.06067271979188428,0.601479745923612,0.6684747111501778,0.7136030198933401,0.8089785007654049,0.9910344755994722,0.7674881658741989,0.08648144467765999,0.6768036799208826,0.6915153544122477,0.7421787964688338,0.8371558486060744,0.9910344755994722,0.36348496093360755,0.03033635989594214,0.300739872961806,0.3342373555750889,0.35680150994667004,0.40448925038270245,0.4955172377997361,0.38374408293709944,0.043240722338829994,0.3384018399604413,0.3457576772061238,0.3710893982344169,0.4185779243030372,0.4955172377997361,0.0,0.0,0.0,0.0,0.0,0.0,0.0,0.0,0.0,0.0,0.0,0.0,0.0,0.0
qore_dpr,nq_153,50,True,15,5,2.0,0.5,5,0;1;2;5;13,0;1;46,1,1,2,2,2.7484119948492545,0.5496823989698509,10,7.576340210454941,3.7881701052274703,0.0,1.0397581103782159,-48.960241889621784,-48.960241889621784,-48.960241889621784,True,1.0397581103782159,0.0,3003,0.39369036220585035,0.2226542583773609,0.14363143004174758,0.15792312920918772,0.40319398699043224,0.5613541307422212,1.0,0.5496823989698509,0.27062638181609927,0.15273318967412816,0.2816993448924215,0.5548200286546878,0.8262840795202308,1.0,0.761376911346377,0.08391658165610325,0.5526275544342012,0.6549425485104056,0.7564915910132378,0.8616307619282324,0.9910351891655913,0.7576340210454939,0.1082150512689853,0.5648180114067108,0.6372708697884217,0.8234829129895511,0.8602689151915596,0.8657307354810081,0.3806884556731885,0.04195829082805162,0.2763137772171006,0.3274712742552028,0.3782457955066189,0.4308153809641162,0.49551759458279565,0.37881701052274697,0.05410752563449265,0.2824090057033554,0.31863543489421087,0.41174145649477556,0.4301344575957798,0.43286536774050405,0.0,0.0,0.0,0.0,0.0,0.0,0.0,0.0,0.0,0.0,0.0,0.0,0.0,0.0
qore_dpr,nq_154,50,True,15,5,2.0,0.5,5,0;1;2;3;4,,0,0,0,0,4.004360818760879,0.8008721637521757,10,9.244299459897093,4.622149729948546,0.0,0.6177889111876675,-49.38221108881233,-49.38221108881233,-49.38221108881233,True,0.6177889111876675,0.0,3003,0.5191460115248725,0.22428411269418158,0.29781304003343917,0.3166868383128186,0.42268748713277726,0.8797044125995845,1.0,0.8008721637521757,0.15387369083279293,0.5705466932017393,0.6197172642256895,0.822500951394651,0.9671360213611494,1.0,0.8946304361574317,0.028940537071416056,0.7966439935745006,0.8608746805033376,0.8980980078382913,0.9273258239169555,0.9553666742846325,0.9244299459897091,0.014833233281485808,0.8980980078382913,0.9083696887003064,0.9243047998656814,0.9369979698254242,0.9553666742846325,0.4473152180787158,0.014470268535708028,0.3983219967872503,0.4304373402516688,0.44904900391914565,0.46366291195847775,0.47768333714231626,0.46221497299485453,0.007416616640742904,0.44904900391914565,0.4541848443501532,0.4621523999328407,0.4684989849127121,0.47768333714231626,0.0,0.0,0.0,0.0,0.0,0.0,0.0,0.0,0.0,0.0,0.0,0.0,0.0,0.0
qore_dpr,nq_155,50,True,15,5,2.0,0.5,5,0;1;2;3;7,,0,0,0,0,3.8551301588388727,0.7710260317677744,10,7.121523003331272,3.560761501665636,0.0,-0.2943686571732367,-50.29436865717324,-50.29436865717324,-50.29436865717324,True,-0.2943686571732367,0.0,3003,0.5382333860323005,0.22108682178745745,0.2912721378468001,0.2998190732211245,0.45187176457830364,0.8141185669685918,1.0,0.7710260317677744,0.1777307057412364,0.45187176457830364,0.5828513375454457,0.8012202569502708,0.9290869761256556,1.0,0.7542417647230685,0.10314868075749341,0.542300519948595,0.5953643909017529,0.7746570344235311,0.8825638986619992,0.9296438995235283,0.7121523003331273,0.1180939603794036,0.5526612421161612,0.5537907760696466,0.7420328517068875,0.8366662507306513,0.8874298055482388,0.37712088236153424,0.051574340378746704,0.2711502599742975,0.29768219545087643,0.38732851721176553,0.4412819493309996,0.46482194976176416,0.35607615016656363,0.0590469801897018,0.2763306210580806,0.2768953880348233,0.37101642585344374,0.41833312536532563,0.4437149027741194,0.0,0.0,0.0,0.0,0.0,0.0,0.0,0.0,0.0,0.0,0.0,0.0,0.0,0.0
qore_dpr,nq_156,50,True,15,5,2.0,0.5,5,0;1;2;3;4,0;3;4;5;6;7;8;14;16;17;24;27;39;42;43;49,1,1,8,3,4.72049101096521,0.944098202193042,10,8.981554537766314,4.490777268883157,0.0,-0.22971374208205297,-50.229713742082055,-50.229713742082055,-50.229713742082055,True,-0.22971374208205297,0.0,3003,0.8210706151393201,0.12315870833601997,0.557700989610886,0.6944246103736037,0.874858399505887,0.9554029763108258,1.0,0.944098202193042,0.03680132529479116,0.9024196027707997,0.9080332141442622,0.9278384494157335,0.9895117310296884,1.0,0.9015905819020352,0.02821373840837746,0.8435441901775568,0.8619135281966825,0.9019579824518726,0.937864328082208,0.9825039947372144,0.8981554537766314,0.02929543930310753,0.8577754107987285,0.8614051320980946,0.8948147712003807,0.9377257373739051,0.9463751521638074,0.4507952909510176,0.01410686920418873,0.4217720950887784,0.43095676409834127,0.4509789912259363,0.468932164041104,0.4912519973686072,0.4490777268883157,0.014647719651553766,0.42888770539936427,0.4307025660490473,0.44740738560019033,0.46886286868695254,0.4731875760819037,0.0,0.0,0.0,0.0,0.0,0.0,0.0,0.0,0.0,0.0,0.0,0.0,0.0,0.0
qore_dpr,nq_157,50,True,15,5,2.0,0.5,5,0;1;2;3;4,0;1;49,1,1,2,2,3.561600284917196,0.7123200569834391,10,7.858558164346193,3.9292790821730965,0.0,0.3676787972559006,-49.6323212027441,-49.632321202744095,-49.6323212027441,True,0.3676787972559006,0.0,3003,0.41733333333333333,0.2325035072847126,0.21881284501691695,0.24273164361607408,0.2857363328782573,0.750234937971152,1.0,0.7123200569834391,0.17307506484255739,0.5214257731346827,0.5382482341069627,0.6789030687956312,0.9191158069685997,1.0,0.7732727859192714,0.07963283276780536,0.6009826176068482,0.6472983054658357,0.7706034596136906,0.90045697390792,0.9332603669260991,0.7858558164346192,0.07044873685630117,0.7079163815701118,0.7121067958360188,0.7555244505519316,0.8709787867598463,0.9182237780245253,0.3866363929596357,0.03981641638390268,0.3004913088034241,0.32364915273291783,0.3853017298068453,0.45022848695396,0.4666301834630496,0.3929279082173096,0.03522436842815058,0.3539581907850559,0.3560533979180094,0.3777622252759658,0.43548939337992315,0.45911188901226263,0.0,0.0,0.0,0.0,0.0,0.0,0.0,0.0,0.0,0.0,0.0,0.0,0.0,0.0
qore_dpr,nq_158,50,True,15,5,2.0,0.5,5,0;1;2;5;6,,0,0,0,0,3.8687366545185995,0.7737473309037199,10,7.498809080969414,3.749404540484707,0.0,-0.11933211403389254,-50.119332114033895,-50.119332114033895,-50.119332114033895,True,-0.11933211403389254,0.0,3003,0.586957455771173,0.1768640641846417,0.32935329316596673,0.37191571733611,0.5602820125272644,0.7975289500904797,1.0,0.7737473309037199,0.13267192853424972,0.6417046437114831,0.6436669885254662,0.7536197647296271,0.9307206961324193,1.0,0.7242595647559328,0.053302434160194506,0.6010691925862981,0.6702272981079974,0.7260124256653713,0.7894714552852105,0.9182478027103435,0.7498809080969415,0.04816003624401203,0.688831416944736,0.7033571516334148,0.7363740468942387,0.8040848650140783,0.8567685798126292,0.3621297823779664,0.026651217080097253,0.30053459629314905,0.3351136490539987,0.36300621283268564,0.3947357276426052,0.4591239013551717,0.37494045404847076,0.024080018122006015,0.344415708472368,0.3516785758167074,0.36818702344711934,0.40204243250703914,0.4283842899063146,0.0,0.0,0.0,0.0,0.0,0.0,0.0,0.0,0.0,0.0,0.0,0.0,0.0,0.0
qore_dpr,nq_159,50,True,15,5,2.0,0.5,5,0;1;2;3;4,32;49,0,0,0,0,3.999538755014213,0.7999077510028426,10,7.829817001103062,3.914908500551531,0.0,-0.08463025446268224,-50.08463025446268,-50.08463025446268,-50.08463025446268,True,-0.08463025446268224,0.0,3003,0.6254409655116758,0.15188209084228013,0.4534476497376539,0.49028547099165587,0.5486227349949284,0.8563056989844262,1.0,0.7999077510028426,0.13735812056342755,0.6174171115628483,0.6447812530001795,0.8073540399634344,0.9555760553327016,1.0,0.7651841682563087,0.060355405878269014,0.6519512142258163,0.7041233412370322,0.7577597675574868,0.8492903200911356,0.945736517411938,0.7829817001103061,0.07823114434217705,0.7039838573831538,0.710562300173797,0.7407219436961222,0.8825887220516322,0.945736517411938,0.3825920841281544,0.030177702939134507,0.32597560711290813,0.3520616706185161,0.3788798837787434,0.4246451600455678,0.472868258705969,0.39149085005515305,0.039115572171088527,0.3519919286915769,0.3552811500868985,0.3703609718480611,0.4412943610258161,0.472868258705969,0.0,0.0,0.0,0.0,0.0,0.0,0.0,0.0,0.0,0.0,0.0,0.0,0.0,0.0
qore_dpr,nq_160,50,True,15,5,2.0,0.5,5,0;1;2;3;5,4,1,0,1,0,3.41695666572564,0.683391333145128,10,7.971948386742721,3.9859741933713604,0.0,0.5690175276457206,-49.43098247235428,-49.43098247235427,-49.43098247235428,True,0.5690175276457206,0.0,3003,0.4335552889313557,0.22161011015130802,0.20862559447545007,0.226692762057808,0.3732803643944494,0.7370306629894243,1.0,0.683391333145128,0.20239243615494443,0.4041265825533671,0.4580712936220114,0.7363718538947642,0.8949879476210124,1.0,0.7828323314552686,0.04583642218075565,0.6700058718168072,0.7287618925902349,0.7810311574981006,0.8315331518785957,0.9820988380126884,0.7971948386742722,0.07576970162628496,0.7229829964240866,0.7245650646429421,0.7686083199058447,0.8684546167956838,0.9820988380126884,0.3914161657276343,0.022918211090377824,0.3350029359084036,0.36438094629511747,0.3905155787490503,0.41576657593929783,0.4910494190063442,0.3985974193371361,0.03788485081314248,0.3614914982120433,0.36228253232147106,0.38430415995292233,0.4342273083978419,0.4910494190063442,0.0,0.0,0.0,0.0,0.0,0.0,0.0,0.0,0.0,0.0,0.0,0.0,0.0,0.0
qore_dpr,nq_161,50,True,15,5,2.0,0.5,5,0;1;2;3;5,2;12;21;25;32,1,1,2,1,4.424398712751011,0.8848797425502022,10,8.759277287243776,4.379638643621888,0.0,-0.044760069129123004,-50.044760069129126,-50.04476006912912,-50.044760069129126,True,-0.044760069129123004,0.0,3003,0.7027508416901236,0.15941775926759313,0.45675207341843954,0.5168098127324859,0.7041868379938457,0.9170389994475255,1.0,0.8848797425502022,0.08232477261574188,0.7577342319376114,0.7886754221019274,0.9095368231573667,0.9688161801230526,1.0,0.8881852786628611,0.029273624608670123,0.8400485311205734,0.854831832153283,0.8807493921391285,0.9325977086108256,0.9737102366957656,0.8759277287243776,0.023306482961356154,0.8400485311205734,0.8525917022197302,0.8715213066916123,0.9006619555721219,0.9227131026596999,0.44409263933143056,0.014636812304335061,0.4200242655602867,0.4274159160766415,0.44037469606956425,0.4662988543054128,0.4868551183478828,0.4379638643621888,0.011653241480678077,0.4200242655602867,0.4262958511098651,0.43576065334580616,0.45033097778606096,0.46135655132984993,0.0,0.0,0.0,0.0,0.0,0.0,0.0,0.0,0.0,0.0,0.0,0.0,0.0,0.0
qore_dpr,nq_162,50,True,15,5,2.0,0.5,5,0;1;2;3;6,1;4;17;46,1,1,2,1,3.6203149248072792,0.7240629849614558,10,8.222553936747644,4.111276968373822,0.0,0.49096204356654294,-49.50903795643346,-49.50903795643345,-49.50903795643346,True,0.49096204356654294,0.0,3003,0.49580332785711273,0.20976102558929294,0.29327536964488815,0.3129204094527992,0.4000454947554657,0.8287209402249462,1.0,0.7240629849614558,0.2114535742879076,0.43842082648805764,0.4925810185770252,0.6806136737015038,0.9709836471628965,1.0,0.7862655190156209,0.07742579864521767,0.6368800905946151,0.697043481102883,0.7759418863082295,0.8983399993603206,0.9877982680219956,0.8222553936747644,0.0775779641733814,0.7073539233381301,0.7470332496978234,0.7943503800002732,0.9297133233901045,0.9711777601806975,0.39313275950781046,0.03871289932260884,0.3184400452973076,0.3485217405514415,0.38797094315411473,0.4491699996801603,0.4938991340109978,0.4111276968373822,0.0387889820866907,0.35367696166906504,0.3735166248489117,0.3971751900001366,0.46485666169505224,0.48558888009034873,0.0,0.0,0.0,0.0,0.0,0.0,0.0,0.0,0.0,0.0,0.0,0.0,0.0,0.0
qore_dpr,nq_163,50,True,15,5,2.0,0.5,5,0;1;2;3;5,,0,0,0,0,3.505633459159215,0.7011266918318431,10,7.610890341085397,3.8054451705426984,0.0,0.2998117113834833,-49.700188288616516,-49.700188288616516,-49.700188288616516,True,0.2998117113834833,0.0,3003,0.3924143811732978,0.26946047773542536,0.1384423278413777,0.1636305422363149,0.3095217328421008,0.8515537969128313,1.0,0.7011266918318431,0.2509060385365766,0.3542681250545129,0.394096819317493,0.8348074356140609,0.9450872151114713,1.0,0.7076852963454962,0.06785900445807135,0.5892138997076859,0.6279706315836747,0.7055768815425489,0.7739113348816331,0.9877180006845906,0.7610890341085397,0.09344057300767089,0.5901692514307254,0.6987084185510078,0.7570274165311945,0.8088011313459035,0.9877180006845906,0.3538426481727481,0.03392950222903567,0.29460694985384295,0.31398531579183736,0.35278844077127447,0.38695566744081655,0.4938590003422953,0.38054451705426984,0.046720286503835445,0.2950846257153627,0.3493542092755039,0.37851370826559727,0.40440056567295174,0.4938590003422953,0.0,0.0,0.0,0.0,0.0,0.0,0.0,0.0,0.0,0.0,0.0,0.0,0.0,0.0
qore_dpr,nq_164,50,True,15,5,2.0,0.5,5,0;1;3;4;6,4;32,1,1,1,1,3.2834039456429323,0.6566807891285864,10,7.245766618961687,3.6228833094808435,0.0,0.3394793638379112,-49.66052063616209,-49.66052063616209,-49.66052063616209,True,0.3394793638379112,0.0,3003,0.45531801958891144,0.20939295934195135,0.27331287017422506,0.29375945700574985,0.37916468519879526,0.7430421656363033,1.0,0.6566807891285864,0.22663571454421702,0.3805805340596314,0.4181642961105587,0.6070424970818382,0.9284963901258052,1.0,0.7588378254237038,0.07624412121246331,0.6045739268551378,0.6634788319850935,0.7510310333573603,0.8591596927155927,0.9907174251806776,0.7245766618961687,0.10409336713676488,0.6045739268551378,0.6423811105354946,0.71455796613489,0.8310522890630445,0.9907174251806776,0.3794189127118519,0.038122060606231654,0.3022869634275689,0.33173941599254675,0.37551551667868016,0.42957984635779634,0.4953587125903388,0.3622883309480843,0.05204668356838244,0.3022869634275689,0.3211905552677473,0.357278983067445,0.41552614453152226,0.4953587125903388,0.0,0.0,0.0,0.0,0.0,0.0,0.0,0.0,0.0,0.0,0.0,0.0,0.0,0.0
qore_dpr,nq_165,50,True,15,5,2.0,0.5,5,0;1;2;3;4,0;3;5;12,1,1,4,2,4.179497811822324,0.8358995623644647,10,7.814105903484123,3.9070529517420614,0.0,-0.27244486008026225,-50.27244486008026,-50.272444860080256,-50.27244486008026,True,-0.27244486008026225,0.0,3003,0.5932626915239168,0.19152218388860262,0.38441696225276767,0.3993298180534464,0.5336370445499153,0.8665504868531894,1.0,0.8358995623644647,0.1051354561912966,0.7207220332588065,0.7320321941360948,0.7965825950685218,0.9652782992171871,1.0,0.762516927767772,0.06030727314964723,0.6450935095467578,0.6919589638995653,0.757692554123256,0.8409742002115386,0.9678734711154273,0.7814105903484123,0.07220221310021009,0.70645215402225,0.7093371242223708,0.7778193994641428,0.8393113438695222,0.9642719310735859,0.381258463883886,0.030153636574823613,0.3225467547733789,0.3459794819497827,0.378846277061628,0.4204871001057693,0.48393673555771366,0.39070529517420616,0.036101106550105046,0.353226077011125,0.3546685621111854,0.3889096997320714,0.4196556719347611,0.48213596553679294,0.0,0.0,0.0,0.0,0.0,0.0,0.0,0.0,0.0,0.0,0.0,0.0,0.0,0.0
qore_dpr,nq_166,50,True,15,5,2.0,0.5,5,0;1;2;3;4,0;1;2,1,1,3,3,4.09571503919252,0.8191430078385039,10,8.917756147154673,4.458878073577337,0.0,0.3631630343848169,-49.63683696561518,-49.63683696561519,-49.63683696561518,True,0.3631630343848169,0.0,3003,0.5648793696882698,0.23214420342076,0.18807438150700306,0.23413551577915478,0.581257966867154,0.8638380938398882,1.0,0.8191430078385039,0.12041281988206466,0.6798952587576309,0.6841495366885642,0.856676011350334,0.9474451261998365,1.0,0.8663756104956774,0.04608958662676375,0.7449322377245613,0.7997891877333121,0.8675638117296763,0.9267519097619465,0.9484061505646515,0.8917756147154673,0.030307219188309042,0.8286714563507895,0.8595495886004589,0.895526900319218,0.9256446090811018,0.9348098038716951,0.4331878052478387,0.023044793313381873,0.37246611886228065,0.39989459386665605,0.43378190586483817,0.4633759548809733,0.47420307528232575,0.44588780735773365,0.015153609594154521,0.41433572817539477,0.42977479430022947,0.447763450159609,0.4628223045405509,0.46740490193584755,0.0,0.0,0.0,0.0,0.0,0.0,0.0,0.0,0.0,0.0,0.0,0.0,0.0,0.0
qore_dpr,nq_167,50,True,15,5,2.0,0.5,5,0;1;2;3;4,4;5;24,1,1,2,1,4.36670323067033,0.873340646134066,10,9.144128196767477,4.572064098383739,0.0,0.20536086771340845,-49.79463913228659,-49.79463913228659,-49.79463913228659,True,0.20536086771340845,0.0,3003,0.5889621951234559,0.23453771309741372,0.26580879041422617,0.3232878977260809,0.6121443492573888,0.9077725858811946,1.0,0.873340646134066,0.08754085817292692,0.7563307343688884,0.7782666688053935,0.8587428481178998,0.9761836310893565,1.0,0.8458182438155233,0.05330654718733496,0.7120770957777678,0.7706189052772092,0.8478506443497911,0.9216276913739158,0.9936611179329682,0.9144128196767479,0.021465975669588622,0.8805930853256365,0.8863551516405994,0.91791009232499,0.9411485162724303,0.9477538913815828,0.42290912190776164,0.02665327359366748,0.3560385478888839,0.3853094526386046,0.42392532217489554,0.4608138456869579,0.4968305589664841,0.45720640983837396,0.010732987834794311,0.44029654266281826,0.4431775758202997,0.458955046162495,0.4705742581362152,0.4738769456907914,0.0,0.0,0.0,0.0,0.0,0.0,0.0,0.0,0.0,0.0,0.0,0.0,0.0,0.0
qore_dpr,nq_168,50,True,15,5,2.0,0.5,5,0;1;2;3;4,0;4;17;19;39,1,1,2,2,4.000874212103586,0.8001748424207171,10,8.190411042074226,4.095205521037113,0.0,0.09433130893352715,-49.905668691066474,-49.90566869106647,-49.905668691066474,True,0.09433130893352715,0.0,3003,0.5280939568245804,0.23407407333837632,0.24389497208984315,0.2514781668078332,0.4876300688144391,0.800271107800217,1.0,0.8001748424207171,0.10942632138677104,0.6856306062677946,0.6990499321380098,0.7868385156762898,0.9236904676864675,1.0,0.8232878728928953,0.06017425443305947,0.6995258014110068,0.7539992709991443,0.8135365751658759,0.906266040425696,0.9501036170472177,0.8190411042074226,0.06540313402208835,0.7190858822004503,0.7412934192080758,0.8129407626713664,0.9091541906215657,0.9295238029452237,0.41164393644644764,0.030087127216529733,0.3497629007055034,0.37699963549957216,0.4067682875829379,0.453133020212848,0.47505180852360884,0.4095205521037113,0.03270156701104417,0.35954294110022517,0.3706467096040379,0.4064703813356832,0.45457709531078283,0.46476190147261187,0.0,0.0,0.0,0.0,0.0,0.0,0.0,0.0,0.0,0.0,0.0,0.0,0.0,0.0
qore_dpr,nq_169,50,True,15,5,2.0,0.5,5,0;1;2;3;5,0;1;4;6;8;15;17;18;19;20;22;25;31;33;41;44;46,1,1,5,2,3.5384451457023176,0.7076890291404636,10,8.498887384619357,4.249443692309678,0.0,0.7109985466073607,-49.289001453392636,-49.28900145339264,-49.289001453392636,True,0.7109985466073607,0.0,3003,0.5051623368070061,0.18513301735901208,0.33636291788508654,0.3520726309966016,0.4275242460850617,0.750047137324858,1.0,0.7076890291404636,0.18680400329686087,0.4818380169581466,0.5300022016235563,0.6128402637432117,0.9366073545517155,1.0,0.8602917207889553,0.04980109370475879,0.7544994488485053,0.7973464932801226,0.8602612827024061,0.9258604085087861,0.9853460407053667,0.8498887384619358,0.05681702742417381,0.7620684017458117,0.7683982122403534,0.8423232171276196,0.9160524197930383,0.9225160811893242,0.43014586039447766,0.024900546852379395,0.37724972442425264,0.3986732466400613,0.43013064135120305,0.4629302042543931,0.49267302035268334,0.4249443692309679,0.028408513712086907,0.38103420087290585,0.3841991061201767,0.4211616085638098,0.45802620989651915,0.4612580405946621,0.0,0.0,0.0,0.0,0.0,0.0,0.0,0.0,0.0,0.0,0.0,0.0,0.0,0.0
qore_dpr,nq_170,50,True,15,5,2.0,0.5,5,0;1;2;3;4,0;1;5;8;21;45,1,1,4,2,4.042877344113047,0.8085754688226094,10,8.89047232079448,4.44523616039724,0.0,0.4023588162841927,-49.59764118371581,-49.59764118371581,-49.59764118371581,True,0.4023588162841927,0.0,3003,0.5790788274896026,0.1814959823041317,0.4031099940538353,0.421038180373659,0.4927271909618296,0.8443016754193545,1.0,0.8085754688226094,0.11999776279152732,0.6780226753743835,0.6803761573784909,0.8213364879652624,0.9438447201554997,1.0,0.8602986257911047,0.044468790885157525,0.7606101249119605,0.8068073604265781,0.8595677208726816,0.9159398234024299,0.9860317559864399,0.889047232079448,0.02903521169040712,0.8397575729740281,0.8662685776945513,0.8810434923316017,0.9321398968183074,0.9334705594379689,0.43014931289555236,0.022234395442578762,0.3803050624559802,0.40340368021328904,0.4297838604363408,0.4579699117012149,0.49301587799321994,0.444523616039724,0.01451760584520356,0.41987878648701404,0.4331342888472757,0.44052174616580086,0.4660699484091537,0.46673527971898443,0.0,0.0,0.0,0.0,0.0,0.0,0.0,0.0,0.0,0.0,0.0,0.0,0.0,0.0
qore_dpr,nq_171,50,True,15,5,2.0,0.5,5,0;1;2;3;9,2;4;6;15;24;32;42;44,1,1,3,1,4.288679452398501,0.8577358904797002,10,8.168187136406965,4.084093568203483,0.0,-0.20458588419501833,-50.20458588419502,-50.204585884195026,-50.20458588419502,True,-0.20458588419501833,0.0,3003,0.7194011719382981,0.1306914001033519,0.5501889632893726,0.5605789647007167,0.6825322648936003,0.9104166601326663,1.0,0.8577358904797002,0.11134541295031096,0.6776835139331023,0.7244297385877151,0.8972572880239615,0.9676758299487211,1.0,0.825189351900939,0.05682495842466587,0.7267069678848477,0.7479690567967364,0.8307668422511194,0.9004364008550058,0.9463064429247974,0.8168187136406966,0.058697612454464095,0.7370905455043621,0.7437482134397403,0.8491709569316876,0.8743387910029029,0.8817232637348437,0.4125946759504695,0.028412479212332933,0.36335348394242384,0.3739845283983682,0.4153834211255597,0.4502182004275029,0.4731532214623987,0.4084093568203483,0.029348806227232047,0.3685452727521811,0.37187410671987015,0.4245854784658438,0.43716939550145145,0.44086163186742183,0.0,0.0,0.0,0.0,0.0,0.0,0.0,0.0,0.0,0.0,0.0,0.0,0.0,0.0
qore_dpr,nq_172,50,True,15,5,2.0,0.5,5,0;1;2;3;4,,0,0,0,0,3.9287945403366744,0.7857589080673348,10,7.74252913051945,3.871264565259725,0.0,-0.05752997507694957,-50.057529975076946,-50.057529975076946,-50.057529975076946,True,-0.05752997507694957,0.0,3003,0.5375719032908283,0.21353140530977355,0.28686864066808837,0.2992557949843822,0.505884079348835,0.8774335313433234,1.0,0.7857589080673348,0.16510654805162264,0.5917811560810412,0.5992639898155401,0.7924077747984167,0.9736469476159711,1.0,0.7256079531938507,0.06556662729817622,0.6056684047477153,0.6624558864103516,0.7190604933245723,0.7695460697361132,0.996975456072011,0.774252913051945,0.09868106915179954,0.6788205940720133,0.6948345976764464,0.7352606693518278,0.8850352615135527,0.996975456072011,0.36280397659692537,0.03278331364908811,0.30283420237385766,0.3312279432051758,0.35953024666228617,0.3847730348680566,0.4984877280360055,0.3871264565259725,0.04934053457589977,0.33941029703600667,0.3474172988382232,0.3676303346759139,0.44251763075677636,0.4984877280360055,0.0,0.0,0.0,0.0,0.0,0.0,0.0,0.0,0.0,0.0,0.0,0.0,0.0,0.0
qore_dpr,nq_173,50,True,15,5,2.0,0.5,5,0;1;2;4;8,0;1,1,1,2,2,3.2157339546831,0.64314679093662,10,6.981572113666367,3.4907860568331834,0.0,0.2750521021500836,-49.724947897849916,-49.724947897849916,-49.724947897849916,True,0.2750521021500836,0.0,3003,0.43226089620473906,0.21573882874270997,0.24597615148051702,0.2704700774134254,0.32831039602210466,0.7456809907033192,1.0,0.64314679093662,0.2460400595917294,0.31853356349197,0.360015140981984,0.6964836984057783,0.9113916742273387,1.0,0.6710968495287025,0.10342097955012053,0.5093630283422873,0.5504100349537087,0.6745245327724746,0.7836325197708137,0.9680288452773953,0.6981572113666367,0.13863868940499188,0.552275041608173,0.5745100260738794,0.616922027674877,0.8872060133147567,0.9085036805396318,0.33554842476435126,0.051710489775060264,0.25468151417114365,0.27520501747685433,0.3372622663862373,0.39181625988540686,0.48401442263869765,0.34907860568331833,0.06931934470249594,0.2761375208040865,0.2872550130369397,0.3084610138374385,0.44360300665737834,0.4542518402698159,0.0,0.0,0.0,0.0,0.0,0.0,0.0,0.0,0.0,0.0,0.0,0.0,0.0,0.0
qore_dpr,nq_174,50,True,15,5,2.0,0.5,5,0;1;2;3;4,0;2;6;8;9;12;17;28;45,1,1,6,2,4.551358385985259,0.910271677197052,10,8.346921738673984,4.173460869336992,0.0,-0.3778975166482672,-50.37789751664827,-50.37789751664827,-50.37789751664827,True,-0.3778975166482672,0.0,3003,0.6979045869424222,0.1715469340425615,0.5042634761584734,0.5197032461757581,0.6219310726158286,0.9241206884796611,1.0,0.910271677197052,0.05813583680016352,0.8391319755841911,0.8549580470349717,0.8799843261714726,0.9814179720073813,1.0,0.8017361494597376,0.05793354052337595,0.6818424749574655,0.7205305386750752,0.7968555511502704,0.872077526158228,0.9455594165375784,0.8346921738673985,0.03419704236082777,0.769027222338254,0.7904624904898697,0.8368920937284277,0.8829349361366234,0.8887402535967298,0.4008680747298688,0.028966770261687976,0.34092123747873276,0.3602652693375376,0.3984277755751352,0.436038763079114,0.4727797082687892,0.41734608693369923,0.017098521180413884,0.384513611169127,0.39523124524493486,0.4184460468642138,0.4414674680683117,0.4443701267983649,0.0,0.0,0.0,0.0,0.0,0.0,0.0,0.0,0.0,0.0,0.0,0.0,0.0,0.0
qore_dpr,nq_175,50,True,15,5,2.0,0.5,5,0;1;2;3;11,0;1;2;3;4;5;6;8;17;22;23;44,1,1,8,4,3.287601098167248,0.6575202196334496,10,8.086468327023612,4.043234163511806,0.0,0.7556330653445578,-49.244366934655446,-49.24436693465544,-49.24436693465544,True,0.7556330653445578,0.0,3003,0.47216007518982955,0.19051270043949767,0.2767604066186837,0.30137582548044817,0.41962454552200046,0.7325565036729242,1.0,0.6575202196334496,0.22388990828787356,0.3576463604659791,0.40948371299250574,0.665362469392298,0.9109410106106701,1.0,0.8052553997008167,0.06946475007600465,0.6462194069699666,0.6909887837773999,0.8231937292987058,0.8801244778665533,0.9782702708796677,0.8086468327023614,0.0933710078133422,0.6599147798205849,0.6704256048191278,0.8309724246675804,0.8954194624060863,0.9651408148329109,0.40262769985040836,0.034732375038002326,0.3231097034849833,0.34549439188869996,0.4115968646493529,0.4400622389332767,0.48913513543983383,0.4043234163511807,0.0466855039066711,0.32995738991029244,0.3352128024095639,0.4154862123337902,0.44770973120304314,0.48257040741645546,0.0,0.0,0.0,0.0,0.0,0.0,0.0,0.0,0.0,0.0,0.0,0.0,0.0,0.0
qore_dpr,nq_176,50,True,15,5,2.0,0.5,5,0;1;2;3;4,,0,0,0,0,4.215796626885075,0.8431593253770149,10,7.983914684369516,3.991957342184758,0.0,-0.22383928470031655,-50.22383928470032,-50.22383928470032,-50.22383928470032,True,-0.22383928470031655,0.0,3003,0.5616499206337886,0.22638666139417163,0.2853149076030589,0.33487528603419575,0.500351493490748,0.9126800512671085,1.0,0.8431593253770149,0.13290800953107948,0.6220395588094457,0.6881871697744125,0.8556451892257566,0.9802813170512039,1.0,0.7869999895171109,0.06086326989192758,0.5855869308501966,0.7138716238132253,0.7952475236591785,0.8575847419809777,0.9831320228850794,0.7983914684369516,0.07193458789548501,0.7167704784679666,0.7177133967338201,0.7971002810028935,0.8465181459583724,0.9831320228850794,0.39349999475855546,0.03043163494596379,0.2927934654250983,0.35693581190661267,0.39762376182958925,0.42879237099048884,0.4915660114425397,0.3991957342184758,0.03596729394774251,0.3583852392339833,0.35885669836691003,0.39855014050144677,0.4232590729791862,0.4915660114425397,0.0,0.0,0.0,0.0,0.0,0.0,0.0,0.0,0.0,0.0,0.0,0.0,0.0,0.0
qore_dpr,nq_177,50,True,15,5,2.0,0.5,5,0;1;2;3;4,5;7;12;13;18;20;21;31;34;37;39;43;47,1,0,4,0,4.3940364997660275,0.8788072999532055,10,8.382026104888013,4.191013052444006,0.0,-0.20302344732202116,-50.203023447322025,-50.203023447322025,-50.203023447322025,True,-0.20302344732202116,0.0,3003,0.6458771486507565,0.18676038581334387,0.408731867103416,0.43966869443144596,0.5694581188582124,0.8926955545156762,1.0,0.8788072999532055,0.07497719465652547,0.8087505849321479,0.8132204024333177,0.8326045858680393,0.9731024801123069,1.0,0.8257250848870166,0.04798504221182411,0.701944758329335,0.7711711287430111,0.8221292145586186,0.8879129580329315,0.9435386091992206,0.8382026104888013,0.037867655922077935,0.7778236846631893,0.7797666407091729,0.8511604260748993,0.8777726248702495,0.8861747290831481,0.4128625424435083,0.023992521105912056,0.3509723791646675,0.38558556437150554,0.4110646072793093,0.44395647901646573,0.4717693045996103,0.41910130524440065,0.018933827961038967,0.38891184233159465,0.38988332035458645,0.42558021303744964,0.43888631243512477,0.44308736454157405,0.0,0.0,0.0,0.0,0.0,0.0,0.0,0.0,0.0,0.0,0.0,0.0,0.0,0.0
qore_dpr,nq_178,50,True,15,5,2.0,0.5,5,0;1;2;3;4,2;5;17;21;24;26;28;34;46,1,1,2,1,4.708420035745529,0.9416840071491057,10,9.223609888498876,4.611804944249438,0.0,-0.0966150914960906,-50.09661509149609,-50.09661509149609,-50.09661509149609,True,-0.0966150914960906,0.0,3003,0.6976615970964527,0.19446628439918723,0.44354011652010733,0.46430069090829745,0.7032347521121005,0.9727481011427858,1.0,0.9416840071491057,0.05001603660461082,0.8812086035241679,0.8864399080375863,0.9350331965270104,0.9991565483546544,1.0,0.8936400967156333,0.03760216054345581,0.7640159811024387,0.8572118213100924,0.8979775830666995,0.9347664374878918,0.9652677698046388,0.9223609888498876,0.021788641796527015,0.8758515820195159,0.9074500514212689,0.9198262389609566,0.9432349173013463,0.9652677698046388,0.44682004835781663,0.018801080271727905,0.38200799055121937,0.4286059106550462,0.44898879153334975,0.4673832187439459,0.4826338849023194,0.4611804944249438,0.010894320898263508,0.4379257910097579,0.45372502571063444,0.4599131194804783,0.47161745865067317,0.4826338849023194,0.0,0.0,0.0,0.0,0.0,0.0,0.0,0.0,0.0,0.0,0.0,0.0,0.0,0.0
qore_dpr,nq_179,50,True,15,5,2.0,0.5,5,0;1;2;3;4,,0,0,0,0,3.581971836216481,0.7163943672432962,10,6.891042276328451,3.4455211381642257,0.0,-0.13645069805225551,-50.13645069805226,-50.13645069805225,-50.13645069805226,True,-0.13645069805225551,0.0,3003,0.5449258072078303,0.16309473598277863,0.3320722222093274,0.3807899507238236,0.5314213960268036,0.7078811708372308,1.0,0.7163943672432962,0.15533295653377233,0.5715061612628441,0.5917114825328372,0.6259327773612758,0.9050053732618137,1.0,0.6964368906417722,0.05600388975384391,0.5609777118114796,0.6429266430413635,0.6916805701484565,0.75061085481455,0.9913398881284279,0.6891042276328452,0.07576901904078903,0.6118459192420619,0.6201796453434194,0.6809831134437125,0.7642443684161745,0.8764452423980168,0.3482184453208861,0.028001944876921956,0.2804888559057398,0.32146332152068174,0.34584028507422826,0.375305427407275,0.49566994406421394,0.3445521138164226,0.037884509520394516,0.30592295962103094,0.3100898226717097,0.34049155672185627,0.38212218420808725,0.4382226211990084,0.0,0.0,0.0,0.0,0.0,0.0,0.0,0.0,0.0,0.0,0.0,0.0,0.0,0.0
qore_dpr,nq_180,50,True,15,5,2.0,0.5,5,0;1;2;3;6,1;5;13;41,1,1,3,1,4.451150420002888,0.8902300840005776,10,8.695782487071124,4.347891243535562,0.0,-0.10325917646732563,-50.103259176467326,-50.10325917646733,-50.103259176467326,True,-0.10325917646732563,0.0,3003,0.671511877033406,0.1959569640561303,0.4197297856758924,0.4305199199133032,0.6772039932020241,0.9334205403938581,1.0,0.8902300840005776,0.10828932957201866,0.6833653111883063,0.7708448937772776,0.9300598214922496,0.9742644078646389,1.0,0.8648014793991615,0.04475092724451054,0.7616297803903328,0.8087108099908418,0.8620858185013768,0.9225978341754231,0.9701030595975791,0.8695782487071124,0.04292911822310813,0.8122259573565813,0.8164539630723148,0.8645044190127735,0.9127022936480083,0.958969346187956,0.43240073969958076,0.02237546362225527,0.3808148901951664,0.4043554049954209,0.4310429092506884,0.46129891708771154,0.48505152979878957,0.4347891243535562,0.021464559111554066,0.40611297867829066,0.4082269815361574,0.43225220950638676,0.45635114682400413,0.479484673093978,0.0,0.0,0.0,0.0,0.0,0.0,0.0,0.0,0.0,0.0,0.0,0.0,0.0,0.0
qore_dpr,nq_181,50,True,15,5,2.0,0.5,5,0;1;2;3;8,17;30,0,0,0,0,3.87321927359351,0.774643854718702,10,8.598748956438621,4.299374478219311,0.0,0.4261552046258008,-49.5738447953742,-49.5738447953742,-49.5738447953742,True,0.4261552046258008,0.0,3003,0.6097487916775498,0.16585900536344703,0.41436313473503017,0.4291159204541075,0.5755573222270909,0.8281799017166053,1.0,0.774643854718702,0.1588454828049086,0.5217655043268387,0.5922132604081772,0.8198071156264317,0.9335047036440217,1.0,0.8614850935682927,0.059461735399768165,0.7381675708097618,0.7685715898042116,0.8808554955651569,0.9233284270116757,0.9956062889265309,0.8598748956438621,0.06394537758072928,0.7797045136312192,0.7822336964868052,0.8911597306743636,0.9194976292407169,0.9303626869888982,0.43074254678414636,0.029730867699884082,0.3690837854048809,0.3842857949021058,0.4404277477825784,0.46166421350583786,0.49780314446326546,0.42993744782193105,0.03197268879036464,0.3898522568156096,0.3911168482434026,0.4455798653371818,0.45974881462035844,0.4651813434944491,0.0,0.0,0.0,0.0,0.0,0.0,0.0,0.0,0.0,0.0,0.0,0.0,0.0,0.0
qore_dpr,nq_182,50,True,15,5,2.0,0.5,5,0;1;2;3;4,,0,0,0,0,4.182499091776032,0.8364998183552064,10,7.107895972104193,3.5539479860520964,0.0,-0.6285511057239357,-50.628551105723936,-50.62855110572393,-50.628551105723936,True,-0.6285511057239357,0.0,3003,0.6277350786370586,0.16269142893890665,0.4347866808955088,0.45324235956586895,0.5575445029744335,0.8139531583488488,1.0,0.8364998183552064,0.08404016027841978,0.7621872303710094,0.7761148449207574,0.8001509922346851,0.9292618409699832,1.0,0.7212282964542089,0.06231815894375761,0.6209918745163836,0.6586740483509543,0.7134370045012157,0.8025753164457139,0.9962264504719673,0.7107895972104192,0.04265347444989624,0.646564400276777,0.6720535867855433,0.707336912368284,0.761289407845483,0.8053252405952126,0.36061414822710447,0.031159079471878806,0.3104959372581918,0.32933702417547717,0.35671850225060786,0.40128765822285695,0.49811322523598367,0.3553947986052096,0.02132673722494812,0.3232822001383885,0.33602679339277164,0.353668456184142,0.3806447039227415,0.4026626202976063,0.0,0.0,0.0,0.0,0.0,0.0,0.0,0.0,0.0,0.0,0.0,0.0,0.0,0.0
qore_dpr,nq_183,50,True,15,5,2.0,0.5,5,0;1;2;4;8,12;27;29;49,1,0,1,0,3.7260600200048213,0.7452120040009642,10,6.786200217349949,3.3931001086749744,0.0,-0.3329599113298469,-50.332959911329844,-50.33295991132984,-50.332959911329844,True,-0.3329599113298469,0.0,3003,0.4994669075372736,0.23565695071625464,0.2869403429635397,0.2971899044922184,0.401077267928836,0.8986783518465669,1.0,0.7452120040009642,0.2357763721226099,0.3855652193187832,0.4661447495656848,0.7670505080171676,0.9945720990931333,1.0,0.6740619650133401,0.10550663764090663,0.5196976931442944,0.5659077858202054,0.6367848045584812,0.8239836068621238,0.9566996705482379,0.6786200217349949,0.15806454438713877,0.5196976931442944,0.541877252954765,0.5976534800691732,0.9198346305553587,0.9434003221955738,0.3370309825066701,0.05275331882045332,0.2598488465721472,0.2829538929101027,0.3183924022792406,0.4119918034310619,0.47834983527411895,0.33931001086749746,0.07903227219356938,0.2598488465721472,0.2709386264773825,0.2988267400345866,0.4599173152776794,0.4717001610977869,0.0,0.0,0.0,0.0,0.0,0.0,0.0,0.0,0.0,0.0,0.0,0.0,0.0,0.0
qore_dpr,nq_184,50,True,15,5,2.0,0.5,5,0;1;2;4;7,0;2;4;9,1,1,4,3,3.275557734456108,0.6551115468912216,10,8.26707858381278,4.13353929190639,0.0,0.8579815574502816,-49.14201844254972,-49.14201844254971,-49.14201844254972,True,0.8579815574502816,0.0,3003,0.455486138347368,0.1958009653935804,0.230008074749106,0.2795000576767793,0.39216057215365097,0.6798567308801476,1.0,0.6551115468912216,0.2024190471771956,0.39216057215365097,0.44971369246741266,0.6427777136924674,0.8818304302687738,1.0,0.7922903892597887,0.05980991356535076,0.6489304703330108,0.7290831355014636,0.7870021291232788,0.8617071813991766,0.9936723028862433,0.8267078583812779,0.05727362583215103,0.745854948423432,0.7650888307665004,0.8108581743133921,0.9097567953350755,0.923302329034003,0.39614519462989434,0.02990495678267538,0.3244652351665054,0.3645415677507318,0.3935010645616394,0.4308535906995883,0.49683615144312165,0.41335392919063896,0.028636812916075515,0.372927474211716,0.3825444153832502,0.40542908715669607,0.45487839766753774,0.4616511645170015,0.0,0.0,0.0,0.0,0.0,0.0,0.0,0.0,0.0,0.0,0.0,0.0,0.0,0.0
qore_dpr,nq_185,50,True,15,5,2.0,0.5,5,0;1;2;3;9,,0,0,0,0,4.223145767133923,0.8446291534267847,10,7.068923131122393,3.5344615655611964,0.0,-0.6886842015727268,-50.68868420157273,-50.68868420157273,-50.68868420157273,True,-0.6886842015727268,0.0,3003,0.6764092958643466,0.16287468129719246,0.4765693769823747,0.507510440386619,0.6405909533003743,0.9204879780427198,1.0,0.8446291534267847,0.15022728546373243,0.5670536897062262,0.6701570892173245,0.8913997766175745,0.97595204493046,1.0,0.7371314713011791,0.0608557137865028,0.6482226640922449,0.6660679800055297,0.730608177830636,0.808062116221958,0.9878495601295983,0.7068923131122392,0.054954382786613215,0.6512975349458586,0.6526246789262906,0.6850654903804136,0.7653814473598922,0.819358299069614,0.36856573565058953,0.0304278568932514,0.32411133204612247,0.33303399000276485,0.365304088915318,0.404031058110979,0.4939247800647992,0.3534461565561196,0.027477191393306608,0.3256487674729293,0.3263123394631453,0.3425327451902068,0.3826907236799461,0.409679149534807,0.0,0.0,0.0,0.0,0.0,0.0,0.0,0.0,0.0,0.0,0.0,0.0,0.0,0.0
qore_dpr,nq_186,50,True,15,5,2.0,0.5,5,0;1;2;3;10,0;2;6;7;13;15;18;22;34;38;49,1,1,5,2,4.203556084514227,0.8407112169028453,10,7.899445807926374,3.949722903963187,0.0,-0.25383318055103965,-50.25383318055104,-50.25383318055104,-50.25383318055104,True,-0.25383318055103965,0.0,3003,0.6468409178595483,0.20906171053017764,0.40235808031598014,0.42355543058180367,0.5540965596615246,0.9373579822261168,1.0,0.8407112169028453,0.19157366455300168,0.46797758319655247,0.6297777283695503,0.9025117544352966,0.9842355203013321,1.0,0.8143555800923384,0.06820199849035544,0.6234816297498565,0.7078835895889539,0.8258333097944153,0.8934449942096988,0.9590357014569698,0.7899445807926374,0.09096288308940675,0.6556270588835449,0.6590907695218687,0.8342901597765833,0.8877376685305601,0.901615192819387,0.4071777900461692,0.03410099924517772,0.3117408148749283,0.35394179479447696,0.41291665489720764,0.4467224971048494,0.4795178507284849,0.3949722903963187,0.04548144154470338,0.32781352944177244,0.32954538476093437,0.41714507988829164,0.44386883426528007,0.4508075964096935,0.0,0.0,0.0,0.0,0.0,0.0,0.0,0.0,0.0,0.0,0.0,0.0,0.0,0.0
qore_dpr,nq_187,50,True,15,5,2.0,0.5,5,0;1;2;6;14,0;5;17,1,1,2,1,2.28049353941773,0.456098707883546,10,7.27985483031996,3.63992741515998,0.0,1.35943387574225,-48.64056612425775,-48.64056612425776,-48.64056612425775,True,1.35943387574225,0.0,3003,0.29706425144477155,0.21792542862871653,0.13312684003925418,0.1448654726856395,0.2170183186130193,0.48197027314360474,1.0,0.456098707883546,0.3091986464819968,0.13312684003925418,0.17166543997383055,0.3438287127903173,0.8296258586849853,1.0,0.7414790706263731,0.07803226667064106,0.5905006094776387,0.6393107769751252,0.7350951226479534,0.8451557307206427,0.9418952722938316,0.7279854830319958,0.10812487334074124,0.5905006094776387,0.6046375908277117,0.710245070674399,0.8601857474475305,0.9418952722938316,0.37073953531318654,0.03901613333532053,0.29525030473881936,0.3196553884875626,0.3675475613239767,0.4225778653603213,0.4709476361469158,0.3639927415159979,0.05406243667037062,0.29525030473881936,0.30231879541385587,0.3551225353371995,0.43009287372376526,0.4709476361469158,0.0,0.0,0.0,0.0,0.0,0.0,0.0,0.0,0.0,0.0,0.0,0.0,0.0,0.0
qore_dpr,nq_188,50,True,15,5,2.0,0.5,5,0;1;2;3;5,40,0,0,0,0,4.443510982021232,0.8887021964042464,10,7.934669690067752,3.967334845033876,0.0,-0.4761761369873563,-50.476176136987355,-50.47617613698736,-50.476176136987355,True,-0.4761761369873563,0.0,3003,0.7536831894206342,0.11701545945186907,0.5893844214034021,0.6287249372375516,0.723634142771905,0.9368778637126098,1.0,0.8887021964042464,0.0881867292077343,0.7643115269006046,0.7817228995688248,0.9296891710853682,0.9766681301856417,1.0,0.8062677230585737,0.06800397288824299,0.6853607583550185,0.7326403145280951,0.784919157235715,0.9057008903796611,0.9562659006372092,0.7934669690067752,0.05512630679971102,0.734215683311775,0.7517946041728112,0.7742247999779974,0.8684360547896488,0.9236507421545515,0.4031338615292869,0.034001986444121494,0.34268037917750926,0.36632015726404754,0.3924595786178575,0.45285044518983053,0.4781329503186046,0.3967334845033876,0.02756315339985551,0.3671078416558875,0.3758973020864056,0.3871123999889987,0.4342180273948244,0.4618253710772757,0.0,0.0,0.0,0.0,0.0,0.0,0.0,0.0,0.0,0.0,0.0,0.0,0.0,0.0
qore_dpr,nq_189,50,True,15,5,2.0,0.5,5,0;1;2;4;5,,0,0,0,0,3.3585046605020743,0.6717009321004148,10,6.794756140218967,3.3973780701094833,0.0,0.03887340960740904,-49.96112659039259,-49.961126590392595,-49.96112659039259,True,0.03887340960740904,0.0,3003,0.42651372860320164,0.2345351893311359,0.20399716800627252,0.22011456701897553,0.3413040043845192,0.7533750850865882,1.0,0.6717009321004148,0.23985987123114594,0.4603101540237911,0.4676390105185552,0.4918112082198033,0.9711004011991113,1.0,0.6856406585922776,0.07480141706948709,0.5526365958741191,0.6092415624449731,0.6791230901818316,0.7688810893256254,0.9926413947884674,0.6794756140218967,0.11998210189402697,0.5566457274668414,0.5739143146357625,0.6510494334728862,0.7538590060525727,0.9926413947884674,0.3428203292961388,0.037400708534743546,0.27631829793705953,0.30462078122248654,0.3395615450909158,0.3844405446628127,0.4963206973942337,0.33973780701094836,0.059991050947013486,0.2783228637334207,0.28695715731788124,0.3255247167364431,0.37692950302628636,0.4963206973942337,0.0,0.0,0.0,0.0,0.0,0.0,0.0,0.0,0.0,0.0,0.0,0.0,0.0,0.0
qore_dpr,nq_190,50,True,15,5,2.0,0.5,5,0;1;2;4;5,0;3;15;17,1,1,2,1,4.568804819220773,0.9137609638441546,10,8.693263161314709,4.3466315806573546,0.0,-0.22217323856341853,-50.22217323856342,-50.222173238563414,-50.22217323856342,True,-0.22217323856341853,0.0,3003,0.6018295478603537,0.27947230054014605,0.2538984721729745,0.281970004558933,0.43721920674566217,0.9523712296260506,1.0,0.9137609638441546,0.06896744969031769,0.8132990309345033,0.8318640191085532,0.925526712619672,0.9881070297187878,1.0,0.8098565681723661,0.07190517648998221,0.6352373742318389,0.7182267300484415,0.8081795147544448,0.9018688746066656,0.9838024992681733,0.8693263161314709,0.05250753521833613,0.8051658302745535,0.8186957033328617,0.8464796585470842,0.9222749673291267,0.9838024992681733,0.40492828408618303,0.035952588244991104,0.31761868711591945,0.35911336502422075,0.4040897573772224,0.4509344373033328,0.49190124963408666,0.43466315806573547,0.026253767609168064,0.40258291513727673,0.40934785166643084,0.4232398292735421,0.46113748366456336,0.49190124963408666,0.0,0.0,0.0,0.0,0.0,0.0,0.0,0.0,0.0,0.0,0.0,0.0,0.0,0.0
qore_dpr,nq_191,50,True,15,5,2.0,0.5,5,0;1;2;3;4,0;2;6;8;9;30;35;36;47,1,1,5,2,4.3192387972227735,0.8638477594445547,10,9.252196479288477,4.6260982396442385,0.0,0.306859442421465,-49.69314055757854,-49.69314055757853,-49.69314055757854,True,0.306859442421465,0.0,3003,0.5898209850137536,0.22606396566486475,0.3280565903999445,0.33622463272535175,0.5023820936989464,0.9267042619778358,1.0,0.8638477594445547,0.10767031296001554,0.7388403556999051,0.7402501354018166,0.8805795998153733,0.9829816147011243,1.0,0.8950538893630979,0.03730150331632435,0.7984797473018412,0.8454771861779935,0.9013846926080091,0.9384390357489177,0.9852545954319171,0.9252196479288477,0.025518810826138348,0.8843218821293628,0.9012395456761354,0.9273470140678002,0.9452676381991356,0.9852545954319171,0.44752694468154897,0.018650751658162174,0.3992398736509206,0.42273859308899675,0.45069234630400457,0.46921951787445887,0.49262729771595853,0.46260982396442385,0.012759405413069174,0.4421609410646814,0.4506197728380677,0.4636735070339001,0.4726338190995678,0.49262729771595853,0.0,0.0,0.0,0.0,0.0,0.0,0.0,0.0,0.0,0.0,0.0,0.0,0.0,0.0
qore_dpr,nq_192,50,True,15,5,2.0,0.5,5,0;1;2;4;13,3;11;22,1,0,2,0,3.603213200840899,0.7206426401681798,10,8.021133793857452,4.010566896928726,0.0,0.407353696087827,-49.592646303912176,-49.59264630391217,-49.592646303912176,True,0.407353696087827,0.0,3003,0.5062568966461052,0.21670388174918348,0.3369423980592874,0.3509680034035459,0.39930680603533963,0.8902191272747527,1.0,0.7206426401681798,0.25385828163110036,0.3491141081009962,0.4114013024517247,0.7967053599124913,0.9810246555398375,1.0,0.8013634781960808,0.05277583866929932,0.6833055604040555,0.736281442043124,0.7991361786754744,0.8662469240870939,0.9191579267091265,0.8021133793857451,0.06998705367004306,0.7083209972436267,0.723131445149615,0.7845860766992527,0.8870524640990691,0.9191579267091265,0.4006817390980404,0.02638791933464966,0.3416527802020278,0.368140721021562,0.3995680893377372,0.43312346204354696,0.4595789633545633,0.40105668969287256,0.03499352683502153,0.35416049862181337,0.3615657225748075,0.39229303834962637,0.44352623204953456,0.4595789633545633,0.0,0.0,0.0,0.0,0.0,0.0,0.0,0.0,0.0,0.0,0.0,0.0,0.0,0.0
qore_dpr,nq_193,50,True,15,5,2.0,0.5,5,0;1;2;3;7,,0,0,0,0,4.178619567027827,0.8357239134055654,10,8.93051492544767,4.465257462723835,0.0,0.28663789569600784,-49.71336210430399,-49.713362104304,-49.71336210430399,True,0.28663789569600784,0.0,3003,0.6802395852141323,0.14841008555777013,0.4788867629542436,0.4958568535265243,0.656406193794728,0.8485607951213299,1.0,0.8357239134055654,0.10914859295245792,0.656406193794728,0.7240458138138474,0.8473204125650668,0.9397550867302021,1.0,0.8709435301058397,0.06143759886516807,0.6722473502971356,0.7894716357647804,0.8873055999744074,0.9359914742477519,0.9772765162337189,0.8930514925447669,0.054494202896129496,0.7948840333160727,0.7962731012779596,0.9124234872625347,0.9461593422874868,0.9495892680734914,0.43547176505291985,0.030718799432584036,0.3361236751485678,0.3947358178823902,0.4436527999872037,0.46799573712387593,0.48863825811685946,0.44652574627238345,0.027247101448064748,0.39744201665803636,0.3981365506389798,0.4562117436312674,0.4730796711437434,0.4747946340367457,0.0,0.0,0.0,0.0,0.0,0.0,0.0,0.0,0.0,0.0,0.0,0.0,0.0,0.0
qore_dpr,nq_194,50,True,15,5,2.0,0.5,5,0;1;2;3;4,0;1;19,1,1,2,2,3.2240356878918632,0.6448071375783727,10,7.762689566318983,3.8813447831594914,0.0,0.6573090952676282,-49.34269090473237,-49.342690904732365,-49.34269090473237,True,0.6573090952676282,0.0,3003,0.3873780703427341,0.24396073074004504,0.1505918182468353,0.20075780151143108,0.3069759160369037,0.7408294991298541,1.0,0.6448071375783727,0.2687764051620859,0.419987573604787,0.4221045307173338,0.4321569480534961,0.9786444799389706,1.0,0.7508985445321799,0.07359257548785592,0.6224046325998612,0.6650079889956659,0.7498375775053435,0.8226689163907838,1.0,0.7762689566318982,0.08395245448373222,0.6665016719080573,0.6984484924540227,0.7560208870681622,0.8435095344359292,0.9858582577058477,0.37544927226608993,0.03679628774392796,0.3112023162999306,0.33250399449783297,0.37491878875267176,0.4113344581953919,0.5,0.3881344783159491,0.04197622724186611,0.33325083595402866,0.34922424622701137,0.3780104435340811,0.4217547672179646,0.49292912885292384,0.0,0.0,0.0,0.0,0.0,0.0,0.0,0.0,0.0,0.0,0.0,0.0,0.0,0.0
qore_dpr,nq_195,50,True,15,5,2.0,0.5,5,0;1;2;3;5,,0,0,0,0,4.857131933505635,0.971426386701127,10,9.342217070917217,4.671108535458608,0.0,-0.18602339804702694,-50.18602339804703,-50.18602339804703,-50.18602339804703,True,-0.18602339804702694,0.0,3003,0.8080800542395,0.1426856210290408,0.5758185627552035,0.6066427074890273,0.7946413005245531,0.9917490709446543,1.0,0.971426386701127,0.03460824271172954,0.9055406872715595,0.9318619339644283,0.9819969719677621,0.999300188105033,1.0,0.9315824809012889,0.021122878405825003,0.8742313620360738,0.9063206783337724,0.9327064767406839,0.957619942670333,0.9892749508442906,0.9342217070917218,0.014265566413385571,0.9148602592548811,0.9193560984595004,0.9302116173648972,0.9588340194138248,0.9599790231293699,0.46579124045064446,0.010561439202912502,0.4371156810180369,0.4531603391668862,0.4663532383703419,0.4788099713351665,0.4946374754221453,0.4671108535458609,0.0071327832066927855,0.45743012962744056,0.4596780492297502,0.4651058086824486,0.4794170097069124,0.47998951156468495,0.0,0.0,0.0,0.0,0.0,0.0,0.0,0.0,0.0,0.0,0.0,0.0,0.0,0.0
qore_dpr,nq_196,50,True,15,5,2.0,0.5,5,0;2;3;4;6,0;1;5;6;10;12;15;16;22;26;37;38;45;46,1,1,6,2,3.026355125154606,0.6052710250309212,10,7.8203494488652225,3.9101747244326113,0.0,0.8838195992780054,-49.116180400721994,-49.116180400722,-49.116180400721994,True,0.8838195992780054,0.0,3003,0.4311702357776336,0.19113081892984857,0.21370571889715304,0.23458182887125134,0.4458338186436824,0.5318391320987038,1.0,0.6052710250309212,0.1976187913842385,0.4883969228550669,0.4960664902910198,0.5118595983294231,0.8074111050100667,1.0,0.8051916127986509,0.06909705503944476,0.6320796151586702,0.7300904272183669,0.8010174594683934,0.9020694667087129,0.9678434461979533,0.7820349448865223,0.058543526028083194,0.7207045112711876,0.726614844792062,0.7621285503705082,0.8427252320374805,0.9268109675018916,0.40259580639932546,0.03454852751972238,0.3160398075793351,0.36504521360918346,0.4005087297341967,0.45103473335435645,0.48392172309897663,0.3910174724432611,0.029271763014041597,0.3603522556355938,0.363307422396031,0.3810642751852541,0.42136261601874025,0.4634054837509458,0.0,0.0,0.0,0.0,0.0,0.0,0.0,0.0,0.0,0.0,0.0,0.0,0.0,0.0
qore_dpr,nq_197,50,True,15,5,2.0,0.5,5,0;1;2;3;11,1,1,1,1,1,3.7742623979912118,0.7548524795982423,10,8.36506415045004,4.18253207522502,0.0,0.40826967723380836,-49.59173032276619,-49.591730322766196,-49.59173032276619,True,0.40826967723380836,0.0,3003,0.48738000889307387,0.25677941443127544,0.15530249529190207,0.19857776208411804,0.4018243879472693,0.8794923101067168,1.0,0.7548524795982423,0.24055464143924488,0.31530524168236035,0.4812735404896422,0.7887319522912744,0.9759996861268048,1.0,0.8498178153835263,0.07103056166322519,0.6723799608446042,0.7446683606579356,0.8643557145318255,0.9358192522913221,0.982304086126195,0.836506415045004,0.07898045324875139,0.7026460005478536,0.7340614127418982,0.8676593576248073,0.9091249807994151,0.944092048272597,0.42490890769176315,0.035515280831612595,0.3361899804223021,0.3723341803289678,0.43217785726591273,0.46790962614566106,0.4911520430630975,0.418253207522502,0.03949022662437569,0.3513230002739268,0.3670307063709491,0.43382967881240364,0.45456249039970753,0.4720460241362985,0.0,0.0,0.0,0.0,0.0,0.0,0.0,0.0,0.0,0.0,0.0,0.0,0.0,0.0
qore_dpr,nq_198,50,True,15,5,2.0,0.5,5,0;1;2;3;4,0;1;4;5;11;12;15;16;18;20;21;37;45;48,1,1,6,3,4.6029139643603365,0.9205827928720673,10,8.69398329473202,4.34699164736601,0.0,-0.25592231699432677,-50.25592231699433,-50.25592231699432,-50.25592231699433,True,-0.25592231699432677,0.0,3003,0.7103350920202448,0.16244221912185114,0.5192230394020706,0.5365062121360261,0.6568460237621898,0.920739952127987,1.0,0.9205827928720673,0.04519638841359696,0.8624494392601203,0.8787230267279371,0.9082935908717269,0.9716150105195308,1.0,0.8683140841937028,0.04590534545858846,0.743278008214749,0.8144829996391024,0.8652042030835535,0.9315899133247973,0.976867717320117,0.869398329473202,0.032749737343313254,0.8187833844564795,0.8204271577945488,0.8677938222595023,0.9060758738673896,0.9299597901428974,0.4341570420968514,0.02295267272929423,0.3716390041073745,0.4072414998195512,0.43260210154177675,0.4657949566623987,0.4884338586600585,0.434699164736601,0.016374868671656627,0.40939169222823973,0.4102135788972744,0.43389691112975115,0.4530379369336948,0.4649798950714487,0.0,0.0,0.0,0.0,0.0,0.0,0.0,0.0,0.0,0.0,0.0,0.0,0.0,0.0
qore_dpr,nq_199,50,True,15,5,2.0,0.5,5,0;1;2;3;4,1;7;9;11;16;17;19;45,1,1,4,1,4.506772906313175,0.9013545812626352,10,8.764437310201224,4.382218655100612,0.0,-0.12455425121256347,-50.124554251212565,-50.124554251212565,-50.124554251212565,True,-0.12455425121256347,0.0,3003,0.6358125017985063,0.2052446887525366,0.40134929848590467,0.4105096333366404,0.5669463102381501,0.9473379314965591,1.0,0.9013545812626352,0.0806173548816077,0.7805019153286854,0.8037554100143408,0.9262163593422041,0.9845675918397849,1.0,0.8610115618681231,0.051600556945506165,0.7403326458183808,0.7837624530086704,0.8657605578219342,0.9268424271417867,0.9451079042567632,0.8764437310201222,0.032109762464525834,0.8323103201650766,0.8400214534028041,0.8729529252321552,0.9154071631588825,0.935553453102938,0.43050578093406155,0.025800278472753083,0.3701663229091904,0.3918812265043352,0.4328802789109671,0.46342121357089333,0.4725539521283816,0.4382218655100611,0.016054881232262917,0.4161551600825383,0.42001072670140205,0.4364764626160776,0.45770358157944124,0.467776726551469,0.0,0.0,0.0,0.0,0.0,0.0,0.0,0.0,0.0,0.0,0.0,0.0,0.0,0.0
qore_as_control,nq_0,50,True,15,5,2.0,0.5,5,0;1;25;32;37,0;1;4;38,1,1,3,2,4.651345229987886,0.9302690459975771,10,8.54112862304598,4.27056431152299,0.0,-0.3807809184648958,-50.38078091846489,-50.3807809184649,-50.38078091846489,True,-0.3807809184648958,0.0,3003,0.6954076668625202,0.22858955068262507,0.2905352114913259,0.3477799280138798,0.7782883320883904,0.9707335292412549,1.0,0.9302690459975771,0.06258803143681826,0.8392681420813102,0.8565923480079869,0.9348276468194453,0.9978683136756512,1.0,0.84504695520103,0.05480203067357499,0.7315275149424315,0.7803308574414901,0.8371791211299134,0.9182245904344735,0.9546248272224303,0.8541128623045979,0.05306950606707552,0.7935596433002927,0.7957951283410465,0.849582073861139,0.932401675562219,0.9339137450017412,0.422523477600515,0.027401015336787495,0.36576375747121576,0.39016542872074506,0.4185895605649567,0.45911229521723673,0.4773124136112151,0.42705643115229897,0.02653475303353776,0.39677982165014636,0.39789756417052324,0.4247910369305695,0.4662008377811095,0.4669568725008706,0.0,0.0,0.0,0.0,0.0,0.0,0.0,0.0,0.0,0.0,0.0,0.0,0.0,0.0
qore_as_control,nq_1,50,True,15,5,2.0,0.5,5,1;12;30;43;48,0;1;7;9;14;30,1,1,5,2,4.953911101777492,0.9907822203554983,10,7.231898500225278,3.615949250112639,0.0,-1.3379618516648528,-51.33796185166485,-51.33796185166486,-51.33796185166485,True,-1.3379618516648528,0.0,3003,0.8639052672390833,0.16388658889443072,0.5558162086154392,0.6006478350684598,0.975722234362328,0.9990451281563338,1.0,0.9907822203554983,0.008221658782613026,0.975722234362328,0.981531145366935,0.9923038044660316,0.9982562204301149,1.0,0.8002189231544901,0.07068623992456836,0.5748703822428153,0.6940824859924525,0.8198892321751923,0.8661154586975607,0.9804006111199353,0.7231898500225278,0.0720891293767687,0.5748703822428153,0.6449385270722676,0.727373102895465,0.8035481954222434,0.8305628905463935,0.40010946157724503,0.03534311996228418,0.28743519112140764,0.34704124299622624,0.40994461608759614,0.43305772934878034,0.49020030555996763,0.3615949250112639,0.03604456468838435,0.28743519112140764,0.3224692635361338,0.3636865514477325,0.4017740977111217,0.41528144527319677,0.0,0.0,0.0,0.0,0.0,0.0,0.0,0.0,0.0,0.0,0.0,0.0,0.0,0.0
qore_as_control,nq_2,50,True,15,5,2.0,0.5,5,0;1;32;37;47,0;1;6;7;16;19;22;23;32;33;35;38;45,1,1,5,3,2.577519988485161,0.5155039976970321,10,6.9611088309995095,3.4805544154997548,0.0,0.9030344270145938,-49.096965572985404,-49.096965572985404,-49.096965572985404,True,0.9030344270145938,0.0,3003,0.22484116569570436,0.28837841613678655,0.03044310099209357,0.03299282421648798,0.12450390732661144,0.6398982811870063,1.0,0.5155039976970321,0.34003029074323676,0.1675297902923603,0.19365374683071473,0.33196014372863014,0.9380761491303696,1.0,0.6836549450417442,0.07819619538884955,0.5294433976582195,0.5848300682742998,0.6826258850143849,0.7601253642533016,0.9914678296876349,0.696110883099951,0.1290005241152224,0.5294433976582195,0.5450017873505875,0.6982608293433419,0.7979585093999697,0.9914678296876349,0.3418274725208721,0.03909809769442477,0.26472169882910973,0.2924150341371499,0.34131294250719246,0.3800626821266508,0.49573391484381746,0.3480554415499755,0.0645002620576112,0.26472169882910973,0.27250089367529373,0.34913041467167094,0.39897925469998485,0.49573391484381746,0.0,0.0,0.0,0.0,0.0,0.0,0.0,0.0,0.0,0.0,0.0,0.0,0.0,0.0
qore_as_control,nq_3,50,True,15,5,2.0,0.5,5,4;29;37;45;49,4;6;24;29;37;45;47;49,1,1,8,5,4.886831560180945,0.9773663120361891,10,8.856787463091608,4.428393731545804,0.0,-0.45843782863514093,-50.45843782863514,-50.45843782863514,-50.45843782863514,True,-0.45843782863514093,0.0,3003,0.6488217968144936,0.373874638717219,0.11628361549214983,0.1269956989650969,0.8773408311169042,0.9959425045269324,1.0,0.9773663120361891,0.031190666060200142,0.9166791270391447,0.9417499170367502,0.9926764706912634,0.9992479441669514,1.0,0.8770839478405789,0.05203005428390668,0.7335027086765308,0.7959126644359245,0.885940961482407,0.9362356605323047,0.9648015792053208,0.8856787463091609,0.03960406417755598,0.8235275241142893,0.8388334778521304,0.8875584679418291,0.9213332469499077,0.9587757464696431,0.43854197392028943,0.02601502714195334,0.3667513543382654,0.3979563322179622,0.4429704807412035,0.46811783026615233,0.4824007896026604,0.44283937315458044,0.01980203208877799,0.41176376205714466,0.4194167389260652,0.44377923397091457,0.46066662347495385,0.47938787323482157,0.0,0.0,0.0,0.0,0.0,0.0,0.0,0.0,0.0,0.0,0.0,0.0,0.0,0.0
qore_as_control,nq_4,50,True,15,5,2.0,0.5,5,0;16;26;29;40,0;3;7;16;24;26;27;33;40;47,1,1,10,4,4.92330446547078,0.984660893094156,10,8.538989055969182,4.269494527984591,0.0,-0.653809937486189,-50.65380993748619,-50.65380993748619,-50.65380993748619,True,-0.653809937486189,0.0,3003,0.9113224950959051,0.11993890459505818,0.565046861290938,0.7578513971947919,0.9536035261757196,0.9934595014659637,1.0,0.984660893094156,0.015235231736811027,0.9573064170726214,0.9666835562601132,0.9884488427406037,0.9987199762464815,1.0,0.8621608599217513,0.049494517849883235,0.7828573157131418,0.801528309997786,0.8540748480942886,0.9390994381775845,0.9961978873983273,0.8538989055969182,0.037165515244139136,0.7936334192159885,0.8048739331658882,0.8576456948968794,0.8991801478727514,0.9274032216896974,0.43108042996087564,0.024747258924941617,0.3914286578565709,0.400764154998893,0.4270374240471443,0.46954971908879223,0.49809894369916363,0.4269494527984591,0.018582757622069568,0.39681670960799426,0.4024369665829441,0.4288228474484397,0.4495900739363757,0.4637016108448487,0.0,0.0,0.0,0.0,0.0,0.0,0.0,0.0,0.0,0.0,0.0,0.0,0.0,0.0
qore_as_control,nq_5,50,True,15,5,2.0,0.5,5,0;5;8;10;21,19;44,1,0,2,0,3.6462572718587354,0.7292514543717471,10,8.888063393982742,4.444031696991371,0.0,0.7977744251326357,-49.20222557486736,-49.20222557486737,-49.20222557486736,True,0.7977744251326357,0.0,3003,0.34472967078393685,0.2965196778300248,0.041979128378639076,0.05062070202353751,0.24670706198671444,0.727691902733077,1.0,0.7292514543717471,0.14812555477582529,0.5748247679972405,0.5971748237321418,0.6837382759156182,0.9027977282445532,1.0,0.8577232414320025,0.041658605204728735,0.7706363317502762,0.8021359459682343,0.8579986361669506,0.9151032761107717,0.9498130575018967,0.8888063393982742,0.03318003622246618,0.8253358999437135,0.8515022859569994,0.8908637194271076,0.9205579341626748,0.9401880407050404,0.42886162071600126,0.020829302602364368,0.3853181658751381,0.40106797298411717,0.4289993180834753,0.45755163805538585,0.47490652875094835,0.4444031696991371,0.01659001811123309,0.41266794997185674,0.4257511429784997,0.4454318597135538,0.4602789670813374,0.4700940203525202,0.0,0.0,0.0,0.0,0.0,0.0,0.0,0.0,0.0,0.0,0.0,0.0,0.0,0.0
qore_as_control,nq_6,50,True,15,5,2.0,0.5,5,0;3;5;11;12,9;33,0,0,0,0,2.7910423166953375,0.5582084633390675,10,9.058967500802558,4.529483750401279,0.0,1.7384414337059413,-48.261558566294056,-48.261558566294056,-48.261558566294056,True,1.7384414337059413,0.0,3003,0.21775347078789625,0.31845045485524226,0.005132950259452377,0.006384980184301503,0.09252569900760393,0.7228593233951532,1.0,0.5582084633390675,0.35597235486470297,0.21179516982965602,0.23256200892837317,0.33230802089193057,0.9932907433589209,1.0,0.8869005734734968,0.02964309003678438,0.8264856550994403,0.8536430423449258,0.8836788156540736,0.9312960414607308,0.9912544258246628,0.9058967500802557,0.04134476421715397,0.8531181538474404,0.8598464136018997,0.911144196796386,0.9409752679965673,0.9912544258246628,0.4434502867367484,0.01482154501839219,0.41324282754972014,0.4268215211724629,0.4418394078270368,0.4656480207303654,0.4956272129123314,0.45294837504012786,0.020672382108576984,0.4265590769237202,0.42992320680094986,0.455572098398193,0.47048763399828364,0.4956272129123314,0.0,0.0,0.0,0.0,0.0,0.0,0.0,0.0,0.0,0.0,0.0,0.0,0.0,0.0
qore_as_control,nq_7,50,True,15,5,2.0,0.5,5,4;9;34;42;49,,0,0,0,0,3.3993854674387642,0.6798770934877528,10,9.030805196519799,4.515402598259899,0.0,1.116017130821135,-48.883982869178865,-48.883982869178865,-48.883982869178865,True,1.116017130821135,0.0,3003,0.37533909442970875,0.25002774033927777,0.06976390871041713,0.13510334288819043,0.2966788368158298,0.6985045602699089,1.0,0.6798770934877528,0.1826660828696685,0.48682121177011095,0.49903119798057294,0.6931314337676172,0.8808346578419081,1.0,0.9020283108241354,0.03857569694231769,0.7943326014718397,0.8287368790182269,0.9121759359718671,0.9400704756533181,0.959833036820289,0.9030805196519799,0.01592805632759846,0.8821516395633218,0.8840157506795449,0.9023486741241026,0.9118164221402961,0.9442512721648904,0.4510141554120677,0.019287848471158844,0.39716630073591985,0.41436843950911345,0.45608796798593354,0.47003523782665907,0.4799165184101445,0.45154025982598994,0.00796402816379923,0.4410758197816609,0.4420078753397724,0.4511743370620513,0.45590821107014806,0.4721256360824452,0.0,0.0,0.0,0.0,0.0,0.0,0.0,0.0,0.0,0.0,0.0,0.0,0.0,0.0
qore_as_control,nq_8,50,True,15,5,2.0,0.5,5,1;7;18;39;43,,0,0,0,0,1.2787881284364273,0.25575762568728544,10,6.252202546025151,3.1261012730125755,0.0,1.8473131445761481,-48.15268685542385,-48.15268685542385,-48.15268685542385,True,1.8473131445761481,0.0,3003,0.09689845531934176,0.25037917961685063,0.00034149855185878434,0.0008316570927742562,0.006410640469217219,0.19640369503060384,1.0,0.25575762568728544,0.385773928015619,0.0004610734896623171,0.0017763511059218015,0.007950803993801277,0.7066507933690611,1.0,0.715233094885228,0.11432537797623439,0.5358401563699648,0.583190048811033,0.6845679582897632,0.8778782067085884,0.9284828564623164,0.625220254602515,0.06038739575687314,0.5651599426267471,0.5654177413784884,0.6057908877249436,0.6930863682380601,0.7697520577727326,0.357616547442614,0.057162688988117195,0.2679200781849824,0.2915950244055165,0.3422839791448816,0.4389391033542942,0.4642414282311582,0.3126101273012575,0.03019369787843657,0.28257997131337353,0.2827088706892442,0.3028954438624718,0.34654318411903007,0.3848760288863663,0.0,0.0,0.0,0.0,0.0,0.0,0.0,0.0,0.0,0.0,0.0,0.0,0.0,0.0
qore_as_control,nq_9,50,True,15,5,2.0,0.5,5,15;19;34;43;48,,0,0,0,0,3.542308456279136,0.7084616912558273,10,8.074523201595353,4.0372616007976765,0.0,0.49495314451854044,-49.50504685548146,-49.50504685548147,-49.50504685548146,True,0.49495314451854044,0.0,3003,0.2952912138872416,0.3257321819617548,0.02290870881484414,0.024692597946344895,0.10531192533353927,0.8165687886656544,1.0,0.7084616912558273,0.215318398674323,0.42146111880574033,0.45649252618733793,0.7525791573127115,0.9436914171603799,1.0,0.8028197967143825,0.0548417584516134,0.6917062878500331,0.7443901373438356,0.7936123731953348,0.8789932896632668,0.9715507705767298,0.8074523201595352,0.041995619384851,0.7442550252681914,0.7524255337177295,0.8068066099764211,0.8657810959879659,0.8703895572696649,0.40140989835719126,0.0274208792258067,0.34585314392501654,0.3721950686719178,0.3968061865976674,0.4394966448316334,0.4857753852883649,0.4037261600797676,0.0209978096924255,0.3721275126340957,0.37621276685886473,0.40340330498821053,0.43289054799398297,0.43519477863483247,0.0,0.0,0.0,0.0,0.0,0.0,0.0,0.0,0.0,0.0,0.0,0.0,0.0,0.0
qore_as_control,nq_10,50,True,15,5,2.0,0.5,5,5;8;11;42;46,0;1;2;3;5;8;9;11;14;17;23;36;39;42,1,1,7,4,3.7488202508841377,0.7497640501768276,10,7.949576893064805,3.9747884465324024,0.0,0.22596819564826465,-49.774031804351736,-49.774031804351736,-49.774031804351736,True,0.22596819564826465,0.0,3003,0.5007304155489777,0.22753863215925263,0.22669412770077685,0.22913772111102734,0.47402294454254706,0.8328641038501784,1.0,0.7497640501768276,0.18558002486166233,0.5542444064698542,0.56601265367924,0.6684119405120023,0.976999551763585,1.0,0.7733554057865185,0.04624587830789768,0.6624707970179882,0.710804866605954,0.7752164084396791,0.8321245995095089,0.929307138028552,0.7949576893064805,0.03294891641692985,0.7355661916940868,0.747746970154733,0.7936063140963306,0.8374507417164526,0.8437152271896872,0.38667770289325926,0.02312293915394884,0.3312353985089941,0.355402433302977,0.38760820421983955,0.41606229975475445,0.464653569014276,0.39747884465324024,0.016474458208464927,0.3677830958470434,0.3738734850773665,0.3968031570481653,0.4187253708582263,0.4218576135948436,0.0,0.0,0.0,0.0,0.0,0.0,0.0,0.0,0.0,0.0,0.0,0.0,0.0,0.0
qore_as_control,nq_11,50,True,15,5,2.0,0.5,5,0;3;14;32;37,3;7;14;37,1,1,4,3,4.822405174546096,0.9644810349092191,10,7.769646693458948,3.884823346729474,0.0,-0.9375818278166217,-50.93758182781662,-50.93758182781662,-50.93758182781662,True,-0.9375818278166217,0.0,3003,0.39271962100199687,0.4733303640894587,0.0014370916220352444,0.0015871961488474104,0.021003593819066392,0.99995463334752,1.0,0.9644810349092191,0.06615918057722359,0.8323120353114397,0.8959882871993787,0.9986944419325737,0.99995463334752,0.9999811021960103,0.7481102920107146,0.07157483236133819,0.6209964035212671,0.6747943135156134,0.7296513281865755,0.8367549542706905,0.9891966633331664,0.7769646693458948,0.08161068936957558,0.6958722358301179,0.7129019536533021,0.7473040418546626,0.8526193485243491,0.9779077523569578,0.3740551460053573,0.03578741618066909,0.31049820176063353,0.3373971567578067,0.36482566409328776,0.41837747713534523,0.4945983316665832,0.3884823346729474,0.04080534468478779,0.34793611791505896,0.35645097682665106,0.3736520209273313,0.42630967426217453,0.4889538761784789,0.0,0.0,0.0,0.0,0.0,0.0,0.0,0.0,0.0,0.0,0.0,0.0,0.0,0.0
qore_as_control,nq_12,50,True,15,5,2.0,0.5,5,0;14;21;29;39,0;1;41,1,1,2,1,4.683645611999037,0.9367291223998073,10,7.706736545523187,3.8533682727615934,0.0,-0.8302773392374432,-50.83027733923744,-50.83027733923745,-50.83027733923744,True,-0.8302773392374432,0.0,3003,0.7419618985161068,0.2805072304808907,0.15002156486425344,0.29439326449693604,0.9089206893428288,0.9891259270920633,1.0,0.9367291223998073,0.048217733800498624,0.8665476935513193,0.8848701684538687,0.923976952899466,0.9923068338962233,1.0,0.7848749721162018,0.08857639739959748,0.6073458529529993,0.6578385707314264,0.7907486260170352,0.8875094012240874,0.9810396952354722,0.7706736545523187,0.06138215579449056,0.6769357352463435,0.6889358511295827,0.7652684445733582,0.8478426665865423,0.8603001554486251,0.3924374860581009,0.04428819869979874,0.3036729264764996,0.3289192853657132,0.3953743130085176,0.4437547006120437,0.4905198476177361,0.38533682727615937,0.03069107789724528,0.33846786762317177,0.34446792556479133,0.3826342222866791,0.42392133329327114,0.4301500777243126,0.0,0.0,0.0,0.0,0.0,0.0,0.0,0.0,0.0,0.0,0.0,0.0,0.0,0.0
qore_as_control,nq_13,50,True,15,5,2.0,0.5,5,0;1;4;5;31,0;1;3;4;5;16;31,1,1,7,5,4.862721176295766,0.9725442352591532,10,8.473733470427755,4.236866735213877,0.0,-0.6258544410818887,-50.62585444108189,-50.625854441081884,-50.625854441081884,True,-0.6258544410818887,0.0,3003,0.4646575058671093,0.45421832341159346,0.0038132332008759414,0.0074836396788998515,0.17690415858432743,0.9998283122110779,1.0,0.9725442352591532,0.05325191975534689,0.8660559272771651,0.9186076497047901,0.9994721929694124,0.9999031290811845,1.0,0.7383134855530242,0.08548107604101357,0.5998283077104525,0.6461500072089761,0.7143019527358323,0.8697828434526137,0.9730758912675583,0.8473733470427754,0.045143429981589864,0.7973343155604457,0.8044192151568237,0.8344213787572481,0.91610573781935,0.9415715370489981,0.3691567427765121,0.042740538020506785,0.29991415385522624,0.32307500360448804,0.35715097636791615,0.43489142172630685,0.48653794563377917,0.4236866735213877,0.022571714990794932,0.3986671577802228,0.40220960757841184,0.41721068937862404,0.458052868909675,0.47078576852449905,0.0,0.0,0.0,0.0,0.0,0.0,0.0,0.0,0.0,0.0,0.0,0.0,0.0,0.0
qore_as_control,nq_14,50,True,15,5,2.0,0.5,5,10;11;28;31;45,0;1;2;9;11,1,1,5,1,4.900310647844276,0.9800621295688552,10,7.280395526872177,3.6401977634360887,0.0,-1.2601128844081875,-51.26011288440819,-51.26011288440819,-51.26011288440819,True,-1.2601128844081875,0.0,3003,0.9820936058471043,0.02007557867297912,0.9447687022372733,0.9502498758326263,0.9916343344960253,0.999998235682689,1.0,0.9800621295688552,0.01931521564426678,0.9447687022372733,0.958823635410797,0.9806734535960574,0.9979815017855748,0.9999825952481481,0.8149801875715768,0.06321091040111151,0.6565833858737296,0.7510948247516791,0.8064011885017052,0.8942575195434357,0.988420034123388,0.7280395526872178,0.04348410834571663,0.6565833858737296,0.6745421975213093,0.7327140112838975,0.7816837536888195,0.7952058646932404,0.4074900937857884,0.03160545520055576,0.3282916929368648,0.37554741237583955,0.4032005942508526,0.44712875977171784,0.494210017061694,0.3640197763436089,0.021742054172858315,0.3282916929368648,0.33727109876065464,0.36635700564194873,0.39084187684440974,0.3976029323466202,0.0,0.0,0.0,0.0,0.0,0.0,0.0,0.0,0.0,0.0,0.0,0.0,0.0,0.0
qore_as_control,nq_15,50,True,15,5,2.0,0.5,5,15;17;18;36;49,,0,0,0,0,1.5684782229875203,0.31369564459750404,10,6.7277308414002235,3.3638654207001117,0.0,1.7953871977125915,-48.20461280228741,-48.204612802287414,-48.20461280228741,True,1.7953871977125915,0.0,3003,0.11323870017186702,0.2529008943551967,0.0014233246782830713,0.0018663934410029814,0.017702439279364563,0.2744838570374892,1.0,0.31369564459750404,0.36173913556378,0.02253121931865023,0.022861840671895978,0.19534840771386994,0.7308963293012942,1.0,0.695363297925048,0.0420780590263974,0.5951163999469785,0.6392294045116999,0.6939632209543349,0.7521830824932422,0.7810639028989055,0.6727730841400222,0.038927795961306966,0.6007419461771868,0.6330553165802418,0.6791131690941097,0.719477820716063,0.7379943881876815,0.347681648962524,0.0210390295131987,0.29755819997348926,0.3196147022558499,0.34698161047716747,0.3760915412466211,0.39053195144945274,0.3363865420700111,0.019463897980653483,0.3003709730885934,0.3165276582901209,0.33955658454705484,0.3597389103580315,0.36899719409384074,0.0,0.0,0.0,0.0,0.0,0.0,0.0,0.0,0.0,0.0,0.0,0.0,0.0,0.0
qore_as_control,nq_16,50,True,15,5,2.0,0.5,5,5;7;27;43;46,4;27,1,1,1,1,3.3698220628839843,0.6739644125767968,10,7.973541831371615,3.9867709156858075,0.0,0.6169488528018232,-49.383051147198174,-49.383051147198174,-49.383051147198174,True,0.6169488528018232,0.0,3003,0.2767836658072834,0.34651042148037947,0.020970955058019457,0.025237623113477093,0.09368226445974033,0.8815569507128245,1.0,0.6739644125767968,0.32954726637079457,0.10080121749222096,0.280199795419928,0.7513847956767018,0.9873353549614292,1.0,0.8115223619544392,0.060935609241202816,0.6661138707140283,0.7306440613206006,0.8146832059381333,0.88770600047637,0.9465931949063494,0.7973541831371614,0.06994821224951733,0.6661138707140283,0.7048871958328106,0.8158369662203857,0.8727029702203903,0.8754010807403813,0.4057611809772196,0.030467804620601408,0.33305693535701414,0.3653220306603003,0.40734160296906663,0.443853000238185,0.4732965974531747,0.3986770915685807,0.03497410612475867,0.33305693535701414,0.3524435979164053,0.40791848311019285,0.43635148511019517,0.4377005403701906,0.0,0.0,0.0,0.0,0.0,0.0,0.0,0.0,0.0,0.0,0.0,0.0,0.0,0.0
qore_as_control,nq_17,50,True,15,5,2.0,0.5,5,1;13;20;22;29,8;12;22;27;28,1,1,3,1,3.4541732124427247,0.690834642488545,10,8.234791843263714,4.117395921631857,0.0,0.6632227091891325,-49.336777290810865,-49.33677729081086,-49.336777290810865,True,0.6632227091891325,0.0,3003,0.3296365212883904,0.29033752894846027,0.06148911629295474,0.06997189077987512,0.13091426645490062,0.6717974689067406,1.0,0.690834642488545,0.16423552734491184,0.5587252810903992,0.5650776879495852,0.6035375548081793,0.8869216313223127,1.0,0.8060854358688682,0.05618200636593765,0.6657980917813399,0.7276866396906454,0.8112841725445199,0.8787527553471383,0.9311324514888029,0.8234791843263715,0.03817658881959394,0.7619133640651818,0.7888264088284315,0.8121712809874541,0.8782508768837685,0.8896908322021307,0.4030427179344341,0.028091003182968824,0.33289904589066993,0.3638433198453227,0.40564208627225995,0.43937637767356913,0.46556622574440143,0.41173959216318573,0.01908829440979697,0.3809566820325909,0.39441320441421573,0.40608564049372703,0.43912543844188423,0.44484541610106537,0.0,0.0,0.0,0.0,0.0,0.0,0.0,0.0,0.0,0.0,0.0,0.0,0.0,0.0
qore_as_control,nq_18,50,True,15,5,2.0,0.5,5,3;10;18;34;41,0;1;2;4;5;6;7;10;16;17;20;22;25;27;33;36;37;43;49,1,1,8,1,1.8937122567109992,0.37874245134219986,10,8.053153524811632,4.026576762405816,0.0,2.1328645056948172,-47.86713549430518,-47.86713549430518,-47.86713549430518,True,2.1328645056948172,0.0,3003,0.15361939443605802,0.257929527470913,0.009505688093200194,0.01049057644694883,0.04643039122318151,0.3749743838772662,1.0,0.37874245134219986,0.344799685877518,0.09767301071179196,0.11305885509106003,0.14849173524848225,0.8045639556363051,1.0,0.8152295475896106,0.03492667533151032,0.7513784686799734,0.7697264764504322,0.8149434179816809,0.8560331049575993,0.9187583623871677,0.8053153524811633,0.017954185845475323,0.780024649579194,0.7830068588836426,0.8076644256154368,0.8211198490723608,0.8398851800241024,0.4076147737948053,0.01746333766575516,0.3756892343399867,0.3848632382252161,0.40747170899084045,0.42801655247879966,0.45937918119358384,0.40265767624058163,0.008977092922737661,0.390012324789597,0.3915034294418213,0.4038322128077184,0.4105599245361804,0.4199425900120512,0.0,0.0,0.0,0.0,0.0,0.0,0.0,0.0,0.0,0.0,0.0,0.0,0.0,0.0
qore_as_control,nq_19,50,True,15,5,2.0,0.5,5,0;9;11;18;27,0;1;2;3;4;5;6;8;9;11;12;13;15;17;18;21;23;27;31;32;36;43;45;47;49,1,1,14,5,4.934066199304034,0.9868132398608068,10,7.83209567562719,3.916047837813595,0.0,-1.0180183614904394,-51.01801836149044,-51.018018361490434,-51.01801836149044,True,-1.0180183614904394,0.0,3003,0.834889412523544,0.15337692187017973,0.5857389427525248,0.61462042134446,0.9120099556145781,0.9942853231964713,1.0,0.9868132398608068,0.012327564831334098,0.9672293455038817,0.9727435475887043,0.9860393932702867,0.9999130439255711,1.0,0.8042214599012174,0.05533367125014969,0.6852700868056046,0.7422133379634208,0.7961197326348654,0.8726681313635367,0.9607198672584023,0.783209567562719,0.036250093886057246,0.7052118429451573,0.7364224596726064,0.7926605039990331,0.8169935005380164,0.8364373648259474,0.4021107299506087,0.027666835625074843,0.3426350434028023,0.3711066689817104,0.3980598663174327,0.43633406568176836,0.48035993362920115,0.3916047837813595,0.018125046943028623,0.35260592147257863,0.3682112298363032,0.39633025199951655,0.4084967502690082,0.4182186824129737,0.0,0.0,0.0,0.0,0.0,0.0,0.0,0.0,0.0,0.0,0.0,0.0,0.0,0.0
qore_as_control,nq_20,50,True,15,5,2.0,0.5,5,0;6;9;30;42,0;21;42;48,1,1,4,2,1.835181676421668,0.3670363352843336,10,8.389580345605077,4.194790172802539,0.0,2.359608496380871,-47.64039150361913,-47.64039150361913,-47.64039150361913,True,2.359608496380871,0.0,3003,0.12836435043567926,0.26289758511116973,3.089860688252585e-05,0.0001852546936059319,0.0029887390139422894,0.3533134101339004,1.0,0.3670363352843336,0.34835435087947564,0.0029887390139422894,0.07310679241298063,0.19516014401906065,0.7834995683508509,1.0,0.8584620281536771,0.03852168527806289,0.7567086688072092,0.8128852222132589,0.8608854598803558,0.9069636486781257,0.9833612363511843,0.8389580345605078,0.04368054969029562,0.7567086688072092,0.7750986961532339,0.8474875505183059,0.875069017554743,0.9130452554345058,0.42923101407683856,0.019260842639031446,0.3783543344036046,0.40644261110662944,0.4304427299401779,0.45348182433906287,0.49168061817559217,0.4194790172802539,0.02184027484514781,0.3783543344036046,0.38754934807661695,0.42374377525915297,0.4375345087773715,0.4565226277172529,0.0,0.0,0.0,0.0,0.0,0.0,0.0,0.0,0.0,0.0,0.0,0.0,0.0,0.0
qore_as_control,nq_21,50,True,15,5,2.0,0.5,5,0;1;3;25;48,0;1;3;16,1,1,4,3,2.023293489889535,0.404658697977907,10,6.604867223791133,3.3024336118955664,0.0,1.2791401220060314,-48.720859877993966,-48.72085987799397,-48.720859877993966,True,1.2791401220060314,0.0,3003,0.14107293565172008,0.3159501698046642,0.0009190956788062148,0.0014504074310666471,0.0077470374689247576,0.5818261858282185,1.0,0.404658697977907,0.441661608891698,0.0015317577658026783,0.00401786964705151,0.13291315482332916,0.9524406159325914,1.0,0.6682120749456636,0.0902621133301983,0.48737675803338143,0.5314564219883379,0.6763840830102625,0.7587789175851242,0.9300924316791355,0.6604867223791133,0.1304374023652668,0.48737675803338143,0.5293295010112413,0.628105346763106,0.8180793571265226,0.9300924316791355,0.3341060374728318,0.04513105666509915,0.24368837901669071,0.26572821099416893,0.33819204150513127,0.3793894587925621,0.46504621583956773,0.33024336118955666,0.0652187011826334,0.24368837901669071,0.26466475050562066,0.314052673381553,0.4090396785632613,0.46504621583956773,0.0,0.0,0.0,0.0,0.0,0.0,0.0,0.0,0.0,0.0,0.0,0.0,0.0,0.0
qore_as_control,nq_22,50,True,15,5,2.0,0.5,5,0;3;5;26;30,0;3;5;12;17;22;24;26;28;31;34;48,1,1,9,4,3.9168099562395193,0.7833619912479038,10,7.779250985182057,3.8896254925910285,0.0,-0.02718446364849081,-50.02718446364849,-50.027184463648496,-50.02718446364849,True,-0.02718446364849081,0.0,3003,0.4663939921617695,0.29074850658762286,0.18000368944503914,0.19219023330626983,0.35053350442203085,0.970556242091465,1.0,0.7833619912479038,0.2500338102335794,0.3691553898481414,0.469494523287999,0.9301728183734529,0.9989914098280559,1.0,0.7717241875242173,0.07890030771256175,0.624808113535255,0.6823605008221161,0.7516551904641169,0.912568745066179,0.9763227270039844,0.7779250985182056,0.1050571459027654,0.6627960183337469,0.6704093264649122,0.7665825813818857,0.9030742004271732,0.9763227270039844,0.38586209376210867,0.039450153856280874,0.3124040567676275,0.34118025041105804,0.37582759523205844,0.4562843725330895,0.4881613635019922,0.3889625492591028,0.0525285729513827,0.33139800916687345,0.3352046632324561,0.38329129069094287,0.4515371002135866,0.4881613635019922,0.0,0.0,0.0,0.0,0.0,0.0,0.0,0.0,0.0,0.0,0.0,0.0,0.0,0.0
qore_as_control,nq_23,50,True,15,5,2.0,0.5,5,5;7;8;33;34,5;8;31;33,1,1,4,3,4.975225691185964,0.9950451382371928,10,8.251881144429756,4.125940572214878,0.0,-0.8492851189710855,-50.84928511897108,-50.84928511897108,-50.84928511897108,True,-0.8492851189710855,0.0,3003,0.7507447675220594,0.24828956432739166,0.33691533701965687,0.3706689950389776,0.747557583242082,0.9981547893163213,1.0,0.9950451382371928,0.00517652377621711,0.985627269342099,0.9888355804256012,0.9970771777974237,0.9995492787982345,1.0,0.836330826979516,0.04365658435366459,0.7527573902845481,0.7847001749816079,0.8286640385253552,0.9056339522141035,0.9326124124819022,0.8251881144429758,0.046539723800880325,0.7710822631795677,0.7742269275097748,0.8143493195749083,0.8838417374166585,0.9265952218029283,0.418165413489758,0.021828292176832294,0.37637869514227407,0.39235008749080397,0.4143320192626776,0.45281697610705174,0.4663062062409511,0.4125940572214879,0.023269861900440163,0.38554113158978387,0.3871134637548874,0.40717465978745415,0.44192086870832925,0.46329761090146415,0.0,0.0,0.0,0.0,0.0,0.0,0.0,0.0,0.0,0.0,0.0,0.0,0.0,0.0
qore_as_control,nq_24,50,True,15,5,2.0,0.5,5,0;1;2;4;7,0;2;4;7,1,1,4,4,4.799399813523605,0.9598799627047212,10,9.102010331457288,4.551005165728644,0.0,-0.248394647794961,-50.24839464779496,-50.24839464779496,-50.24839464779496,True,-0.248394647794961,0.0,3003,0.36910450325593136,0.4463964184866513,0.0021646328049644307,0.0033922230263529586,0.014892892961310479,0.9976131067705598,1.0,0.9598799627047212,0.07559291261409196,0.808725166878413,0.8836153293341622,0.9961066870294212,0.9994469546391942,1.0,0.8103232650275454,0.06992408805889677,0.6545802474284361,0.7063350359124521,0.8148282687560893,0.9006586420856272,0.9928394773274056,0.9102010331457286,0.03274099815975174,0.8764364835091011,0.880561811392627,0.9026524724683546,0.9432574437778863,0.9928394773274056,0.4051616325137727,0.034962044029448386,0.32729012371421806,0.35316751795622603,0.40741413437804463,0.4503293210428136,0.4964197386637028,0.4551005165728643,0.01637049907987587,0.43821824175455054,0.4402809056963135,0.4513262362341773,0.47162872188894317,0.4964197386637028,0.0,0.0,0.0,0.0,0.0,0.0,0.0,0.0,0.0,0.0,0.0,0.0,0.0,0.0
qore_as_control,nq_25,50,True,15,5,2.0,0.5,5,7;15;19;24;43,0;3;5;15;19;24;34;37;41;42;43;45,1,1,8,4,2.775772143902786,0.5551544287805572,10,7.718850651428917,3.8594253257144584,0.0,1.0836531818116724,-48.91634681818833,-48.91634681818833,-48.91634681818833,True,1.0836531818116724,0.0,3003,0.28673695700351237,0.2641449169472779,0.08223251580252831,0.08957053461402542,0.15750701680110116,0.6555375255222347,1.0,0.5551544287805572,0.3043602096923626,0.24014238116827652,0.2700953962916766,0.384126903662024,0.9345911760382835,1.0,0.8054760571231461,0.05282117110789357,0.7061812074376752,0.7432686369016485,0.7976930166604819,0.8631720022685551,0.9644144907837168,0.7718850651428917,0.04377499046359293,0.7061812074376752,0.7186566963542707,0.7662608350743592,0.8428789783677398,0.849015955979171,0.40273802856157304,0.026410585553946785,0.3530906037188376,0.37163431845082423,0.39884650833024093,0.43158600113427753,0.4822072453918584,0.38594253257144584,0.021887495231796464,0.3530906037188376,0.3593283481771353,0.3831304175371796,0.4214394891838699,0.4245079779895855,0.0,0.0,0.0,0.0,0.0,0.0,0.0,0.0,0.0,0.0,0.0,0.0,0.0,0.0
qore_as_control,nq_26,50,True,15,5,2.0,0.5,5,8;23;29;45;46,,0,0,0,0,2.121553989416201,0.4243107978832402,10,6.7274156580008535,3.3637078290004268,0.0,1.2421538395842258,-48.757846160415774,-48.75784616041578,-48.757846160415774,True,1.2421538395842258,0.0,3003,0.16533667246641356,0.25767760385077765,0.011494954684073872,0.014085325677308535,0.037702903035325336,0.40548408609663555,1.0,0.4243107978832402,0.3113310878713211,0.1398823528696895,0.17024733563936306,0.2702100497747364,0.7982667107911607,1.0,0.6854720812645261,0.06156359434057325,0.5120357580545339,0.6056491496444653,0.6913996795406004,0.763682866344862,0.8071053609353325,0.6727415658000854,0.0486356660378534,0.5933203550883271,0.6064977436695099,0.6830811854709264,0.723065006272703,0.7361726600395357,0.34273604063226304,0.030781797170286625,0.25601787902726697,0.30282457482223263,0.3456998397703002,0.381841433172431,0.40355268046766624,0.3363707829000427,0.0243178330189267,0.2966601775441636,0.30324887183475496,0.3415405927354632,0.3615325031363515,0.36808633001976787,0.0,0.0,0.0,0.0,0.0,0.0,0.0,0.0,0.0,0.0,0.0,0.0,0.0,0.0
qore_as_control,nq_27,50,True,15,5,2.0,0.5,5,0;13;14;20;29,0,1,1,1,1,1.3869545106647316,0.27739090213294637,10,6.411275353263262,3.205637676631631,0.0,1.8186831659668994,-48.1813168340331,-48.1813168340331,-48.1813168340331,True,1.8186831659668994,0.0,3003,0.09480811112232826,0.26002735071785216,0.00019080281988457896,0.0002471728893008277,0.0007222663957482359,0.23892887171579122,1.0,0.27739090213294637,0.39086585833325777,0.00019080281988457896,0.0003621882328473622,0.0006469440291963784,0.7541989989853437,1.0,0.6749185367627637,0.0691947343993817,0.49418419433855076,0.6064982918958368,0.6682690087720599,0.7493175420217332,0.926695339507379,0.6411275353263263,0.07817961483418762,0.49418419433855076,0.5775291994955882,0.6374378180539524,0.7075093737166877,0.8045433906870663,0.33745926838138185,0.03459736719969085,0.24709209716927538,0.3032491459479184,0.33413450438602993,0.3746587710108666,0.4633476697536895,0.32056376766316313,0.03908980741709381,0.24709209716927538,0.2887645997477941,0.3187189090269762,0.3537546868583438,0.40227169534353313,0.0,0.0,0.0,0.0,0.0,0.0,0.0,0.0,0.0,0.0,0.0,0.0,0.0,0.0
qore_as_control,nq_28,50,True,15,5,2.0,0.5,5,14;31;32;35;40,0;1;3;11;14;15;18;25;28;31;32;35;40;45,1,1,10,5,4.9930864887400315,0.9986172977480061,10,8.423135163671047,4.211567581835523,0.0,-0.7815189069045081,-50.78151890690451,-50.78151890690451,-50.78151890690451,True,-0.7815189069045081,0.0,3003,0.7949709843727217,0.284894693066483,0.26740832045743973,0.3030743015777061,0.9972936063693785,0.9999977349361738,1.0,0.9986172977480061,0.001061733088697729,0.9972936063693785,0.9973645624740806,0.9989723763062304,0.9997392077038874,0.9999970196528603,0.8549964811619327,0.04669820908577827,0.7573698638998101,0.7995302025851869,0.8503699329954374,0.9136746412383325,0.993528228238419,0.8423135163671047,0.05544683712935106,0.7985202554687765,0.7996780450996331,0.8190234167633348,0.8814155204734545,0.9934554844056915,0.42749824058096636,0.023349104542889135,0.37868493194990505,0.39976510129259346,0.4251849664977187,0.45683732061916626,0.4967641141192095,0.42115675818355236,0.02772341856467553,0.39926012773438824,0.39983902254981657,0.4095117083816674,0.44070776023672725,0.49672774220284577,0.0,0.0,0.0,0.0,0.0,0.0,0.0,0.0,0.0,0.0,0.0,0.0,0.0,0.0
qore_as_control,nq_29,50,True,15,5,2.0,0.5,5,2;4;9;10;22,1;2,1,1,2,1,2.7579169733478777,0.5515833946695754,10,8.54679389984977,4.273396949924885,0.0,1.5154799765770077,-48.484520023422995,-48.48452002342299,-48.484520023422995,True,1.5154799765770077,0.0,3003,0.259646865280563,0.2674362145844589,0.02388676940415537,0.03623385278064051,0.1328601750427932,0.5913549525403377,1.0,0.5515833946695754,0.26607826950588737,0.2799219707929895,0.308266693101534,0.4248589152699229,0.8809409242882458,1.0,0.8660041491906013,0.050187146127116576,0.716088608679798,0.7845717249775574,0.8747340253442412,0.9240740800761139,0.9428035632273248,0.8546793899849771,0.049223668108567736,0.7607982256085692,0.7761817259190584,0.868919594343032,0.9005301268696916,0.9203128769218178,0.43300207459530066,0.025093573063558288,0.358044304339899,0.3922858624887787,0.4373670126721206,0.46203704003805696,0.4714017816136624,0.42733969499248853,0.024611834054283868,0.3803991128042846,0.3880908629595292,0.434459797171516,0.4502650634348458,0.4601564384609089,0.0,0.0,0.0,0.0,0.0,0.0,0.0,0.0,0.0,0.0,0.0,0.0,0.0,0.0
qore_as_control,nq_30,50,True,15,5,2.0,0.5,5,0;1;25;27;33,0;1;3;6;10;25;27;29,1,1,6,4,3.3758250044626807,0.6751650008925362,10,7.933957345585538,3.966978672792769,0.0,0.5911536683300884,-49.40884633166991,-49.40884633166992,-49.40884633166991,True,0.5911536683300884,0.0,3003,0.2633682597518741,0.35814773369276554,0.013371341942503528,0.01500144697719938,0.04326505757603461,0.87138614975744,1.0,0.6751650008925362,0.35017884009539435,0.020050081078188887,0.26977581347753843,0.7773007851365876,0.9736438904685366,1.0,0.7982289269353908,0.07586581846824546,0.6125713516560192,0.6866829786379565,0.8152504426852613,0.8895463079121726,0.9477852254155247,0.7933957345585538,0.09011605905196321,0.6768597748541418,0.6813232141873294,0.8137842492781611,0.8778151077616124,0.9477852254155247,0.3991144634676954,0.03793290923412273,0.3062856758280096,0.34334148931897823,0.40762522134263063,0.4447731539560863,0.47389261270776234,0.3966978672792769,0.045058029525981605,0.3384298874270709,0.3406616070936647,0.40689212463908053,0.4389075538808062,0.47389261270776234,0.0,0.0,0.0,0.0,0.0,0.0,0.0,0.0,0.0,0.0,0.0,0.0,0.0,0.0
qore_as_control,nq_31,50,True,15,5,2.0,0.5,5,0;3;5;6;44,0,1,1,1,1,2.774005721982603,0.5548011443965206,10,8.118790882970668,4.059395441485334,0.0,1.285389719502731,-48.71461028049727,-48.71461028049727,-48.71461028049727,True,1.285389719502731,0.0,3003,0.1910439178241231,0.35004776188379105,0.001521647276085501,0.003083618961044088,0.01616084892095139,0.841500217678973,1.0,0.5548011443965206,0.41110574025927,0.030075959915959426,0.07348276146742583,0.6085093064211884,0.9987309967403318,1.0,0.7597123413486297,0.06454945456285147,0.6405324400920127,0.6850975031230356,0.7513120070009254,0.8348138598418589,1.0,0.8118790882970668,0.1148319652782668,0.6755333986115426,0.6776554000798461,0.8189363573849594,0.9618248900629738,0.9851905059022481,0.3798561706743149,0.03227472728142573,0.32026622004600636,0.3425487515615178,0.3756560035004627,0.4174069299209294,0.5,0.4059395441485334,0.0574159826391334,0.3377666993057713,0.3388277000399231,0.4094681786924797,0.4809124450314869,0.49259525295112405,0.0,0.0,0.0,0.0,0.0,0.0,0.0,0.0,0.0,0.0,0.0,0.0,0.0,0.0
qore_as_control,nq_32,50,True,15,5,2.0,0.5,5,3;5;15;19;32,,0,0,0,0,4.754475675595298,0.9508951351190597,10,7.884039045177902,3.942019522588951,0.0,-0.8124561530063472,-50.812456153006345,-50.812456153006345,-50.812456153006345,True,-0.8124561530063472,0.0,3003,0.6995815005463472,0.23989088212721255,0.20115025015396373,0.43791857216837904,0.6736564441988904,0.9940117675851071,1.0,0.9508951351190597,0.08261332541792876,0.7862747818672942,0.8650004477172667,0.985277003781801,0.9999339773815912,1.0,0.8072129452692665,0.05539814944748499,0.6819043800791291,0.7406240011556884,0.8003005389905975,0.8749534327896858,0.9951525436247781,0.7884039045177901,0.049133309267554756,0.6819043800791291,0.7264670999662873,0.7915512910350033,0.8385656875201886,0.855806162441956,0.40360647263463323,0.027699074723742494,0.34095219003956456,0.3703120005778442,0.40015026949529875,0.4374767163948429,0.49757627181238906,0.39420195225889504,0.024566654633777378,0.34095219003956456,0.36323354998314367,0.39577564551750166,0.4192828437600943,0.427903081220978,0.0,0.0,0.0,0.0,0.0,0.0,0.0,0.0,0.0,0.0,0.0,0.0,0.0,0.0
qore_as_control,nq_33,50,True,15,5,2.0,0.5,5,5;28;31;39;47,0;6,1,0,2,0,1.2300992047129007,0.24601984094258014,10,6.037403700293252,3.018701850146626,0.0,1.7886026454337254,-48.21139735456627,-48.21139735456627,-48.21139735456627,True,1.7886026454337254,0.0,3003,0.08347363853224035,0.2514528237394525,1.8270208570063746e-05,1.977890556867553e-05,0.00042724440620863467,0.1401384887455082,1.0,0.24601984094258014,0.3873553144784852,2.0164799976933592e-05,2.8303237720035453e-05,0.00014837068404571917,0.6919560633338173,1.0,0.6622540021369535,0.11245446719387417,0.5057952209542509,0.5516594523844564,0.6376555444490543,0.8794803135247378,0.9314832836022618,0.6037403700293253,0.117113246031696,0.5057952209542509,0.5103784896975443,0.5588921975154315,0.707626508184416,0.9211445596747128,0.33112700106847676,0.056227233596937085,0.25289761047712545,0.2758297261922282,0.31882777222452713,0.4397401567623689,0.4657416418011309,0.3018701850146627,0.058556623015848,0.25289761047712545,0.25518924484877215,0.27944609875771576,0.353813254092208,0.4605722798373564,0.0,0.0,0.0,0.0,0.0,0.0,0.0,0.0,0.0,0.0,0.0,0.0,0.0,0.0
qore_as_control,nq_34,50,True,15,5,2.0,0.5,5,2;6;7;8;31,1;4;8;13;31,1,1,5,2,4.9860102208989,0.9972020441797801,10,8.244662323566812,4.122331161783406,0.0,-0.8636790591154941,-50.8636790591155,-50.8636790591155,-50.8636790591155,True,-0.8636790591154941,0.0,3003,0.7420913479480303,0.344221717550784,0.1434909917012017,0.18636777993479192,0.9630323597990139,0.9997065763222435,1.0,0.9972020441797801,0.0031568957263782044,0.9918928208478788,0.9932691965278341,0.9987865010450462,0.9999988555832833,1.0,0.830179913941522,0.0462260663223047,0.7525212681558764,0.7853419742671847,0.8177787435105062,0.901615159976112,0.9838110073825619,0.8244662323566813,0.059634649461069646,0.7594405071375887,0.7627662629732915,0.8088667624750217,0.8608429072547712,0.9838110073825619,0.415089956970761,0.02311303316115235,0.3762606340779382,0.39267098713359233,0.4088893717552531,0.450807579988056,0.49190550369128094,0.41223311617834063,0.029817324730534823,0.37972025356879435,0.38138313148664577,0.4044333812375108,0.4304214536273856,0.49190550369128094,0.0,0.0,0.0,0.0,0.0,0.0,0.0,0.0,0.0,0.0,0.0,0.0,0.0,0.0
qore_as_control,nq_35,50,True,15,5,2.0,0.5,5,3;5;6;11;15,3;5;6,1,1,3,3,3.8917988597479978,0.7783597719495996,10,9.007959164971728,4.503979582485864,0.0,0.6121807227378664,-49.38781927726213,-49.38781927726214,-49.38781927726213,True,0.6121807227378664,0.0,3003,0.2898679268804874,0.38000600417092056,0.014722419727773276,0.023612264083877187,0.04690624083204889,0.997442254911628,1.0,0.7783597719495996,0.27165455804597854,0.3892864251968178,0.4369583796647335,0.9949270949955803,0.9996476112755972,1.0,0.8162749092827407,0.06784981947965385,0.669618924414143,0.7322697311721307,0.8168417954414511,0.8972743587877341,1.0,0.900795916497173,0.05227868571973919,0.8262996203661307,0.85032781136599,0.8909587513399411,0.9680920471987644,0.994325666766258,0.40813745464137036,0.033924909739826925,0.3348094622070715,0.36613486558606534,0.40842089772072554,0.44863717939386705,0.5,0.4503979582485865,0.026139342859869595,0.41314981018306535,0.425163905682995,0.44547937566997053,0.4840460235993822,0.497162833383129,0.0,0.0,0.0,0.0,0.0,0.0,0.0,0.0,0.0,0.0,0.0,0.0,0.0,0.0
qore_as_control,nq_36,50,True,15,5,2.0,0.5,5,3;17;20;27;31,5;7,1,0,2,0,1.7750659077830901,0.355013181556618,10,7.486184147000069,3.7430920735000344,0.0,1.9680261657169442,-48.03197383428306,-48.03197383428305,-48.03197383428306,True,1.9680261657169442,0.0,3003,0.15548492325141597,0.26342596692357073,0.01804831410913509,0.02671003592876883,0.03540578707676514,0.42188585860156236,1.0,0.355013181556618,0.37828918941377576,0.01804831410913509,0.04267083964743985,0.10463539532920806,0.82911102815594,1.0,0.82061206065399,0.07562018492584212,0.6315943312965909,0.713257980186055,0.8356448150203857,0.9111157418922184,0.9618676427390258,0.7486184147000068,0.06257247960557843,0.6933482477639039,0.6994861330783522,0.7151516836034495,0.8205859940441882,0.9003538185054402,0.410306030326995,0.03781009246292106,0.31579716564829546,0.3566289900930275,0.41782240751019284,0.4555578709461092,0.4809338213695129,0.3743092073500034,0.03128623980278922,0.34667412388195196,0.3497430665391761,0.35757584180172475,0.4102929970220941,0.4501769092527201,0.0,0.0,0.0,0.0,0.0,0.0,0.0,0.0,0.0,0.0,0.0,0.0,0.0,0.0
qore_as_control,nq_37,50,True,15,5,2.0,0.5,5,0;3;17;30;33,0;3;23;30,1,1,3,3,3.3002181450110157,0.6600436290022031,10,7.393257980810526,3.696628990405263,0.0,0.3964108453942474,-49.60358915460575,-49.60358915460574,-49.60358915460575,True,0.3964108453942474,0.0,3003,0.2807282174562324,0.3422841615176813,0.03103827881771497,0.03157297571771724,0.15394718138594857,0.9394572245933027,1.0,0.6600436290022031,0.3594992484251549,0.19301527612957856,0.2191064302608522,0.8495929993045096,0.9997466832476659,1.0,0.7298329141301496,0.06682281755659202,0.5747405347673046,0.6668266282749001,0.7204142392770725,0.8261738131200157,0.9216692486229623,0.7393257980810526,0.09375077224334087,0.5924404992720992,0.6589938477904123,0.7140237469101149,0.8609062028528548,0.9216692486229623,0.3649164570650748,0.03341140877829601,0.2873702673836523,0.33341331413745007,0.36020711963853624,0.41308690656000785,0.46083462431148114,0.3696628990405263,0.046875386121670436,0.2962202496360496,0.32949692389520613,0.35701187345505747,0.4304531014264274,0.46083462431148114,0.0,0.0,0.0,0.0,0.0,0.0,0.0,0.0,0.0,0.0,0.0,0.0,0.0,0.0
qore_as_control,nq_38,50,True,15,5,2.0,0.5,5,0;5;6;8;11,0;1;2;3;4;5;6;7;8;11;17;19;25;26;31;33;45;47,1,1,15,5,4.56826899721508,0.9136537994430161,10,8.587860043478145,4.293930021739072,0.0,-0.2743389754760077,-50.274338975476006,-50.274338975476006,-50.274338975476006,True,-0.2743389754760077,0.0,3003,0.49006622372708536,0.3517442024774396,0.03882999010163419,0.07014248922133512,0.43417249523661416,0.9634123531198893,1.0,0.9136537994430161,0.0841939097758362,0.7719825489588368,0.817990968054228,0.9107867890773398,0.9993984249926355,1.0,0.852644236098058,0.04850966864535422,0.7511672601531357,0.7949144993283592,0.8564502455827572,0.9121764704462508,0.9878484784859262,0.8587860043478145,0.05793940266294754,0.7769626385069662,0.7848017348506778,0.8650180666667349,0.9044535972635569,0.9878484784859262,0.426322118049029,0.02425483432267711,0.37558363007656786,0.3974572496641796,0.4282251227913786,0.4560882352231254,0.4939242392429631,0.42939300217390725,0.02896970133147377,0.3884813192534831,0.3924008674253389,0.43250903333336743,0.45222679863177845,0.4939242392429631,0.0,0.0,0.0,0.0,0.0,0.0,0.0,0.0,0.0,0.0,0.0,0.0,0.0,0.0
qore_as_control,nq_39,50,True,15,5,2.0,0.5,5,0;1;27;41;47,2;3;4;6;8;10;11;15;16;19;23;33;38;40;43;44;45;47,1,1,8,1,4.692962626592501,0.9385925253185002,10,8.500325287756468,4.250162643878234,0.0,-0.44279998271426724,-50.44279998271427,-50.44279998271426,-50.44279998271427,True,-0.44279998271426724,0.0,3003,0.7616325292989787,0.1818635584550805,0.44179100323897424,0.4837756398004381,0.8138167495567322,0.955409254035782,1.0,0.9385925253185002,0.04269656789140742,0.8936890051200281,0.8960576416638442,0.9219428047998028,0.9910880880772406,1.0,0.8622900926824496,0.05276632386955162,0.7296388336053895,0.7964272860231201,0.8591258784919027,0.9406635466016948,0.9701003071413852,0.8500325287756467,0.03820141846036514,0.791255382796923,0.8148265511120764,0.8422519278062155,0.9095692523487761,0.9207753488865875,0.4311450463412248,0.02638316193477581,0.36481941680269475,0.39821364301156004,0.42956293924595135,0.4703317733008474,0.4850501535706926,0.42501626438782336,0.01910070923018257,0.3956276913984615,0.4074132755560382,0.42112596390310775,0.45478462617438803,0.46038767444329376,0.0,0.0,0.0,0.0,0.0,0.0,0.0,0.0,0.0,0.0,0.0,0.0,0.0,0.0
qore_as_control,nq_40,50,True,15,5,2.0,0.5,5,1;6;13;30;34,,0,0,0,0,4.128041013555297,0.8256082027110596,10,8.86337336104519,4.431686680522595,0.0,0.3036456669672978,-49.6963543330327,-49.69635433303271,-49.6963543330327,True,0.3036456669672978,0.0,3003,0.40098101852178536,0.33592408915820343,0.0733510016476158,0.07556141603491237,0.2502682183605743,0.9733070154966512,1.0,0.8256082027110596,0.20716831804087843,0.4615600657448096,0.5680856940121193,0.9492853567089555,0.9957285818753794,1.0,0.8728578134204888,0.03454862357418073,0.7654346630284025,0.826699613545478,0.8762298319604421,0.9157206672412831,0.9435299184595061,0.8863373361045189,0.019571600874911693,0.8414803837477999,0.8687112542533697,0.8911691074313665,0.9050062365538187,0.9132556977593554,0.4364289067102444,0.017274311787090366,0.38271733151420123,0.413349806772739,0.43811491598022106,0.45786033362064155,0.47176495922975303,0.44316866805225946,0.009785800437455847,0.42074019187389994,0.43435562712668485,0.44558455371568323,0.45250311827690937,0.4566278488796777,0.0,0.0,0.0,0.0,0.0,0.0,0.0,0.0,0.0,0.0,0.0,0.0,0.0,0.0
qore_as_control,nq_41,50,True,15,5,2.0,0.5,5,8;12;17;31;42,,0,0,0,0,1.4354384896634054,0.2870876979326811,10,8.029609282684909,4.0148046413424545,0.0,2.579366151679049,-47.42063384832095,-47.420633848320946,-47.42063384832095,True,2.579366151679049,0.0,3003,0.11155777367428805,0.24544349308052352,0.004066000132087808,0.005019798031304377,0.02079348088499579,0.2013027567766853,1.0,0.2870876979326811,0.3652417518062726,0.02079348088499579,0.023376484294343206,0.1556682742267091,0.6926902980573345,1.0,0.8207491464689466,0.04639669206875713,0.7017447830175803,0.7610041658145558,0.8245424582715183,0.8659370421957732,0.9979269220183202,0.8029609282684909,0.04943359304413242,0.7017447830175803,0.7340278885538198,0.8084318700275067,0.8608664454805075,0.862236782956441,0.4103745732344733,0.023198346034378564,0.3508723915087901,0.3805020829072779,0.41227122913575914,0.4329685210978866,0.4989634610091601,0.40148046413424543,0.02471679652206621,0.3508723915087901,0.3670139442769099,0.40421593501375336,0.43043322274025375,0.4311183914782205,0.0,0.0,0.0,0.0,0.0,0.0,0.0,0.0,0.0,0.0,0.0,0.0,0.0,0.0
qore_as_control,nq_42,50,True,15,5,2.0,0.5,5,0;13;14;17;21,0;14;21;29,1,1,4,3,4.752438773689272,0.9504877547378545,10,8.090624904723967,4.0453124523619834,0.0,-0.7071263213272889,-50.70712632132729,-50.70712632132729,-50.70712632132729,True,-0.7071263213272889,0.0,3003,0.6226762567343006,0.33821109612196043,0.013348642360912762,0.14338689534167315,0.7645628947985844,0.9589793451310777,1.0,0.9504877547378545,0.034452927962938217,0.8935789444804229,0.9136307189299204,0.9505576201586586,0.9858375313784096,1.0,0.8230620763780979,0.056310589637365405,0.7006544533727264,0.7534161255319717,0.8221172831498527,0.8895689403091531,0.9960040639598509,0.8090624904723966,0.05266751241373544,0.7235527145358642,0.7554095520752075,0.8016660325369938,0.8736415995401111,0.9062698630899018,0.41153103818904896,0.028155294818682702,0.3503272266863632,0.37670806276598584,0.41105864157492633,0.44478447015457656,0.49800203197992543,0.4045312452361983,0.02633375620686772,0.3617763572679321,0.3777047760376038,0.4008330162684969,0.43682079977005556,0.4531349315449509,0.0,0.0,0.0,0.0,0.0,0.0,0.0,0.0,0.0,0.0,0.0,0.0,0.0,0.0
qore_as_control,nq_43,50,True,15,5,2.0,0.5,5,8;26;34;35;36,,0,0,0,0,1.050378585090471,0.2100757170180942,10,6.789006493212653,3.3945032466063263,0.0,2.3441246615158553,-47.655875338484144,-47.655875338484144,-47.655875338484144,True,2.3441246615158553,0.0,3003,0.07581274248220522,0.24710400561972432,0.003892341097987937,0.004291075276528871,0.007457085021110518,0.025799168094368406,1.0,0.2100757170180942,0.3949837331865177,0.007457085021110518,0.00789240406738094,0.0168063475474908,0.6070279079540333,1.0,0.7275027627665309,0.05175440818881016,0.6286555406887996,0.6647967800858011,0.7241880967381179,0.787131280776798,0.9930370706456553,0.6789006493212653,0.03242798087113077,0.6443526407852209,0.6455175212481891,0.6657480344830562,0.7163617220892445,0.7494765327280788,0.36375138138326546,0.02587720409440508,0.3143277703443998,0.33239839004290056,0.36209404836905895,0.393565640388399,0.49651853532282764,0.33945032466063263,0.016213990435565383,0.32217632039261046,0.32275876062409453,0.3328740172415281,0.35818086104462227,0.3747382663640394,0.0,0.0,0.0,0.0,0.0,0.0,0.0,0.0,0.0,0.0,0.0,0.0,0.0,0.0
qore_as_control,nq_44,50,True,15,5,2.0,0.5,5,0;5;25;41;44,47,0,0,0,0,2.167692392974435,0.4335384785948871,10,8.5913875443638,4.2956937721819,0.0,2.128001379207465,-47.87199862079254,-47.87199862079254,-47.87199862079254,True,2.128001379207465,0.0,3003,0.2345903323885867,0.2390186954226553,0.056706299187680574,0.07576670358535306,0.17400889678673861,0.4590055577812289,1.0,0.4335384785948871,0.32326929693076173,0.08869175361083383,0.13853805142884035,0.30205163471710866,0.8254566025962571,1.0,0.8905559376230471,0.03953634983866424,0.7671220927202687,0.8164073397072447,0.8985936465515634,0.9304133452201436,0.9604907647764178,0.85913875443638,0.050373377800001666,0.7671220927202687,0.7987466755426728,0.863865042910339,0.9227531346259106,0.9300586520784595,0.44527796881152354,0.01976817491933212,0.38356104636013433,0.40820366985362233,0.4492968232757817,0.4652066726100718,0.4802453823882089,0.42956937721819,0.025186688900000833,0.38356104636013433,0.3993733377713364,0.4319325214551695,0.4613765673129553,0.46502932603922975,0.0,0.0,0.0,0.0,0.0,0.0,0.0,0.0,0.0,0.0,0.0,0.0,0.0,0.0
qore_as_control,nq_45,50,True,15,5,2.0,0.5,5,6;11;35;40;49,0;1;2;3;4;5;6;7;8;10;11;13;14;15;16;17;19;20;23;24;25;26;27;28;29;30;31;32;33;35;36;37;39;40;41;43;44;45;46;47;48;49,1,1,15,5,4.99606033146742,0.9992120662934839,10,8.518551726209793,4.259275863104897,0.0,-0.7367844683625231,-50.73678446836252,-50.73678446836252,-50.73678446836252,True,-0.7367844683625231,0.0,3003,0.9992720857135269,0.0012462911617858612,0.9951952674018574,0.9981079219573388,0.9997852390389154,0.9999898669543758,1.0,0.9992120662934839,0.0008740141991700565,0.9978691397175095,0.9981079219573388,0.9998675551330752,0.9999359591516543,0.9999647131587671,0.8965673873950656,0.03170772472414702,0.8219356055003086,0.8547069803793711,0.902762339083756,0.935069839366316,0.9533146059223175,0.8518551726209793,0.026453335462866823,0.8219356055003086,0.8225386329949347,0.8433211654861383,0.8825827222308867,0.9105372616088514,0.4482836936975328,0.01585386236207351,0.4109678027501543,0.42735349018968555,0.451381169541878,0.467534919683158,0.47665730296115877,0.42592758631048966,0.013226667731433411,0.4109678027501543,0.41126931649746734,0.42166058274306917,0.44129136111544337,0.4552686308044257,0.0,0.0,0.0,0.0,0.0,0.0,0.0,0.0,0.0,0.0,0.0,0.0,0.0,0.0
qore_as_control,nq_46,50,True,15,5,2.0,0.5,5,10;20;22;28;29,8;9;12,1,0,3,0,4.946537712654796,0.9893075425309592,10,8.46292831698153,4.231464158490765,0.0,-0.7150735541640305,-50.71507355416403,-50.71507355416403,-50.71507355416403,True,-0.7150735541640305,0.0,3003,0.992019548872579,0.013292169049330995,0.9505861102637396,0.9774702267835319,0.9982695028626256,0.9999580817916982,1.0,0.9893075425309592,0.01936760323413537,0.9505861102637396,0.969659467303294,0.9985713711886216,0.9995557456780574,0.999557271710669,0.8883264192005226,0.030517353134334253,0.8105155264124326,0.852226628968179,0.8910942422804693,0.9248559603600404,0.9788476870467662,0.8462928316981531,0.01916220943976381,0.8105155264124326,0.8114949328578668,0.8520368684979677,0.8641977923707129,0.866134138307158,0.4441632096002613,0.015258676567167126,0.4052577632062163,0.4261133144840895,0.44554712114023465,0.4624279801800202,0.4894238435233831,0.42314641584907653,0.009581104719881906,0.4052577632062163,0.4057474664289334,0.42601843424898383,0.43209889618535646,0.433067069153579,0.0,0.0,0.0,0.0,0.0,0.0,0.0,0.0,0.0,0.0,0.0,0.0,0.0,0.0
qore_as_control,nq_47,50,True,15,5,2.0,0.5,5,2;16;19;29;36,2;6;9;22;36;38;40;43,1,1,3,2,4.099135489793822,0.8198270979587644,10,8.723644402056744,4.361822201028372,0.0,0.2626867112345499,-49.73731328876545,-49.73731328876545,-49.73731328876545,True,0.2626867112345499,0.0,3003,0.4596264396558828,0.2970570386104761,0.11040292289787214,0.12556905441314833,0.33715496616445384,0.8722210954253253,1.0,0.8198270979587644,0.12385385553361843,0.6824672117566136,0.6873791503939432,0.804658181935186,0.9669052151008339,1.0,0.8867764846553409,0.0356857391672401,0.7963446111201722,0.8386936303420846,0.892193678132366,0.9314880588485855,0.9731882327161061,0.8723644402056745,0.04323543229226439,0.7971885689135815,0.8184721369335404,0.8765647243374859,0.9182425599548255,0.9524649647784204,0.44338824232767043,0.01784286958362005,0.3981723055600861,0.4193468151710423,0.446096839066183,0.46574402942429277,0.48659411635805305,0.43618222010283725,0.021617716146132195,0.39859428445679074,0.4092360684667702,0.43828236216874294,0.45912127997741276,0.4762324823892102,0.0,0.0,0.0,0.0,0.0,0.0,0.0,0.0,0.0,0.0,0.0,0.0,0.0,0.0
qore_as_control,nq_48,50,True,15,5,2.0,0.5,5,1;2;3;25;34,0;1;2;4;6;7;9;16;18;41;47,1,1,5,2,4.693445346019639,0.9386890692039278,10,7.677023478348123,3.8385117391740615,0.0,-0.8549336068455777,-50.85493360684558,-50.85493360684558,-50.85493360684558,True,-0.8549336068455777,0.0,3003,0.612725422888045,0.3155680860964632,0.1915452425138488,0.23740946501758528,0.5084659531721255,0.9863449565299348,1.0,0.9386890692039278,0.09200355054363607,0.7559986128670868,0.840136517223272,0.9815852955353337,0.9958072255438676,1.0,0.7819894069464378,0.07051438975096905,0.6490571293701062,0.6916282871391205,0.7831699098710627,0.8714807734677534,0.9808060948898776,0.7677023478348123,0.08303096662575861,0.6490571293701062,0.6617405537187151,0.769876015244507,0.8783479181651637,0.90927162593952,0.3909947034732189,0.035257194875484524,0.3245285646850531,0.34581414356956025,0.39158495493553136,0.4357403867338767,0.4904030474449388,0.38385117391740614,0.041515483312879305,0.3245285646850531,0.33087027685935755,0.3849380076222535,0.43917395908258183,0.45463581296976,0.0,0.0,0.0,0.0,0.0,0.0,0.0,0.0,0.0,0.0,0.0,0.0,0.0,0.0
qore_as_control,nq_49,50,True,15,5,2.0,0.5,5,1;6;35;41;45,10;21;45,1,1,1,1,1.492200364806064,0.2984400729612128,10,7.955556703109785,3.9777783515548926,0.0,2.4855779867488286,-47.51442201325117,-47.51442201325117,-47.51442201325117,True,2.4855779867488286,0.0,3003,0.11698380047380484,0.2468064378349838,0.0034416468792690487,0.005008742668745945,0.012683794243680931,0.20294404321154036,1.0,0.2984400729612128,0.3579551790492989,0.004878433995599947,0.04388399133391776,0.16602100136011755,0.6875634408435809,1.0,0.8208419753260272,0.06359713261281733,0.7065565725144864,0.754900085664502,0.7988707592903137,0.9175893592084834,0.9665222867031614,0.7955556703109785,0.050679367335298146,0.7354802107870636,0.7411858032607266,0.7844386225236117,0.8675735598892056,0.8890551987382156,0.4104209876630136,0.03179856630640866,0.3532782862572432,0.377450042832251,0.39943537964515685,0.4587946796042417,0.4832611433515807,0.39777783515548926,0.025339683667649073,0.3677401053935318,0.3705929016303633,0.39221931126180587,0.4337867799446028,0.4445275993691078,0.0,0.0,0.0,0.0,0.0,0.0,0.0,0.0,0.0,0.0,0.0,0.0,0.0,0.0
qore_as_control,nq_50,50,True,15,5,2.0,0.5,5,3;12;17;28;29,,0,0,0,0,2.5551099194747704,0.5110219838949541,10,7.594973493197577,3.7974867465987887,0.0,1.2423768271240183,-48.75762317287598,-48.75762317287598,-48.75762317287598,True,1.2423768271240183,0.0,3003,0.1941964277486892,0.32181536800114163,0.0007412936282503081,0.0014668975746271295,0.00914917272576137,0.7180994228409607,1.0,0.5110219838949541,0.3892892378460222,0.0007412936282503081,0.08724178220636768,0.4216312181141248,0.9662979570635407,1.0,0.8188306649843569,0.07674335948131802,0.6020596657462578,0.6928291798979012,0.8379275774860966,0.9047311890280384,0.9362915590605765,0.7594973493197578,0.09785140792595586,0.6020596657462578,0.6711791624615217,0.7397378202625664,0.8686703351327852,0.9362915590605765,0.40941533249217843,0.03837167974065901,0.3010298328731289,0.3464145899489506,0.4189637887430483,0.4523655945140192,0.46814577953028824,0.3797486746598789,0.04892570396297793,0.3010298328731289,0.3355895812307608,0.3698689101312832,0.4343351675663926,0.46814577953028824,0.0,0.0,0.0,0.0,0.0,0.0,0.0,0.0,0.0,0.0,0.0,0.0,0.0,0.0
qore_as_control,nq_51,50,True,15,5,2.0,0.5,5,31;34;42;43;49,2;3;4;5;6;15;17;19;20;21;22;25;26;28;29;37;38;40;42;43;45,1,1,8,2,4.891629251218168,0.9783258502436338,10,8.41789576007506,4.20894788003753,0.0,-0.6826813711806379,-50.682681371180635,-50.682681371180635,-50.682681371180635,True,-0.6826813711806379,0.0,3003,0.5870355282833698,0.3356586883279225,0.1064972079227494,0.17660850589012458,0.5566874793785468,0.9847315457964532,1.0,0.9783258502436338,0.01685329087955977,0.9498374749954576,0.9597908622383037,0.9775547703781495,0.9958064250967956,1.0,0.862697379280991,0.0438497922796168,0.7650829750332,0.8214472439865762,0.8500463076252761,0.9378917937355004,0.9747096197402245,0.841789576007506,0.040955819907576206,0.7721583280138364,0.8218296319307087,0.8381807479935695,0.8549039675882321,0.9486004185024541,0.4313486896404955,0.0219248961398084,0.3825414875166,0.4107236219932881,0.42502315381263805,0.4689458968677502,0.48735480987011226,0.420894788003753,0.020477909953788103,0.3860791640069182,0.41091481596535434,0.4190903739967847,0.42745198379411603,0.47430020925122707,0.0,0.0,0.0,0.0,0.0,0.0,0.0,0.0,0.0,0.0,0.0,0.0,0.0,0.0
qore_as_control,nq_52,50,True,15,5,2.0,0.5,5,11;23;26;34;39,,0,0,0,0,1.3968321913391848,0.27936643826783697,10,6.580139092928325,3.2900695464641627,0.0,1.893237355124978,-48.10676264487502,-48.10676264487502,-48.10676264487502,True,1.893237355124978,0.0,3003,0.10186716210505416,0.24550411937708616,0.004663460369438572,0.006298719419950407,0.009735224935458791,0.15637614912164616,1.0,0.27936643826783697,0.36500832258989485,0.005742532691427073,0.04147165755962812,0.10619219574925294,0.6759328472146301,1.0,0.7191150369243071,0.06619746622492065,0.5880771985929996,0.640336851187307,0.7197019095791692,0.7970327075731451,0.9640358779516777,0.6580139092928325,0.06865532237745296,0.5901092547151223,0.5935581370846827,0.6539406778135024,0.7116648810691838,0.8279800863571871,0.35955751846215356,0.033098733112460324,0.2940385992964998,0.3201684255936535,0.3598509547895846,0.3985163537865726,0.48201793897583883,0.32900695464641627,0.03432766118872648,0.29505462735756116,0.2967790685423414,0.3269703389067512,0.3558324405345919,0.41399004317859356,0.0,0.0,0.0,0.0,0.0,0.0,0.0,0.0,0.0,0.0,0.0,0.0,0.0,0.0
qore_as_control,nq_53,50,True,15,5,2.0,0.5,5,16;17;41;43;44,0;3;4;7;9;11;13;14;22;28;34;37;41;43;44;45;46,1,1,11,3,1.1746234275758927,0.23492468551517853,10,7.091926641087197,3.5459633205435983,0.0,2.371339892967706,-47.628660107032296,-47.6286601070323,-47.628660107032296,True,2.371339892967706,0.0,3003,0.09003233322710384,0.24458242497168464,0.004959694137032807,0.006922627547463185,0.01732804302380945,0.08539796583857778,1.0,0.23492468551517853,0.38431839677386154,0.006780734441526732,0.007463451193743026,0.05107567124400649,0.6433117982273169,1.0,0.7741979642051647,0.06328596323558185,0.5722299638779541,0.6792103188293375,0.7890810531915614,0.8463618740778938,0.9030358508903149,0.7091926641087197,0.05161108125308554,0.6369714160021454,0.644451272710258,0.7097410174282655,0.7619523547155256,0.7981891108223838,0.38709898210258237,0.03164298161779092,0.28611498193897705,0.33960515941466873,0.3945405265957807,0.4231809370389469,0.45151792544515745,0.35459633205435986,0.02580554062654277,0.3184857080010727,0.322225636355129,0.3548705087141327,0.3809761773577628,0.3990945554111919,0.0,0.0,0.0,0.0,0.0,0.0,0.0,0.0,0.0,0.0,0.0,0.0,0.0,0.0
qore_as_control,nq_54,50,True,15,5,2.0,0.5,5,2;21;22;40;42,1;13;34;42;47,1,1,3,1,1.5065204010756492,0.3013040802151298,10,8.342245564672472,4.171122782336236,0.0,2.664602381260587,-47.335397618739414,-47.33539761873941,-47.335397618739414,True,2.664602381260587,0.0,3003,0.11609229776835119,0.24796306781101485,0.002048460275956406,0.003226307884120652,0.025885281777527774,0.24040714685034723,1.0,0.3013040802151298,0.36304425543080204,0.005125358549433111,0.01955095128039878,0.17858137219636985,0.7126497319811996,1.0,0.8756690806250961,0.05889213023272524,0.7558263161476708,0.803605243320556,0.8708893356791242,0.9491220907472673,0.9785048694943257,0.8342245564672472,0.05062073881695944,0.7558263161476708,0.7627305199777489,0.8391027047449607,0.8847673115611531,0.9347370945143906,0.43783454031254804,0.02944606511636262,0.3779131580738354,0.401802621660278,0.4354446678395621,0.47456104537363364,0.48925243474716285,0.4171122782336236,0.02531036940847972,0.3779131580738354,0.38136525998887444,0.41955135237248037,0.44238365578057653,0.4673685472571953,0.0,0.0,0.0,0.0,0.0,0.0,0.0,0.0,0.0,0.0,0.0,0.0,0.0,0.0
qore_as_control,nq_55,50,True,15,5,2.0,0.5,5,3;15;27;46;47,3;13;15;18;26;37,1,1,4,2,1.3461112479014088,0.26922224958028174,10,7.9296474198526266,3.9648237099263133,0.0,2.6187124620249045,-47.3812875379751,-47.3812875379751,-47.3812875379751,True,2.6187124620249045,0.0,3003,0.09635928357615238,0.2527506258880702,0.0015187987150046636,0.0022786182368154887,0.008747038585822167,0.19652206574424624,1.0,0.26922224958028174,0.38294922837295214,0.002095530558919436,0.0048946753560147535,0.026961886517450358,0.7231841753093526,1.0,0.83622963147877,0.057302554076237196,0.699544048015416,0.763304368431574,0.8293001031841913,0.9117903768303625,0.9664707232113178,0.7929647419852627,0.054480573498344204,0.699544048015416,0.7395804985017179,0.7919346350861942,0.8464083405201812,0.9108070179411039,0.418114815739385,0.028651277038118598,0.349772024007708,0.381652184215787,0.41465005159209567,0.45589518841518123,0.4832353616056589,0.39648237099263134,0.027240286749172102,0.349772024007708,0.36979024925085896,0.3959673175430971,0.4232041702600906,0.45540350897055193,0.0,0.0,0.0,0.0,0.0,0.0,0.0,0.0,0.0,0.0,0.0,0.0,0.0,0.0
qore_as_control,nq_56,50,True,15,5,2.0,0.5,5,26;28;36;40;48,,0,0,0,0,4.878788657160266,0.9757577314320534,10,7.388401911112721,3.6942009555563606,0.0,-1.1845877016039053,-51.1845877016039,-51.1845877016039,-51.1845877016039,True,-1.1845877016039053,0.0,3003,0.9330376583913169,0.08424694526351437,0.7328951097589123,0.7909748507143421,0.9802181988883992,0.9998922333247666,1.0,0.9757577314320534,0.022165126385171745,0.9319392052275471,0.951250802691888,0.9886235227129061,0.9890374588040707,0.9891718333575253,0.7801170865830731,0.05663150425026204,0.686772415119918,0.7143807978709626,0.7731920331391495,0.8438760540419769,0.9983127565088373,0.7388401911112722,0.0339754100949111,0.6939255541777549,0.7011002353695107,0.740592137416953,0.7814091707343835,0.8004325698201402,0.39005854329153655,0.02831575212513102,0.343386207559959,0.3571903989354813,0.38659601656957476,0.4219380270209884,0.49915637825441866,0.3694200955556361,0.01698770504745555,0.34696277708887746,0.35055011768475536,0.3702960687084765,0.39070458536719177,0.4002162849100701,0.0,0.0,0.0,0.0,0.0,0.0,0.0,0.0,0.0,0.0,0.0,0.0,0.0,0.0
qore_as_control,nq_57,50,True,15,5,2.0,0.5,5,0;1;2;4;6,0;1;2;4;5;38,1,1,6,4,4.295273099019019,0.8590546198038039,10,8.261734202623845,4.130867101311923,0.0,-0.16440599770709596,-50.16440599770709,-50.16440599770711,-50.1644059977071,True,-0.16440599770709596,0.0,3003,0.33664318130954857,0.41646741062494014,0.0005886777008341649,0.0017217040523661146,0.062494200583217765,0.9997169710320923,1.0,0.8590546198038039,0.27972805696359354,0.29960490136142665,0.578313201163702,0.9992927852109713,0.9999999046318025,1.0,0.7457573293022316,0.09976947572417909,0.548500771000665,0.6352987568766357,0.7196518679806604,0.8827119302455589,0.9698371188148246,0.8261734202623845,0.11055296487891056,0.6625845642301942,0.6716219013623713,0.8783079535144473,0.9564020056334983,0.9698371188148246,0.3728786646511158,0.049884737862089544,0.2742503855003325,0.31764937843831786,0.3598259339903302,0.44135596512277947,0.4849185594074123,0.41308671013119225,0.05527648243945528,0.3312922821150971,0.33581095068118566,0.4391539767572237,0.47820100281674915,0.4849185594074123,0.0,0.0,0.0,0.0,0.0,0.0,0.0,0.0,0.0,0.0,0.0,0.0,0.0,0.0
qore_as_control,nq_58,50,True,15,5,2.0,0.5,5,0;1;19;34;45,,0,0,0,0,1.6298472887449684,0.32596945774899366,10,6.135741339489021,3.0678706697445106,0.0,1.4380233809995422,-48.56197661900046,-48.561976619000454,-48.56197661900046,True,1.4380233809995422,0.0,3003,0.11378637139801435,0.2836573169000572,3.736677388009636e-05,4.033527485326801e-05,0.0003521159600495683,0.4049778179298474,1.0,0.32596945774899366,0.4159826316546985,3.736677388009636e-05,3.880868640843784e-05,9.588139552528754e-05,0.8518692276081449,1.0,0.6559633152437442,0.08401948358951677,0.5017713540105238,0.5776558610054511,0.6352909750649791,0.7719168287596966,0.9976584480528609,0.6135741339489021,0.07220989133755834,0.5304742709161109,0.544293208793268,0.6016499203045167,0.6734799915882045,0.7938241560409302,0.3279816576218721,0.04200974179475839,0.2508856770052619,0.28882793050272554,0.31764548753248956,0.3859584143798483,0.49882922402643043,0.3067870669744511,0.03610494566877917,0.26523713545805544,0.272146604396634,0.30082496015225835,0.33673999579410224,0.3969120780204651,0.0,0.0,0.0,0.0,0.0,0.0,0.0,0.0,0.0,0.0,0.0,0.0,0.0,0.0
qore_as_control,nq_59,50,True,15,5,2.0,0.5,5,4;21;32;33;35,,0,0,0,0,1.5602162330421083,0.31204324660842164,10,6.484230710338081,3.2421153551690405,0.0,1.6818991221269322,-48.318100877873064,-48.318100877873064,-48.31810087787307,True,1.6818991221269322,0.0,3003,0.13691854479062776,0.2394743803242535,0.014666967948930375,0.014944113649669858,0.0626387534623279,0.21458654531291338,1.0,0.31204324660842164,0.34983612332621783,0.07382275757699291,0.07741034198065928,0.15165086643253378,0.7007803561785693,1.0,0.6889816111741396,0.07192947058078938,0.5663927547171717,0.6149624112615621,0.6812028232655992,0.7427394750625719,0.992185945396101,0.6484230710338081,0.03473109715882176,0.5965575903801702,0.6064848298318793,0.6442379745256284,0.689897680014901,0.6992520287091352,0.3444908055870698,0.03596473529039469,0.2831963773585858,0.3074812056307811,0.3406014116327996,0.37136973753128594,0.4960929726980505,0.32421153551690407,0.01736554857941088,0.2982787951900851,0.3032424149159397,0.3221189872628142,0.3449488400074505,0.3496260143545676,0.0,0.0,0.0,0.0,0.0,0.0,0.0,0.0,0.0,0.0,0.0,0.0,0.0,0.0
qore_as_control,nq_60,50,True,15,5,2.0,0.5,5,1;3;17;30;35,1;3;4;5;6;17;18;22;28;35;37,1,1,10,4,4.083064488620652,0.8166128977241301,10,7.980892725757036,3.990446362878518,0.0,-0.0926181257421339,-50.092618125742135,-50.092618125742135,-50.092618125742135,True,-0.0926181257421339,0.0,3003,0.3630352501971397,0.34208048709798694,0.06580839063279133,0.0864670901481911,0.18767570962843036,0.9314323152315512,1.0,0.8166128977241301,0.17244046327215623,0.5630064128684596,0.6014886332650696,0.925376759518865,0.9741877409493368,1.0,0.774001375739864,0.05368977616675289,0.6721219432363235,0.7117178973506056,0.7612566654890717,0.8562043833981864,0.8880517670525634,0.7980892725757035,0.05426566977677834,0.7260190973878825,0.7419053158136333,0.7848609533427751,0.8793780336569614,0.8880517670525634,0.387000687869932,0.026844888083376445,0.33606097161816173,0.3558589486753028,0.38062833274453584,0.4281021916990932,0.4440258835262817,0.39904463628785175,0.02713283488838917,0.36300954869394125,0.37095265790681664,0.39243047667138753,0.4396890168284807,0.4440258835262817,0.0,0.0,0.0,0.0,0.0,0.0,0.0,0.0,0.0,0.0,0.0,0.0,0.0,0.0
qore_as_control,nq_61,50,True,15,5,2.0,0.5,5,4;7;17;36;47,3;4;7;10;24;34;36;47,1,1,8,4,4.823144249449946,0.9646288498899891,10,7.56257556051863,3.781287780259315,0.0,-1.0418564691906314,-51.041856469190634,-51.04185646919063,-51.04185646919063,True,-1.0418564691906314,0.0,3003,0.5593220164383835,0.3545072140739862,0.011181847429252934,0.16138616349779006,0.43729660856426794,0.9886801612931131,1.0,0.9646288498899891,0.03522271040100186,0.9072362217516751,0.9211156273232602,0.9785190695873325,0.99818168897212,1.0,0.7840019399605376,0.10672176167345412,0.599373129050258,0.6364079235544853,0.7738143929272955,0.9265802852145447,0.9707162506225401,0.7562575560518631,0.10886137921613452,0.6450744965303035,0.6454575553407762,0.7241350997489913,0.9061669270105176,0.9567208131694749,0.3920009699802688,0.05336088083672706,0.299686564525129,0.31820396177724264,0.38690719646364774,0.46329014260727236,0.48535812531127004,0.37812877802593153,0.05443068960806726,0.32253724826515173,0.3227287776703881,0.36206754987449563,0.4530834635052588,0.47836040658473744,0.0,0.0,0.0,0.0,0.0,0.0,0.0,0.0,0.0,0.0,0.0,0.0,0.0,0.0
qore_as_control,nq_62,50,True,15,5,2.0,0.5,5,6;11;14;19;20,2;11;19;20,1,1,4,3,4.476601534765985,0.8953203069531972,10,8.016470547823154,4.008235273911577,0.0,-0.4683662608544079,-50.46836626085441,-50.4683662608544,-50.46836626085441,True,-0.4683662608544079,0.0,3003,0.5458061794779917,0.35330991595074146,0.024998272678825838,0.06317659404118108,0.5195237198227572,0.9764125102876366,1.0,0.8953203069531972,0.10951785698322646,0.7266290453472534,0.7591175016598027,0.9443043584321323,0.9991271779431892,1.0,0.8438524276840391,0.06083883999658039,0.7091776699071598,0.7665908188555381,0.8490689052601512,0.9212088893455812,0.95087316079755,0.8016470547823156,0.05560248137040467,0.7091776699071598,0.7443850448958191,0.7916229238368484,0.8693943468167202,0.8888128751680502,0.42192621384201956,0.030419419998290197,0.3545888349535799,0.3832954094277691,0.4245344526300756,0.4606044446727906,0.475436580398775,0.4008235273911578,0.027801240685202334,0.3545888349535799,0.37219252244790957,0.3958114619184242,0.4346971734083601,0.4444064375840251,0.0,0.0,0.0,0.0,0.0,0.0,0.0,0.0,0.0,0.0,0.0,0.0,0.0,0.0
qore_as_control,nq_63,50,True,15,5,2.0,0.5,5,0;4;12;13;15,0;18;49,1,1,2,1,3.374293117780343,0.6748586235560686,10,8.14030960665535,4.070154803327675,0.0,0.6958616855473321,-49.304138314452665,-49.30413831445267,-49.304138314452665,True,0.6958616855473321,0.0,3003,0.25368501580406944,0.3777941260465684,0.0076128599539524765,0.00861700339644005,0.022626165372483784,0.9652296775182783,1.0,0.6748586235560686,0.39073572848259097,0.008764055797618821,0.18491976221434717,0.922978832838462,0.9973587629219289,1.0,0.8244890228105759,0.06294815643142061,0.6600717970565935,0.740458318446794,0.8283640177686649,0.9078740005205611,0.9422032580631636,0.814030960665535,0.06272978251316406,0.7113582502398696,0.7335336210159706,0.8297554024630844,0.8769219412559844,0.9097591609884985,0.41224451140528795,0.031474078215710306,0.33003589852829673,0.370229159223397,0.41418200888433243,0.45393700026028055,0.4711016290315818,0.4070154803327675,0.03136489125658203,0.3556791251199348,0.3667668105079853,0.4148777012315422,0.4384609706279922,0.45487958049424926,0.0,0.0,0.0,0.0,0.0,0.0,0.0,0.0,0.0,0.0,0.0,0.0,0.0,0.0
qore_as_control,nq_64,50,True,15,5,2.0,0.5,5,0;12;25;36;47,0;1;3;4;7;9;10;12;29;32;36,1,1,11,3,4.82950624630286,0.9659012492605721,10,8.371888670370181,4.1859443351850905,0.0,-0.6435619111177697,-50.64356191111777,-50.643561911117764,-50.64356191111777,True,-0.6435619111177697,0.0,3003,0.6750381581548139,0.3229697235151125,0.02597320994464736,0.23695415628287708,0.8479928818190589,0.9907023462807926,1.0,0.9659012492605721,0.03394437326998962,0.9170803882050143,0.9238546770268099,0.9817175121110647,0.9986768942909111,1.0,0.843917273969167,0.04729052685596076,0.7180343528058756,0.7870964364060743,0.8470879491759854,0.900445935034592,0.9365598334087873,0.8371888670370181,0.05272533782212858,0.7400844120733862,0.7852313569972023,0.8527218093982487,0.8871800637424565,0.9128865616539765,0.4219586369845835,0.02364526342798038,0.3590171764029378,0.39354821820303715,0.4235439745879927,0.450222967517296,0.4682799167043937,0.41859443351850906,0.02636266891106429,0.3700422060366931,0.39261567849860113,0.42636090469912435,0.44359003187122825,0.45644328082698826,0.0,0.0,0.0,0.0,0.0,0.0,0.0,0.0,0.0,0.0,0.0,0.0,0.0,0.0
qore_as_control,nq_65,50,True,15,5,2.0,0.5,5,0;3;6;9;37,0;3;4;5;6;7;9;37,1,1,8,5,4.809435886596704,0.9618871773193408,10,9.032599662622463,4.5162998313112315,0.0,-0.2931360552854727,-50.29313605528547,-50.29313605528547,-50.29313605528547,True,-0.2931360552854727,0.0,3003,0.4910185692486752,0.41737840413291766,0.03169958165499073,0.03656765300107745,0.6605418276417427,0.9740260123240815,1.0,0.9618871773193408,0.028495356957551808,0.9183781891501285,0.9303429104419753,0.9581730535800844,0.9938378605946985,1.0,0.8867563658459126,0.03453191962352143,0.8290595965422194,0.844728319952915,0.8803100068655021,0.9388345893968091,0.9621318896970212,0.9032599662622465,0.03106407752781642,0.8489819271730679,0.8638565863417491,0.9064467494467239,0.9442445100323379,0.9599934102825345,0.4433781829229563,0.017265959811760715,0.4145297982711097,0.4223641599764575,0.44015500343275105,0.46941729469840454,0.4810659448485106,0.45162998313112324,0.01553203876390821,0.42449096358653393,0.43192829317087456,0.45322337472336194,0.47212225501616895,0.47999670514126724,0.0,0.0,0.0,0.0,0.0,0.0,0.0,0.0,0.0,0.0,0.0,0.0,0.0,0.0
qore_as_control,nq_66,50,True,15,5,2.0,0.5,5,9;13;16;20;26,0;3;9;11;13;16;24;26;31;34;38,1,1,7,4,4.594721764992725,0.9189443529985448,10,7.807348065027465,3.9036740325137327,0.0,-0.6910477324789923,-50.69104773247899,-50.69104773247899,-50.69104773247899,True,-0.6910477324789923,0.0,3003,0.4786638020578787,0.40648388535320057,0.015248912208777672,0.031864343427443084,0.293382890871856,0.99342168364769,1.0,0.9189443529985448,0.09469021702619149,0.7778602602358975,0.7995943045269907,0.9868899831411394,0.9991104602608228,1.0,0.831379165148673,0.08033925558809381,0.6531270598420962,0.7107937633874678,0.8360222307347205,0.9325259386211805,0.96290219040953,0.7807348065027465,0.04251233520875122,0.6960115143792851,0.7310546333411015,0.785744452713673,0.820401296067739,0.8408623100021911,0.4156895825743365,0.040169627794046904,0.3265635299210481,0.3553968816937339,0.41801111536736024,0.46626296931059025,0.481451095204765,0.39036740325137326,0.02125616760437561,0.34800575718964255,0.3655273166705508,0.3928722263568365,0.4102006480338695,0.42043115500109557,0.0,0.0,0.0,0.0,0.0,0.0,0.0,0.0,0.0,0.0,0.0,0.0,0.0,0.0
qore_as_control,nq_67,50,True,15,5,2.0,0.5,5,1;6;7;9;31,,0,0,0,0,1.722841432987692,0.3445682865975384,10,7.000849449073352,3.500424724536676,0.0,1.7775832915489842,-48.222416708451014,-48.22241670845101,-48.222416708451014,True,1.7775832915489842,0.0,3003,0.12283722306211063,0.2574230219954393,0.0008435461869508295,0.00177362497386915,0.011612525261100293,0.3288723676853604,1.0,0.3445682865975384,0.3531345629981438,0.003470657231903175,0.03930713822529867,0.23456490969438865,0.7566976025384033,1.0,0.720652836230283,0.09526656519442252,0.5416212232810725,0.6168641128666634,0.6982580968995594,0.8607046426519508,0.9821879902845941,0.7000849449073352,0.10569184414003611,0.5829328169584659,0.590441270042626,0.6657452676163498,0.8443161535162401,0.9057067898428386,0.3603264181151415,0.04763328259721126,0.27081061164053627,0.3084320564333317,0.3491290484497797,0.4303523213259754,0.49109399514229707,0.3500424724536676,0.05284592207001806,0.29146640847923294,0.295220635021313,0.3328726338081749,0.42215807675812006,0.4528533949214193,0.0,0.0,0.0,0.0,0.0,0.0,0.0,0.0,0.0,0.0,0.0,0.0,0.0,0.0
qore_as_control,nq_68,50,True,15,5,2.0,0.5,5,0;2;16;33;47,4;11,0,0,0,0,1.4776379488234224,0.29552758976468446,10,8.462476448964228,4.231238224482114,0.0,2.753600275658692,-47.24639972434131,-47.24639972434131,-47.24639972434131,True,2.753600275658692,0.0,3003,0.11106838076487202,0.2473668177074037,0.004085790780574578,0.005189102472718863,0.021976417758114944,0.20843025818446198,1.0,0.29552758976468446,0.3633667716811458,0.004085790780574578,0.03925416833323245,0.10248497921957518,0.7116241776644214,1.0,0.8544596726620374,0.042258283754034086,0.7405657847932803,0.8027119402069898,0.8501613614929202,0.9072406118781472,0.9716964205091411,0.8462476448964228,0.04616259780921161,0.7726178858974553,0.793587017510354,0.847706915414201,0.9041107452295682,0.9358053741959718,0.4272298363310187,0.021129141877017043,0.37028289239664014,0.4013559701034949,0.4250806807464601,0.4536203059390736,0.48584821025457053,0.4231238224482114,0.023081298904605804,0.38630894294872764,0.396793508755177,0.4238534577071005,0.4520553726147841,0.4679026870979859,0.0,0.0,0.0,0.0,0.0,0.0,0.0,0.0,0.0,0.0,0.0,0.0,0.0,0.0
qore_as_control,nq_69,50,True,15,5,2.0,0.5,5,3;8;9;23;34,,0,0,0,0,2.9309044403171507,0.5861808880634303,10,6.787632268143693,3.3938161340718467,0.0,0.462911693754696,-49.5370883062453,-49.53708830624531,-49.5370883062453,True,0.462911693754696,0.0,3003,0.209751533223185,0.32717413276627905,0.007914686794378538,0.009232325411485574,0.02608366840111751,0.7759667066568146,1.0,0.5861808880634303,0.3289680973394484,0.18812962295642427,0.21521103883936815,0.5809914308067547,0.9623800895560752,1.0,0.6845476034281823,0.08851542631096772,0.5330621242241766,0.6041144646829295,0.6668117782067542,0.8080387195538904,0.931255446751043,0.6787632268143693,0.06146337047087696,0.5677572957056466,0.6264487093711874,0.6675742180844184,0.7507828709219658,0.8054517472724566,0.34227380171409116,0.04425771315548386,0.2665310621120883,0.30205723234146475,0.3334058891033771,0.4040193597769452,0.4656277233755215,0.33938161340718465,0.03073168523543848,0.2838786478528233,0.3132243546855937,0.3337871090422092,0.3753914354609829,0.4027258736362283,0.0,0.0,0.0,0.0,0.0,0.0,0.0,0.0,0.0,0.0,0.0,0.0,0.0,0.0
qore_as_control,nq_70,50,True,15,5,2.0,0.5,5,2;40;42;43;45,7;24,1,0,1,0,1.7823949426095185,0.3564789885219037,10,7.029385790640857,3.5146928953204286,0.0,1.7322979527109101,-48.26770204728909,-48.26770204728909,-48.26770204728909,True,1.7322979527109101,0.0,3003,0.15631408623070273,0.24641854643598735,0.014453827727273855,0.016011208658681907,0.06414581532100096,0.32727521118586755,1.0,0.3564789885219037,0.3429297043357278,0.03034493608921114,0.05840914026146637,0.3182576240720369,0.7333147743713686,1.0,0.7693154302058377,0.0861716105924454,0.6088122521373979,0.6630451239875471,0.7600555316121794,0.894015822772316,0.9230323585886782,0.7029385790640859,0.06822080181281823,0.6124014363238487,0.6322535146518009,0.6929388379427683,0.7701717912663937,0.8612181281543223,0.38465771510291885,0.0430858052962227,0.30440612606869893,0.33152256199377356,0.3800277658060897,0.447007911386158,0.4615161792943391,0.35146928953204293,0.034110400906409113,0.30620071816192435,0.31612675732590045,0.34646941897138417,0.38508589563319684,0.43060906407716115,0.0,0.0,0.0,0.0,0.0,0.0,0.0,0.0,0.0,0.0,0.0,0.0,0.0,0.0
qore_as_control,nq_71,50,True,15,5,2.0,0.5,5,2;23;29;31;39,0;3;5;12;14;18;22;23;29,1,1,3,2,2.980859568168547,0.5961719136337094,10,8.704958373298915,4.352479186649457,0.0,1.3716196184809104,-48.62838038151909,-48.628380381519094,-48.62838038151909,True,1.3716196184809104,0.0,3003,0.2551146833633208,0.2899830705922579,0.06291111309801382,0.07069584515295878,0.09579688290310395,0.7022227361883007,1.0,0.5961719136337094,0.2777715890852565,0.23611922848094125,0.3009855885435559,0.5282519522088798,0.9272813035364993,1.0,0.8934424353513876,0.05973805336600915,0.7578737244721891,0.798304287032579,0.9122821096180855,0.9593858761603562,0.9725259696156057,0.8704958373298914,0.054556933114687615,0.8058049952223254,0.8063145433528932,0.8831756420312048,0.9239369956309198,0.9597263805368883,0.4467212176756938,0.029869026683004576,0.3789368622360946,0.3991521435162895,0.45614105480904277,0.4796929380801781,0.48626298480780283,0.4352479186649457,0.027278466557343808,0.4029024976111627,0.4031572716764466,0.4415878210156024,0.4619684978154599,0.47986319026844415,0.0,0.0,0.0,0.0,0.0,0.0,0.0,0.0,0.0,0.0,0.0,0.0,0.0,0.0
qore_as_control,nq_72,50,True,15,5,2.0,0.5,5,0;1;10;17;43,0;1;2;3;4;11;14;43,1,1,8,3,2.369470297454111,0.47389405949082225,10,7.4012682114977695,3.7006341057488847,0.0,1.3311638082947739,-48.668836191705225,-48.66883619170522,-48.668836191705225,True,1.3311638082947739,0.0,3003,0.16464073490661837,0.3196980740869202,9.217856822192136e-05,9.498426440900413e-05,0.002144740580673852,0.6963970504296462,1.0,0.47389405949082225,0.40264748745663487,9.217856822192136e-05,0.011802373405308679,0.53804610752662,0.9207857382793322,1.0,0.7442388257562879,0.07985486305446554,0.5589411379130895,0.6600123398396006,0.7367257881617606,0.8597996288431209,0.9603900642861072,0.7401268211497769,0.08896156988723136,0.633054450170849,0.6597323602320312,0.7012634749167248,0.874443834685534,0.8888547734845879,0.37211941287814393,0.03992743152723277,0.27947056895654476,0.3300061699198003,0.3683628940808803,0.42989981442156044,0.4801950321430536,0.37006341057488845,0.04448078494361568,0.3165272250854245,0.3298661801160156,0.3506317374583624,0.437221917342767,0.44442738674229393,0.0,0.0,0.0,0.0,0.0,0.0,0.0,0.0,0.0,0.0,0.0,0.0,0.0,0.0
qore_as_control,nq_73,50,True,15,5,2.0,0.5,5,0;1;4;12;43,0;1;4,1,1,3,3,3.3132643397754595,0.6626528679550919,10,7.36322536899798,3.68161268449899,0.0,0.3683483447235303,-49.63165165527647,-49.63165165527647,-49.63165165527647,True,0.3683483447235303,0.0,3003,0.24305043615356456,0.3406328104596875,0.00456475841378493,0.0056511348018422865,0.03493845461507784,0.7801529783928233,1.0,0.6626528679550919,0.28250144167472724,0.15718118869637587,0.3388063681492841,0.7337521492871945,0.924434745785297,1.0,0.6950555412447774,0.05747998318275233,0.5796001897910623,0.640520974959473,0.6856068237864458,0.7487674027438153,0.9835149911374702,0.7363225368997981,0.07682314771868522,0.6541108222754324,0.6609095396439177,0.7082766852705185,0.8557951488587232,0.8917617871142135,0.3475277706223887,0.028739991591376166,0.28980009489553116,0.3202604874797365,0.3428034118932229,0.37438370137190763,0.4917574955687351,0.36816126844989905,0.03841157385934261,0.3270554111377162,0.33045476982195887,0.35413834263525923,0.4278975744293616,0.44588089355710675,0.0,0.0,0.0,0.0,0.0,0.0,0.0,0.0,0.0,0.0,0.0,0.0,0.0,0.0
qore_as_control,nq_74,50,True,15,5,2.0,0.5,5,4;9;11;40;47,9;40;41,1,1,2,2,4.653888198221401,0.9307776396442803,10,8.103143524869306,4.051571762434653,0.0,-0.6023164357867481,-50.60231643578675,-50.60231643578675,-50.60231643578675,True,-0.6023164357867481,0.0,3003,0.46108938105963476,0.41522887139784936,0.02788645354438728,0.033993430033089016,0.2777035937021963,0.9797436468667902,1.0,0.9307776396442803,0.0668502253339549,0.8454324370985218,0.8507597868237197,0.9503966148001375,0.9997233339644901,1.0,0.7805476346822244,0.07887278600912076,0.6454990734990449,0.6964594385515571,0.7619494970354507,0.9196206795718935,0.9976602803740957,0.8103143524869306,0.06716699309486737,0.7291048907783162,0.7426227975000114,0.8080689616488317,0.8877526910026092,0.9540841899477889,0.3902738173411122,0.03943639300456038,0.32274953674952245,0.34822971927577856,0.38097474851772534,0.45981033978594676,0.49883014018704785,0.4051571762434653,0.033583496547433686,0.3645524453891581,0.3713113987500057,0.40403448082441584,0.4438763455013046,0.47704209497389444,0.0,0.0,0.0,0.0,0.0,0.0,0.0,0.0,0.0,0.0,0.0,0.0,0.0,0.0
qore_as_control,nq_75,50,True,15,5,2.0,0.5,5,0;1;2;10;24,0;1;2;24,1,1,4,4,4.13181676559427,0.8263633531188541,10,7.895018737987642,3.947509368993821,0.0,-0.18430739660044937,-50.18430739660045,-50.184307396600445,-50.18430739660045,True,-0.18430739660044937,0.0,3003,0.2952482910643329,0.41696999633897397,0.006526262838898013,0.010609858654771683,0.028829837959037742,0.9997134828649941,1.0,0.8263633531188541,0.31044596277253367,0.20822888510196683,0.4946589050225043,0.9992844224420099,0.9999998092587934,1.0,0.7538870370376015,0.07645486059788857,0.622897768477879,0.6623498760393935,0.7568314016383781,0.8342295576269709,0.9952675829556491,0.7895018737987641,0.09356467242507026,0.6706016930016894,0.6800464586050822,0.8054831966672336,0.8716912320136571,0.9952675829556491,0.37694351851880076,0.038227430298944286,0.3114488842389395,0.3311749380196968,0.37841570081918907,0.41711477881348547,0.49763379147782455,0.39475093689938207,0.04678233621253513,0.3353008465008447,0.3400232293025411,0.4027415983336168,0.43584561600682853,0.49763379147782455,0.0,0.0,0.0,0.0,0.0,0.0,0.0,0.0,0.0,0.0,0.0,0.0,0.0,0.0
qore_as_control,nq_76,50,True,15,5,2.0,0.5,5,0;1;3;7;10,0;1;3;10,1,1,4,4,4.160480623281103,0.8320961246562206,10,8.91446078220962,4.45723039110481,0.0,0.296749767823707,-49.703250232176295,-49.7032502321763,-49.703250232176295,True,0.296749767823707,0.0,3003,0.2787915679172483,0.41327625727267353,7.16842108585149e-05,0.00011870955435390316,0.004923800144849366,0.9661552129297224,1.0,0.8320961246562206,0.23055847068383653,0.38256997621779,0.5734501191317641,0.9236448760331497,0.997798175010975,1.0,0.7369783551136985,0.07935055736859108,0.560506957535375,0.6579008767997147,0.7222891284183051,0.8727764110957537,0.9828476913985371,0.8914460782209618,0.037628398104763656,0.8232521576975089,0.86467818965682,0.8859341089055727,0.9350431079002058,0.971748252683081,0.36848917755684923,0.03967527868429554,0.2802534787676875,0.3289504383998573,0.36114456420915253,0.43638820554787683,0.49142384569926856,0.4457230391104809,0.018814199052381828,0.41162607884875446,0.43233909482841,0.44296705445278634,0.4675215539501029,0.4858741263415405,0.0,0.0,0.0,0.0,0.0,0.0,0.0,0.0,0.0,0.0,0.0,0.0,0.0,0.0
qore_as_control,nq_77,50,True,15,5,2.0,0.5,5,10;18;32;44;47,,0,0,0,0,1.0035866122076043,0.20071732244152085,10,6.263210278858168,3.131605139429084,0.0,2.1280185272214798,-47.87198147277852,-47.87198147277853,-47.87198147277852,True,2.1280185272214798,0.0,3003,0.0679879307536166,0.24909894429742696,0.0004458226625796475,0.00046557294499074547,0.0007903207351970449,0.006105840721554064,1.0,0.20071732244152085,0.39964153997238466,0.0004894314381070378,0.0005557256479378969,0.0007911840532882158,0.60066033190141,1.0,0.7031597433977556,0.06484194149360267,0.5717955066355039,0.6252438856099898,0.702289825174537,0.7795443688911834,0.9617283123206698,0.6263210278858169,0.03586861978131205,0.5751645971971603,0.5903689459189468,0.6211041790089488,0.6465397342497282,0.7186413444849697,0.3515798716988778,0.032420970746801336,0.28589775331775197,0.3126219428049949,0.3511449125872685,0.3897721844455917,0.4808641561603349,0.31316051394290845,0.017934309890656024,0.28758229859858014,0.2951844729594734,0.3105520895044744,0.3232698671248641,0.3593206722424849,0.0,0.0,0.0,0.0,0.0,0.0,0.0,0.0,0.0,0.0,0.0,0.0,0.0,0.0
qore_as_control,nq_78,50,True,15,5,2.0,0.5,5,0;13;23;28;38,0;16;19;25;28,1,1,5,2,4.0424335851818185,0.8084867170363637,10,8.174135103336928,4.087067551668464,0.0,0.04463396648664553,-49.95536603351336,-49.95536603351336,-49.95536603351336,True,0.04463396648664553,0.0,3003,0.3939536831841171,0.3183217571186517,0.07567986344147014,0.0869572283041766,0.25120853015749417,0.907807400288652,1.0,0.8084867170363637,0.17489413788971994,0.5240953428895345,0.6106477593565777,0.794548573262164,0.993325313989191,1.0,0.8128695239824947,0.060971067013371225,0.712778694575816,0.7443822495082242,0.7986264156001938,0.8985896873065106,0.9915280976422803,0.8174135103336928,0.03707821371142914,0.7453321036601522,0.7746448104221051,0.8204976979287877,0.8604096191663348,0.8632239165768341,0.40643476199124734,0.030485533506685612,0.356389347287908,0.3721911247541121,0.3993132078000969,0.4492948436532553,0.49576404882114017,0.4087067551668464,0.01853910685571457,0.3726660518300761,0.38732240521105255,0.41024884896439384,0.4302048095831674,0.43161195828841703,0.0,0.0,0.0,0.0,0.0,0.0,0.0,0.0,0.0,0.0,0.0,0.0,0.0,0.0
qore_as_control,nq_79,50,True,15,5,2.0,0.5,5,0;1;9;21;45,0;1;2;37,1,1,3,2,3.3633408671290583,0.6726681734258118,10,8.260598644210681,4.130299322105341,0.0,0.7669584549762822,-49.23304154502372,-49.23304154502372,-49.23304154502372,True,0.7669584549762822,0.0,3003,0.32106894564243726,0.30980382161081166,0.004240662928717743,0.015733119702036683,0.2613122566915081,0.8007193250629694,1.0,0.6726681734258118,0.2680318904260894,0.37735295674433295,0.41861470662165423,0.5128451115264205,0.9970541869682676,1.0,0.7919932949480412,0.07836522273249409,0.5907939037175113,0.6935017475736357,0.7984566304394476,0.9010016760146387,0.9445360015674811,0.8260598644210679,0.07295922506230179,0.7593157400778993,0.759598148259013,0.7872743499617031,0.9422829816278312,0.9445360015674811,0.3959966474740206,0.039182611366247046,0.29539695185875564,0.34675087378681785,0.3992283152197238,0.4505008380073193,0.47226800078374054,0.41302993221053397,0.036479612531150896,0.37965787003894963,0.3797990741295065,0.39363717498085155,0.4711414908139156,0.47226800078374054,0.0,0.0,0.0,0.0,0.0,0.0,0.0,0.0,0.0,0.0,0.0,0.0,0.0,0.0
qore_as_control,nq_80,50,True,15,5,2.0,0.5,5,3;4;8;13;31,0;2;3;4;7;8;13;14,1,1,8,4,4.815651579859343,0.9631303159718685,10,8.094359123819027,4.0471795619095134,0.0,-0.7684720179498292,-50.76847201794983,-50.76847201794983,-50.76847201794983,True,-0.7684720179498292,0.0,3003,0.605366098075679,0.4612928052543007,0.0018861885145819673,0.002634943101520106,0.9851962266539164,0.9996807194074975,1.0,0.9631303159718685,0.06962091784208266,0.8239310351462142,0.8922807579650783,0.9979150555289834,0.9995485103950692,0.9997422579938053,0.8039183760078268,0.073880133101064,0.5757846434577208,0.7088759217133251,0.8171810900701715,0.8963301134728731,0.9734202165681397,0.8094359123819027,0.0643987513852555,0.7028151678774731,0.711504649478598,0.8340802309473812,0.8701002269964723,0.9051889582242167,0.4019591880039134,0.036940066550532,0.2878923217288604,0.35443796085666257,0.40859054503508574,0.44816505673643653,0.48671010828406985,0.40471795619095136,0.03219937569262775,0.35140758393873656,0.355752324739299,0.4170401154736906,0.43505011349823614,0.45259447911210837,0.0,0.0,0.0,0.0,0.0,0.0,0.0,0.0,0.0,0.0,0.0,0.0,0.0,0.0
qore_as_control,nq_81,50,True,15,5,2.0,0.5,5,5;8;14;32;47,0;1;2;3;4;5;7;8;9;10;11;12;13;15;18;23;25;26;27;28;29;31;33;35;36;37;39;41;43;45;47,1,1,12,3,4.911815300115798,0.9823630600231595,10,8.295594145236377,4.1477970726181885,0.0,-0.7640182274976093,-50.76401822749761,-50.76401822749761,-50.76401822749761,True,-0.7640182274976093,0.0,3003,0.9556360351259511,0.043820349129728896,0.8378110580897445,0.9147917900107647,0.9653097996784124,0.9962009105768258,1.0,0.9823630600231595,0.026246415042360714,0.9303171827315633,0.9545898418110819,0.9922636828833858,0.9992942416281956,1.0,0.8572666963609441,0.042879942052637746,0.7488755089810861,0.8122464366343091,0.850743662243188,0.9146220074462911,0.9576486150335077,0.8295594145236377,0.04264972628941637,0.7488755089810861,0.7804642830542943,0.8273603016781196,0.8723996971392604,0.9056556011653755,0.42863334818047205,0.021439971026318873,0.37443775449054306,0.40612321831715453,0.425371831121594,0.45731100372314554,0.47882430751675387,0.41477970726181884,0.021324863144708186,0.37443775449054306,0.39023214152714714,0.4136801508390598,0.4361998485696302,0.45282780058268773,0.0,0.0,0.0,0.0,0.0,0.0,0.0,0.0,0.0,0.0,0.0,0.0,0.0,0.0
qore_as_control,nq_82,50,True,15,5,2.0,0.5,5,3;12;18;27;44,3;5;35,1,1,2,1,2.229149693877236,0.44582993877544724,10,7.609242606668382,3.804621303334191,0.0,1.575471609456955,-48.424528390543045,-48.424528390543045,-48.424528390543045,True,1.575471609456955,0.0,3003,0.22197186688458775,0.24780546734839207,0.04542897127785119,0.05181697865119579,0.144107765186718,0.4788738009026159,1.0,0.44582993877544724,0.3207190292184745,0.04542897127785119,0.12812506539519314,0.40028554357145696,0.8125063889826888,1.0,0.7964309358553798,0.0565330081241583,0.6497148408830132,0.709129756767814,0.8086739878230855,0.8600678425568058,0.8987229663099201,0.7609242606668382,0.05537303509769637,0.681514053209018,0.699797538864177,0.7646716094550619,0.8411115389432673,0.8532685246854209,0.3982154679276899,0.02826650406207915,0.3248574204415066,0.354564878383907,0.40433699391154276,0.4300339212784029,0.44936148315496005,0.3804621303334191,0.027686517548848186,0.340757026604509,0.3498987694320885,0.3823358047275309,0.42055576947163364,0.42663426234271046,0.0,0.0,0.0,0.0,0.0,0.0,0.0,0.0,0.0,0.0,0.0,0.0,0.0,0.0
qore_as_control,nq_83,50,True,15,5,2.0,0.5,5,6;25;40;41;46,,0,0,0,0,2.330211822603827,0.4660423645207653,10,7.450482060652504,3.725241030326252,0.0,1.3950292077224251,-48.60497079227758,-48.60497079227757,-48.60497079227758,True,1.3950292077224251,0.0,3003,0.2093567843581715,0.30115717760505367,0.01147543194462421,0.01372970208680191,0.08697339557571879,0.6537380090718189,1.0,0.4660423645207653,0.4077821572363804,0.05921964846128936,0.07305871262933966,0.2628345504242715,0.9657361259347403,1.0,0.7986306786778249,0.061376185779037674,0.7024610736520251,0.7330102696221371,0.7855581899670803,0.8971004383398523,0.9804067090823206,0.7450482060652505,0.0262738030538209,0.7161534578648674,0.7226121006972733,0.7345261472272264,0.7741362796261654,0.8055835193333333,0.39931533933891245,0.030688092889518837,0.3512305368260126,0.36650513481106856,0.39277909498354013,0.44855021916992616,0.4902033545411603,0.37252410303262523,0.01313690152691045,0.3580767289324337,0.36130605034863666,0.3672630736136132,0.3870681398130827,0.40279175966666664,0.0,0.0,0.0,0.0,0.0,0.0,0.0,0.0,0.0,0.0,0.0,0.0,0.0,0.0
qore_as_control,nq_84,50,True,15,5,2.0,0.5,5,28;30;35;36;42,25,1,0,1,0,1.001997143021794,0.2003994286043588,10,7.135132356946623,3.5675661784733115,0.0,2.5655690354515173,-47.43443096454848,-47.43443096454848,-47.43443096454848,True,2.5655690354515173,0.0,3003,0.06901067468827236,0.24883166251332517,0.0001717044602358762,0.00023939384855203052,0.0012548051709961713,0.00777649151789833,1.0,0.2003994286043588,0.3998004790794696,0.0001717044602358762,0.00020052175688318972,0.00032688568870769185,0.6005019220683986,1.0,0.7894621795582725,0.08070312189893128,0.653025674704045,0.7015565217091704,0.7605507169506329,0.9210535135547608,0.9549124593024526,0.7135132356946622,0.04258531730955798,0.653025674704045,0.6817440865552259,0.6953121613168507,0.7651056165960171,0.8040923347323066,0.39473108977913623,0.04035156094946564,0.3265128373520225,0.3507782608545852,0.38027535847531646,0.4605267567773804,0.4774562296512263,0.3567566178473311,0.02129265865477899,0.3265128373520225,0.34087204327761295,0.34765608065842535,0.38255280829800853,0.4020461673661533,0.0,0.0,0.0,0.0,0.0,0.0,0.0,0.0,0.0,0.0,0.0,0.0,0.0,0.0
qore_as_control,nq_85,50,True,15,5,2.0,0.5,5,4;7;18;35;37,1;3;8;37;39,1,1,4,1,4.757869935122138,0.9515739870244276,10,8.338389629969738,4.169194814984869,0.0,-0.5886751201372693,-50.58867512013727,-50.58867512013727,-50.58867512013727,True,-0.5886751201372693,0.0,3003,0.608798044890444,0.2741006917221734,0.24529432948201832,0.294930384024283,0.5424175285606994,0.9801817113211501,1.0,0.9515739870244276,0.0544375712956486,0.8472748570456359,0.8897832443672757,0.9702392015745502,0.9947240204608867,1.0,0.8353978242713452,0.04339205435951928,0.7464401163217447,0.783131816375846,0.829265150852083,0.8945067868123951,0.9695955161727549,0.8338389629969738,0.03676219216295404,0.776077022880982,0.7877281557228666,0.8382134385505781,0.8708011101849854,0.8968046070724546,0.4176989121356726,0.02169602717975964,0.37322005816087234,0.391565908187923,0.4146325754260415,0.4472533934061976,0.48479775808637743,0.4169194814984869,0.01838109608147702,0.388038511440491,0.3938640778614333,0.41910671927528903,0.4354005550924927,0.4484023035362273,0.0,0.0,0.0,0.0,0.0,0.0,0.0,0.0,0.0,0.0,0.0,0.0,0.0,0.0
qore_as_control,nq_86,50,True,15,5,2.0,0.5,5,0;11;17;39;45,0;12;14;16;31;35;39,1,1,6,2,1.2126098760756636,0.24252197521513272,10,6.870064431662727,3.4350322158313635,0.0,2.2224223397557,-47.7775776602443,-47.777577660244305,-47.7775776602443,True,2.2224223397557,0.0,3003,0.09212889957298769,0.2437943857643593,0.004409155906447194,0.004733800067022125,0.023644470746828284,0.07820265467155704,1.0,0.24252197521513272,0.3793990483054995,0.023644470746828284,0.02958918907099901,0.06036414295695542,0.63603799832585,1.0,0.7096300453051817,0.05355412928088199,0.6059545947349008,0.6326268575863112,0.71660229274466,0.7622797165868472,0.9661662618098993,0.6870064431662728,0.05028066848579377,0.6059545947349008,0.6269221914986111,0.7078615173245408,0.7422119174843317,0.7513175047689582,0.35481502265259085,0.026777064640440995,0.3029772973674504,0.3163134287931556,0.35830114637233,0.3811398582934236,0.48308313090494964,0.3435032215831364,0.025140334242896883,0.3029772973674504,0.31346109574930553,0.3539307586622704,0.37110595874216584,0.3756587523844791,0.0,0.0,0.0,0.0,0.0,0.0,0.0,0.0,0.0,0.0,0.0,0.0,0.0,0.0
qore_as_control,nq_87,50,True,15,5,2.0,0.5,5,0;1;4;37;49,0;1;4;12;30,1,1,3,3,3.0200441773185416,0.6040088354637083,10,7.217692124377784,3.608846062188892,0.0,0.5888018848703505,-49.41119811512965,-49.41119811512966,-49.41119811512965,True,0.5888018848703505,0.0,3003,0.20552516730999779,0.3917575142731872,0.00020712656356826705,0.0002456149907434459,0.0015365596948333788,0.9856468647777336,1.0,0.6040088354637083,0.47112492479384305,0.0007025523255278143,0.022189821881120043,0.9665283724468482,0.9993570105326629,1.0,0.7380659413004786,0.08339786503716505,0.5652469298057227,0.6389652145961875,0.7314328754375733,0.8531205985164613,0.922670357022529,0.7217692124377784,0.08861899131467033,0.5891786739766923,0.6294120394589826,0.7123433893203917,0.8142197487734457,0.9017270695001425,0.3690329706502393,0.041698932518582525,0.28262346490286133,0.31948260729809375,0.36571643771878665,0.42656029925823064,0.4613351785112645,0.3608846062188892,0.04430949565733516,0.29458933698834616,0.3147060197294913,0.3561716946601958,0.40710987438672286,0.45086353475007124,0.0,0.0,0.0,0.0,0.0,0.0,0.0,0.0,0.0,0.0,0.0,0.0,0.0,0.0
qore_as_control,nq_88,50,True,15,5,2.0,0.5,5,2;4;11;13;15,2;4;31,1,1,2,2,2.0398713165246916,0.4079742633049383,10,9.009832539235969,4.5049162696179845,0.0,2.465044953093293,-47.53495504690671,-47.5349550469067,-47.53495504690671,True,2.465044953093293,0.0,3003,0.15352783926381985,0.25353059511850806,0.0031350495632384468,0.00940792917439104,0.0412701753316534,0.3447592709651559,1.0,0.4079742633049383,0.3082070417748457,0.10970681124941407,0.16685612956433854,0.3089568398898773,0.74745102333947,1.0,0.9020234126641986,0.024255364311340646,0.8463907534449229,0.870909369042614,0.9003820025191577,0.934998667637622,0.9876473621272401,0.9009832539235971,0.013505435404447857,0.8877832751012422,0.8901396059667157,0.895444590409537,0.920700477349085,0.9304580826783527,0.4510117063320993,0.012127682155670323,0.42319537672246144,0.435454684521307,0.45019100125957884,0.467499333818811,0.49382368106362007,0.45049162696179856,0.006752717702223928,0.4438916375506211,0.44506980298335785,0.4477222952047685,0.4603502386745425,0.46522904133917636,0.0,0.0,0.0,0.0,0.0,0.0,0.0,0.0,0.0,0.0,0.0,0.0,0.0,0.0
qore_as_control,nq_89,50,True,15,5,2.0,0.5,5,6;20;27;30;35,14;22;23;25;40,1,0,1,0,3.663532636287755,0.732706527257551,10,8.466505197747969,4.233252598873984,0.0,0.5697199625862295,-49.43028003741377,-49.430280037413766,-49.43028003741377,True,0.5697199625862295,0.0,3003,0.3065805495403599,0.33376927874238554,0.03183053847653056,0.03600546398628747,0.12865250444405416,0.8760738722713859,1.0,0.732706527257551,0.22978488048889323,0.44347400219722954,0.45444763240011443,0.8670823078013209,0.9528272994339051,1.0,0.8409754050248991,0.03868514467179248,0.7503727839549656,0.7932080632346411,0.8370337629623088,0.8904913810089008,0.9834188980011093,0.8466505197747969,0.03987942658443191,0.7983203753827163,0.8057207611198545,0.840517558224066,0.903278604095362,0.9219697855224427,0.42048770251244955,0.01934257233589624,0.3751863919774828,0.39660403161732055,0.4185168814811544,0.4452456905044504,0.49170944900055463,0.42332525988739844,0.019939713292215954,0.39916018769135814,0.40286038055992723,0.420258779112033,0.451639302047681,0.46098489276122134,0.0,0.0,0.0,0.0,0.0,0.0,0.0,0.0,0.0,0.0,0.0,0.0,0.0,0.0
qore_as_control,nq_90,50,True,15,5,2.0,0.5,5,0;3;17;37;40,0;10;17,1,1,2,2,2.1801531117161046,0.43603062234322093,10,6.4796463354557945,3.2398231677278972,0.0,1.0596700560117926,-48.94032994398821,-48.9403299439882,-48.94032994398821,True,1.0596700560117926,0.0,3003,0.1678514457326642,0.28960198380410385,0.015735436272346182,0.016436261831939823,0.03214352472174815,0.5856276612930239,1.0,0.43603062234322093,0.37783312106931805,0.015735436272346182,0.0297390430766135,0.4128813600171117,0.8803167448574529,1.0,0.629304068449633,0.06414387452175682,0.5306693767927331,0.5505911974319244,0.6206368430613721,0.7026826563890033,0.8820244351589457,0.6479646335455794,0.1392477407663347,0.5306693767927331,0.5369511150019084,0.5685603902827381,0.8598292747430062,0.8820244351589457,0.3146520342248165,0.03207193726087841,0.26533468839636654,0.2752955987159622,0.31031842153068606,0.35134132819450165,0.44101221757947284,0.3239823167727897,0.06962387038316735,0.26533468839636654,0.2684755575009542,0.28428019514136904,0.4299146373715031,0.44101221757947284,0.0,0.0,0.0,0.0,0.0,0.0,0.0,0.0,0.0,0.0,0.0,0.0,0.0,0.0
qore_as_control,nq_91,50,True,15,5,2.0,0.5,5,0;5;7;9;42,,0,0,0,0,4.012780179290184,0.8025560358580368,10,8.367339007437034,4.183669503718517,0.0,0.17088932442833293,-49.82911067557167,-49.82911067557167,-49.82911067557167,True,0.17088932442833293,0.0,3003,0.2739381659973322,0.4354490602993926,0.0039030096866564884,0.004205304035051234,0.015173702973075473,0.999446708813492,1.0,0.8025560358580368,0.38679853101302186,0.029043561605460892,0.4113721817119829,0.9993809733714113,0.9997962129766182,1.0,0.7841991045297706,0.0731754319342203,0.6213983510756239,0.6913342196001321,0.7864933517526329,0.8956837170186083,0.9439160576211183,0.8367339007437036,0.0746070981527284,0.7349168748060746,0.7431096071438079,0.8379942589190978,0.9205119579457034,0.928465223666087,0.3920995522648853,0.03658771596711015,0.31069917553781196,0.34566710980006604,0.39324667587631645,0.44784185850930414,0.47195802881055915,0.4183669503718518,0.0373035490763642,0.3674584374030373,0.37155480357190396,0.4189971294595489,0.4602559789728517,0.4642326118330435,0.0,0.0,0.0,0.0,0.0,0.0,0.0,0.0,0.0,0.0,0.0,0.0,0.0,0.0
qore_as_control,nq_92,50,True,15,5,2.0,0.5,5,0;6;14;15;20,,0,0,0,0,1.5304056742120913,0.3060811348424183,10,7.839237658246305,3.9196188291231526,0.0,2.3892131549110616,-47.61078684508894,-47.61078684508895,-47.61078684508894,True,2.3892131549110616,0.0,3003,0.1220623751401824,0.2537216947783233,0.0006290177622452876,0.0006786177840847291,0.007114913086397264,0.28227302637213053,1.0,0.3060811348424183,0.3707431741091673,0.0006290177622452876,0.0006494899405625832,0.17592424286476943,0.7412688861508152,1.0,0.8631957414701328,0.08642600545717981,0.6623872755399656,0.7260945712639066,0.8936372209055877,0.9495557173203011,0.9682958237601474,0.7839237658246304,0.10135865626639042,0.6623872755399656,0.7031939547807864,0.7395183867896014,0.9405229866818448,0.9497060186334092,0.4315978707350664,0.043213002728589904,0.3311936377699828,0.3630472856319533,0.44681861045279386,0.47477785866015054,0.4841479118800737,0.3919618829123152,0.05067932813319521,0.3311936377699828,0.3515969773903932,0.3697591933948007,0.4702614933409224,0.4748530093167046,0.0,0.0,0.0,0.0,0.0,0.0,0.0,0.0,0.0,0.0,0.0,0.0,0.0,0.0
qore_as_control,nq_93,50,True,15,5,2.0,0.5,5,0;3;14;31;39,,0,0,0,0,1.0055996326969479,0.20111992653938957,10,6.628492892941423,3.3142464464707113,0.0,2.3086468137737635,-47.69135318622624,-47.691353186226245,-47.69135318622624,True,2.3086468137737635,0.0,3003,0.06728167586146676,0.24928141754668623,0.0001275768515013083,0.00014312704715769455,0.0004057404089092263,0.0029181452744308388,1.0,0.20111992653938957,0.39944281591988423,0.00013630837133079554,0.00024440201810511036,0.0008005558516453542,0.6017024903942821,1.0,0.695599331023633,0.07168998652998865,0.5651726995929294,0.6289931089925979,0.6854908017453895,0.7840249064598763,0.9206090355894723,0.6628492892941422,0.06982899631471665,0.5749087096153641,0.583915537069239,0.6573471481393978,0.7206091217785335,0.8274763502352551,0.3477996655118165,0.035844993264994324,0.2825863497964647,0.31449655449629893,0.3427454008726947,0.39201245322993816,0.46030451779473613,0.3314246446470711,0.03491449815735832,0.28745435480768206,0.2919577685346195,0.3286735740696989,0.36030456088926677,0.41373817511762756,0.0,0.0,0.0,0.0,0.0,0.0,0.0,0.0,0.0,0.0,0.0,0.0,0.0,0.0
qore_as_control,nq_94,50,True,15,5,2.0,0.5,5,0;2;19;22;42,0;2,1,1,2,2,1.2727098263332963,0.25454196526665923,10,7.324300789918518,3.662150394959259,0.0,2.3894405686259628,-47.610559431374035,-47.61055943137404,-47.610559431374035,True,2.3894405686259628,0.0,3003,0.0962623294881197,0.24479423044928142,0.00196237750899428,0.0030760157110679047,0.012043880682518134,0.12889464686657243,1.0,0.25454196526665923,0.37641203003879903,0.008699034034177973,0.010036972693514038,0.11142750051693806,0.6562157644398648,1.0,0.7748833417374595,0.0632458198733966,0.5965856313761436,0.6799470695272062,0.787375597955326,0.8467087394289218,0.8928032000283351,0.7324300789918519,0.064658998217579,0.619976507833113,0.6260143184262951,0.7557775757045289,0.7915491489349777,0.8194067906135885,0.38744167086872977,0.0316229099366983,0.2982928156880718,0.3399735347636031,0.393687798977663,0.4233543697144609,0.44640160001416757,0.36621503949592593,0.0323294991087895,0.3099882539165565,0.31300715921314753,0.37788878785226443,0.39577457446748887,0.4097033953067942,0.0,0.0,0.0,0.0,0.0,0.0,0.0,0.0,0.0,0.0,0.0,0.0,0.0,0.0
qore_as_control,nq_95,50,True,15,5,2.0,0.5,5,0;3;4;8;26,0;3;4;8;23;26;29;35;38;43;49,1,1,7,5,4.800861419032948,0.9601722838065896,10,9.343623713911285,4.671811856955642,0.0,-0.12904956207730578,-50.129049562077306,-50.129049562077306,-50.129049562077306,True,-0.12904956207730578,0.0,3003,0.4499389182657781,0.4208036198770902,0.019456776949728347,0.021023315094440026,0.22991967813942857,0.9999148835994937,1.0,0.9601722838065896,0.04900645344246132,0.891956531411018,0.8988069234397831,0.9998927104195298,0.9999718662877878,1.0,0.8718118059685195,0.04388818983093583,0.7777511278870038,0.8135503232203728,0.8706309746305245,0.9279790552012843,0.9831956873074224,0.9343623713911284,0.027174118051365045,0.9023803745024108,0.9035197621248928,0.9233151938853921,0.9647447142514948,0.9831956873074224,0.43590590298425974,0.021944094915467914,0.3888755639435019,0.4067751616101864,0.43531548731526226,0.46398952760064216,0.4915978436537112,0.4671811856955642,0.013587059025682522,0.4511901872512054,0.4517598810624464,0.46165759694269604,0.4823723571257474,0.4915978436537112,0.0,0.0,0.0,0.0,0.0,0.0,0.0,0.0,0.0,0.0,0.0,0.0,0.0,0.0
qore_as_control,nq_96,50,True,15,5,2.0,0.5,5,1;8;10;25;36,0;1;25;36,1,1,4,3,4.83700344674578,0.967400689349156,10,7.6301882933491765,3.8150941466745882,0.0,-1.0219093000711919,-51.021909300071194,-51.0219093000712,-51.021909300071194,True,-1.0219093000711919,0.0,3003,0.5922237128014785,0.3922507862279482,0.005015525610173189,0.03720062056597274,0.547771826825136,0.9999867676315284,1.0,0.967400689349156,0.04995135869126137,0.8709848246387456,0.9090597132052429,0.9998571857889281,0.9999957561052469,1.0,0.7804162595005537,0.08274413014758472,0.617840137230315,0.6821626911554209,0.7694551060320218,0.8845839543388604,0.997466443872652,0.7630188293349177,0.08942810161907229,0.6812127971396399,0.6899414475972876,0.7244782894973638,0.8888877542259571,0.9748595644992462,0.39020812975027686,0.04137206507379236,0.3089200686151575,0.34108134557771047,0.3847275530160109,0.4422919771694302,0.498733221936326,0.38150941466745886,0.044714050809536145,0.34060639856981995,0.3449707237986438,0.3622391447486819,0.44444387711297856,0.4874297822496231,0.0,0.0,0.0,0.0,0.0,0.0,0.0,0.0,0.0,0.0,0.0,0.0,0.0,0.0
qore_as_control,nq_97,50,True,15,5,2.0,0.5,5,25;29;35;47;49,8;13;47,1,1,2,1,4.791482239793574,0.9582964479587147,10,8.26671142596369,4.133355712981845,0.0,-0.6581265268117287,-50.65812652681173,-50.658126526811735,-50.65812652681173,True,-0.6581265268117287,0.0,3003,0.5072949758534023,0.4006914013368117,0.025381839255273556,0.032202740645079636,0.6336003784076718,0.985255045840248,1.0,0.9582964479587147,0.04258213153674458,0.88355174977808,0.9060612045523901,0.9780400807036751,0.9960260090391853,1.0,0.8052104378904669,0.05744845759248502,0.6789276389128291,0.7358026792670478,0.80750328701561,0.8632444786703638,0.9881148490765469,0.826671142596369,0.03248062979803875,0.7668763564899084,0.79061733588753,0.833417998840688,0.8600722512402396,0.8883167699892744,0.40260521894523343,0.02872422879624251,0.3394638194564146,0.3679013396335239,0.403751643507805,0.4316222393351819,0.49405742453827345,0.4133355712981845,0.016240314899019375,0.3834381782449542,0.395308667943765,0.416708999420344,0.4300361256201198,0.4441583849946372,0.0,0.0,0.0,0.0,0.0,0.0,0.0,0.0,0.0,0.0,0.0,0.0,0.0,0.0
qore_as_control,nq_98,50,True,15,5,2.0,0.5,5,0;2;33;47;48,0;1;7;10;11;18;24;25;26;28;36;48,1,1,6,2,4.764337059377114,0.9528674118754228,10,8.701348965660696,4.350674482830348,0.0,-0.4136625765467663,-50.41366257654677,-50.41366257654677,-50.41366257654677,True,-0.4136625765467663,0.0,3003,0.7596453987798134,0.21623918573337425,0.2978016024292032,0.4189708469160525,0.8093224481033867,0.9816230249239002,1.0,0.9528674118754228,0.05929229543130177,0.836351273116668,0.8884515048103092,0.9760366771095231,0.9941389027200607,1.0,0.8473783222547717,0.06420245587558346,0.691823105801683,0.7459739636439225,0.8577743970889474,0.9126450939236039,0.9872169784526059,0.8701348965660698,0.043503807823230656,0.8111826289719761,0.8162131450843422,0.8733366417765577,0.9011729877517287,0.9740740363352033,0.42368916112738586,0.03210122793779173,0.3459115529008415,0.37298698182196127,0.4288871985444737,0.45632254696180197,0.49360848922630296,0.4350674482830349,0.021751903911615328,0.40559131448598806,0.4081065725421711,0.43666832088827884,0.45058649387586436,0.48703701816760164,0.0,0.0,0.0,0.0,0.0,0.0,0.0,0.0,0.0,0.0,0.0,0.0,0.0,0.0
qore_as_control,nq_99,50,True,15,5,2.0,0.5,5,0;3;4;5;19,0;4,1,1,2,2,4.9396428992032,0.98792857984064,10,8.00688057073935,4.003440285369675,0.0,-0.9362026138335251,-50.93620261383352,-50.93620261383353,-50.93620261383352,True,-0.9362026138335251,0.0,3003,0.67855468247091,0.36315597750752193,0.03741863061879674,0.11260353512644623,0.9369945290794064,0.999428148515819,1.0,0.98792857984064,0.017586366404105113,0.9541898310460976,0.9672190180984633,0.9989300658611759,0.9999040814475657,1.0,0.7930932110649732,0.06841648581073818,0.6551480587521715,0.7050828430153541,0.793287501338147,0.879714727346467,0.9709415144267747,0.800688057073935,0.058315539606348984,0.7264019138185014,0.7462913075079787,0.8045543170037428,0.8527734468615313,0.9391750900171506,0.3965466055324866,0.03420824290536909,0.32757402937608576,0.35254142150767703,0.3966437506690735,0.4398573636732335,0.48547075721338734,0.4003440285369675,0.029157769803174492,0.3632009569092507,0.37314565375398934,0.4022771585018714,0.42638672343076567,0.4695875450085753,0.0,0.0,0.0,0.0,0.0,0.0,0.0,0.0,0.0,0.0,0.0,0.0,0.0,0.0
qore_as_control,nq_100,50,True,15,5,2.0,0.5,5,5;7;17;32;45,0;2;5;17;39;43;45,1,1,5,3,4.780645436526982,0.9561290873053965,10,8.360494764035819,4.180247382017909,0.0,-0.600398054509073,-50.60039805450907,-50.60039805450907,-50.60039805450907,True,-0.600398054509073,0.0,3003,0.7191453900235066,0.2367701298918463,0.31255580486386814,0.3484939146272226,0.8051359309499638,0.9946989183301934,1.0,0.9561290873053965,0.04866329393524173,0.8954466281165624,0.8965093003211646,0.9877919076960882,0.9997214368345054,1.0,0.8041491194365281,0.048210489000885114,0.6933827796383994,0.7505463317147919,0.7987934387069648,0.8677958997987149,0.9578761861889349,0.8360494764035818,0.04302781318101012,0.768488612925863,0.786276074397419,0.8322202977330599,0.8940836538513821,0.8941857977769782,0.40207455971826406,0.024105244500442557,0.3466913898191997,0.37527316585739595,0.3993967193534824,0.4338979498993574,0.47893809309446744,0.4180247382017909,0.02151390659050506,0.3842443064629315,0.3931380371987095,0.41611014886652997,0.44704182692569105,0.4470928988884891,0.0,0.0,0.0,0.0,0.0,0.0,0.0,0.0,0.0,0.0,0.0,0.0,0.0,0.0
qore_as_control,nq_101,50,True,15,5,2.0,0.5,5,1;2;10;20;32,1;2;13;23;24;26;31;40;45,1,1,6,2,2.0648433857175825,0.4129686771435165,10,7.53955012035682,3.76977506017841,0.0,1.7049316744608274,-48.29506832553917,-48.29506832553918,-48.29506832553917,True,1.7049316744608274,0.0,3003,0.19327397163466128,0.252228580277619,0.03943428533971966,0.04252275159071339,0.10697658523473387,0.4497147656187402,1.0,0.4129686771435165,0.3355372511923225,0.10697658523473387,0.10783137844659611,0.29768586856167606,0.8204269454627133,1.0,0.7647534491606705,0.06899501536192512,0.6399230433936187,0.677891324154167,0.7671998068778154,0.8663302760602708,0.9451302941011872,0.7539550120356822,0.07448222708980437,0.6399230433936187,0.6668123010467606,0.7588292091095012,0.8447612355756368,0.8980061862856934,0.3823767245803352,0.03449750768096256,0.31996152169680936,0.3389456620770835,0.3835999034389077,0.4331651380301354,0.4725651470505936,0.3769775060178411,0.037241113544902185,0.31996152169680936,0.3334061505233803,0.3794146045547506,0.4223806177878184,0.4490030931428467,0.0,0.0,0.0,0.0,0.0,0.0,0.0,0.0,0.0,0.0,0.0,0.0,0.0,0.0
qore_as_control,nq_102,50,True,15,5,2.0,0.5,5,2;6;24;26;44,0;2;6;16;17;26;29,1,1,7,3,4.946713485582468,0.9893426971164935,10,7.597615634251295,3.7988078171256476,0.0,-1.1479056684568207,-51.14790566845682,-51.14790566845682,-51.14790566845682,True,-1.1479056684568207,0.0,3003,0.7644370560721933,0.3284605360491508,0.11752600750912115,0.1720558795117691,0.9750080298920527,0.9976115008267608,1.0,0.9893426971164935,0.009061547089709446,0.9750080298920527,0.9782494807537033,0.9929583759262516,0.9982541690871938,1.0,0.7756658798060669,0.04917925523858299,0.6795386244844723,0.7131206511634169,0.781077650351873,0.8154682036494004,0.9974146080589823,0.7597615634251296,0.029469678833682882,0.7132294133021223,0.72616799045711,0.7625434862239764,0.7928727487555854,0.8116996261916256,0.38783293990303347,0.024589627619291496,0.33976931224223617,0.35656032558170847,0.3905388251759365,0.4077341018247002,0.49870730402949115,0.3798807817125648,0.014734839416841441,0.35661470665106115,0.363083995228555,0.3812717431119882,0.3964363743777927,0.4058498130958128,0.0,0.0,0.0,0.0,0.0,0.0,0.0,0.0,0.0,0.0,0.0,0.0,0.0,0.0
qore_as_control,nq_103,50,True,15,5,2.0,0.5,5,4;5;19;24;27,10,1,0,1,0,2.135743163379528,0.4271486326759056,10,7.577268664444704,3.788634332222352,0.0,1.652891168842824,-48.34710883115718,-48.34710883115718,-48.34710883115718,True,1.652891168842824,0.0,3003,0.1667672666741565,0.2855112183250532,0.010168098435829082,0.0113648178376814,0.02139078934233463,0.5617192042567969,1.0,0.4271486326759056,0.3731514581464579,0.016471987686117746,0.0248329025330044,0.43709468138624236,0.8579208878015334,1.0,0.7748647611044713,0.052964093242887804,0.6804518754158876,0.7238705806381217,0.7674113375217785,0.8243022887555809,0.9417273216323256,0.7577268664444704,0.05458125464500414,0.7154592596070913,0.7223712334517529,0.7444462848772573,0.7748973681289171,0.9173206446533536,0.38743238055223567,0.026482046621443902,0.3402259377079438,0.36193529031906085,0.38370566876088924,0.41215114437779043,0.4708636608161628,0.3788634332222352,0.02729062732250207,0.35772962980354567,0.36118561672587646,0.37222314243862864,0.38744868406445854,0.4586603223266768,0.0,0.0,0.0,0.0,0.0,0.0,0.0,0.0,0.0,0.0,0.0,0.0,0.0,0.0
qore_as_control,nq_104,50,True,15,5,2.0,0.5,5,1;20;21;29;40,1,1,1,1,1,4.931376225968595,0.986275245193719,10,8.686048803550268,4.343024401775134,0.0,-0.5883518241934613,-50.58835182419346,-50.58835182419347,-50.58835182419346,True,-0.5883518241934613,0.0,3003,0.8653798943988658,0.13692039700813682,0.6110393799456951,0.636312433588452,0.9014556188982148,0.9988271561677953,1.0,0.986275245193719,0.021856539911054927,0.9428203464605273,0.9632865333221315,0.9950533465993113,0.9998066877176875,1.0,0.8920041939103138,0.04366779563225168,0.7655183473304308,0.8181306667607797,0.9019082785157315,0.9383825465483211,0.9923842903981945,0.8686048803550269,0.05516594409059463,0.7655183473304308,0.8016848491060639,0.9027789638631155,0.9188531800507096,0.9232070264831331,0.4460020969551569,0.02183389781612584,0.3827591736652154,0.40906533338038986,0.45095413925786576,0.46919127327416055,0.49619214519909727,0.43430244017751346,0.027582972045297315,0.3827591736652154,0.40084242455303193,0.45138948193155776,0.4594265900253548,0.46160351324156657,0.0,0.0,0.0,0.0,0.0,0.0,0.0,0.0,0.0,0.0,0.0,0.0,0.0,0.0
qore_as_control,nq_105,50,True,15,5,2.0,0.5,5,14;30;32;46;48,0;1;2;3;4;5;6;7;8;12;13;14;15;16;17;18;19;20;22;23;25;26;27;28;29;30;32;35;36;37;38;40;41;42;44;45;46;47;48;49,1,1,15,5,4.85779502041054,0.971559004082108,10,7.93148969370737,3.965744846853685,0.0,-0.8920501735568553,-50.892050173556854,-50.892050173556854,-50.892050173556854,True,-0.8920501735568553,0.0,3003,0.9087006519200245,0.05748405502639286,0.8395116343471074,0.8406068408866954,0.8847299237781446,0.9822721888834586,1.0,0.971559004082108,0.028739709929089672,0.9162177486264043,0.9407868470343309,0.9804493869964528,0.993394956056585,1.0,0.8080291972474652,0.035429553297146144,0.7371430657742133,0.7666638988716886,0.8028937904891409,0.854083482449498,0.9250268674566254,0.793148969370737,0.02352837253161006,0.7643305311163766,0.7706110891789676,0.7893108466656381,0.8290131246286037,0.8429141197675376,0.4040145986237326,0.017714776648573072,0.36857153288710665,0.3833319494358443,0.40144689524457045,0.427041741224749,0.4625134337283127,0.3965744846853685,0.01176418626580503,0.3821652655581883,0.3853055445894838,0.39465542333281906,0.41450656231430183,0.4214570598837688,0.0,0.0,0.0,0.0,0.0,0.0,0.0,0.0,0.0,0.0,0.0,0.0,0.0,0.0
qore_as_control,nq_106,50,True,15,5,2.0,0.5,5,9;14;19;34;46,,0,0,0,0,3.4589606680551968,0.6917921336110393,10,7.688059856294476,3.844029928147238,0.0,0.38506926009204134,-49.61493073990796,-49.614930739907955,-49.61493073990796,True,0.38506926009204134,0.0,3003,0.3683421901262161,0.276906640089737,0.07546925919913577,0.11099507674557993,0.31859840302704484,0.7834682432762873,1.0,0.6917921336110393,0.22781880441839225,0.442244165191045,0.47473961212325916,0.5623599446462775,0.9723495102785176,1.0,0.8045476632154026,0.08270334755527611,0.6337514878766473,0.6862956221500037,0.8225834289288917,0.9066108779327603,0.936762204474901,0.7688059856294476,0.08074453007266909,0.6493836380771572,0.6858332304080715,0.7681366605707267,0.8562119772549842,0.9237400527475278,0.4022738316077013,0.04135167377763806,0.31687574393832363,0.34314781107500186,0.41129171446444585,0.45330543896638015,0.4683811022374505,0.3844029928147238,0.040372265036334544,0.3246918190385786,0.34291661520403577,0.38406833028536336,0.4281059886274921,0.4618700263737639,0.0,0.0,0.0,0.0,0.0,0.0,0.0,0.0,0.0,0.0,0.0,0.0,0.0,0.0
qore_as_control,nq_107,50,True,15,5,2.0,0.5,5,0;1;2;5;8,,0,0,0,0,4.136882267619166,0.8273764535238332,10,8.576747965199193,4.288373982599596,0.0,0.15149171498043046,-49.84850828501957,-49.84850828501956,-49.84850828501957,True,0.15149171498043046,0.0,3003,0.3477731260632542,0.3779855966987202,0.00998938027533149,0.012694666256391289,0.08677870782993737,0.9802914292034962,1.0,0.8273764535238332,0.20952802094372938,0.4610909816837443,0.5665814355016647,0.9514653631031466,0.9998035226414917,1.0,0.7760727199438856,0.06883266276960569,0.6000539502766651,0.6910300842722445,0.7722387899984385,0.8645964688653693,0.9916280881735122,0.8576747965199193,0.0768901492146683,0.7608231176052893,0.7632856889524305,0.8749205503857103,0.9244096025295424,0.9916280881735122,0.3880363599719428,0.034416331384802844,0.30002697513833254,0.3455150421361223,0.38611939499921927,0.43229823443268467,0.4958140440867561,0.42883739825995965,0.03844507460733415,0.38041155880264466,0.38164284447621527,0.43746027519285513,0.4622048012647712,0.4958140440867561,0.0,0.0,0.0,0.0,0.0,0.0,0.0,0.0,0.0,0.0,0.0,0.0,0.0,0.0
qore_as_control,nq_108,50,True,15,5,2.0,0.5,5,2;3;36;47;48,2;3;5;6;12;14;24;29;36;40;42;43,1,1,7,3,3.495253857071667,0.6990507714143334,10,8.449188994420638,4.224594497210319,0.0,0.729340640138652,-49.27065935986135,-49.27065935986135,-49.27065935986135,True,0.729340640138652,0.0,3003,0.29204983706285315,0.3293755408175072,0.029534239605656466,0.03974136801312949,0.12207667087877781,0.8397560923388458,1.0,0.6990507714143334,0.2683038781299621,0.25887602105321933,0.40183492271950916,0.6615332207042816,0.9834285360380889,1.0,0.8124164576755695,0.055899771153894336,0.7120382855234066,0.7437596477582041,0.8052299790089545,0.8951140834287982,0.9895689487482697,0.8449188994420638,0.07160685710157402,0.7846267877111118,0.7872396139129111,0.8033679627352374,0.9375516610616293,0.9895689487482697,0.40620822883778473,0.027949885576947168,0.3560191427617033,0.37187982387910207,0.40261498950447727,0.4475570417143991,0.49478447437413486,0.4224594497210319,0.03580342855078701,0.3923133938555559,0.39361980695645554,0.4016839813676187,0.4687758305308147,0.49478447437413486,0.0,0.0,0.0,0.0,0.0,0.0,0.0,0.0,0.0,0.0,0.0,0.0,0.0,0.0
qore_as_control,nq_109,50,True,15,5,2.0,0.5,5,8;32;39;46;47,,0,0,0,0,1.6689398489604734,0.3337879697920947,10,7.007157105963578,3.503578552981789,0.0,1.8346387040213155,-48.165361295978684,-48.165361295978684,-48.165361295978684,True,1.8346387040213155,0.0,3003,0.13073658291892917,0.2552121582063475,0.01589050427573627,0.016994536322784505,0.02414699060188423,0.32956524947861665,1.0,0.3337879697920947,0.363983314344369,0.02414699060188423,0.029228660352364794,0.1759988327484265,0.7727771442528308,1.0,0.7461271119998036,0.07158924637331894,0.6295778069802476,0.6620105696605304,0.7367928119396441,0.8379395115984253,0.980411690386959,0.7007157105963577,0.03630050119948158,0.6431475512250093,0.6629592433595356,0.6923496792566705,0.7389911547699842,0.7630799630406812,0.3730635559999018,0.03579462318665947,0.3147889034901238,0.3310052848302652,0.36839640596982204,0.41896975579921264,0.4902058451934795,0.35035785529817887,0.01815025059974079,0.32157377561250466,0.3314796216797678,0.34617483962833523,0.3694955773849921,0.3815399815203406,0.0,0.0,0.0,0.0,0.0,0.0,0.0,0.0,0.0,0.0,0.0,0.0,0.0,0.0
qore_as_control,nq_110,50,True,15,5,2.0,0.5,5,4;9;17;34;46,,0,0,0,0,3.7627068739874585,0.7525413747974917,10,7.3573564429972516,3.6786782214986258,0.0,-0.08402865248883273,-50.08402865248883,-50.084028652488826,-50.08402865248883,True,-0.08402865248883273,0.0,3003,0.2927005428167433,0.3762604979875084,0.00038472964953570685,0.0004671177866642267,0.07817256448272596,0.8947497128885208,1.0,0.7525413747974917,0.2918341990168787,0.1837801022284581,0.42799974233101423,0.8800441433798525,0.9618213703577199,1.0,0.7991547973589471,0.093940069175562,0.5305377409605346,0.6657293466534465,0.8219981295302569,0.9039825791582151,0.9447310591156499,0.7357356442997252,0.10091007251482473,0.6157371021186072,0.6246311144692803,0.7019997141055168,0.8761068136313264,0.8904083515762987,0.39957739867947356,0.046970034587781,0.2652688704802673,0.33286467332672326,0.41099906476512843,0.45199128957910756,0.47236552955782496,0.3678678221498626,0.050455036257412364,0.3078685510593036,0.31231555723464016,0.3509998570527584,0.4380534068156632,0.44520417578814936,0.0,0.0,0.0,0.0,0.0,0.0,0.0,0.0,0.0,0.0,0.0,0.0,0.0,0.0
qore_as_control,nq_111,50,True,15,5,2.0,0.5,5,0;13;26;27;45,,0,0,0,0,2.317104668378101,0.4634209336756202,10,8.901095037365003,4.450547518682502,0.0,2.1334428503044007,-47.8665571496956,-47.8665571496956,-47.8665571496956,True,2.1334428503044007,0.0,3003,0.15927517867515945,0.3218706911988397,0.0013701418964348331,0.002833703468242872,0.007193479650827104,0.6768809815889612,1.0,0.4634209336756202,0.41469738658002436,0.00579245493795838,0.03153179279190716,0.3391093336571296,0.9608248320840731,1.0,0.8999716449509693,0.04289960481531452,0.8106944367052193,0.8370277753114974,0.9074777854538358,0.9521023030715898,0.9919708031434092,0.8901095037365003,0.05598746841656163,0.8106944367052193,0.8209539036064215,0.8897296613408,0.9620747098696171,0.9919708031434092,0.44998582247548463,0.02144980240765726,0.4053472183526097,0.4185138876557487,0.4537388927269179,0.4760511515357949,0.4959854015717046,0.44505475186825016,0.027993734208280815,0.4053472183526097,0.41047695180321075,0.4448648306704,0.48103735493480854,0.4959854015717046,0.0,0.0,0.0,0.0,0.0,0.0,0.0,0.0,0.0,0.0,0.0,0.0,0.0,0.0
qore_as_control,nq_112,50,True,15,5,2.0,0.5,5,8;17;24;26;33,0;1;2;3;4;5;6;7;8;9;13;15;17;24;26;29;33;38;44;49,1,1,15,5,4.987616034093021,0.9975232068186042,10,8.449998608077905,4.224999304038953,0.0,-0.7626167300540683,-50.76261673005407,-50.76261673005408,-50.76261673005407,True,-0.7626167300540683,0.0,3003,0.9755034761812209,0.044380130707845675,0.8363278049190872,0.9246085219657167,0.9947178269578703,0.9998373221131466,1.0,0.9975232068186042,0.0023718804249200894,0.993137663738848,0.9948265809105179,0.9978987787344457,0.9996300672663118,0.99971106642815,0.8757041636186611,0.0418004426449842,0.7605402333542253,0.8221032269497137,0.8744233558004565,0.9364839644047368,0.9921991892787042,0.8449998608077905,0.04528236727866227,0.7605402333542253,0.804864041535215,0.8475125797898868,0.9143926783116284,0.9212278434967642,0.43785208180933055,0.0209002213224921,0.38027011667711264,0.41105161347485686,0.43721167790022825,0.4682419822023684,0.4960995946393521,0.4224999304038953,0.022641183639331135,0.38027011667711264,0.4024320207676075,0.4237562898949434,0.4571963391558142,0.4606139217483821,0.0,0.0,0.0,0.0,0.0,0.0,0.0,0.0,0.0,0.0,0.0,0.0,0.0,0.0
qore_as_control,nq_113,50,True,15,5,2.0,0.5,5,0;1;4;16;27,0;1;6;40,1,1,3,2,2.2964345022727475,0.4592869004545495,10,7.2541966327612615,3.6270983163806307,0.0,1.3306638141078833,-48.669336185892114,-48.66933618589212,-48.669336185892114,True,1.3306638141078833,0.0,3003,0.16155726184758065,0.3369641461078284,0.00036997554755118997,0.0004593204116377362,0.0020799331877933342,0.7166265835856456,1.0,0.4592869004545495,0.45353310255931106,0.0019686530489291506,0.002013165104474824,0.2940248301798458,0.9993444343424717,1.0,0.7039644474531381,0.0782023860035094,0.5563043183901047,0.6251933402851321,0.6894354116656198,0.8354310198522475,0.9613235985851588,0.7254196632761262,0.11336539869599885,0.6210976855482664,0.6259812787964135,0.6709443108800803,0.8660049520747178,0.9613235985851588,0.35198222372656907,0.0391011930017547,0.2781521591950524,0.31259667014256604,0.3447177058328099,0.4177155099261238,0.4806617992925794,0.3627098316380631,0.056682699347999424,0.3105488427741332,0.31299063939820676,0.33547215544004017,0.4330024760373589,0.4806617992925794,0.0,0.0,0.0,0.0,0.0,0.0,0.0,0.0,0.0,0.0,0.0,0.0,0.0,0.0
qore_as_control,nq_114,50,True,15,5,2.0,0.5,5,13;19;23;30;37,37,1,1,1,1,3.13502046753814,0.627004093507628,10,8.434680062672811,4.217340031336406,0.0,1.0823195637982654,-48.917680436201735,-48.917680436201735,-48.917680436201735,True,1.0823195637982654,0.0,3003,0.23579544611054654,0.31634390201210505,0.02346534665774529,0.025694484958988496,0.05538977153387756,0.7171919039665786,1.0,0.627004093507628,0.264905100363975,0.2222096099365955,0.3439939083944075,0.5724619847283633,0.9254714067168223,1.0,0.8477875516269321,0.06590001119386896,0.6998965935956868,0.7586415310126919,0.8468687328173922,0.9334219772080153,0.9762127102218305,0.8434680062672809,0.073270435115607,0.7500344714575196,0.7557286459254849,0.8099352578751808,0.948570074462314,0.9762127102218305,0.42389377581346604,0.03295000559693448,0.3499482967978434,0.37932076550634597,0.4234343664086961,0.46671098860400767,0.48810635511091527,0.42173400313364046,0.0366352175578035,0.3750172357287598,0.37786432296274247,0.4049676289375904,0.474285037231157,0.48810635511091527,0.0,0.0,0.0,0.0,0.0,0.0,0.0,0.0,0.0,0.0,0.0,0.0,0.0,0.0
qore_as_control,nq_115,50,True,15,5,2.0,0.5,5,0;23;25;28;33,0;7,1,1,2,1,1.0005093418750723,0.20010186837501448,10,7.047744556625268,3.523872278312634,0.0,2.523362936437562,-47.476637063562436,-47.476637063562436,-47.476637063562436,True,2.523362936437562,0.0,3003,0.06872367772530093,0.24893932920948925,6.607648223160142e-05,0.0001224261482308093,0.00021813130057015166,0.013402202489609324,1.0,0.20010186837501448,0.3999490676643994,6.607648223160142e-05,8.651694896180959e-05,0.00014067582943386408,0.6000741647657399,1.0,0.7614370356914245,0.04826977763029799,0.6217261339034641,0.7080742392299657,0.7554819020811322,0.8240171846348157,0.8896313868731425,0.7047744556625268,0.039771727239375346,0.6217261339034641,0.6696160859108328,0.7051143961694417,0.7528863072303703,0.7763911769878044,0.38071851784571226,0.024134888815148994,0.31086306695173205,0.35403711961498285,0.3777409510405661,0.41200859231740783,0.44481569343657124,0.3523872278312634,0.019885863619687673,0.31086306695173205,0.3348080429554164,0.35255719808472086,0.37644315361518516,0.3881955884939022,0.0,0.0,0.0,0.0,0.0,0.0,0.0,0.0,0.0,0.0,0.0,0.0,0.0,0.0
qore_as_control,nq_116,50,True,15,5,2.0,0.5,5,0;1;2;5;8,0;1;2;3;5;8;10;12;13;23;26;27;28;29;31;33;37;39;41;42;44;47,1,1,11,5,4.933234504518438,0.9866469009036875,10,9.464443923215109,4.7322219616075545,0.0,-0.20101254291088377,-50.20101254291088,-50.20101254291088,-50.20101254291088,True,-0.20101254291088377,0.0,3003,0.46966752832304476,0.4679010783214761,0.014484186015849736,0.015439668894822291,0.08866860451454658,0.999398150098765,1.0,0.9866469009036875,0.025422853666508243,0.9358085984960068,0.9609382699357355,0.9993886362874821,0.9997617970558481,1.0,0.8752387585708713,0.04518754502438817,0.7767446607240387,0.8195104555689804,0.8690485496376907,0.942026374960045,0.9854059366356722,0.9464443923215111,0.01617538586177685,0.918569528269146,0.9333698919197064,0.9455577352539566,0.95819620921664,0.9854059366356722,0.43761937928543565,0.022593772512194084,0.38837233036201935,0.4097552277844902,0.43452427481884537,0.4710131874800225,0.4927029683178361,0.47322219616075556,0.008087692930888426,0.459284764134573,0.4666849459598532,0.4727788676269783,0.47909810460832,0.4927029683178361,0.0,0.0,0.0,0.0,0.0,0.0,0.0,0.0,0.0,0.0,0.0,0.0,0.0,0.0
qore_as_control,nq_117,50,True,15,5,2.0,0.5,5,10;34;38;40;49,3;4,1,0,2,0,4.8861450686586565,0.9772290137317313,10,8.42361266390849,4.211806331954245,0.0,-0.6743387367044118,-50.674338736704414,-50.67433873670441,-50.674338736704414,True,-0.6743387367044118,0.0,3003,0.9601557856039219,0.02734800753562284,0.905909027348778,0.933202483702518,0.9612993353516877,0.998893260800834,1.0,0.9772290137317313,0.01760968362597956,0.9612993353516877,0.9613341607642503,0.9661116989502314,0.998893260800834,0.9997710330568838,0.881368955636517,0.03385815262465777,0.7896821334724532,0.8335671489345221,0.8877952500183515,0.9212090139013892,0.946339736052041,0.842361266390849,0.030367424490060725,0.7896821334724532,0.810626069789744,0.8355665199400774,0.8785362532257144,0.893467021349073,0.4406844778182585,0.016929076312328886,0.3948410667362266,0.41678357446726105,0.44389762500917573,0.4606045069506946,0.4731698680260205,0.4211806331954245,0.015183712245030363,0.3948410667362266,0.405313034894872,0.4177832599700387,0.4392681266128572,0.4467335106745365,0.0,0.0,0.0,0.0,0.0,0.0,0.0,0.0,0.0,0.0,0.0,0.0,0.0,0.0
qore_as_control,nq_118,50,True,15,5,2.0,0.5,5,4;6;17;29;45,,0,0,0,0,2.622333317206454,0.5244666634412908,10,7.283334528893339,3.6416672644466694,0.0,1.0193339472402156,-48.98066605275979,-48.98066605275979,-48.98066605275979,True,1.0193339472402156,0.0,3003,0.18762264178957874,0.3002576713811761,0.0049782934094875905,0.007168837583583765,0.021088625477957892,0.6359552032212971,1.0,0.5244666634412908,0.3156294914575896,0.1254670056635393,0.16616797561039467,0.629164626930225,0.8561929016328047,1.0,0.7300195287246094,0.07623429131420834,0.5673611207691618,0.645224062632635,0.7171867831605332,0.8340139038578644,0.9790687313971302,0.7283334528893339,0.11851289246819116,0.6043397373560765,0.6121767534733916,0.6599458010659627,0.8534680765115065,0.9790687313971302,0.3650097643623047,0.03811714565710417,0.2836805603845809,0.3226120313163175,0.3585933915802666,0.4170069519289322,0.4895343656985651,0.36416672644466697,0.05925644623409558,0.30216986867803824,0.3060883767366958,0.32997290053298134,0.42673403825575323,0.4895343656985651,0.0,0.0,0.0,0.0,0.0,0.0,0.0,0.0,0.0,0.0,0.0,0.0,0.0,0.0
qore_as_control,nq_119,50,True,15,5,2.0,0.5,5,5;10;11;22;43,0;8;11;15;19,1,1,4,1,4.345748461455251,0.8691496922910502,10,8.427755450798045,4.213877725399023,0.0,-0.13187073605622857,-50.13187073605623,-50.13187073605623,-50.13187073605623,True,-0.13187073605622857,0.0,3003,0.48443151150653996,0.3390654816976816,0.07379772945245222,0.11806227252409901,0.33693809556027743,0.9846438520179793,1.0,0.8691496922910502,0.18703344084010973,0.5070587044482158,0.6519995376558617,0.9846176485292192,0.9938645284041945,1.0,0.8260689453352488,0.07152321098209778,0.6982513932030232,0.7275913775404095,0.8280311900804084,0.9183759494482234,0.9409461363804982,0.8427755450798046,0.07687768094073962,0.7278356752704729,0.7388144779717648,0.877631200071112,0.9178890979292909,0.918938153842997,0.4130344726676244,0.03576160549104889,0.3491256966015116,0.36379568877020474,0.4140155950402042,0.4591879747241117,0.4704730681902491,0.4213877725399023,0.03843884047036981,0.36391783763523644,0.3694072389858824,0.438815600035556,0.4589445489646454,0.4594690769214985,0.0,0.0,0.0,0.0,0.0,0.0,0.0,0.0,0.0,0.0,0.0,0.0,0.0,0.0
qore_as_control,nq_120,50,True,15,5,2.0,0.5,5,0;4;11;16;21,0;2;4;5,1,1,4,2,4.263382531644117,0.8526765063288233,10,7.455943281907123,3.7279716409535615,0.0,-0.5354108906905557,-50.53541089069056,-50.53541089069056,-50.53541089069056,True,-0.5354108906905557,0.0,3003,0.4174640385537879,0.397939150562125,0.004100142127524311,0.004879627169572238,0.4066504191850819,0.9186363890780604,1.0,0.8526765063288233,0.1534572797216814,0.5573465032446157,0.6840068945704673,0.9029336951304664,0.971641940683916,1.0,0.740459260774018,0.0947843491050138,0.5681469049377071,0.6267505922209018,0.7238811877955016,0.8620582110331659,0.9617271293580792,0.7455943281907123,0.1305386128932305,0.6191951638333887,0.6244475416108186,0.6671273377328213,0.9246601243506418,0.9301273523070446,0.370229630387009,0.0473921745525069,0.28407345246885357,0.3133752961104509,0.3619405938977508,0.43102910551658297,0.4808635646790396,0.3727971640953561,0.06526930644661524,0.30959758191669434,0.3122237708054093,0.33356366886641065,0.4623300621753209,0.4650636761535223,0.0,0.0,0.0,0.0,0.0,0.0,0.0,0.0,0.0,0.0,0.0,0.0,0.0,0.0
qore_as_control,nq_121,50,True,15,5,2.0,0.5,5,10;18;29;34;40,0;7;10;12;17;18;26;28;29;45;46;48;49,1,1,9,3,1.2330984219722798,0.24661968439445597,10,7.792417385228147,3.8962086926140733,0.0,2.6631102706417935,-47.336889729358205,-47.33688972935821,-47.336889729358205,True,2.6631102706417935,0.0,3003,0.0929346724282897,0.24474343356014505,0.0024183291090330967,0.002984477050873584,0.0164121501883648,0.10458013117699028,1.0,0.24661968439445597,0.37899022066020394,0.007058395563512069,0.020598721848158745,0.051248422177340824,0.6535529571825194,1.0,0.8076222327966283,0.05546956772642018,0.6860393820640479,0.7446484933476776,0.8001995137886051,0.8796166232953888,0.9415863228291443,0.7792417385228148,0.05096698709936161,0.6913160987044946,0.7064870269832425,0.7735644552633496,0.8269380186651695,0.8755734582126181,0.40381111639831413,0.02773478386321009,0.34301969103202395,0.3723242466738388,0.40009975689430255,0.4398083116476944,0.47079316141457217,0.3896208692614074,0.025483493549680804,0.3456580493522473,0.35324351349162125,0.3867822276316748,0.41346900933258474,0.43778672910630906,0.0,0.0,0.0,0.0,0.0,0.0,0.0,0.0,0.0,0.0,0.0,0.0,0.0,0.0
qore_as_control,nq_122,50,True,15,5,2.0,0.5,5,4;12;15;43;48,,0,0,0,0,4.671031293381947,0.9342062586763895,10,7.727713726849235,3.8638568634246173,0.0,-0.80717442995733,-50.80717442995733,-50.80717442995733,-50.80717442995733,True,-0.80717442995733,0.0,3003,0.7727469257968945,0.25671615032205103,0.19439358710709084,0.3247913413221294,0.860436622482318,0.9890300330299586,1.0,0.9342062586763895,0.07043706473039502,0.8459046171817557,0.8479974920339136,0.9768194505143311,0.9988681685494841,1.0,0.7901648906054447,0.072939409725899,0.6310334286756183,0.6989586624762082,0.7902543457708887,0.8868326985446339,0.9631666827204768,0.7727713726849235,0.060397785902695914,0.6782833618042647,0.7089785634358622,0.7647348909736098,0.8419438268037984,0.8757234358067554,0.39508244530272235,0.0364697048629495,0.31551671433780915,0.3494793312381041,0.39512717288544436,0.44341634927231693,0.4815833413602384,0.38638568634246173,0.030198892951347957,0.33914168090213237,0.3544892817179311,0.3823674454868049,0.4209719134018992,0.4378617179033777,0.0,0.0,0.0,0.0,0.0,0.0,0.0,0.0,0.0,0.0,0.0,0.0,0.0,0.0
qore_as_control,nq_123,50,True,15,5,2.0,0.5,5,4;33;41;45;47,1;2;4;6;7;12,1,1,5,1,4.927561498954739,0.9855122997909478,10,7.669353862106378,3.834676931053189,0.0,-1.0928845679015495,-51.09288456790155,-51.09288456790155,-51.09288456790155,True,-1.0928845679015495,0.0,3003,0.9771057331281041,0.031594463482709834,0.9045785511701675,0.9218361261931741,0.9940399369402989,0.9999752279961636,1.0,0.9855122997909478,0.01182362154588529,0.9702755623744584,0.9716920012348224,0.9871131935191466,0.998542433414306,1.0,0.8082072502602758,0.06550778209707887,0.6680728568563539,0.739234332273636,0.797728162754541,0.8923828830500101,0.9970386230013386,0.7669353862106378,0.047049443350602356,0.6737058358244998,0.7248450249039731,0.771754800932596,0.80255944216388,0.8568094784073486,0.4041036251301379,0.03275389104853944,0.33403642842817693,0.369617166136818,0.3988640813772705,0.44619144152500506,0.4985193115006693,0.3834676931053189,0.023524721675301178,0.3368529179122499,0.36242251245198653,0.385877400466298,0.40127972108194,0.4284047392036743,0.0,0.0,0.0,0.0,0.0,0.0,0.0,0.0,0.0,0.0,0.0,0.0,0.0,0.0
qore_as_control,nq_124,50,True,15,5,2.0,0.5,5,3;4;34;42;47,4,1,1,1,1,1.3758818347740913,0.2751763669548183,10,6.442077852313124,3.221038926156562,0.0,1.8451570913824709,-48.15484290861753,-48.154842908617525,-48.15484290861753,True,1.8451570913824709,0.0,3003,0.11060923840507528,0.24731897331651193,0.0011137453322666749,0.0016829365843683132,0.007960845625639708,0.19933925528664576,1.0,0.2751763669548183,0.37301309025422635,0.0037318223056712805,0.0038988638739836093,0.1267262493299429,0.6965097347648102,1.0,0.7117931997710003,0.08887905288501573,0.5478489574712018,0.6123681113213606,0.7101846867712447,0.8427363194055688,0.9563186992848302,0.6442077852313124,0.0561268715750012,0.5478489574712018,0.5840798644788081,0.6345401740461822,0.7207571221615181,0.7509974144486006,0.35589659988550015,0.044439526442507864,0.2739244787356009,0.3061840556606803,0.35509234338562234,0.4213681597027844,0.4781593496424151,0.3221038926156562,0.0280634357875006,0.2739244787356009,0.29203993223940405,0.3172700870230911,0.36037856108075905,0.3754987072243003,0.0,0.0,0.0,0.0,0.0,0.0,0.0,0.0,0.0,0.0,0.0,0.0,0.0,0.0
qore_as_control,nq_125,50,True,15,5,2.0,0.5,5,0;1;4;26;36,0;1;2;4;5;6;7;8;10;21;40;47,1,1,9,3,2.3090523787832957,0.4618104757566591,10,7.352406580159326,3.676203290079663,0.0,1.3671509112963673,-48.63284908870363,-48.63284908870363,-48.63284908870363,True,1.3671509112963673,0.0,3003,0.23237735518589883,0.3040358556543738,0.02687253448795135,0.03152286797754232,0.14884255276762895,0.6951829211795486,1.0,0.4618104757566591,0.4372942908897267,0.02687253448795135,0.02780095599205612,0.2830441622436495,0.9879768375213926,1.0,0.8144058526503714,0.11570783883693377,0.5681859951661942,0.6367730970252812,0.8689981981867635,0.9291530731528864,0.9753991722743465,0.7352406580159326,0.13079022754128983,0.5694085805138914,0.6127448544077831,0.7014074989243837,0.9239927527350968,0.933642833013851,0.4072029263251857,0.05785391941846688,0.2840929975830971,0.3183865485126406,0.43449909909338175,0.4645765365764432,0.48769958613717324,0.3676203290079663,0.06539511377064491,0.2847042902569457,0.3063724272038916,0.35070374946219185,0.4619963763675484,0.4668214165069255,0.0,0.0,0.0,0.0,0.0,0.0,0.0,0.0,0.0,0.0,0.0,0.0,0.0,0.0
qore_as_control,nq_126,50,True,15,5,2.0,0.5,5,4;7;13;34;42,0;1;4,1,1,3,1,1.789596322985679,0.3579192645971358,10,6.6525584342741935,3.3262792171370967,0.0,1.5366828941514177,-48.46331710584858,-48.46331710584858,-48.46331710584858,True,1.5366828941514177,0.0,3003,0.12053017629718858,0.3027432722362889,5.296293592087626e-05,7.139157173981116e-05,0.0008049523559682318,0.4694929638553512,1.0,0.3579192645971358,0.43636503582194586,8.594885844726967e-05,0.00027532809666677086,0.01938811224294999,0.9078251459721143,1.0,0.7076031631199906,0.06358272467029427,0.5940867277311878,0.642817236863241,0.6920216893409713,0.7866984380244163,0.9004376667474548,0.6652558434274194,0.04135170758879058,0.6021937114559259,0.6112782127985487,0.6666841088832078,0.7109310722744762,0.7421919828444444,0.3538015815599953,0.031791362335147136,0.2970433638655939,0.3214086184316205,0.34601084467048565,0.39334921901220815,0.4502188333737274,0.3326279217137097,0.02067585379439529,0.30109685572796296,0.30563910639927433,0.3333420544416039,0.3554655361372381,0.3710959914222222,0.0,0.0,0.0,0.0,0.0,0.0,0.0,0.0,0.0,0.0,0.0,0.0,0.0,0.0
qore_as_control,nq_127,50,True,15,5,2.0,0.5,5,0;1;4;24;39,0;1;3;7,1,1,4,2,2.0002469785483528,0.4000493957096706,10,7.377998458095565,3.6889992290477824,0.0,1.6887522504994297,-48.31124774950057,-48.31124774950058,-48.311247749500566,True,1.6887522504994297,0.0,3003,0.1352944745049896,0.3386005209944403,0.0001668661548915773,0.0003393866814440576,0.002188893494332321,0.6016011826706299,1.0,0.4000493957096706,0.48866551673510983,0.0006190178848562344,0.0007648753419238296,0.0015667064049841057,0.998831037092395,1.0,0.7678977288231311,0.08858786255726878,0.5942441821797008,0.6395309897930165,0.7906898690153369,0.8721024675171481,0.9973478084735965,0.7377998458095565,0.10097366274054129,0.6183156845883825,0.6560713937903326,0.6949222364960044,0.8545332084228219,0.9696300462263545,0.38394886441156556,0.04429393127863439,0.2971220910898504,0.31976549489650824,0.39534493450766844,0.4360512337585741,0.49867390423679825,0.36889992290477824,0.05048683137027064,0.30915784229419124,0.3280356968951663,0.3474611182480022,0.42726660421141094,0.48481502311317726,0.0,0.0,0.0,0.0,0.0,0.0,0.0,0.0,0.0,0.0,0.0,0.0,0.0,0.0
qore_as_control,nq_128,50,True,15,5,2.0,0.5,5,0;4;10;24;35,0;4;9;15;28;33;35;44,1,1,7,3,3.1741635930948178,0.6348327186189635,10,8.123191957317973,4.061595978658986,0.0,0.8874323855641686,-49.11256761443583,-49.11256761443583,-49.11256761443583,True,0.8874323855641686,0.0,3003,0.3585107855657618,0.29186429503029754,0.06440848321950378,0.07407365690163452,0.2991029748807695,0.792706851197003,1.0,0.6348327186189635,0.30222512762426135,0.2991029748807695,0.34942876807226736,0.45094750822681806,0.9996782608510864,1.0,0.8175521856605814,0.06335374744747609,0.6803080491874545,0.7364698039918876,0.813938265584049,0.9043760803992378,0.9935501234669615,0.8123191957317971,0.06288210304318852,0.7351199813541166,0.7590941033522292,0.7991030011109362,0.874586384168429,0.9651565195156253,0.4087760928302907,0.03167687372373804,0.34015402459372723,0.3682349019959438,0.4069691327920245,0.4521880401996189,0.49677506173348074,0.40615959786589856,0.03144105152159426,0.3675599906770583,0.3795470516761146,0.3995515005554681,0.4372931920842145,0.48257825975781266,0.0,0.0,0.0,0.0,0.0,0.0,0.0,0.0,0.0,0.0,0.0,0.0,0.0,0.0
qore_as_control,nq_129,50,True,15,5,2.0,0.5,5,10;25;28;29;33,0;1;5;6;9;10;33;37;48,1,1,7,2,4.660760703205697,0.9321521406411394,10,7.370344831346166,3.685172415673083,0.0,-0.9755882875326138,-50.97558828753262,-50.97558828753262,-50.97558828753261,True,-0.9755882875326138,0.0,3003,0.726032767970375,0.2713316911452108,0.25740385873359417,0.2969990745466597,0.8536670514062378,0.992433365462912,1.0,0.9321521406411394,0.10482686094811014,0.723242193440845,0.8231873758842863,0.9801338750880231,0.9937117940509523,1.0,0.7878975019638708,0.07815442534439648,0.6335852280971288,0.6935525529076754,0.7785111758778658,0.9029946421861214,0.9936801288767942,0.7370344831346167,0.06316282753022091,0.6435581877508074,0.6570448527464217,0.744867176917925,0.8108102904289591,0.8152285028721084,0.3939487509819354,0.03907721267219824,0.3167926140485644,0.3467762764538377,0.3892555879389329,0.4514973210930607,0.4968400644383971,0.36851724156730836,0.03158141376511046,0.3217790938754037,0.32852242637321083,0.3724335884589625,0.40540514521447957,0.4076142514360542,0.0,0.0,0.0,0.0,0.0,0.0,0.0,0.0,0.0,0.0,0.0,0.0,0.0,0.0
qore_as_control,nq_130,50,True,15,5,2.0,0.5,5,4;12;13;14;26,,0,0,0,0,2.3042008360647075,0.4608401672129415,10,7.940226502470022,3.970113251235011,0.0,1.6659124151703035,-48.334087584829696,-48.3340875848297,-48.334087584829696,True,1.6659124151703035,0.0,3003,0.19982011419261797,0.25710945567721405,0.008943757996292451,0.0145878728772056,0.0948235931831936,0.46443357994998025,1.0,0.4608401672129415,0.29539746377415166,0.16569464833755093,0.19035427021567633,0.4113195543329755,0.7999371721445268,1.0,0.7998135878640841,0.06721462245896619,0.6437680555119764,0.7282461840427294,0.7856693259841177,0.9111098276302199,0.951664219373414,0.7940226502470022,0.07349473236361224,0.68818155973456,0.7273462953917228,0.7835052032537793,0.9196308962523887,0.9265993983859669,0.39990679393204204,0.03360731122948309,0.3218840277559882,0.3641230920213647,0.3928346629920588,0.45555491381510993,0.475832109686707,0.3970113251235011,0.03674736618180612,0.34409077986728,0.3636731476958614,0.39175260162688963,0.45981544812619435,0.46329969919298347,0.0,0.0,0.0,0.0,0.0,0.0,0.0,0.0,0.0,0.0,0.0,0.0,0.0,0.0
qore_as_control,nq_131,50,True,15,5,2.0,0.5,5,4;5;11;34;41,0;4;15;20;23;43;46,1,1,3,1,4.270800105465886,0.8541600210931772,10,8.652190216258505,4.326095108129253,0.0,0.05529500266336651,-49.944704997336636,-49.94470499733663,-49.944704997336636,True,0.05529500266336651,0.0,3003,0.5655233494143883,0.2862476367603305,0.11519035263283274,0.2081753966035763,0.6855450040487494,0.9172690021685993,1.0,0.8541600210931772,0.11566314432259099,0.6855450040487494,0.7139701792930747,0.8995964669297246,0.9716202769311396,1.0,0.8797235136409316,0.03571759341237051,0.7959539646117659,0.8366266268153536,0.8775960375807187,0.929273799960664,0.9688480227836634,0.8652190216258505,0.03798492864772149,0.8256779144906113,0.8366147426138559,0.8564617240684256,0.8860506997521015,0.9688480227836634,0.4398617568204658,0.017858796706185256,0.39797698230588296,0.4183133134076768,0.43879801879035935,0.464636899980332,0.4844240113918317,0.43260951081292526,0.018992464323860744,0.41283895724530567,0.41830737130692797,0.4282308620342128,0.44302534987605074,0.4844240113918317,0.0,0.0,0.0,0.0,0.0,0.0,0.0,0.0,0.0,0.0,0.0,0.0,0.0,0.0
qore_as_control,nq_132,50,True,15,5,2.0,0.5,5,0;5;6;20;33,9;18;19;28,1,0,1,0,3.054481261421145,0.6108962522842291,10,8.171247351908738,4.085623675954369,0.0,1.0311424145332238,-48.96885758546678,-48.96885758546678,-48.96885758546678,True,1.0311424145332238,0.0,3003,0.27543508282938145,0.30541859671714455,0.06372406659065702,0.065596907875041,0.11919355576440786,0.8099805367924442,1.0,0.6108962522842291,0.3238366216622609,0.21009869412399823,0.2228952303645565,0.7569749137530375,0.9381270475274862,1.0,0.8332696261756515,0.05146803467825422,0.7042543745351972,0.7677217778726595,0.8349763219719649,0.8976061766372104,0.9482988845491951,0.8171247351908736,0.03791048203151259,0.7621899341034348,0.7659527808552173,0.8235964236621107,0.8584115720050185,0.8857139526430862,0.41663481308782574,0.02573401733912711,0.3521271872675986,0.38386088893632975,0.41748816098598246,0.4488030883186052,0.47414944227459754,0.4085623675954368,0.018955241015756297,0.3810949670517174,0.38297639042760867,0.41179821183105536,0.42920578600250925,0.4428569763215431,0.0,0.0,0.0,0.0,0.0,0.0,0.0,0.0,0.0,0.0,0.0,0.0,0.0,0.0
qore_as_control,nq_133,50,True,15,5,2.0,0.5,5,22;26;28;35;47,2;5;9;31;47,1,1,3,1,4.175987314453165,0.8351974628906328,10,8.272279140830273,4.1361395704151365,0.0,-0.03984774403802849,-50.03984774403803,-50.03984774403803,-50.03984774403803,True,-0.03984774403802849,0.0,3003,0.5309028816785147,0.2793006721682103,0.054915312468933775,0.1890774081159971,0.4811045945881705,0.9465786222260879,1.0,0.8351974628906328,0.15526085408153734,0.6477087320044437,0.6497062916211526,0.8938347430770746,0.992696483330172,1.0,0.8701130309315704,0.05778649303630749,0.7177292109942682,0.7845853394149496,0.8838733498857817,0.93510185070449,0.9583413188962053,0.8272279140830273,0.05037158222267714,0.7606368486078732,0.7718417182328212,0.8171484665416247,0.8799270580218275,0.9128807349680146,0.4350565154657852,0.028893246518153747,0.3588646054971341,0.3922926697074748,0.44193667494289085,0.467550925352245,0.47917065944810266,0.41361395704151366,0.02518579111133857,0.3803184243039366,0.3859208591164106,0.4085742332708123,0.43996352901091373,0.4564403674840073,0.0,0.0,0.0,0.0,0.0,0.0,0.0,0.0,0.0,0.0,0.0,0.0,0.0,0.0
qore_as_control,nq_134,50,True,15,5,2.0,0.5,5,3;6;19;32;48,0;3;5;6,1,1,3,2,2.5185288026116526,0.5037057605223305,10,7.73066629656953,3.865333148284765,0.0,1.3468043456731125,-48.653195654326886,-48.65319565432688,-48.653195654326886,True,1.3468043456731125,0.0,3003,0.2407901986926572,0.2724214392548438,0.011033945330607305,0.015895527913525307,0.13239973163544613,0.49907073724831513,1.0,0.5037057605223305,0.28171958886493503,0.13239973163544613,0.23673311157418986,0.48333398224012697,0.8038247629015096,1.0,0.8119917372743105,0.067845903314004,0.6477268647415214,0.7243453923005162,0.8100269676038301,0.8958378132231322,0.922921734005161,0.773066629656953,0.0579287123037906,0.7029305147759813,0.7071530794103968,0.7601305346155425,0.8529342504487919,0.8725795026987864,0.40599586863715525,0.033922951657002,0.3238634323707607,0.3621726961502581,0.40501348380191504,0.4479189066115661,0.4614608670025805,0.3865333148284765,0.0289643561518953,0.35146525738799067,0.3535765397051984,0.38006526730777124,0.42646712522439595,0.4362897513493932,0.0,0.0,0.0,0.0,0.0,0.0,0.0,0.0,0.0,0.0,0.0,0.0,0.0,0.0
qore_as_control,nq_135,50,True,15,5,2.0,0.5,5,4;27;32;43;47,0;20;28;38,0,0,0,0,1.9617325521932325,0.3923465104386465,10,6.3891815905828935,3.1945907952914467,0.0,1.2328582430982142,-48.767141756901786,-48.76714175690178,-48.767141756901786,True,1.2328582430982142,0.0,3003,0.17258812874935964,0.2388626456356883,0.024216917858984353,0.03266340222106446,0.09094326165037972,0.3047903949473327,1.0,0.3923465104386465,0.31099414905077827,0.12862403854393262,0.17295594458579974,0.25701215526543525,0.7346570218941058,1.0,0.6432533186407868,0.0673576243230616,0.4860013059499879,0.5739475407163418,0.6470033547628936,0.7173933045560167,0.9025128000210297,0.6389181590582893,0.035341054681181455,0.5810990722449316,0.5990623213198146,0.6411066677079744,0.6820925891990438,0.6937603520520339,0.3216266593203934,0.0336788121615308,0.24300065297499396,0.2869737703581709,0.3235016773814468,0.35869665227800834,0.45125640001051487,0.31945907952914465,0.017670527340590728,0.2905495361224658,0.2995311606599073,0.3205533338539872,0.3410462945995219,0.34688017602601695,0.0,0.0,0.0,0.0,0.0,0.0,0.0,0.0,0.0,0.0,0.0,0.0,0.0,0.0
qore_as_control,nq_136,50,True,15,5,2.0,0.5,5,7;16;18;21;35,21,1,1,1,1,1.129135495198706,0.2258270990397412,10,6.164406131801935,3.0822030659009676,0.0,1.9530675707022616,-48.04693242929774,-48.04693242929774,-48.04693242929774,True,1.9530675707022616,0.0,3003,0.08540866127738382,0.24611778946435736,0.0006354967978523583,0.0009351419719595577,0.007048332586016178,0.08551701988472522,1.0,0.2258270990397412,0.3894396746787061,0.0010452628561348194,0.003056002210280146,0.007048332586016178,0.6459879154060229,1.0,0.6805768374948642,0.08306175049415065,0.5543002208730707,0.5867111359562063,0.6658138843578943,0.8038568527244521,0.9915545879633123,0.6164406131801936,0.07994964462269062,0.5598699570362982,0.5726936542171482,0.5915773502335883,0.6513856381623828,0.8501100502079367,0.3402884187474321,0.04153087524707533,0.27715011043653537,0.29335556797810314,0.3329069421789472,0.40192842636222603,0.49577729398165615,0.3082203065900968,0.03997482231134531,0.2799349785181491,0.2863468271085741,0.29578867511679413,0.3256928190811914,0.42505502510396836,0.0,0.0,0.0,0.0,0.0,0.0,0.0,0.0,0.0,0.0,0.0,0.0,0.0,0.0
qore_as_control,nq_137,50,True,15,5,2.0,0.5,5,0;4;8;43;47,0;3,1,1,2,1,1.214374103623487,0.2428748207246974,10,7.618146121140697,3.8090730605703484,0.0,2.5946989569468615,-47.405301043053136,-47.40530104305314,-47.405301043053136,True,2.5946989569468615,0.0,3003,0.08666313573362014,0.24695373737909587,0.0005164160302504147,0.0006114744314680433,0.0022890660566776424,0.11103402727413883,1.0,0.2428748207246974,0.38181734059368794,0.0007108694228925859,0.0018038594652805733,0.07548953264450141,0.6538921428108923,1.0,0.8040239524299553,0.054811896993919786,0.6383006950492887,0.7366889488526548,0.8056469626878479,0.8749470017679504,0.9308384657944926,0.7618146121140696,0.06507462477685506,0.6543773359227791,0.6718427754182928,0.7829089473826523,0.8325410683690525,0.8383824005760893,0.40201197621497764,0.027405948496959893,0.31915034752464433,0.3683444744263274,0.40282348134392393,0.4374735008839752,0.4654192328972463,0.3809073060570348,0.03253731238842753,0.32718866796138957,0.3359213877091464,0.39145447369132613,0.41627053418452625,0.41919120028804463,0.0,0.0,0.0,0.0,0.0,0.0,0.0,0.0,0.0,0.0,0.0,0.0,0.0,0.0
qore_as_control,nq_138,50,True,15,5,2.0,0.5,5,5;18;25;26;37,,0,0,0,0,2.8768083580303343,0.5753616716060669,10,7.77208464312489,3.886042321562445,0.0,1.0092339635321106,-48.99076603646789,-48.99076603646789,-48.99076603646789,True,1.0092339635321106,0.0,3003,0.23585689047769295,0.3221910945913865,0.012668666255575764,0.014007458766647319,0.045000086958027784,0.7542609452502255,1.0,0.5753616716060669,0.35073999374559395,0.10636802485250031,0.21091468782178152,0.43681222645526435,0.9863573697787466,1.0,0.8312089686110741,0.07988477715219627,0.7026277825147341,0.7419128323100712,0.8027610258595522,0.9350960043124703,0.9561082603917681,0.777208464312489,0.05110295555609911,0.7242685227743171,0.733837028444415,0.7605295422088625,0.815563157633117,0.9108714875999945,0.41560448430553704,0.03994238857609814,0.35131389125736706,0.3709564161550356,0.4013805129297761,0.46754800215623515,0.47805413019588405,0.3886042321562445,0.025551477778049555,0.36213426138715854,0.3669185142222075,0.38026477110443124,0.4077815788165585,0.45543574379999724,0.0,0.0,0.0,0.0,0.0,0.0,0.0,0.0,0.0,0.0,0.0,0.0,0.0,0.0
qore_as_control,nq_139,50,True,15,5,2.0,0.5,5,0;3;4;6;31,,0,0,0,0,1.311672081223988,0.2623344162447976,10,6.56647186732284,3.28323593366142,0.0,1.9715638524374322,-48.028436147562566,-48.02843614756256,-48.028436147562566,True,1.9715638524374322,0.0,3003,0.09076044819769034,0.24959267377100589,0.0009597846590648668,0.0011966625226568137,0.0029762231513292396,0.168332383474565,1.0,0.2623344162447976,0.37771513956957425,0.0011082608307377455,0.0014231191509786465,0.08434332391290553,0.6897300359396019,1.0,0.6901124323535359,0.06144393906072254,0.5405516070036795,0.6134447686045037,0.6866315535534394,0.7657090321660616,0.8512689814726672,0.6566471867322841,0.08062913273638295,0.5405516070036795,0.5649717344460168,0.6549074939479216,0.7286963834225453,0.8421008814723643,0.34505621617676796,0.03072196953036127,0.2702758035018398,0.30672238430225185,0.3433157767767197,0.3828545160830308,0.4256344907363336,0.32832359336614203,0.04031456636819147,0.2702758035018398,0.2824858672230084,0.3274537469739608,0.36434819171127264,0.42105044073618214,0.0,0.0,0.0,0.0,0.0,0.0,0.0,0.0,0.0,0.0,0.0,0.0,0.0,0.0
qore_as_control,nq_140,50,True,15,5,2.0,0.5,5,1;6;7;16;21,1;6,1,1,2,2,4.005944235030746,0.8011888470061492,10,8.7156232863801,4.35781164319005,0.0,0.35186740815930406,-49.64813259184069,-49.64813259184069,-49.64813259184069,True,0.35186740815930406,0.0,3003,0.2798776896699914,0.4198785753364698,0.0005436762886783795,0.0009188127992721324,0.013960745363620007,0.9962575067774901,1.0,0.8011888470061492,0.3454555102729359,0.11436781583482536,0.42877796526564294,0.9922621554647041,0.999568429727739,1.0,0.8873674869868267,0.031843134057478545,0.7918473029070647,0.8479018469840616,0.8907552225698214,0.9219308020913017,0.9901216169141247,0.8715623286380101,0.0527821284026391,0.798785067897302,0.8191749895502322,0.8815301519119549,0.9079607764855495,0.9901216169141247,0.44368374349341333,0.015921567028739272,0.39592365145353237,0.4239509234920308,0.4453776112849107,0.46096540104565087,0.49506080845706235,0.43578116431900504,0.02639106420131955,0.399392533948651,0.4095874947751161,0.44076507595597747,0.45398038824277476,0.49506080845706235,0.0,0.0,0.0,0.0,0.0,0.0,0.0,0.0,0.0,0.0,0.0,0.0,0.0,0.0
qore_as_control,nq_141,50,True,15,5,2.0,0.5,5,14;24;33;35;45,2;3;5;7;11;13;14;16;18;19;20;21;22;23;24;25;26;29;30;31;32;33;34;35;36;37;39;44;45;46;47;48,1,1,13,5,4.892661091017662,0.9785322182035324,10,8.469424092156384,4.234712046078192,0.0,-0.6579490449394703,-50.65794904493947,-50.65794904493947,-50.65794904493947,True,-0.6579490449394703,0.0,3003,0.8986335915693316,0.09109592852364096,0.729434763613293,0.7437550354074739,0.9299554254892274,0.9833190089556618,1.0,0.9785322182035324,0.013997035940831962,0.9604639553522273,0.9630962153409915,0.9788625462455814,0.9945159936382861,1.0,0.853432237026981,0.057673559493438685,0.7453586960337384,0.786766943100909,0.8402391885499224,0.9417302554270003,0.9819927486907674,0.8469424092156383,0.07036799536014299,0.7648924158360101,0.7688669384090633,0.8119167656579116,0.9261486814160124,0.9616721794023995,0.4267161185134905,0.028836779746719342,0.3726793480168692,0.3933834715504545,0.4201195942749612,0.47086512771350014,0.4909963743453837,0.4234712046078192,0.035183997680071494,0.38244620791800504,0.38443346920453164,0.4059583828289558,0.4630743407080062,0.48083608970119973,0.0,0.0,0.0,0.0,0.0,0.0,0.0,0.0,0.0,0.0,0.0,0.0,0.0,0.0
qore_as_control,nq_142,50,True,15,5,2.0,0.5,5,4;6;10;37;41,0;1;2;3;4;5;6;7;8;9;10;11;12;13;14;15;16;17;18;19;20;21;22;23;24;25;26;28;30;31;36;37;39;41;42;43;44;45;47;49,1,1,13,5,3.4879800850106215,0.6975960170021243,10,8.491524205466202,4.245762102733101,0.0,0.7577820177224797,-49.24221798227752,-49.242217982277516,-49.24221798227752,True,0.7577820177224797,0.0,3003,0.2950009456804049,0.3308609929235955,0.042675789112409296,0.05492281510746219,0.12477146250430379,0.8425482977149593,1.0,0.6975960170021243,0.28644610663007314,0.18269257245086912,0.3742993911465763,0.7179921915340489,0.9702342807342266,1.0,0.8381604740436127,0.050465104705745174,0.7196737027434524,0.7704903165771361,0.8389024987640085,0.906221089509476,0.9481865535637356,0.8491524205466201,0.04087704281747948,0.777889465571484,0.8057178064887889,0.8470796401108545,0.9029918531363081,0.906587297164126,0.41908023702180636,0.025232552352872587,0.3598368513717262,0.38524515828856803,0.41945124938200423,0.453110544754738,0.4740932767818678,0.42457621027331005,0.02043852140873974,0.388944732785742,0.40285890324439444,0.42353982005542723,0.45149592656815407,0.453293648582063,0.0,0.0,0.0,0.0,0.0,0.0,0.0,0.0,0.0,0.0,0.0,0.0,0.0,0.0
qore_as_control,nq_143,50,True,15,5,2.0,0.5,5,15;26;34;45;47,6;26;47,1,1,2,2,4.701032771670996,0.9402065543341992,10,7.396299247987199,3.6981496239935994,0.0,-1.0028831476773967,-51.002883147677395,-51.0028831476774,-51.002883147677395,True,-1.0028831476773967,0.0,3003,0.8280565472035492,0.10695579091955242,0.6809631886241392,0.7115815204720187,0.8022322444478693,0.9809581168750492,1.0,0.9402065543341992,0.0726234707323341,0.8022322444478693,0.8598934277070971,0.9524553895063185,0.9999839740483478,1.0,0.7343523830445872,0.049615071685461525,0.6519557616170634,0.6806199975597381,0.7343392016497531,0.7668899579810106,0.9936306718343298,0.7396299247987199,0.0918879743661358,0.6526590343255073,0.6591642336250509,0.7278711032606885,0.7826669824577033,0.9936306718343298,0.3671761915222936,0.024807535842730762,0.3259778808085317,0.34030999877986906,0.36716960082487654,0.3834449789905053,0.4968153359171649,0.36981496239935996,0.0459439871830679,0.32632951716275366,0.32958211681252547,0.36393555163034425,0.39133349122885164,0.4968153359171649,0.0,0.0,0.0,0.0,0.0,0.0,0.0,0.0,0.0,0.0,0.0,0.0,0.0,0.0
qore_as_control,nq_144,50,True,15,5,2.0,0.5,5,5;28;36;39;43,0;1;3;4;5;6;8;11;12;20;21;22;28;29;36;39;40;41;43;45;48,1,1,15,5,4.9941629473728995,0.9988325894745799,10,8.813945156728405,4.406972578364202,0.0,-0.587190369008697,-50.587190369008695,-50.58719036900871,-50.587190369008695,True,-0.587190369008697,0.0,3003,0.9988744512554981,0.002487140004167293,0.9907039532235059,0.9967816325677443,0.999817687153195,0.9999924617782676,1.0,0.9988325894745799,0.0018802087852692608,0.9950798790116391,0.9968821103840011,0.9997253677921042,0.999899808445328,0.9999545559734166,0.9140589317475382,0.030028750349439824,0.8453573296123663,0.8743813998176043,0.9143970714565857,0.9547281681607365,0.9746394192898058,0.8813945156728407,0.03271329036051,0.8453573296123663,0.8457954280183184,0.8804139665030717,0.9260025808439545,0.9466881876758046,0.4570294658737691,0.015014375174719912,0.42267866480618316,0.43719069990880216,0.45719853572829283,0.47736408408036823,0.4873197096449029,0.44069725783642033,0.016356645180255,0.42267866480618316,0.4228977140091592,0.44020698325153584,0.46300129042197724,0.4733440938379023,0.0,0.0,0.0,0.0,0.0,0.0,0.0,0.0,0.0,0.0,0.0,0.0,0.0,0.0
qore_as_control,nq_145,50,True,15,5,2.0,0.5,5,17;18;25;30;33,8,1,0,1,0,1.5550493902140923,0.31100987804281843,10,7.6518199652853225,3.8259099826426612,0.0,2.270860592428569,-47.72913940757143,-47.729139407571424,-47.72913940757143,True,2.270860592428569,0.0,3003,0.12411260270206996,0.24982377146084375,0.0003056729738844785,0.0012171470548439191,0.02227293981182955,0.27083600782015677,1.0,0.31100987804281843,0.36403978079305604,0.0003056729738844785,0.005905579770122712,0.2671347927263995,0.7093213938197314,1.0,0.8274344366742253,0.07738775466266151,0.646427216998416,0.7064233772503008,0.8388649040062617,0.9395730587042666,0.9591967432411008,0.7651819965285322,0.07229288847556918,0.646427216998416,0.6876857400683967,0.7578929769149916,0.8608304963136111,0.8692411511876752,0.41371721833711267,0.038693877331330756,0.323213608499208,0.3532116886251504,0.41943245200313084,0.4697865293521333,0.4795983716205504,0.3825909982642661,0.03614644423778459,0.323213608499208,0.34384287003419833,0.3789464884574958,0.43041524815680554,0.4346205755938376,0.0,0.0,0.0,0.0,0.0,0.0,0.0,0.0,0.0,0.0,0.0,0.0,0.0,0.0
qore_as_control,nq_146,50,True,15,5,2.0,0.5,5,9;14;22;27;46,2;6;8;9;14;22;33,1,1,5,3,4.695037659365871,0.9390075318731743,10,7.660852427250855,3.8304262136254277,0.0,-0.8646114457404437,-50.864611445740444,-50.86461144574044,-50.864611445740444,True,-0.8646114457404437,0.0,3003,0.7653311039414603,0.21408395373434777,0.37296853192572677,0.45708885741325833,0.7921845573528911,0.999802547391509,1.0,0.9390075318731743,0.08723462142539276,0.7760333488899122,0.8333992393775532,0.9996559691432879,0.9999601064894625,1.0,0.7828119641483741,0.08094721396214288,0.6697226214192107,0.6901274728618221,0.7580477833279421,0.8983281637829361,0.9864698751753629,0.7660852427250855,0.1125318208149339,0.6698701254399899,0.6787075695633875,0.6932477842696874,0.9186430782968752,0.9747838317777738,0.39140598207418703,0.04047360698107144,0.33486131070960534,0.34506373643091104,0.37902389166397105,0.44916408189146806,0.49323493758768144,0.38304262136254275,0.05626591040746695,0.33493506271999496,0.33935378478169376,0.3466238921348437,0.4593215391484376,0.4873919158888869,0.0,0.0,0.0,0.0,0.0,0.0,0.0,0.0,0.0,0.0,0.0,0.0,0.0,0.0
qore_as_control,nq_147,50,True,15,5,2.0,0.5,5,6;11;16;40;44,0;6;8;11;40,1,1,5,3,4.8840226329480885,0.9768045265896177,10,7.2915582254642,3.6457791127321,0.0,-1.2382435202159883,-51.23824352021599,-51.23824352021599,-51.23824352021599,True,-1.2382435202159883,0.0,3003,0.557314833019451,0.3883338321643146,0.08131696746192221,0.13104269657301237,0.39456500475421397,0.9999613731263202,1.0,0.9768045265896177,0.03948089940771547,0.8985244608118397,0.9336598466110314,0.9992290719794727,0.9999613731263202,0.9999945159376874,0.7406681097588647,0.0745522432728761,0.5648604131062104,0.6639248428368125,0.7292899557012426,0.846696415313414,0.9763227270039843,0.7291558225464201,0.10007870351165979,0.6310492070577737,0.6426060714419998,0.6817889761299353,0.8181811106410777,0.9763227270039843,0.37033405487943233,0.03727612163643805,0.2824302065531052,0.33196242141840626,0.3646449778506213,0.423348207656707,0.48816136350199213,0.36457791127321004,0.050039351755829894,0.31552460352888684,0.3213030357209999,0.34089448806496764,0.40909055532053884,0.48816136350199213,0.0,0.0,0.0,0.0,0.0,0.0,0.0,0.0,0.0,0.0,0.0,0.0,0.0,0.0
qore_as_control,nq_148,50,True,15,5,2.0,0.5,5,0;1;6;11;22,0;1;4;6;17;22,1,1,6,4,4.685166562272632,0.9370333124545264,10,8.889065273481828,4.444532636740914,0.0,-0.2406339255317178,-50.24063392553172,-50.240633925531725,-50.24063392553172,True,-0.2406339255317178,0.0,3003,0.6179799857533544,0.3340728944869582,0.11693466741634224,0.12814635277625017,0.7777732224502046,0.9759469094205561,1.0,0.9370333124545264,0.05914736209347606,0.8432219580351044,0.8648586266381708,0.9541583769814903,0.9961890390853066,1.0,0.8931260169388795,0.03957495161288062,0.7913731910849913,0.8392608985252691,0.894222745046936,0.94377867520436,0.9688167917829944,0.8889065273481828,0.03278921944226926,0.8468112749900769,0.849962819685914,0.8806210200228415,0.9263391821823442,0.959158651808792,0.44656300846943975,0.01978747580644031,0.39568659554249563,0.41963044926263454,0.447111372523468,0.47188933760218,0.4844083958914972,0.4444532636740914,0.01639460972113463,0.42340563749503846,0.424981409842957,0.44031051001142074,0.4631695910911721,0.479579325904396,0.0,0.0,0.0,0.0,0.0,0.0,0.0,0.0,0.0,0.0,0.0,0.0,0.0,0.0
qore_as_control,nq_149,50,True,15,5,2.0,0.5,5,2;4;6;12;38,2;4,1,1,2,2,4.7923297644112495,0.9584659528822499,10,8.4902932436603,4.24514662183015,0.0,-0.5471831425810993,-50.5471831425811,-50.54718314258109,-50.5471831425811,True,-0.5471831425810993,0.0,3003,0.4229209643240577,0.4251651489985974,0.008843538522558075,0.01672354748795166,0.20062836815849822,0.9820693302929886,1.0,0.9584659528822499,0.04297337120871941,0.8823954469571863,0.9112783722194705,0.9556480205585559,0.9998734147130441,1.0,0.8198200419205747,0.060412040595386275,0.6793260575255271,0.7414953744088351,0.8120571310518756,0.8962956907815413,0.9711121483546042,0.8490293243660301,0.05258137910929171,0.7584221970537947,0.8066936376520675,0.8540431216769752,0.8798468704466016,0.9711121483546042,0.40991002096028734,0.030206020297693138,0.33966302876276355,0.37074768720441753,0.4060285655259378,0.4481478453907706,0.4855560741773021,0.42451466218301503,0.026290689554645856,0.37921109852689733,0.40334681882603374,0.4270215608384876,0.4399234352233008,0.4855560741773021,0.0,0.0,0.0,0.0,0.0,0.0,0.0,0.0,0.0,0.0,0.0,0.0,0.0,0.0
qore_as_control,nq_150,50,True,15,5,2.0,0.5,5,9;16;29;31;36,,0,0,0,0,1.1349676894856704,0.22699353789713408,10,7.1006759792901555,3.5503379896450777,0.0,2.4153703001594073,-47.58462969984059,-47.58462969984059,-47.58462969984059,True,2.4153703001594073,0.0,3003,0.10987726860390075,0.24388636210932857,0.005039609422128048,0.005303840974626208,0.015326905065562422,0.16209952052692136,1.0,0.22699353789713408,0.38845474150042775,0.005516648474309958,0.006981500264907829,0.011308013605275427,0.6435856997821122,1.0,0.7845588176621918,0.08513276651413773,0.5945453816627453,0.6668724607016971,0.7848996603128018,0.907648840657293,0.9589421295367417,0.7100675979290155,0.09760994831523823,0.5946569219166553,0.5962382403882154,0.7315292747963784,0.8265963675111162,0.8685109446962673,0.3922794088310959,0.042566383257068865,0.29727269083137264,0.3334362303508486,0.3924498301564009,0.4538244203286465,0.47947106476837087,0.35503379896450776,0.04880497415761911,0.29732846095832766,0.2981191201941077,0.3657646373981892,0.4132981837555581,0.43425547234813366,0.0,0.0,0.0,0.0,0.0,0.0,0.0,0.0,0.0,0.0,0.0,0.0,0.0,0.0
qore_as_control,nq_151,50,True,15,5,2.0,0.5,5,0;1;4;10;22,4;6;18;22;28;38,1,1,4,2,2.962665702484882,0.5925331404969765,10,8.791730666282414,4.395865333141207,0.0,1.4331996306563246,-48.566800369343675,-48.566800369343675,-48.566800369343675,True,1.4331996306563246,0.0,3003,0.2515590226483344,0.3187507709693027,0.023584364173138552,0.03422704634552414,0.12146612704156688,0.8192370761133249,1.0,0.5925331404969765,0.35501258959908955,0.20338945230735767,0.20624960731718625,0.5500238504701617,0.9994850239501736,1.0,0.8416715816213117,0.05571130595336936,0.7270431795077594,0.7781201700292247,0.8360133475351307,0.9194946371696046,0.9977367541642936,0.8791730666282416,0.04837077192382133,0.8081633607473654,0.8302636952535187,0.8653131544692685,0.9402074879396389,0.9829597755185561,0.42083579081065586,0.02785565297668468,0.3635215897538797,0.38906008501461237,0.41800667376756534,0.4597473185848023,0.4988683770821468,0.4395865333141208,0.024185385961910666,0.4040816803736827,0.41513184762675936,0.43265657723463424,0.47010374396981947,0.49147988775927803,0.0,0.0,0.0,0.0,0.0,0.0,0.0,0.0,0.0,0.0,0.0,0.0,0.0,0.0
qore_as_control,nq_152,50,True,15,5,2.0,0.5,5,0;1;2;6;20,0;1,1,1,2,2,4.9625924163572215,0.9925184832714443,10,8.571879021623257,4.2859395108116285,0.0,-0.676652905545593,-50.676652905545595,-50.676652905545595,-50.676652905545595,True,-0.676652905545593,0.0,3003,0.3727967064825186,0.4633873044413939,2.960393085685946e-05,4.07468426194983e-05,0.0035953893481641694,0.9997373325309047,1.0,0.9925184832714443,0.008961574274231601,0.9799420711865438,0.9812879528812365,0.999344046587684,0.9999998092638873,1.0,0.7271946935861653,0.08205907423082925,0.5592894755286377,0.6361699980458527,0.7110742173751649,0.8394019367038691,0.9910344755994722,0.8571879021623257,0.05867035772361707,0.7950721740221726,0.8061325744944504,0.8434589716606381,0.9266855785962235,0.9910344755994722,0.36359734679308264,0.04102953711541463,0.27964473776431886,0.31808499902292636,0.3555371086875824,0.41970096835193454,0.4955172377997361,0.4285939510811628,0.029335178861808534,0.3975360870110863,0.4030662872472252,0.42172948583031905,0.46334278929811173,0.4955172377997361,0.0,0.0,0.0,0.0,0.0,0.0,0.0,0.0,0.0,0.0,0.0,0.0,0.0,0.0
qore_as_control,nq_153,50,True,15,5,2.0,0.5,5,2;11;12;30;46,0;1;46,1,1,2,1,2.4698590581825766,0.4939718116365153,10,7.1445745778539305,3.5722872889269652,0.0,1.1024282307443887,-48.89757176925561,-48.89757176925561,-48.89757176925561,True,1.1024282307443887,0.0,3003,0.24553715540292434,0.2383434650909662,0.026377081041142572,0.048823562033222107,0.16634545871143275,0.44784732411460304,1.0,0.4939718116365153,0.2639830925852277,0.25829984545813234,0.2899917756057043,0.38285200511913087,0.7964710147113006,1.0,0.7187036626200285,0.08140282055003803,0.5048148424709088,0.6316537442851087,0.7076391266879016,0.8360032750192222,0.8810390869623616,0.7144574577853932,0.0576141697114432,0.6368984042278476,0.65686278445668,0.7036665874951893,0.7945279473809401,0.835380112409646,0.35935183131001425,0.040701410275019015,0.2524074212354544,0.31582687214255434,0.3538195633439508,0.4180016375096111,0.4405195434811808,0.3572287288926966,0.0288070848557216,0.3184492021139238,0.32843139222834,0.35183329374759464,0.39726397369047006,0.417690056204823,0.0,0.0,0.0,0.0,0.0,0.0,0.0,0.0,0.0,0.0,0.0,0.0,0.0,0.0
qore_as_control,nq_154,50,True,15,5,2.0,0.5,5,2;9;10;15;42,,0,0,0,0,2.5871914719865066,0.5174382943973013,10,8.810327436942465,4.405163718471233,0.0,1.817972246484726,-48.18202775351527,-48.18202775351528,-48.18202775351527,True,1.817972246484726,0.0,3003,0.1814584896477531,0.33710132373899143,0.0034474924396700715,0.0037473804985694373,0.015155668986172184,0.7783739461972039,1.0,0.5174382943973013,0.41393628851324205,0.0053147511246182996,0.018351393084908952,0.7400413635236109,0.9215716005251731,1.0,0.8932389919437144,0.03360979848948984,0.8027547226253933,0.8447681988824791,0.8981064181163769,0.9320623652942489,0.9553666742846327,0.8810327436942463,0.04154876484681521,0.8188178041590437,0.8220578409560322,0.8771259336364466,0.9272207819489936,0.9452758521739885,0.4466194959718572,0.01680489924474492,0.40137736131269663,0.42238409944123956,0.44905320905818846,0.46603118264712445,0.47768333714231637,0.44051637184712317,0.020774382423407605,0.40940890207952185,0.4110289204780161,0.4385629668182233,0.4636103909744968,0.47263792608699423,0.0,0.0,0.0,0.0,0.0,0.0,0.0,0.0,0.0,0.0,0.0,0.0,0.0,0.0
qore_as_control,nq_155,50,True,15,5,2.0,0.5,5,7;18;22;33;42,,0,0,0,0,2.290929946890881,0.45818598937817623,10,6.725530340256641,3.3627651701283203,0.0,1.0718352232374393,-48.92816477676256,-48.928164776762564,-48.928164776762564,True,1.0718352232374393,0.0,3003,0.22837391651800695,0.25286563870568085,0.030590506027212187,0.04448548475518501,0.15057102229247601,0.5085237945745278,1.0,0.45818598937817623,0.3240744710348403,0.07026124773525068,0.1465966030330687,0.33608821665486477,0.849392338608388,1.0,0.7515813625810347,0.09312167544643385,0.5110233614192161,0.6126043878965327,0.7656221219027011,0.8658554404342622,0.9274238675226398,0.672553034025664,0.06596202994552251,0.5618814159050374,0.5949343220654899,0.6847467930925834,0.7553436461401658,0.7678793098015115,0.37579068129051735,0.046560837723216925,0.25551168070960806,0.30630219394826635,0.38281106095135053,0.4329277202171311,0.4637119337613199,0.336276517012832,0.032981014972761256,0.2809407079525187,0.29746716103274495,0.3423733965462917,0.3776718230700829,0.38393965490075577,0.0,0.0,0.0,0.0,0.0,0.0,0.0,0.0,0.0,0.0,0.0,0.0,0.0,0.0
qore_as_control,nq_156,50,True,15,5,2.0,0.5,5,1;3;7;9;16,0;3;4;5;6;7;8;14;16;17;24;27;39;42;43;49,1,1,9,3,4.221852057700074,0.8443704115400148,10,8.82560056660679,4.412800283303395,0.0,0.1909482256033206,-49.80905177439668,-49.80905177439668,-49.80905177439668,True,0.1909482256033206,0.0,3003,0.5815967265198887,0.22365916861279994,0.2927789513050607,0.3340258336591213,0.6100862307598982,0.9214012431620898,1.0,0.8443704115400148,0.13166259226460358,0.6533110272326749,0.6934728861610736,0.8374698519307332,0.9909422015931977,1.0,0.8922785237705871,0.03297303973774005,0.8153574152719382,0.8548566094741983,0.8918023866897363,0.9363756687554643,0.9825039947372144,0.8825600566606789,0.03998233422298085,0.8267192456776074,0.8582995155859825,0.8654012339453423,0.9160537883535783,0.9825039947372144,0.44613926188529357,0.016486519868870026,0.4076787076359691,0.42742830473709914,0.44590119334486816,0.46818783437773215,0.4912519973686072,0.44128002833033947,0.019991167111490425,0.4133596228388037,0.42914975779299125,0.43270061697267115,0.45802689417678916,0.4912519973686072,0.0,0.0,0.0,0.0,0.0,0.0,0.0,0.0,0.0,0.0,0.0,0.0,0.0,0.0
qore_as_control,nq_157,50,True,15,5,2.0,0.5,5,0;1;10;31;49,0;1;49,1,1,3,3,2.4982886367059853,0.49965772734119707,10,7.270359531888193,3.6351797659440965,0.0,1.1368911292381112,-48.86310887076189,-48.863108870761884,-48.86310887076189,True,1.1368911292381112,0.0,3003,0.17067528132945584,0.3433223457599231,0.00013413633987799533,0.00014242084793599302,0.0003713879954406442,0.7786627241862369,1.0,0.49965772734119707,0.4367304912529087,0.00016771669010873247,0.02063165136899927,0.44706647895443963,0.9998907550696409,1.0,0.7792767775240517,0.08097977801733548,0.6221584460005143,0.6731265175940514,0.7719640171161876,0.8977909002554887,0.9616185129263017,0.7270359531888194,0.08296566272583206,0.6221584460005143,0.63023008327096,0.707300227769631,0.8114072026566874,0.9182237780245253,0.38963838876202583,0.04048988900866774,0.31107922300025714,0.3365632587970257,0.3859820085580938,0.44889545012774434,0.48080925646315087,0.3635179765944097,0.04148283136291603,0.31107922300025714,0.31511504163548,0.3536501138848155,0.4057036013283437,0.45911188901226263,0.0,0.0,0.0,0.0,0.0,0.0,0.0,0.0,0.0,0.0,0.0,0.0,0.0,0.0
qore_as_control,nq_158,50,True,15,5,2.0,0.5,5,14;22;25;45;47,,0,0,0,0,1.3242459923116507,0.2648491984623301,10,6.668412624453531,3.3342063122267653,0.0,2.0099603199151144,-47.990039680084884,-47.99003968008489,-47.990039680084884,True,2.0099603199151144,0.0,3003,0.10318927859221882,0.2457696504455646,0.002469679774676407,0.0034947388701065305,0.010028775180068976,0.15870290868838938,1.0,0.2648491984623301,0.3736206490882823,0.0035046071338657317,0.007461783504851251,0.12851696790741965,0.6715307476836144,1.0,0.7112631417759978,0.05051479510382131,0.6052635170362864,0.6456398949773373,0.7130995439335466,0.7739635928319156,0.8621464264262653,0.666841262445353,0.04363813545864167,0.6052635170362864,0.6121934071114303,0.6496358898005655,0.7275119967685497,0.7296466939627988,0.3556315708879989,0.025257397551910653,0.3026317585181432,0.32281994748866866,0.3565497719667733,0.3869817964159578,0.43107321321313263,0.3334206312226765,0.021819067729320834,0.3026317585181432,0.30609670355571517,0.32481794490028276,0.36375599838427486,0.3648233469813994,0.0,0.0,0.0,0.0,0.0,0.0,0.0,0.0,0.0,0.0,0.0,0.0,0.0,0.0
qore_as_control,nq_159,50,True,15,5,2.0,0.5,5,15;17;25;27;40,32;49,1,0,2,0,3.2077251772009245,0.6415450354401849,10,7.145377569418241,3.5726887847091207,0.0,0.3649636075081961,-49.635036392491806,-49.6350363924918,-49.635036392491806,True,0.3649636075081961,0.0,3003,0.23057642021766858,0.3631921347003938,0.0010955206300150302,0.0018765715841142722,0.04535864862495994,0.9193531366140518,1.0,0.6415450354401849,0.374131101820571,0.06944143504358874,0.1776227888916534,0.7984010844104972,0.9999951352332354,1.0,0.7487187848738004,0.0658540143016545,0.6273761698050032,0.6764903075717983,0.7374083291104443,0.8193208436823994,0.9608526390611256,0.7145377569418241,0.0778386506906023,0.6470141282636521,0.662901236958293,0.6917301051093766,0.7640420157741374,0.9335939959605442,0.3743593924369002,0.03292700715082725,0.3136880849025016,0.33824515378589914,0.36870416455522215,0.4096604218411997,0.4804263195305628,0.35726887847091204,0.03891932534530115,0.32350706413182606,0.3314506184791465,0.3458650525546883,0.3820210078870687,0.4667969979802721,0.0,0.0,0.0,0.0,0.0,0.0,0.0,0.0,0.0,0.0,0.0,0.0,0.0,0.0
qore_as_control,nq_160,50,True,15,5,2.0,0.5,5,4;12;25;41;48,4,1,1,1,1,4.886625539303988,0.9773251078607975,10,7.405512967891585,3.7027564839457927,0.0,-1.183869055358195,-51.183869055358194,-51.18386905535819,-51.183869055358194,True,-1.183869055358195,0.0,3003,0.6724235181201619,0.38051543195572585,0.034820770640464925,0.11829725017245708,0.9294152460755838,0.9962200185881596,1.0,0.9773251078607975,0.02590692414362409,0.9333141735735867,0.945022379661635,0.9910799378692812,0.9998586956269647,1.0,0.7850406476889297,0.05638773399453914,0.6482330586020736,0.7243136213051051,0.7820778338062148,0.8660579921766297,0.9363065129736569,0.7405512967891585,0.03772558062384105,0.6901429339884184,0.6926089618223573,0.7477740764956926,0.7844804178855215,0.7890870099270134,0.39252032384446484,0.02819386699726957,0.3241165293010368,0.36215681065255256,0.3910389169031074,0.43302899608831485,0.46815325648682843,0.37027564839457927,0.018862790311920525,0.3450714669942092,0.34630448091117866,0.3738870382478463,0.39224020894276074,0.3945435049635067,0.0,0.0,0.0,0.0,0.0,0.0,0.0,0.0,0.0,0.0,0.0,0.0,0.0,0.0
qore_as_control,nq_161,50,True,15,5,2.0,0.5,5,2;27;39;42;46,2;12;21;25;32,1,1,1,1,1.005912011757505,0.20118240235150103,10,8.25161957552727,4.125809787763635,0.0,3.11989777600613,-46.88010222399387,-46.88010222399387,-46.880102223993866,True,3.11989777600613,0.0,3003,0.06906437959453653,0.24881712456737873,0.000630016956097572,0.000769263663682933,0.0016198313700177657,0.009042843010858056,1.0,0.20118240235150103,0.3994094568097246,0.000630016956097572,0.0007482794414492999,0.0016198313700177657,0.6010945961047652,1.0,0.8596783570227259,0.03706217568140949,0.7919276767736331,0.8149986396765583,0.8548446832528194,0.9171492249686387,0.9550085302784225,0.8251619575527271,0.01841027132074047,0.7919276767736331,0.8015503986472767,0.8272363891045994,0.847835705812563,0.84847393976097,0.42983917851136294,0.018531087840704744,0.39596383838681654,0.40749931983827914,0.4274223416264097,0.45857461248431935,0.47750426513921124,0.41258097877636357,0.009205135660370236,0.39596383838681654,0.40077519932363836,0.4136181945522997,0.4239178529062815,0.424236969880485,0.0,0.0,0.0,0.0,0.0,0.0,0.0,0.0,0.0,0.0,0.0,0.0,0.0,0.0
qore_as_control,nq_162,50,True,15,5,2.0,0.5,5,1;4;6;17;46,1;4;17;46,1,1,4,4,4.857751288991583,0.9715502577983166,10,7.827820481251692,3.913910240625846,0.0,-0.9438410483657371,-50.94384104836574,-50.943841048365734,-50.94384104836574,True,-0.9438410483657371,0.0,3003,0.39041113007728645,0.42620279260797733,0.0011365155774563835,0.0020143454713683426,0.1582706612009516,0.9819886174275877,1.0,0.9715502577983166,0.02775039380923773,0.9186238682843512,0.9418046063481825,0.9777120346519688,0.9939358690445335,1.0,0.7548650018283111,0.07714397528277192,0.5896063754312288,0.6578535817275231,0.7515632823314772,0.8518503312101091,0.9954629919022873,0.7827820481251692,0.05953050591802624,0.7329971636696736,0.7395273609368274,0.7570365714630587,0.8949817310475899,0.9039489850659316,0.37743250091415553,0.03857198764138596,0.2948031877156144,0.32892679086376153,0.3757816411657386,0.42592516560505456,0.49773149595114363,0.3913910240625846,0.02976525295901312,0.3664985818348368,0.3697636804684137,0.37851828573152935,0.44749086552379497,0.4519744925329658,0.0,0.0,0.0,0.0,0.0,0.0,0.0,0.0,0.0,0.0,0.0,0.0,0.0,0.0
qore_as_control,nq_163,50,True,15,5,2.0,0.5,5,1;2;4;30;34,,0,0,0,0,2.88902709883366,0.5778054197667319,10,7.0016096071529965,3.5008048035764983,0.0,0.6117777047428383,-49.388222295257165,-49.388222295257165,-49.388222295257165,True,0.6117777047428383,0.0,3003,0.19595370638359325,0.38374713271595556,0.0005152305801931336,0.000639129121277501,0.004577705251586932,0.952175286980478,1.0,0.5778054197667319,0.47225678999029175,0.0005743606957782214,0.000849201848260212,0.9006973887803048,0.9945975543122374,1.0,0.6989293213645643,0.06511001969891886,0.5860111247961509,0.6170083665258072,0.6888025320000364,0.7739113348816331,0.9877180006845907,0.7001609607152998,0.12945591127449552,0.5893546303883794,0.6093005781559705,0.6355403772477239,0.8624917694152274,0.9877180006845907,0.34946466068228216,0.03255500984945943,0.29300556239807546,0.3085041832629036,0.3444012660000182,0.38695566744081655,0.49385900034229535,0.3500804803576499,0.06472795563724776,0.2946773151941897,0.30465028907798525,0.31777018862386197,0.4312458847076137,0.49385900034229535,0.0,0.0,0.0,0.0,0.0,0.0,0.0,0.0,0.0,0.0,0.0,0.0,0.0,0.0
qore_as_control,nq_164,50,True,15,5,2.0,0.5,5,4;30;32;40;49,4;32,1,1,2,2,2.7295165062672355,0.5459033012534471,10,7.2770348874884165,3.6385174437442083,0.0,0.9090009374769727,-49.090999062523025,-49.090999062523025,-49.090999062523025,True,0.9090009374769727,0.0,3003,0.2045694902626543,0.323310832340771,0.011139950312932526,0.012579076618976759,0.02651765227280469,0.7599249549417914,1.0,0.5459033012534471,0.37073867559587415,0.020198607439025348,0.11448926002313196,0.5605532050777977,0.9571357819404482,1.0,0.7500124484474293,0.07560162236657539,0.6173826887918505,0.6776379769180325,0.7331198078650751,0.8220845596416996,0.9916811686892356,0.7277034887488416,0.056446954465889716,0.6352919124058442,0.6547634135639803,0.7298958857683595,0.7986957482793761,0.809163786533612,0.37500622422371466,0.037800811183287694,0.30869134439592527,0.33881898845901626,0.36655990393253757,0.4110422798208498,0.4958405843446178,0.3638517443744208,0.028223477232944858,0.3176459562029221,0.32738170678199013,0.36494794288417975,0.39934787413968803,0.404581893266806,0.0,0.0,0.0,0.0,0.0,0.0,0.0,0.0,0.0,0.0,0.0,0.0,0.0,0.0
qore_as_control,nq_165,50,True,15,5,2.0,0.5,5,3;5;6;12;17,0;3;5;12,1,1,3,3,1.6489847049185253,0.32979694098370504,10,7.214671432407011,3.6073357162035053,0.0,1.95835101128498,-48.04164898871502,-48.04164898871502,-48.04164898871502,True,1.95835101128498,0.0,3003,0.1501542834265738,0.2456609834196955,0.004720885430980973,0.0068135388547102115,0.06276019924031784,0.2758858586116637,1.0,0.32979694098370504,0.3477522095158827,0.02026529265887943,0.06520129317017595,0.18711178756136498,0.7236009323044641,1.0,0.751740938820087,0.07800611366381933,0.5226861652345332,0.6551528103206042,0.7462699592080996,0.8567089868410367,0.9338345467186335,0.721467143240701,0.09029630488830429,0.5683768249936224,0.6374218410914443,0.7231923754861866,0.8426954342752668,0.8499249150447876,0.3758704694100435,0.03900305683190967,0.2613430826172666,0.3275764051603021,0.3731349796040498,0.42835449342051835,0.46691727335931676,0.3607335716203505,0.04514815244415214,0.2841884124968112,0.31871092054572214,0.3615961877430933,0.4213477171376334,0.4249624575223938,0.0,0.0,0.0,0.0,0.0,0.0,0.0,0.0,0.0,0.0,0.0,0.0,0.0,0.0
qore_as_control,nq_166,50,True,15,5,2.0,0.5,5,0;4;11;12;16,0;1;2,1,1,3,1,4.810567859281019,0.9621135718562035,10,8.020173145914969,4.010086572957484,0.0,-0.8004812863235342,-50.80048128632353,-50.80048128632353,-50.80048128632353,True,-0.8004812863235342,0.0,3003,0.755797133699925,0.2716932288532567,0.3437491730022812,0.37105048053731426,0.9166120165284214,0.9999151181799467,1.0,0.9621135718562035,0.07078881894690056,0.8205688928263416,0.8905848304144831,0.9962864203726686,0.999241523714125,1.0,0.8088640854735055,0.08321957638377386,0.6291248901665408,0.6933834249554589,0.8126822018604885,0.9125383061123451,0.9556729270077785,0.8020173145914968,0.05954121538266888,0.692344786167408,0.721445829931658,0.8116879880124301,0.8618453259685886,0.8828780049991715,0.40443204273675276,0.04160978819188693,0.3145624450832704,0.34669171247772945,0.4063411009302442,0.45626915305617255,0.47783646350388925,0.4010086572957484,0.02977060769133444,0.346172393083704,0.360722914965829,0.40584399400621507,0.4309226629842943,0.44143900249958573,0.0,0.0,0.0,0.0,0.0,0.0,0.0,0.0,0.0,0.0,0.0,0.0,0.0,0.0
qore_as_control,nq_167,50,True,15,5,2.0,0.5,5,2;4;24;26;27,4;5;24,1,1,2,2,2.6863229211826494,0.5372645842365299,10,8.129930450157557,4.064965225078779,0.0,1.3786423038961293,-48.62135769610387,-48.62135769610387,-48.62135769610387,True,1.3786423038961293,0.0,3003,0.25453794722965434,0.26984438656008153,0.02418463331023555,0.024956148652466252,0.12121462280521023,0.5841620376524802,1.0,0.5372645842365299,0.27873639244241066,0.16715818558508816,0.25219990776778717,0.4973965454047746,0.8568022796603804,1.0,0.8322207448884084,0.05849788799378659,0.6938682475133668,0.7536660363251334,0.8405831433283681,0.9105851875642701,0.9529026361001262,0.8129930450157558,0.05860276652358264,0.7351050369040439,0.7440745975383558,0.7935466878382915,0.8771963674248109,0.9128246267573507,0.4161103724442042,0.029248943996893297,0.3469341237566834,0.3768330181625667,0.42029157166418407,0.45529259378213505,0.4764513180500631,0.4064965225078779,0.02930138326179132,0.36755251845202197,0.3720372987691779,0.39677334391914576,0.43859818371240544,0.4564123133786753,0.0,0.0,0.0,0.0,0.0,0.0,0.0,0.0,0.0,0.0,0.0,0.0,0.0,0.0
qore_as_control,nq_168,50,True,15,5,2.0,0.5,5,4;5;14;21;31,0;4;17;19;39,1,1,2,1,3.557211370466202,0.7114422740932403,10,8.11975466054936,4.05987733027468,0.0,0.502665959808478,-49.497334040191525,-49.497334040191525,-49.497334040191525,True,0.502665959808478,0.0,3003,0.32174294050281105,0.3317797290972354,0.027728236088190594,0.035202116203621965,0.1742870885760845,0.9300289816784321,1.0,0.7114422740932403,0.29233180952308674,0.3454214978513081,0.3543330668405731,0.8821234484791087,0.9847864015245258,1.0,0.8128805946009044,0.06650306863440167,0.6946427724112643,0.7268672532540325,0.8062494487840295,0.901693813278429,0.9657506973859467,0.811975466054936,0.04161783643024335,0.728437009749651,0.7801923308680471,0.8086283526078699,0.8743132329983948,0.8808364611203667,0.4064402973004522,0.033251534317200834,0.34732138620563213,0.3634336266270162,0.40312472439201474,0.4508469066392145,0.4828753486929733,0.405987733027468,0.020808918215121677,0.3642185048748255,0.39009616543402353,0.40431417630393496,0.4371566164991974,0.44041823056018337,0.0,0.0,0.0,0.0,0.0,0.0,0.0,0.0,0.0,0.0,0.0,0.0,0.0,0.0
qore_as_control,nq_169,50,True,15,5,2.0,0.5,5,10;14;22;28;48,0;1;4;6;8;15;17;18;19;20;22;25;31;33;41;44;46,1,1,5,1,1.038144697470931,0.2076289394941862,10,8.388943975212301,4.194471987606151,0.0,3.15632729013522,-46.84367270986478,-46.84367270986478,-46.84367270986478,True,3.15632729013522,0.0,3003,0.07523690971979276,0.2473381613156507,0.0009743533210876814,0.001002652197261667,0.0050150482032775435,0.03196606424898575,1.0,0.2076289394941862,0.39629025603554496,0.0009925230721951172,0.001002652197261667,0.010197864411249985,0.6103745856410498,1.0,0.875869422548533,0.04832137964091608,0.791457358103162,0.8186717344908219,0.8690412582466355,0.9474781633158292,0.9660161799223285,0.8388943975212302,0.034110283819084236,0.8051553820784922,0.8116778301599394,0.8271454697259851,0.8959503680343458,0.911457161482653,0.4379347112742665,0.02416068982045804,0.395728679051581,0.40933586724541093,0.43452062912331774,0.4737390816579146,0.48300808996116423,0.4194471987606151,0.017055141909542118,0.4025776910392461,0.4058389150799697,0.41357273486299256,0.4479751840171729,0.4557285807413265,0.0,0.0,0.0,0.0,0.0,0.0,0.0,0.0,0.0,0.0,0.0,0.0,0.0,0.0
qore_as_control,nq_170,50,True,15,5,2.0,0.5,5,0;2;4;7;30,0;1;5;8;21;45,1,1,3,1,2.91725852558361,0.583451705116722,10,8.395563012593872,4.197781506296936,0.0,1.280522980713326,-48.71947701928667,-48.71947701928667,-48.71947701928667,True,1.280522980713326,0.0,3003,0.3100843568947596,0.2572541652536244,0.06664844630114276,0.09094923664059261,0.22879399614449672,0.6514707006352598,1.0,0.583451705116722,0.26928702862503134,0.24253901042895468,0.3189154393312053,0.46636479423392213,0.9099498552944607,1.0,0.8411819635711434,0.05161753666155131,0.7179803244458146,0.7765171393718094,0.8359088607451124,0.9131673799509389,0.9460750558885074,0.8395563012593872,0.054792655291906696,0.7549269412947006,0.7778250901272686,0.8401463215832488,0.9076280984087258,0.9194617257089497,0.4205909817855717,0.025808768330775656,0.3589901622229073,0.3882585696859047,0.4179544303725562,0.45658368997546944,0.4730375279442537,0.4197781506296936,0.027396327645953348,0.3774634706473503,0.3889125450636343,0.4200731607916244,0.4538140492043629,0.45973086285447484,0.0,0.0,0.0,0.0,0.0,0.0,0.0,0.0,0.0,0.0,0.0,0.0,0.0,0.0
qore_as_control,nq_171,50,True,15,5,2.0,0.5,5,2;16;24;27;32,2;4;6;15;24;32;42;44,1,1,5,3,4.952187763961222,0.9904375527922443,10,8.652156225826884,4.326078112913442,0.0,-0.6261096510477797,-50.62610965104778,-50.62610965104778,-50.62610965104778,True,-0.6261096510477797,0.0,3003,0.651241017617741,0.33829736010112316,0.15565346649467782,0.19351230232010216,0.7600811415827733,0.9981222685633553,1.0,0.9904375527922443,0.010010207954209288,0.9746941088952367,0.9778770308503696,0.9960868617434374,0.9995021518157914,1.0,0.8531441206088378,0.0460596733383513,0.7634389776519799,0.79179441767225,0.8496399333994461,0.9128849980098804,0.9702498312973658,0.8652156225826886,0.041006098607231235,0.8078715259163067,0.8251886079274048,0.8619309386688628,0.9215362851561544,0.951300948590752,0.4265720603044189,0.02302983666917565,0.38171948882598994,0.395897208836125,0.42481996669972305,0.4564424990049402,0.4851249156486829,0.4326078112913443,0.020503049303615618,0.40393576295815337,0.4125943039637024,0.4309654693344314,0.4607681425780772,0.475650474295376,0.0,0.0,0.0,0.0,0.0,0.0,0.0,0.0,0.0,0.0,0.0,0.0,0.0,0.0
qore_as_control,nq_172,50,True,15,5,2.0,0.5,5,8;34;46;47;49,,0,0,0,0,1.5174932417694282,0.3034986483538856,10,6.488765919871286,3.244382959935643,0.0,1.7268897181662146,-48.27311028183379,-48.27311028183378,-48.27311028183379,True,1.7268897181662146,0.0,3003,0.10939874812089476,0.2539748928683284,0.0023982544785807747,0.0040649903458498315,0.00940668185307255,0.2511819377527653,1.0,0.3034986483538856,0.3698105471601479,0.00940668185307255,0.030929758148834967,0.07870687320780399,0.7464661256464293,1.0,0.7048966445920558,0.07129208780537877,0.5911141483097001,0.6401538459935171,0.6875701617168434,0.7682915296718004,0.9969754560720111,0.6488765919871285,0.03000395666738658,0.5911141483097001,0.6270168886458447,0.6464837415484554,0.6704494428770643,0.7172726577236617,0.3524483222960279,0.035646043902689384,0.29555707415485005,0.32007692299675855,0.3437850808584217,0.3841457648359002,0.49848772803600555,0.3244382959935643,0.01500197833369329,0.29555707415485005,0.31350844432292235,0.3232418707742277,0.33522472143853216,0.35863632886183083,0.0,0.0,0.0,0.0,0.0,0.0,0.0,0.0,0.0,0.0,0.0,0.0,0.0,0.0
qore_as_control,nq_173,50,True,15,5,2.0,0.5,5,0;1;2;3;29,0;1,1,1,2,2,4.53462624014615,0.90692524802923,10,8.904616751255249,4.4523083756276245,0.0,-0.08231786451852585,-50.08231786451853,-50.08231786451853,-50.08231786451852,True,-0.08231786451852585,0.0,3003,0.385166133544154,0.4143384828472574,0.0010541744921162433,0.001201978338112118,0.059243585744546426,0.9918751734643501,1.0,0.90692524802923,0.12062870922383769,0.6863143015635821,0.7592381113808491,0.9796884701057073,0.9999998569480447,1.0,0.7535083613428193,0.10852498070889781,0.46777604025552594,0.5831640426213212,0.7652210392541802,0.8979447899252743,0.9680288452773953,0.8904616751255249,0.019606578444068247,0.8634984398777981,0.8639543807125508,0.8887696861255454,0.9106441335135206,0.929908210278519,0.37675418067140964,0.054262490354448904,0.23388802012776297,0.2915820213106606,0.3826105196270901,0.44897239496263713,0.48401442263869765,0.44523083756276244,0.009803289222034123,0.43174921993889903,0.4319771903562754,0.4443848430627727,0.4553220667567603,0.4649541051392595,0.0,0.0,0.0,0.0,0.0,0.0,0.0,0.0,0.0,0.0,0.0,0.0,0.0,0.0
qore_as_control,nq_174,50,True,15,5,2.0,0.5,5,0;3;6;10;12,0;2;6;8;9;12;17;28;45,1,1,9,3,4.607213046768014,0.9214426093536028,10,8.10577575546342,4.05288787773171,0.0,-0.5543251690363045,-50.554325169036304,-50.55432516903632,-50.554325169036304,True,-0.5543251690363045,0.0,3003,0.4779679689651118,0.3889876444695494,0.005039432597780507,0.017048503415197674,0.35276404101393605,0.9710321068932269,1.0,0.9214426093536028,0.0930790188044277,0.7415583613692994,0.8151729662750133,0.9650189008292557,0.9900163643743498,1.0,0.7903577827152498,0.07124311295985061,0.6308860146265095,0.6767467148006031,0.7981602579591793,0.8645351208836027,0.9455594165375784,0.8105775755463419,0.02598637180790643,0.7754033213980045,0.7776269357153576,0.8030447900119524,0.845223791234104,0.8537075646829089,0.3951788913576249,0.035621556479925306,0.31544300731325475,0.33837335740030156,0.39908012897958967,0.43226756044180137,0.4727797082687892,0.40528878777317096,0.012993185903953215,0.38770166069900225,0.3888134678576788,0.4015223950059762,0.422611895617052,0.42685378234145444,0.0,0.0,0.0,0.0,0.0,0.0,0.0,0.0,0.0,0.0,0.0,0.0,0.0,0.0
qore_as_control,nq_175,50,True,15,5,2.0,0.5,5,8;13;17;22;25,0;1;2;3;4;5;6;8;17;22;23;44,1,1,12,3,4.924036949602333,0.9848073899204666,10,7.173403260561949,3.5867016302809747,0.0,-1.3373353193213582,-51.337335319321355,-51.33733531932136,-51.337335319321355,True,-1.3373353193213582,0.0,3003,0.9678097231587203,0.046080067862175805,0.8482272034943366,0.8947471160113001,0.9893884463474932,0.9998435962456865,1.0,0.9848073899204666,0.012724938439452159,0.9606025261023887,0.9701319493587214,0.9893884463474932,0.9950340496693515,0.9959304625282962,0.7762028330676103,0.07486420762285174,0.6392264766505563,0.6814213531590031,0.7689081682482372,0.8692967422975614,1.0,0.7173403260561949,0.04374027484539841,0.6602358289191556,0.6679885405933921,0.7168868607906334,0.7628478091828491,0.8102620497470028,0.38810141653380514,0.03743210381142587,0.31961323832527816,0.34071067657950155,0.3844540841241186,0.4346483711487807,0.5,0.35867016302809746,0.021870137422699203,0.3301179144595778,0.33399427029669604,0.3584434303953167,0.38142390459142456,0.4051310248735014,0.0,0.0,0.0,0.0,0.0,0.0,0.0,0.0,0.0,0.0,0.0,0.0,0.0,0.0
qore_as_control,nq_176,50,True,15,5,2.0,0.5,5,0;2;8;36;47,,0,0,0,0,2.0610392768951975,0.4122078553790395,10,7.713437931181258,3.856718965590629,0.0,1.7956796886954316,-48.20432031130457,-48.20432031130457,-48.20432031130457,True,1.7956796886954316,0.0,3003,0.15082021322246966,0.3262513604827629,0.0005784646408086106,0.0012779134150372768,0.012073513230037936,0.6066127839458347,1.0,0.4122078553790395,0.4641280927070041,0.009952872213105209,0.012475412426920846,0.07534236245574338,0.9837939277914818,1.0,0.7816334544490998,0.05325046658705546,0.663125187019704,0.7211555355196824,0.7751455792703017,0.8434927414561454,0.9831320228850794,0.7713437931181258,0.08921142975756717,0.663125187019704,0.6717145288451892,0.7564701765449658,0.8444135251875022,0.9831320228850794,0.3908167272245499,0.02662523329352773,0.331562593509852,0.3605777677598412,0.38757278963515085,0.4217463707280727,0.4915660114425397,0.3856718965590629,0.044605714878783585,0.331562593509852,0.3358572644225946,0.3782350882724829,0.4222067625937511,0.4915660114425397,0.0,0.0,0.0,0.0,0.0,0.0,0.0,0.0,0.0,0.0,0.0,0.0,0.0,0.0
qore_as_control,nq_177,50,True,15,5,2.0,0.5,5,8;12;15;17;36,5;7;12;13;18;20;21;31;34;37;39;43;47,1,1,4,1,3.2143136160894827,0.6428627232178965,10,8.027199888648651,4.0135999443243255,0.0,0.7992863282348428,-49.20071367176516,-49.20071367176515,-49.20071367176516,True,0.7992863282348428,0.0,3003,0.2940412423891971,0.3110578987180622,0.06313196891004454,0.06653724296427513,0.1660009395602586,0.8587814578680485,1.0,0.6428627232178965,0.31999206901223715,0.2181764474013443,0.25393639377742655,0.771775276699523,0.9667142314588263,1.0,0.8087493394285205,0.048730093190758265,0.6906372899031764,0.7509978419490114,0.8064656317250551,0.8676389343357523,0.9814526124195154,0.802719988864865,0.0320093065073217,0.7608741932582744,0.7710018945214795,0.8012047542402282,0.8460138231613412,0.8685688467260383,0.4043746697142602,0.024365046595379133,0.3453186449515882,0.3754989209745057,0.40323281586252757,0.43381946716787617,0.4907263062097577,0.4013599944324325,0.01600465325366085,0.3804370966291372,0.38550094726073975,0.4006023771201141,0.4230069115806706,0.43428442336301915,0.0,0.0,0.0,0.0,0.0,0.0,0.0,0.0,0.0,0.0,0.0,0.0,0.0,0.0
qore_as_control,nq_178,50,True,15,5,2.0,0.5,5,2;24;37;40;46,2;5;17;21;24;26;28;34;46,1,1,6,3,3.6354862176153993,0.7270972435230798,10,8.32698252625508,4.16349126312754,0.0,0.5280050455121406,-49.47199495448786,-49.471994954487855,-49.47199495448786,True,0.5280050455121406,0.0,3003,0.4400199107133694,0.2577027830403125,0.12468857167922484,0.18232281086492316,0.38241944168863096,0.8551608028588726,1.0,0.7270972435230798,0.21903637551893596,0.44181396604441464,0.4734384364505878,0.742587314239048,0.9720839181088357,1.0,0.8727392846438551,0.06148251329599745,0.6855386692074714,0.7601710268306819,0.8856001143183827,0.9280311916363377,0.9608096216794502,0.832698252625508,0.07599885727521484,0.7274597682158596,0.73373071165687,0.8537216408698334,0.9247221945926319,0.9608096216794502,0.43636964232192754,0.030741256647998726,0.3427693346037357,0.38008551341534097,0.44280005715919135,0.46401559581816887,0.4804048108397251,0.416349126312754,0.03799942863760742,0.3637298841079298,0.366865355828435,0.4268608204349167,0.46236109729631597,0.4804048108397251,0.0,0.0,0.0,0.0,0.0,0.0,0.0,0.0,0.0,0.0,0.0,0.0,0.0,0.0
qore_as_control,nq_179,50,True,15,5,2.0,0.5,5,3;20;28;29;36,,0,0,0,0,1.0066692786750728,0.20133385573501456,10,6.667270105069407,3.3336350525347034,0.0,2.3269657738596305,-47.673034226140366,-47.67303422614037,-47.67303422614037,True,2.3269657738596305,0.0,3003,0.06778493814989266,0.2491472897998189,0.0002474418406160379,0.0004593556259699065,0.0007020185965363528,0.003783904413214909,1.0,0.20133385573501456,0.39933451896958794,0.0005480920328847855,0.0005839102564015243,0.0019815484635676748,0.6014008002347776,1.0,0.7094113157534089,0.04794959338408136,0.5842075905476081,0.6459444708176633,0.7125951705462165,0.7640206489023265,0.828604235344252,0.6667270105069406,0.05260811189852852,0.5842075905476081,0.6148992167329536,0.6596162591620061,0.7414922108176878,0.7728240796907412,0.35470565787670444,0.02397479669204068,0.29210379527380403,0.32297223540883163,0.35629758527310823,0.38201032445116323,0.414302117672126,0.3333635052534703,0.02630405594926426,0.29210379527380403,0.3074496083664768,0.32980812958100303,0.3707461054088439,0.3864120398453706,0.0,0.0,0.0,0.0,0.0,0.0,0.0,0.0,0.0,0.0,0.0,0.0,0.0,0.0
qore_as_control,nq_180,50,True,15,5,2.0,0.5,5,10;13;14;38;42,1;5;13;41,1,1,3,1,4.972552594584754,0.9945105189169509,10,8.274921466995517,4.1374607334977584,0.0,-0.8350918610869957,-50.835091861086994,-50.835091861087,-50.835091861086994,True,-0.8350918610869957,0.0,3003,0.9957791418140481,0.003912210215128224,0.9891170623516706,0.9899113212695677,0.9975258246923956,0.9999856213597679,1.0,0.9945105189169509,0.0037274960634066795,0.9896686012381866,0.9905957970040008,0.9934376291348541,0.9989706991969155,0.9999339488665954,0.8759221492643516,0.04641413461978819,0.775536584144969,0.8195378192133799,0.8756937551752871,0.9422634860874212,0.9719446373616691,0.8274921466995517,0.05955515896664693,0.775536584144969,0.7783414039397912,0.8071672269729124,0.9397504274923408,0.9448579894325054,0.4379610746321758,0.023207067309894094,0.3877682920724845,0.40976890960668994,0.43784687758764357,0.4711317430437106,0.48597231868083457,0.41374607334977587,0.029777579483323467,0.3877682920724845,0.3891707019698956,0.4035836134864562,0.4698752137461704,0.4724289947162527,0.0,0.0,0.0,0.0,0.0,0.0,0.0,0.0,0.0,0.0,0.0,0.0,0.0,0.0
qore_as_control,nq_181,50,True,15,5,2.0,0.5,5,5;17;30;42;48,17;30,1,1,2,2,3.0622917643991716,0.6124583528798344,10,7.808408263231524,3.904204131615762,0.0,0.8419123672165902,-49.158087632783406,-49.158087632783406,-49.15808763278341,True,0.8419123672165902,0.0,3003,0.22751660114509792,0.32893159423636675,0.009976124787162857,0.013864149244307362,0.03583732772204152,0.7966462875125462,1.0,0.6124583528798344,0.31599580229288515,0.16150424476190792,0.2386045195413677,0.6563663262173884,0.9560665046837273,1.0,0.7896814437952419,0.05612247253673101,0.6907405727705249,0.7296015279011461,0.7825147168040926,0.8637835382777291,0.9962307642458018,0.7808408263231523,0.06401528693282724,0.731191527903169,0.7347818403889212,0.7699792190119652,0.8088938866081287,0.9631256282932871,0.3948407218976209,0.028061236268365507,0.34537028638526246,0.36480076395057304,0.3912573584020463,0.43189176913886457,0.4981153821229009,0.39042041316157616,0.03200764346641362,0.3655957639515845,0.3673909201944606,0.3849896095059826,0.40444694330406433,0.48156281414664354,0.0,0.0,0.0,0.0,0.0,0.0,0.0,0.0,0.0,0.0,0.0,0.0,0.0,0.0
qore_as_control,nq_182,50,True,15,5,2.0,0.5,5,1;3;35;36;39,,0,0,0,0,4.963170326392718,0.9926340652785438,10,6.806500050880309,3.4032500254401543,0.0,-1.5599203009525637,-51.55992030095256,-51.55992030095257,-51.55992030095256,True,-1.5599203009525637,0.0,3003,0.9942516889073626,0.008355602831916104,0.974859585928369,0.9804642336516942,0.999068683690197,0.999951955904653,1.0,0.9926340652785438,0.00954769200196513,0.974859585928369,0.9810592055292332,0.998898562290544,0.9996183892079263,0.9999848595530793,0.74416474750175,0.07415492533998352,0.625388138827592,0.6613880272692205,0.7262852640397822,0.8495384783445482,0.9962264504719673,0.680650005088031,0.06849451839202951,0.6319615526860222,0.6353600404069845,0.6517038305486882,0.729202133902106,0.8746125533955563,0.372082373750875,0.03707746266999176,0.312694069413796,0.33069401363461026,0.3631426320198911,0.4247692391722741,0.49811322523598367,0.3403250025440155,0.034247259196014755,0.3159807763430111,0.31768002020349223,0.3258519152743441,0.364601066951053,0.43730627669777816,0.0,0.0,0.0,0.0,0.0,0.0,0.0,0.0,0.0,0.0,0.0,0.0,0.0,0.0
qore_as_control,nq_183,50,True,15,5,2.0,0.5,5,2;17;21;38;43,12;27;29;49,1,0,1,0,1.847502936738838,0.3695005873477676,10,6.278008647688827,3.1390043238444134,0.0,1.2915013871055754,-48.708498612894424,-48.70849861289443,-48.708498612894424,True,1.2915013871055754,0.0,3003,0.14176797507753375,0.2648389863080882,0.016035280621141602,0.017321802307024046,0.025497062606866183,0.3903036841767201,1.0,0.3695005873477676,0.3638030827805681,0.016035280621141602,0.06237405015125516,0.14723793413021188,0.8209390070164237,1.0,0.6620918068628784,0.08831575455407248,0.5089884565547277,0.5530517877004992,0.6574909596590299,0.7810987163272636,0.9636865476485716,0.6278008647688827,0.08789508726303272,0.5222554752686903,0.5296201440681239,0.617121323217528,0.7200954596827964,0.8149103521189447,0.3310459034314392,0.04415787727703624,0.25449422827736384,0.2765258938502496,0.32874547982951496,0.3905493581636318,0.4818432738242858,0.3139004323844414,0.04394754363151636,0.26112773763434516,0.2648100720340619,0.308560661608764,0.3600477298413982,0.40745517605947235,0.0,0.0,0.0,0.0,0.0,0.0,0.0,0.0,0.0,0.0,0.0,0.0,0.0,0.0
qore_as_control,nq_184,50,True,15,5,2.0,0.5,5,0;2;15;28;36,0;2;4;9,1,1,4,2,3.118788996243619,0.6237577992487238,10,8.289451448847501,4.1447257244237505,0.0,1.0259367281801315,-48.974063271819865,-48.97406327181987,-48.97406327181987,True,1.0259367281801315,0.0,3003,0.23114564344682711,0.30762909811286937,0.005972537797005182,0.011969566813629404,0.053189897548749906,0.6701995128777096,1.0,0.6237577992487238,0.22664704814834313,0.3403776885556173,0.38651467441403675,0.6170758990704591,0.8822461021663508,1.0,0.784979756975742,0.06645168237776253,0.6241596846106072,0.7059066872251408,0.7905351624388081,0.8704872491327056,0.9935238292823434,0.8289451448847499,0.05107942371885979,0.7712460796280212,0.789120778715008,0.8044845561683313,0.9107963806425216,0.9336981821084636,0.392489878487871,0.033225841188881264,0.3120798423053036,0.3529533436125704,0.39526758121940403,0.4352436245663528,0.4967619146411717,0.41447257244237495,0.025539711859429895,0.3856230398140106,0.394560389357504,0.4022422780841656,0.4553981903212608,0.4668490910542318,0.0,0.0,0.0,0.0,0.0,0.0,0.0,0.0,0.0,0.0,0.0,0.0,0.0,0.0
qore_as_control,nq_185,50,True,15,5,2.0,0.5,5,20;25;37;43;48,,0,0,0,0,1.664934584179525,0.332986916835905,10,6.993636784822675,3.4968183924113374,0.0,1.8318838082318125,-48.168116191768185,-48.16811619176818,-48.168116191768185,True,1.8318838082318125,0.0,3003,0.11735166193912017,0.2522913969174978,0.0037025860712918933,0.004010259778746642,0.009834926345833099,0.2701041015937351,1.0,0.332986916835905,0.34794128145091,0.019760197486447417,0.06560694311508178,0.1818714674364567,0.731570343079435,1.0,0.7426361534831516,0.06846902373447918,0.56072046401286,0.6478288317386502,0.7612724397684623,0.8131771743287904,0.9686841064890898,0.6993636784822674,0.07284522866797562,0.5825945189584022,0.5920758808232258,0.7175484757699019,0.7685039945795401,0.8187251929024747,0.3713180767415758,0.03423451186723959,0.28036023200643,0.3239144158693251,0.38063621988423113,0.4065885871643952,0.4843420532445449,0.3496818392411337,0.03642261433398781,0.2912972594792011,0.2960379404116129,0.35877423788495094,0.38425199728977005,0.40936259645123735,0.0,0.0,0.0,0.0,0.0,0.0,0.0,0.0,0.0,0.0,0.0,0.0,0.0,0.0
qore_as_control,nq_186,50,True,15,5,2.0,0.5,5,2;6;7;22;23,0;2;6;7;13;15;18;22;34;38;49,1,1,8,4,4.900224304979085,0.980044860995817,10,8.177049319898,4.088524659949,0.0,-0.8116996450300853,-50.81169964503009,-50.81169964503009,-50.81169964503009,True,-0.8116996450300853,0.0,3003,0.8818332823262004,0.11540995273142134,0.6523326258345071,0.715492236679057,0.9389633922635613,0.9914998646527383,1.0,0.980044860995817,0.014331894388859859,0.962531594236021,0.9636218062981009,0.9825295306239975,0.9959624222911385,1.0,0.8486696374478822,0.04386473822756434,0.7110169338648752,0.7935894756359209,0.8473178662957584,0.9018287900983148,0.9470220094397225,0.8177049319897998,0.039344800119913474,0.750261190608375,0.7577717371258819,0.8223532009015129,0.8683923391596229,0.882152918886229,0.4243348187239411,0.02193236911378217,0.3555084669324376,0.39679473781796043,0.4236589331478792,0.4509143950491574,0.47351100471986124,0.4088524659948999,0.019672400059956737,0.3751305953041875,0.37888586856294093,0.41117660045075644,0.43419616957981144,0.4410764594431145,0.0,0.0,0.0,0.0,0.0,0.0,0.0,0.0,0.0,0.0,0.0,0.0,0.0,0.0
qore_as_control,nq_187,50,True,15,5,2.0,0.5,5,0;2;9;12;30,0;5;17,1,1,2,1,3.2308272416378596,0.646165448327572,10,7.784468621893892,3.892234310946946,0.0,0.6614070693090865,-49.338592930690915,-49.338592930690915,-49.338592930690915,True,0.6614070693090865,0.0,3003,0.23038567751767325,0.37254537380042735,0.0013185817402846189,0.0021296256537053837,0.020454153910547966,0.9425949261321978,1.0,0.646165448327572,0.3948285353520062,0.020454153910547966,0.14867631835401382,0.8951159374633084,0.9896990340979163,1.0,0.7814856103539912,0.05256510438775167,0.658915839617631,0.7094988296434929,0.7804392082132934,0.8480232373511889,0.9418952722938317,0.7784468621893893,0.06740154282888126,0.6678225029220137,0.6957648317235396,0.7844421881530106,0.8536212441628819,0.8762502394473445,0.3907428051769956,0.026282552193875836,0.3294579198088155,0.35474941482174643,0.3902196041066467,0.42401161867559445,0.47094763614691587,0.38922343109469465,0.03370077141444063,0.33391125146100686,0.3478824158617698,0.3922210940765053,0.42681062208144094,0.43812511972367224,0.0,0.0,0.0,0.0,0.0,0.0,0.0,0.0,0.0,0.0,0.0,0.0,0.0,0.0
qore_as_control,nq_188,50,True,15,5,2.0,0.5,5,8;25;33;38;40,40,1,1,1,1,1.0024302216208807,0.20048604432417613,10,6.682250384102587,3.3411251920512934,0.0,2.3386949704304127,-47.66130502956959,-47.66130502956959,-47.66130502956959,True,2.3386949704304127,0.0,3003,0.06707420968616544,0.24933541839438123,3.46017424409155e-05,5.100650497353183e-05,0.00023514677329520946,0.0015634845869884188,1.0,0.20048604432417613,0.3997572502891622,3.46017424409155e-05,7.659223310906844e-05,0.0011211036364123274,0.6004539753091666,1.0,0.7558671760091187,0.09088548832684044,0.561846716979215,0.648119806876233,0.7422953673541692,0.8718140227572765,0.9344287261181643,0.6682250384102588,0.061443826478335926,0.561846716979215,0.590719922019858,0.6624135829014983,0.7459841843341155,0.7791835371536322,0.37793358800455934,0.04544274416342022,0.2809233584896075,0.3240599034381165,0.3711476836770846,0.43590701137863824,0.46721436305908215,0.3341125192051294,0.030721913239167963,0.2809233584896075,0.295359961009929,0.33120679145074916,0.37299209216705775,0.3895917685768161,0.0,0.0,0.0,0.0,0.0,0.0,0.0,0.0,0.0,0.0,0.0,0.0,0.0,0.0
qore_as_control,nq_189,50,True,15,5,2.0,0.5,5,0;1;2;19;29,,0,0,0,0,1.9855484472870935,0.3971096894574187,10,6.510085577313013,3.2550427886565063,0.0,1.2694943413694129,-48.730505658630584,-48.730505658630584,-48.73050565863059,True,1.2694943413694129,0.0,3003,0.13329904745622448,0.33699252667723717,1.7785387668592137e-05,3.15237702504615e-05,9.758779585816644e-05,0.5954116588526022,1.0,0.3971096894574187,0.48608147929585743,3.5663416596916944e-05,6.0433168301416744e-05,0.0006024340965124087,0.9939251047912504,1.0,0.6919537512714714,0.07629402624939295,0.539617305514358,0.5976188942811844,0.697555825375988,0.7672445978823808,0.9926413947884674,0.6510085577313012,0.12571398893494418,0.5566457274668415,0.5599545894006822,0.5920466431005631,0.7396444191094951,0.9926413947884674,0.3459768756357357,0.038147013124696476,0.269808652757179,0.2988094471405922,0.348777912687994,0.3836222989411904,0.4963206973942337,0.3255042788656506,0.06285699446747209,0.27832286373342074,0.2799772947003411,0.29602332155028155,0.36982220955474754,0.4963206973942337,0.0,0.0,0.0,0.0,0.0,0.0,0.0,0.0,0.0,0.0,0.0,0.0,0.0,0.0
qore_as_control,nq_190,50,True,15,5,2.0,0.5,5,0;3;15;19;41,0;3;15;17,1,1,4,3,4.824221676193318,0.9648443352386634,10,8.298663797050786,4.149331898525393,0.0,-0.674889777667925,-50.67488977766793,-50.67488977766793,-50.67488977766793,True,-0.674889777667925,0.0,3003,0.409014951190571,0.43735039575577245,0.00132700387355926,0.00473739131794714,0.08401513331972152,0.9972018940264097,1.0,0.9648443352386634,0.047341062071766804,0.8762878217227301,0.9077405022213175,0.9930335243721173,0.9999923228517085,1.0,0.8071136483231164,0.06068707753944346,0.6886223996290819,0.7289936481664998,0.8013249510481002,0.8924071360769221,0.9802686933800855,0.8298663797050784,0.06311199286276192,0.7603330293976294,0.7808362009519375,0.7990642135489398,0.893036721232062,0.9802686933800855,0.4035568241615582,0.03034353876972173,0.34431119981454095,0.3644968240832499,0.4006624755240501,0.44620356803846106,0.49013434669004274,0.4149331898525392,0.03155599643138096,0.3801665146988147,0.39041810047596875,0.3995321067744699,0.446518360616031,0.49013434669004274,0.0,0.0,0.0,0.0,0.0,0.0,0.0,0.0,0.0,0.0,0.0,0.0,0.0,0.0
qore_as_control,nq_191,50,True,15,5,2.0,0.5,5,0;8;29;36;47,0;2;6;8;9;30;35;36;47,1,1,8,4,4.825034657983528,0.9650069315967056,10,7.913629567748726,3.956814783874363,0.0,-0.8682198741091649,-50.868219874109165,-50.868219874109165,-50.868219874109165,True,-0.8682198741091649,0.0,3003,0.8860718435563272,0.15380032757103038,0.5589092573657104,0.6094553217096726,0.9706383589024273,0.9986608978481035,1.0,0.9650069315967056,0.04881152714163363,0.8696102174686642,0.9100214740421695,0.9870983699941195,0.9990750846473266,1.0,0.838372960436664,0.06329204399781746,0.6513965732261001,0.7520984457534418,0.8514782885332562,0.9063050650853296,0.950210876696935,0.7913629567748726,0.06749658458290095,0.6640118913609583,0.7126139891097103,0.8099805788096242,0.8603913146055989,0.8808266821062378,0.419186480218332,0.03164602199890873,0.32569828661305006,0.3760492228767209,0.4257391442666281,0.4531525325426648,0.4751054383484675,0.3956814783874363,0.033748292291450474,0.33200594568047914,0.35630699455485515,0.4049902894048121,0.43019565730279946,0.4404133410531189,0.0,0.0,0.0,0.0,0.0,0.0,0.0,0.0,0.0,0.0,0.0,0.0,0.0,0.0
qore_as_control,nq_192,50,True,15,5,2.0,0.5,5,0;3;6;13;37,3;11;22,1,1,3,1,1.9542509836729094,0.3908501967345819,10,7.762841816988372,3.881420908494186,0.0,1.9271699248212766,-48.07283007517872,-48.072830075178715,-48.07283007517872,True,1.9271699248212766,0.0,3003,0.14430088051580234,0.3031830452190974,0.003250597256065685,0.004076001336977908,0.017374292874895978,0.5369068168980936,1.0,0.3908501967345819,0.42885580929773853,0.003872266656092638,0.009273077143613974,0.11447918793529319,0.9274100944826511,1.0,0.8117167797592921,0.055032519209374145,0.6336708821690412,0.7375392126281956,0.8215084330880476,0.8667801245201116,0.9282989067069218,0.7762841816988372,0.06696776870339574,0.6336708821690412,0.7117629682467431,0.7796887096045608,0.8351210760079764,0.8861784256323648,0.40585838987964606,0.027516259604687072,0.3168354410845206,0.3687696063140978,0.4107542165440238,0.4333900622600558,0.4641494533534609,0.3881420908494186,0.03348388435169787,0.3168354410845206,0.35588148412337156,0.3898443548022804,0.4175605380039882,0.4430892128161824,0.0,0.0,0.0,0.0,0.0,0.0,0.0,0.0,0.0,0.0,0.0,0.0,0.0,0.0
qore_as_control,nq_193,50,True,15,5,2.0,0.5,5,5;8;29;31;41,,0,0,0,0,1.9492009203025176,0.3898401840605036,10,7.9725342969492425,3.9862671484746213,0.0,2.0370662281721037,-47.9629337718279,-47.96293377182789,-47.9629337718279,True,2.0370662281721037,0.0,3003,0.15225003052805963,0.26133478658846815,0.0026815559412576937,0.002948962574423075,0.054674011144015315,0.40301738248234575,1.0,0.3898401840605036,0.3423533667949841,0.08518430106042374,0.0988759976832484,0.21872231746209625,0.810352303665005,1.0,0.8293139549958383,0.06546379415721089,0.6664616877247251,0.7469626323031171,0.8184856375518921,0.9110222935150468,0.9606280645615027,0.7972534296949243,0.05251397513317958,0.7280277928605742,0.7438111592636352,0.7898664524259311,0.8587962741058879,0.9057319459115851,0.41465697749791913,0.032731897078605444,0.33323084386236257,0.37348131615155855,0.40924281877594604,0.4555111467575234,0.48031403228075137,0.39862671484746215,0.02625698756658979,0.3640138964302871,0.3719055796318176,0.39493322621296556,0.42939813705294394,0.45286597295579256,0.0,0.0,0.0,0.0,0.0,0.0,0.0,0.0,0.0,0.0,0.0,0.0,0.0,0.0
qore_as_control,nq_194,50,True,15,5,2.0,0.5,5,0;1;15;19;40,0;1;19,1,1,3,3,2.9579913947709304,0.5915982789541862,10,7.197537680083782,3.598768840041891,0.0,0.6407774452709605,-49.35922255472904,-49.359222554729044,-49.35922255472904,True,0.6407774452709605,0.0,3003,0.19889853996873313,0.392047906923256,0.00025783971147591545,0.00036549925451448217,0.0037286003431412757,0.9791826624019266,1.0,0.5915982789541862,0.47934830775867016,0.0002760074379971123,0.0040452539776688525,0.9481354786276381,0.9999523139672476,1.0,0.7269382192822506,0.062987034280679,0.6176098455120703,0.6619028116434199,0.7203710146810354,0.8011492959699319,0.9943174468111927,0.7197537680083783,0.10035961128334694,0.6437493216649084,0.6440794051415545,0.6738526099344726,0.7997391001724067,0.9858582577058477,0.3634691096411253,0.0314935171403395,0.30880492275603516,0.33095140582170995,0.3601855073405177,0.40057464798496595,0.49715872340559636,0.35987688400418916,0.05017980564167347,0.3218746608324542,0.32203970257077724,0.3369263049672363,0.39986955008620334,0.49292912885292384,0.0,0.0,0.0,0.0,0.0,0.0,0.0,0.0,0.0,0.0,0.0,0.0,0.0,0.0
qore_as_control,nq_195,50,True,15,5,2.0,0.5,5,8;10;22;30;40,,0,0,0,0,1.8542219335881223,0.37084438671762443,10,9.412237308935344,4.706118654467672,0.0,2.85189672087955,-47.14810327912045,-47.148103279120456,-47.14810327912045,True,2.85189672087955,0.0,3003,0.16526835809746687,0.23734610744672022,0.016220548785174118,0.017620285112330988,0.09319303465162122,0.2673380195157178,1.0,0.37084438671762443,0.3197200621594834,0.10990113831259306,0.15130675814386288,0.25602672457569575,0.7099515531236265,1.0,0.9388646973439227,0.015801677950436646,0.8907180944202108,0.9204245923749419,0.9388147009452671,0.9587827613761741,0.9740944859292562,0.9412237308935344,0.012603699391947063,0.9255738342555417,0.9281598374174822,0.9402520224130534,0.9594938151152488,0.9607241427584309,0.4694323486719614,0.007900838975218323,0.4453590472101054,0.46021229618747095,0.46940735047263354,0.47939138068808707,0.4870472429646281,0.4706118654467672,0.006301849695973531,0.46278691712777087,0.4640799187087411,0.4701260112065267,0.4797469075576244,0.48036207137921544,0.0,0.0,0.0,0.0,0.0,0.0,0.0,0.0,0.0,0.0,0.0,0.0,0.0,0.0
qore_as_control,nq_196,50,True,15,5,2.0,0.5,5,0;11;12;16;46,0;1;5;6;10;12;15;16;22;26;37;38;45;46,1,1,9,4,4.1094968113042665,0.8218993622608535,10,7.703895960752088,3.851947980376044,0.0,-0.25754883092822256,-50.25754883092822,-50.25754883092822,-50.25754883092822,True,-0.25754883092822256,0.0,3003,0.3323353608344203,0.37189723668737973,0.03488359424570146,0.05950999066551177,0.13610943825519342,0.9677275443467585,1.0,0.8218993622608535,0.22823311323770792,0.3895951092491136,0.550890178885258,0.9425690344132441,0.9937999537209738,1.0,0.79924348349028,0.07418704489338092,0.618390669546667,0.7068031524849783,0.8050191415473004,0.8734435705010325,0.9850395099358101,0.7703895960752087,0.09067057163151057,0.625473691476947,0.6502011591014749,0.7700821330923476,0.8181768796556028,0.9850395099358101,0.39962174174514,0.03709352244669046,0.3091953347733335,0.35340157624248913,0.4025095707736502,0.43672178525051625,0.49251975496790507,0.38519479803760437,0.045335285815755286,0.3127368457384735,0.32510057955073746,0.3850410665461738,0.4090884398278014,0.49251975496790507,0.0,0.0,0.0,0.0,0.0,0.0,0.0,0.0,0.0,0.0,0.0,0.0,0.0,0.0
qore_as_control,nq_197,50,True,15,5,2.0,0.5,5,1;3;4;12;32,1,1,1,1,1,3.0338340488706748,0.606766809774135,10,8.366675199396592,4.183337599698296,0.0,1.1495035508276215,-48.850496449172375,-48.85049644917238,-48.85049644917238,True,1.1495035508276215,0.0,3003,0.21113519399242398,0.3538172841919341,0.0008733009033719595,0.0009191803675002943,0.0041187091405731156,0.8485090712449073,1.0,0.606766809774135,0.3731487503582529,0.0009471358810006885,0.14365172148626473,0.7829895830620031,0.956875492013404,1.0,0.8307665565404094,0.07054647893343914,0.6375313092742788,0.7430644305543633,0.8274012824483625,0.9199940046067858,0.982304086126195,0.8366675199396593,0.09463757303228476,0.670603613411473,0.7425779432583413,0.8422637125680097,0.947913252057957,0.982304086126195,0.4153832782702047,0.03527323946671957,0.3187656546371394,0.37153221527718167,0.41370064122418126,0.4599970023033929,0.4911520430630975,0.41833375996982963,0.04731878651614238,0.3353018067057365,0.3712889716291706,0.42113185628400485,0.4739566260289785,0.4911520430630975,0.0,0.0,0.0,0.0,0.0,0.0,0.0,0.0,0.0,0.0,0.0,0.0,0.0,0.0
qore_as_control,nq_198,50,True,15,5,2.0,0.5,5,4;20;21;37;45,0;1;4;5;11;12;15;16;18;20;21;37;45;48,1,1,14,5,4.497473374262016,0.8994946748524033,10,8.340737711705756,4.170368855852878,0.0,-0.3271045184091381,-50.327104518409136,-50.327104518409136,-50.327104518409136,True,-0.3271045184091381,0.0,3003,0.6499456578317321,0.25683409253129325,0.0018002793060133023,0.3655438491040355,0.6751944472390685,0.9021866522169233,1.0,0.8994946748524033,0.05572441662860671,0.8472670770938318,0.8488869300664178,0.8857355018440469,0.9652616343195364,1.0,0.8376567060035737,0.06394880555391799,0.6754218006813958,0.7280425946102972,0.8468137040246383,0.9090377762987205,0.9428151480186957,0.8340737711705755,0.04342894269914589,0.7791128757121243,0.7910324719436175,0.8305096541511331,0.8763603060088531,0.9379473969300774,0.41882835300178684,0.031974402776958996,0.3377109003406979,0.3640212973051486,0.42340685201231915,0.45451888814936026,0.47140757400934785,0.41703688558528773,0.021714471349572946,0.38955643785606214,0.39551623597180874,0.41525482707556655,0.43818015300442653,0.4689736984650387,0.0,0.0,0.0,0.0,0.0,0.0,0.0,0.0,0.0,0.0,0.0,0.0,0.0,0.0
qore_as_control,nq_199,50,True,15,5,2.0,0.5,5,7;10;19;29;34,1;7;9;11;16;17;19;45,1,1,7,2,4.879598961921775,0.975919792384355,10,7.783596190717228,3.891798095358614,0.0,-0.9878008665631608,-50.98780086656316,-50.98780086656316,-50.98780086656316,True,-0.9878008665631608,0.0,3003,0.8524995835907525,0.2691780077071182,0.2093888624277644,0.3705173904337835,0.980031651558279,0.9997929716959272,1.0,0.975919792384355,0.02046722456636078,0.9393299537378131,0.9524588814599443,0.980031651558279,0.9952065902016465,0.9998627838431488,0.8320263269285668,0.06655562124422776,0.672332835355094,0.746093257836076,0.8334738437990069,0.9166084779775862,0.9906435147351497,0.7783596190717228,0.05631549708361128,0.7163282353438636,0.7213320396291322,0.7650616930222687,0.8353670037972669,0.9167755073305484,0.4160131634642834,0.03327781062211388,0.336166417677547,0.373046628918038,0.41673692189950345,0.4583042389887931,0.49532175736757483,0.3891798095358614,0.02815774854180564,0.3581641176719318,0.3606660198145661,0.38253084651113434,0.41768350189863346,0.4583877536652742,0.0,0.0,0.0,0.0,0.0,0.0,0.0,0.0,0.0,0.0,0.0,0.0,0.0,0.0
qore_as_idea6,nq_0,50,True,15,5,2.0,0.5,5,0;1;25;32;37,0;1;4;38,1,1,3,2,4.651345229987886,0.9302690459975771,10,8.54112862304598,4.484845050949602,-0.2142807394266128,-0.16650017903828385,-50.16650017903828,-50.3807809184649,-50.38078091846489,True,-0.16650017903828385,0.0,3003,0.6954076668625202,0.22858955068262507,0.2905352114913259,0.3477799280138798,0.7782883320883904,0.9707335292412549,1.0,0.9302690459975771,0.06258803143681826,0.8392681420813102,0.8565923480079869,0.9348276468194453,0.9978683136756512,1.0,0.84504695520103,0.05480203067357499,0.7315275149424315,0.7803308574414901,0.8371791211299134,0.9182245904344735,0.9546248272224303,0.8541128623045979,0.05306950606707552,0.7935596433002927,0.7957951283410465,0.849582073861139,0.932401675562219,0.9339137450017412,0.4663847442305515,0.03981269385955801,0.3842468341731362,0.41452317568955055,0.46819825804109017,0.5236232714624321,0.549465277089193,0.4484845050949603,0.03493436281627953,0.38989884275437264,0.400189806541407,0.4445484179026612,0.48656858596343594,0.5100772621612732,-0.04386126663003649,0.02852919710932953,-0.09175834059715271,-0.07928388357162477,-0.04760531783103944,-0.003249211311340324,0.020326548814773582,-0.02142807394266128,0.018583831724510974,-0.04857876896858215,-0.04511646360158921,-0.020180046558380127,-0.00046606540679930755,0.008122915029525779
qore_as_idea6,nq_1,50,True,15,5,2.0,0.5,5,1;12;30;43;48,0;1;7;9;14;30,1,1,5,2,4.953911101777492,0.9907822203554983,10,7.231898500225278,3.6143320390091995,0.00161721110343932,-1.3395790627682924,-51.339579062768294,-51.33796185166486,-51.33796185166485,True,-1.3395790627682924,0.0,3003,0.8639052672390833,0.16388658889443072,0.5558162086154392,0.6006478350684598,0.975722234362328,0.9990451281563338,1.0,0.9907822203554983,0.008221658782613026,0.975722234362328,0.981531145366935,0.9923038044660316,0.9982562204301149,1.0,0.8002189231544901,0.07068623992456836,0.5748703822428153,0.6940824859924525,0.8198892321751923,0.8661154586975607,0.9804006111199353,0.7231898500225278,0.0720891293767687,0.5748703822428153,0.6449385270722676,0.727373102895465,0.8035481954222434,0.8305628905463935,0.40437753618055283,0.04033018122996448,0.28687961026699177,0.34706450549698914,0.40999890995852206,0.449405271300686,0.4930308886456636,0.36143320390091993,0.03623905035401463,0.28687961026699177,0.32207022176424505,0.3632193092253626,0.4018083733620998,0.41559630680922277,-0.004268074603307814,0.015707565529826235,-0.08226066827774048,-0.01643201351165772,-2.4956464767467157e-05,0.00143911123275758,0.0344177782535553,0.000161721110343932,0.000405849748504376,-0.0004056096076965332,-0.0003239363431930542,-2.7060508727971833e-06,0.0006468206644058227,0.0008924305438995361
qore_as_idea6,nq_2,50,True,15,5,2.0,0.5,5,0;1;28;40;47,0;1;6;7;16;19;22;23;32;33;35;38;45,1,1,5,2,2.4409134667536305,0.4881826933507261,10,6.949722457543672,3.580357109316022,-0.10549588054418574,1.1394436425623913,-48.86055635743761,-48.9660522379818,-48.96605223798179,True,1.1394436425623913,0.0,3003,0.22484116569570436,0.28837841613678655,0.03044310099209357,0.03299282421648798,0.12450390732661144,0.6398982811870063,1.0,0.4881826933507261,0.36925096787588774,0.04817560155583965,0.11514030039079842,0.33196014372863014,0.9380761491303696,1.0,0.6836549450417442,0.07819619538884955,0.5294433976582195,0.5848300682742998,0.6826258850143849,0.7601253642533016,0.9914678296876349,0.6949722457543672,0.11622228167507972,0.5473837318405709,0.552944913988082,0.6922539737439551,0.7560768414844032,0.9914678296876349,0.3515614069091463,0.05304271683664051,0.2090182498985509,0.29262194585319673,0.3430020380291468,0.4243185642207316,0.5491984646237095,0.35803571093160214,0.09193459339321128,0.2090182498985509,0.22897114511954175,0.3538210490826287,0.4332613623792408,0.5491984646237095,-0.009733934388274237,0.022184655338889154,-0.06435327529907225,-0.046147943139076254,-0.0049022018909454235,0.008078545629978165,0.06776316165924073,-0.010549588054418574,0.04136789126157577,-0.05858409404754639,-0.055734896063804606,-0.011535585671663295,0.04502967536449431,0.06776316165924073
qore_as_idea6,nq_3,50,True,15,5,2.0,0.5,5,4;29;37;45;49,4;6;24;29;37;45;47;49,1,1,8,5,4.886831560180945,0.9773663120361891,10,8.856787463091608,4.5140348474496585,-0.08564111590385443,-0.37279671273128656,-50.37279671273129,-50.45843782863514,-50.45843782863514,True,-0.37279671273128656,0.0,3003,0.6488217968144936,0.373874638717219,0.11628361549214983,0.1269956989650969,0.8773408311169042,0.9959425045269324,1.0,0.9773663120361891,0.031190666060200142,0.9166791270391447,0.9417499170367502,0.9926764706912634,0.9992479441669514,1.0,0.8770839478405789,0.05203005428390668,0.7335027086765308,0.7959126644359245,0.885940961482407,0.9362356605323047,0.9648015792053208,0.8856787463091609,0.03960406417755598,0.8235275241142893,0.8388334778521304,0.8875584679418291,0.9213332469499077,0.9587757464696431,0.4611029551698149,0.030127355800547328,0.37604160994443986,0.42722252376132686,0.46126920019770146,0.4998342642271817,0.5318142533909038,0.45140348474496583,0.015173020961829077,0.42678153973849536,0.43405450972458554,0.450970958310267,0.4647077534216625,0.4802750526095164,-0.022560981249525432,0.021435619608443143,-0.08010555505752565,-0.058530323505401625,-0.015017777681350708,-0.0006681215763091966,0.0066273868083953635,-0.008564111590385443,0.01174142579600431,-0.041002130508422885,-0.017616212964057926,-0.004086589813232427,-0.00044392704963684975,-0.0003670334815978893
qore_as_idea6,nq_4,50,True,15,5,2.0,0.5,5,0;10;26;29;40,0;3;7;16;24;26;27;33;40;47,1,1,10,3,4.95039451323934,0.9900789026478678,10,8.652634822778797,4.3695197639132015,-0.04320235252380361,-0.5808747493261386,-50.58087474932614,-50.624077101849934,-50.62407710184994,True,-0.5808747493261386,0.0,3003,0.9113224950959051,0.11993890459505818,0.565046861290938,0.7578513971947919,0.9536035261757196,0.9934595014659637,1.0,0.9900789026478678,0.0072882076896773965,0.9807492650413507,0.982208144961283,0.9884488427406037,0.9987199762464815,1.0,0.8621608599217513,0.049494517849883235,0.7828573157131418,0.801528309997786,0.8540748480942886,0.9390994381775845,0.9961978873983273,0.8652634822778797,0.040815583339178736,0.7936334192159885,0.8232780479589856,0.8612916693085813,0.9188373624556468,0.9274032216896974,0.4448585584713054,0.034603519373867256,0.380439123001682,0.4097889051392413,0.43546066734816463,0.48458761770747677,0.5637163375294962,0.43695197639132016,0.01907013960261439,0.41160693463698594,0.4148103218873221,0.43185081170132117,0.4646720003720724,0.4667159130985718,-0.013778128510429744,0.01661034730909052,-0.07398045063018799,-0.03732602596282961,-0.007520538568496715,-2.5693178176877626e-05,0.010989534854888905,-0.004320235252380361,0.004503602755321136,-0.014790225028991688,-0.010776916146278369,-0.0029474377632141002,-0.00012008726596831058,-2.831816673276588e-05
qore_as_idea6,nq_5,50,True,15,5,2.0,0.5,5,0;5;8;10;21,19;44,1,0,2,0,3.6462572718587354,0.7292514543717471,10,8.888063393982742,4.558009403423714,-0.11397770643234251,0.9117521315649788,-49.08824786843502,-49.20222557486737,-49.20222557486736,True,0.9117521315649788,0.0,3003,0.34472967078393685,0.2965196778300248,0.041979128378639076,0.05062070202353751,0.24670706198671444,0.727691902733077,1.0,0.7292514543717471,0.14812555477582529,0.5748247679972405,0.5971748237321418,0.6837382759156182,0.9027977282445532,1.0,0.8577232414320025,0.041658605204728735,0.7706363317502762,0.8021359459682343,0.8579986361669506,0.9151032761107717,0.9498130575018967,0.8888063393982742,0.03318003622246618,0.8253358999437135,0.8515022859569994,0.8908637194271076,0.9205579341626748,0.9401880407050404,0.44503175413923884,0.038481972764400164,0.3628520047560121,0.39819447456481877,0.44607569217573484,0.49894503279633434,0.528786588470034,0.4558009403423714,0.01908364030325545,0.42310227698071673,0.4365334727645755,0.45750460660979003,0.47743153565695956,0.48787118840602417,-0.016170133423237573,0.031005927214659675,-0.09349268674850458,-0.060678112506866444,-0.010820996761322033,0.02044727563858032,0.039904794096946694,-0.01139777064323425,0.022887300162704124,-0.05028243660926818,-0.037397710680961586,-0.00987502932548523,0.010358984470367424,0.03500871062278749
qore_as_idea6,nq_6,50,True,15,5,2.0,0.5,5,0;3;5;11;12,9;33,0,0,0,0,2.7910423166953375,0.5582084633390675,10,9.058967500802558,4.693395630954047,-0.16391188055276878,1.9023533142587095,-48.09764668574129,-48.261558566294056,-48.261558566294056,True,1.9023533142587095,0.0,3003,0.21775347078789625,0.31845045485524226,0.005132950259452377,0.006384980184301503,0.09252569900760393,0.7228593233951532,1.0,0.5582084633390675,0.35597235486470297,0.21179516982965602,0.23256200892837317,0.33230802089193057,0.9932907433589209,1.0,0.8869005734734968,0.02964309003678438,0.8264856550994403,0.8536430423449258,0.8836788156540736,0.9312960414607308,0.9912544258246628,0.9058967500802557,0.04134476421715397,0.8531181538474404,0.8598464136018997,0.911144196796386,0.9409752679965673,0.9912544258246628,0.46019828607017016,0.033264839961855246,0.3921137555747183,0.4262931575341068,0.4557780491290736,0.5071573919874253,0.5706740621631249,0.4693395630954047,0.04381801300918904,0.4036482222553161,0.42178496404568644,0.4698725058876121,0.5065022002179643,0.5706740621631249,-0.016747999333421745,0.03122073286095075,-0.09733918309211731,-0.07288875579833985,-0.008171506226062775,0.004628573358058954,0.07524027228355407,-0.016391188055276878,0.03560307659403135,-0.07504684925079347,-0.0696721798181534,-0.007441574335098261,0.03048855572938917,0.030535218119621288
qore_as_idea6,nq_7,50,True,15,5,2.0,0.5,5,4;9;34;42;49,,0,0,0,0,3.3993854674387642,0.6798770934877528,10,9.030805196519799,4.637414358137104,-0.12201175987720492,1.2380288906983394,-48.76197110930166,-48.883982869178865,-48.883982869178865,True,1.2380288906983394,0.0,3003,0.37533909442970875,0.25002774033927777,0.06976390871041713,0.13510334288819043,0.2966788368158298,0.6985045602699089,1.0,0.6798770934877528,0.1826660828696685,0.48682121177011095,0.49903119798057294,0.6931314337676172,0.8808346578419081,1.0,0.9020283108241354,0.03857569694231769,0.7943326014718397,0.8287368790182269,0.9121759359718671,0.9400704756533181,0.959833036820289,0.9030805196519799,0.01592805632759846,0.8821516395633218,0.8840157506795449,0.9023486741241026,0.9118164221402961,0.9442512721648904,0.46167405236163994,0.020770678700230184,0.40460584557630275,0.42233602376937845,0.46842096271382794,0.48032198705677326,0.4911582544461335,0.46374143581371047,0.014530917571389133,0.4333999693280845,0.4464644526270207,0.4661208384607609,0.47601087135789066,0.48803974394157984,-0.010659896949572223,0.007971529237856118,-0.026207607984542858,-0.02292235910892485,-0.008659773319959652,-0.0033735426515340873,0.01976538300514219,-0.012201175987720492,0.011784385989091846,-0.023304450511932362,-0.022444744855165462,-0.015480361878871918,0.0032030197978019648,0.017056363821029652
qore_as_idea6,nq_8,50,True,15,5,2.0,0.5,5,1;7;28;39;43,,0,0,0,0,1.2786685534986235,0.2557337106997247,10,6.280751507632007,2.9107816710581718,0.22959408275783066,1.6321131175595482,-48.36788688244045,-48.13829279968262,-48.13829279968262,True,1.6321131175595482,0.0,3003,0.09689845531934176,0.25037917961685063,0.00034149855185878434,0.0008316570927742562,0.006410640469217219,0.19640369503060384,1.0,0.2557337106997247,0.38578975705952423,0.00034149855185878434,0.0017046061432396818,0.007950803993801277,0.7066507933690611,1.0,0.715233094885228,0.11432537797623439,0.5358401563699648,0.583190048811033,0.6845679582897632,0.8778782067085884,0.9284828564623164,0.6280751507632006,0.057506355133286176,0.5654463856842374,0.5783980363659655,0.6134268272955805,0.6930863682380601,0.7697520577727326,0.3433846246281356,0.07052610022173762,0.21041053784143648,0.24992758243905155,0.3397488156272975,0.43275532499741826,0.46494935022228295,0.29107816710581724,0.04365534160942145,0.21621117855002375,0.24517739602831146,0.29284282902371234,0.3251289978486889,0.38823002918653526,0.01423192281447839,0.02440468362088047,-0.004874838516116142,-0.000582596538588398,0.0005955036263912694,0.054522616863250765,0.09106944799423217,0.022959408275783067,0.026706281014045156,-0.003354000300168969,-0.003138607684522865,0.019558962434530258,0.0501349863409996,0.08515688180923464
qore_as_idea6,nq_9,50,True,15,5,2.0,0.5,5,15;19;34;43;48,,0,0,0,0,3.542308456279136,0.7084616912558273,10,8.074523201595353,4.250010809307598,-0.21274920850992196,0.7077023530284623,-49.29229764697154,-49.50504685548147,-49.50504685548146,True,0.7077023530284623,0.0,3003,0.2952912138872416,0.3257321819617548,0.02290870881484414,0.024692597946344895,0.10531192533353927,0.8165687886656544,1.0,0.7084616912558273,0.215318398674323,0.42146111880574033,0.45649252618733793,0.7525791573127115,0.9436914171603799,1.0,0.8028197967143825,0.0548417584516134,0.6917062878500331,0.7443901373438356,0.7936123731953348,0.8789932896632668,0.9715507705767298,0.8074523201595352,0.041995619384851,0.7442550252681914,0.7524255337177295,0.8068066099764211,0.8657810959879659,0.8703895572696649,0.4130492847788816,0.03261075738314428,0.343236320189784,0.3742582892223983,0.4121884424609041,0.4576926880598841,0.5210666427890134,0.42500108093075983,0.025743031411315467,0.3743800776544429,0.3957543700062547,0.42675488965911873,0.4584038998774924,0.4609134364611932,-0.011639386421690382,0.01660731021358654,-0.0424471855163574,-0.03405861377716063,-0.010762938857078574,4.558186978100855e-05,0.05093619823455814,-0.021274920850992196,0.02453379694574071,-0.03590874373912811,-0.0356482771039009,-0.02879736721515655,-0.014222726821899427,0.05093619823455814
qore_as_idea6,nq_10,50,True,15,5,2.0,0.5,5,5;8;11;42;46,0;1;2;3;5;8;9;11;14;17;23;36;39;42,1,1,7,4,3.7488202508841377,0.7497640501768276,10,7.949576893064805,4.088912235008393,-0.1141237884759903,0.3400919841242551,-49.65990801587574,-49.774031804351736,-49.774031804351736,True,0.3400919841242551,0.0,3003,0.5007304155489777,0.22753863215925263,0.22669412770077685,0.22913772111102734,0.47402294454254706,0.8328641038501784,1.0,0.7497640501768276,0.18558002486166233,0.5542444064698542,0.56601265367924,0.6684119405120023,0.976999551763585,1.0,0.7733554057865185,0.04624587830789768,0.6624707970179882,0.710804866605954,0.7752164084396791,0.8321245995095089,0.929307138028552,0.7949576893064805,0.03294891641692985,0.7355661916940868,0.747746970154733,0.7936063140963306,0.8374507417164526,0.8437152271896872,0.40266619588734065,0.03690581136401858,0.28338599166957174,0.3591064532847704,0.4028788826616674,0.4505228404210718,0.48645384267112113,0.4088912235008393,0.021161841770176524,0.3608856612547964,0.38331820037649805,0.41297869007887367,0.43090682685595816,0.4350325030752755,-0.015988492994081407,0.02772536707609041,-0.07634727358818055,-0.054190781116485585,-0.01859533190727236,0.018898187875747683,0.0526856303215027,-0.01141237884759903,0.022830368092355183,-0.051682186126708995,-0.04064783036708834,-0.007308648526668543,0.011297878623008727,0.014191955327987671
qore_as_idea6,nq_11,50,True,15,5,2.0,0.5,5,0;3;14;32;37,3;7;14;37,1,1,4,3,4.822405174546096,0.9644810349092191,10,7.769646693458948,3.884409243459897,0.0004141032695770819,-0.9379959310861987,-50.9379959310862,-50.93758182781662,-50.93758182781662,True,-0.9379959310861987,0.0,3003,0.39271962100199687,0.4733303640894587,0.0014370916220352444,0.0015871961488474104,0.021003593819066392,0.99995463334752,1.0,0.9644810349092191,0.06615918057722359,0.8323120353114397,0.8959882871993787,0.9986944419325737,0.99995463334752,0.9999811021960103,0.7481102920107146,0.07157483236133819,0.6209964035212671,0.6747943135156134,0.7296513281865755,0.8367549542706905,0.9891966633331664,0.7769646693458948,0.08161068936957558,0.6958722358301179,0.7129019536533021,0.7473040418546626,0.8526193485243491,0.9779077523569578,0.3845202263146839,0.04392250344475129,0.2969264608133148,0.34317364411517487,0.37359945453775184,0.45393192454329656,0.4951616511596683,0.3884409243459897,0.040868326002031836,0.34791706231012426,0.3564383585233521,0.3736544915398572,0.42661432254231824,0.488991135041928,-0.010465080309326627,0.02495734749900772,-0.08308750987052915,-0.04941175460815428,-0.0006224513053894043,6.92166574299271e-05,0.048184189200401295,4.1410326957708186e-05,0.00020870215185866698,-0.00033435821533200905,-9.291112422943893e-05,6.836652755748407e-06,0.0001843464374542135,0.0005427002906799316
qore_as_idea6,nq_12,50,True,15,5,2.0,0.5,5,0;14;21;29;39,0;1;41,1,1,2,1,4.683645611999037,0.9367291223998073,10,7.706736545523187,3.8755030000012027,-0.022134727239608742,-0.8081426119978339,-50.80814261199784,-50.83027733923745,-50.83027733923744,True,-0.8081426119978339,0.0,3003,0.7419618985161068,0.2805072304808907,0.15002156486425344,0.29439326449693604,0.9089206893428288,0.9891259270920633,1.0,0.9367291223998073,0.048217733800498624,0.8665476935513193,0.8848701684538687,0.923976952899466,0.9923068338962233,1.0,0.7848749721162018,0.08857639739959748,0.6073458529529993,0.6578385707314264,0.7907486260170352,0.8875094012240874,0.9810396952354722,0.7706736545523187,0.06138215579449056,0.6769357352463435,0.6889358511295827,0.7652684445733582,0.8478426665865423,0.8603001554486251,0.39904402929251737,0.04914464138616342,0.24270536459099082,0.3374901744588566,0.4020834448279763,0.45943868149400624,0.5080149686471551,0.38755030000012025,0.03355291283183591,0.3363327517612791,0.3413164295120493,0.38547079243037874,0.4304751804593526,0.433785411982367,-0.006606543234416417,0.019014959904774507,-0.050744593143463135,-0.035644191503524804,-0.001481604576110851,0.00703783988952636,0.0721331000328064,-0.002213472723960874,0.0039373777215084,-0.010556161403656006,-0.005981895327568054,-0.000741264224052407,0.002248046994209279,0.0032644271850585938
qore_as_idea6,nq_13,50,True,15,5,2.0,0.5,5,0;1;4;5;31,0;1;3;4;5;16;31,1,1,7,5,4.862721176295766,0.9725442352591532,10,8.473733470427755,4.240120236867549,-0.0032535016536713313,-0.6226009394282173,-50.62260093942822,-50.625854441081884,-50.625854441081884,True,-0.6226009394282173,0.0,3003,0.4646575058671093,0.45421832341159346,0.0038132332008759414,0.0074836396788998515,0.17690415858432743,0.9998283122110779,1.0,0.9725442352591532,0.05325191975534689,0.8660559272771651,0.9186076497047901,0.9994721929694124,0.9999031290811845,1.0,0.7383134855530242,0.08548107604101357,0.5998283077104525,0.6461500072089761,0.7143019527358323,0.8697828434526137,0.9730758912675583,0.8473733470427754,0.045143429981589864,0.7973343155604457,0.8044192151568237,0.8344213787572481,0.91610573781935,0.9415715370489981,0.3649462755545872,0.06310918386767193,0.20494273547448894,0.29129148430639,0.360780283188454,0.44586728709320184,0.5143635077693262,0.4240120236867549,0.022337565258376248,0.4002144585958051,0.4027446427117737,0.4177778096922685,0.4580462188194574,0.4709104018367244,0.004210467221924948,0.036425201655811854,-0.09041118621826172,-0.020463968515396114,-5.561113357532843e-06,0.043662993907928625,0.09856926798820498,-0.00032535016536713315,0.0004923011456270153,-0.0015473008155822976,-0.000977025628089917,-0.0001065760850906261,2.3771524429311287e-05,4.6581029891967773e-05
qore_as_idea6,nq_14,50,True,15,5,2.0,0.5,5,8;11;28;31;45,0;1;2;9;11,1,1,5,1,4.896965120748587,0.9793930241497174,10,7.283842284941682,3.669354627263551,-0.02743348479270935,-1.2276104934850358,-51.22761049348504,-51.255043978277754,-51.25504397827775,True,-1.2276104934850358,0.0,3003,0.9820936058471043,0.02007557867297912,0.9447687022372733,0.9502498758326263,0.9916343344960253,0.999998235682689,1.0,0.9793930241497174,0.018838930249797176,0.9447687022372733,0.958823635410797,0.9806734535960574,0.996643290947299,0.9999825952481481,0.8149801875715768,0.06321091040111151,0.6565833858737296,0.7510948247516791,0.8064011885017052,0.8942575195434357,0.988420034123388,0.7283842284941682,0.041310114946351985,0.664045557002417,0.675288414634178,0.7339628787310308,0.7810671944701999,0.7890402725070447,0.4087617340751858,0.03164316180837523,0.3384981989942716,0.3757506715913147,0.40959402756291413,0.4489669589836299,0.522648531532748,0.366935462726355,0.01985271640781325,0.3384981989942716,0.339625250975205,0.37028997652862305,0.3914900223058626,0.39452477945535036,-0.0012716402893974662,0.004092065270728849,-0.028438514471054055,-0.005159790515899642,-6.234645843483655e-06,0.0008207261562347412,0.004211789369583108,-0.002743348479270935,0.003924341048990844,-0.009129518270492576,-0.008787515163421633,-0.0006457835435867421,0.00017892599105837008,0.001775634288787853
qore_as_idea6,nq_15,50,True,15,5,2.0,0.5,5,15;17;18;36;49,,0,0,0,0,1.5684782229875203,0.31369564459750404,10,6.7277308414002235,3.4403098737011337,-0.07644445300102237,1.8718316507136135,-48.12816834928638,-48.204612802287414,-48.20461280228741,True,1.8718316507136135,0.0,3003,0.11323870017186702,0.2529008943551967,0.0014233246782830713,0.0018663934410029814,0.017702439279364563,0.2744838570374892,1.0,0.31369564459750404,0.36173913556378,0.02253121931865023,0.022861840671895978,0.19534840771386994,0.7308963293012942,1.0,0.695363297925048,0.0420780590263974,0.5951163999469785,0.6392294045116999,0.6939632209543349,0.7521830824932422,0.7810639028989055,0.6727730841400222,0.038927795961306966,0.6007419461771868,0.6330553165802418,0.6791131690941097,0.719477820716063,0.7379943881876815,0.352720952337799,0.023874747456068053,0.29763066853460957,0.3233207071025961,0.3537461983682916,0.3823431247954496,0.41098558165043575,0.3440309873701134,0.021320953001327775,0.31054204899892324,0.32529398839710527,0.34109554872174264,0.3699647019911606,0.38102995775379483,-0.005039303375275006,0.007885792395143162,-0.0328097939491272,-0.011927572786808028,-0.0007288627792149671,-0.00011692233616487079,0.002872571349143982,-0.007644445300102237,0.0053531839277521495,-0.017085810005664837,-0.012538068294525168,-0.008582618832588207,-0.00030183140188455706,0.002872571349143982
qore_as_idea6,nq_16,50,True,15,5,2.0,0.5,5,5;7;27;43;46,4;27,1,1,1,1,3.3698220628839843,0.6739644125767968,10,7.973541831371615,4.224943002759134,-0.23817208707332604,0.8551209398751496,-49.14487906012485,-49.383051147198174,-49.383051147198174,True,0.8551209398751496,0.0,3003,0.2767836658072834,0.34651042148037947,0.020970955058019457,0.025237623113477093,0.09368226445974033,0.8815569507128245,1.0,0.6739644125767968,0.32954726637079457,0.10080121749222096,0.280199795419928,0.7513847956767018,0.9873353549614292,1.0,0.8115223619544392,0.060935609241202816,0.6661138707140283,0.7306440613206006,0.8146832059381333,0.88770600047637,0.9465931949063494,0.7973541831371614,0.06994821224951733,0.6661138707140283,0.7048871958328106,0.8158369662203857,0.8727029702203903,0.8754010807403813,0.4114777973306832,0.05092345991975715,0.28051962561795946,0.3431147021436961,0.41488991280753107,0.4730565069467676,0.5197857987445827,0.4224943002759133,0.050217562371324256,0.33170110471136904,0.36891270130710274,0.4198330840233048,0.4838851994631505,0.5030620091513234,-0.0057166163534635595,0.03686948474090709,-0.0883145093917847,-0.05958085417747497,-0.003776973485946633,0.04278969585895541,0.08559006452560425,-0.023817208707332605,0.038198184835407205,-0.08006167411804199,-0.07636592268943787,-0.020517143607139576,0.009223235845565805,0.046239769458770785
qore_as_idea6,nq_17,50,True,15,5,2.0,0.5,5,1;13;20;22;29,8;12;22;27;28,1,1,3,1,3.4541732124427247,0.690834642488545,10,8.234791843263714,4.240813689514204,-0.12341776788234704,0.7866404770714794,-49.21335952292852,-49.33677729081086,-49.336777290810865,True,0.7866404770714794,0.0,3003,0.3296365212883904,0.29033752894846027,0.06148911629295474,0.06997189077987512,0.13091426645490062,0.6717974689067406,1.0,0.690834642488545,0.16423552734491184,0.5587252810903992,0.5650776879495852,0.6035375548081793,0.8869216313223127,1.0,0.8060854358688682,0.05618200636593765,0.6657980917813399,0.7276866396906454,0.8112841725445199,0.8787527553471383,0.9311324514888029,0.8234791843263715,0.03817658881959394,0.7619133640651818,0.7888264088284315,0.8121712809874541,0.8782508768837685,0.8896908322021307,0.4183028727415759,0.04062478732035443,0.3199921918332122,0.3668842403351038,0.4231910691364265,0.4663363209344208,0.49921041194125204,0.4240813689514204,0.02942106512774943,0.36541452056789975,0.3919808876231064,0.4271472811922544,0.4525689077965677,0.4756383315970633,-0.015260154807141853,0.02961829555481175,-0.07867064476013186,-0.0472951376438141,-0.014845174551010143,0.02125565648078922,0.07700520753860474,-0.012341776788234704,0.026894172472923486,-0.05247102975845336,-0.049064745008945455,-0.00043338239192963757,0.015955858230590828,0.019679129123687744
qore_as_idea6,nq_18,50,True,15,5,2.0,0.5,5,10;18;21;34;41,0;1;2;4;5;6;7;10;16;17;20;22;25;27;33;36;37;43;49,1,1,8,1,1.7563946513506523,0.35127893027013046,10,8.026856904695755,3.7081603196612627,0.30526813268661496,1.9517656683106104,-48.048234331689386,-47.74296619900278,-47.74296619900277,True,1.9517656683106104,0.0,3003,0.15361939443605802,0.257929527470913,0.009505688093200194,0.01049057644694883,0.04643039122318151,0.3749743838772662,1.0,0.35127893027013046,0.3668116602924951,0.011174129888135428,0.04577368221759805,0.13613762165996215,0.8045639556363051,1.0,0.8152295475896106,0.03492667533151032,0.7513784686799734,0.7697264764504322,0.8149434179816809,0.8560331049575993,0.9187583623871677,0.8026856904695755,0.023093943413413795,0.7662777755994645,0.7786499621812211,0.8032776477511228,0.8270671866170081,0.8398851800241024,0.40248038206779063,0.0267436451344873,0.32290235825983093,0.3670063140646293,0.40543515636725824,0.42783614392472846,0.4641454308502611,0.3708160319661262,0.03649104459729437,0.32290235825983093,0.3314229890890849,0.35878062140321354,0.4181612679918003,0.4236570470442082,0.005134391727014667,0.018637925928483148,-0.01911647468805311,-0.009077214598655691,-0.0005593949463218451,0.027466212511062623,0.08326450586318968,0.030526813268661496,0.03047825489873123,-0.01438998430967331,-0.008668896183371542,0.02981167584657668,0.07183680176734922,0.08045175671577454
qore_as_idea6,nq_19,50,True,15,5,2.0,0.5,5,0;9;11;18;27,0;1;2;3;4;5;6;8;9;11;12;13;15;17;18;21;23;27;31;32;36;43;45;47;49,1,1,14,5,4.934066199304034,0.9868132398608068,10,7.83209567562719,3.916705634673336,-0.0006577968597412109,-1.0173605646306982,-51.0173605646307,-51.018018361490434,-51.01801836149044,True,-1.0173605646306982,0.0,3003,0.834889412523544,0.15337692187017973,0.5857389427525248,0.61462042134446,0.9120099556145781,0.9942853231964713,1.0,0.9868132398608068,0.012327564831334098,0.9672293455038817,0.9727435475887043,0.9860393932702867,0.9999130439255711,1.0,0.8042214599012174,0.05533367125014969,0.6852700868056046,0.7422133379634208,0.7961197326348654,0.8726681313635367,0.9607198672584023,0.783209567562719,0.036250093886057246,0.7052118429451573,0.7364224596726064,0.7926605039990331,0.8169935005380164,0.8364373648259474,0.40498561603194094,0.029837241631505192,0.34830852343667684,0.37019316726186235,0.40161317902611465,0.44776172596386554,0.4879822261688381,0.3916705634673336,0.018849706807772912,0.35220817967799245,0.3664246563070597,0.39633100301804075,0.40866634694106635,0.4189172965334571,-0.002874886081332254,0.010502538906383831,-0.05188798904418945,-0.01455709934234618,-0.0014061868190765603,0.005591927766799953,0.02784237265586853,-6.577968597412109e-05,0.0013113496875449507,-0.0029463887214660756,-0.000985892415046713,-0.0001090019941329956,0.001604362130165121,0.0019408881664276234
qore_as_idea6,nq_20,50,True,15,5,2.0,0.5,5,0;6;8;30;42,0;21;42;48,1,1,4,2,1.6570827071557153,0.3314165414311431,10,8.468139880628787,3.929416480527024,0.3046534597873688,2.272333773371309,-47.72766622662869,-47.423012766841325,-47.423012766841325,True,2.272333773371309,0.0,3003,0.12836435043567926,0.26289758511116973,3.089860688252585e-05,0.0001852546936059319,0.0029887390139422894,0.3533134101339004,1.0,0.3314165414311431,0.37399529443528295,0.00018490324558531469,0.0013064375529281045,0.19516014401906065,0.7834995683508509,1.0,0.8584620281536771,0.03852168527806289,0.7567086688072092,0.8128852222132589,0.8608854598803558,0.9069636486781257,0.9833612363511843,0.8468139880628787,0.03086457274365283,0.8075218792376877,0.8077400632828277,0.8509477265627301,0.875069017554743,0.9130452554345058,0.4125442143609363,0.04506768913516236,0.31845948734040663,0.3496249727077737,0.42322186525538374,0.4555321942544198,0.5490638096500597,0.3929416480527025,0.043270516527070695,0.32592203134563263,0.34756619115158693,0.3812427344739138,0.45219928889811944,0.47039497149002973,0.016686799715902284,0.03582264854016645,-0.08480588197708128,-0.01333909749984743,0.0015924036502837913,0.07483603715896608,0.0963002324104309,0.03046534597873688,0.0343653145506215,-0.034970253705978394,0.002213547825813282,0.029110449552536,0.07761439561843872,0.0779601216316223
qore_as_idea6,nq_21,50,True,15,5,2.0,0.5,5,0;1;23;41;48,0;1;3;16,1,1,4,2,1.9211896647006756,0.38423793294013514,10,6.470378848837416,3.049827292152544,0.18536213226616383,1.1286376274518684,-48.871362372548134,-48.68600024028197,-48.68600024028197,True,1.1286376274518684,0.0,3003,0.14107293565172008,0.3159501698046642,0.0009190956788062148,0.0014504074310666471,0.0077470374689247576,0.5818261858282185,1.0,0.38423793294013514,0.45579151618381086,0.0077470374689247576,0.010904095682299983,0.01670140439790948,0.9524406159325914,1.0,0.6682120749456636,0.0902621133301983,0.48737675803338143,0.5314564219883379,0.6763840830102625,0.7587789175851242,0.9300924316791355,0.6470378848837416,0.11972174304740267,0.4898189616251591,0.5184888300738049,0.6444726077679743,0.7524548758604107,0.9300924316791355,0.3218135286896581,0.06224275338889205,0.1642320283649814,0.2368855216022539,0.3322516154256628,0.39838970028732634,0.46708539206523,0.3049827292152544,0.0766502594583193,0.17481319916670257,0.22405862044154184,0.30263054471921397,0.37645383246431635,0.46708539206523,0.012292508783173704,0.03885777193091086,-0.08462276458740237,-0.012108882665634146,2.874655183404684e-05,0.08639538645744323,0.0983283042907715,0.01853621322661638,0.037448118273885576,-0.0126487076282501,-0.00445138871669769,0.0006416091695427839,0.08725441813468933,0.0983283042907715
qore_as_idea6,nq_22,50,True,15,5,2.0,0.5,5,0;3;5;26;30,0;3;5;12;17;22;24;26;28;31;34;48,1,1,9,4,3.9168099562395193,0.7833619912479038,10,7.779250985182057,3.9664134918633747,-0.07678799927234647,0.04960353562385533,-49.95039646437615,-50.027184463648496,-50.02718446364849,True,0.04960353562385533,0.0,3003,0.4663939921617695,0.29074850658762286,0.18000368944503914,0.19219023330626983,0.35053350442203085,0.970556242091465,1.0,0.7833619912479038,0.2500338102335794,0.3691553898481414,0.469494523287999,0.9301728183734529,0.9989914098280559,1.0,0.7717241875242173,0.07890030771256175,0.624808113535255,0.6823605008221161,0.7516551904641169,0.912568745066179,0.9763227270039844,0.7779250985182056,0.1050571459027654,0.6627960183337469,0.6704093264649122,0.7665825813818857,0.9030742004271732,0.9763227270039844,0.3929549479582257,0.04849285213174827,0.24629312394063163,0.3429621786358989,0.3841582640655457,0.4728481592483285,0.50835823833942,0.3966413491863375,0.055018139838947086,0.3252497900582919,0.33179401929725255,0.41264643179794624,0.45018676205259495,0.49604505826994416,-0.0070928541961170375,0.017544765370513957,-0.0375083923339844,-0.02508073270320892,-0.009154683351516701,0.014071995019912699,0.06611093282699587,-0.007678799927234648,0.01675391087281969,-0.035939425230026245,-0.0337466335296631,-0.0027536764740943853,0.007033990621566768,0.015005934238433827
qore_as_idea6,nq_23,50,True,15,5,2.0,0.5,5,5;7;8;33;34,5;8;31;33,1,1,4,3,4.975225691185964,0.9950451382371928,10,8.251881144429756,4.141742246342458,-0.01580167412757877,-0.8334834448435053,-50.83348344484351,-50.84928511897108,-50.84928511897108,True,-0.8334834448435053,0.0,3003,0.7507447675220594,0.24828956432739166,0.33691533701965687,0.3706689950389776,0.747557583242082,0.9981547893163213,1.0,0.9950451382371928,0.00517652377621711,0.985627269342099,0.9888355804256012,0.9970771777974237,0.9995492787982345,1.0,0.836330826979516,0.04365658435366459,0.7527573902845481,0.7847001749816079,0.8286640385253552,0.9056339522141035,0.9326124124819022,0.8251881144429758,0.046539723800880325,0.7710822631795677,0.7742269275097748,0.8143493195749083,0.8838417374166585,0.9265952218029283,0.42377412187992575,0.027425989563717938,0.35200329690240184,0.3928181525821838,0.42285838246924534,0.45762730209861885,0.4944748242465958,0.41417422463424575,0.022966831646279752,0.3869400406817333,0.3924467496826599,0.4093929804589048,0.4418341803090144,0.4639377528654229,-0.005608708390167782,0.01637010881902751,-0.05257916450500488,-0.0275517451763153,-0.003390204906463634,0.011501025557518,0.0563108205795288,-0.0015801674127578769,0.0026679126294833857,-0.006813400983810447,-0.0058747351169586405,-0.0008521765470504705,0.000966893434524535,0.001195836067199696
qore_as_idea6,nq_24,50,True,15,5,2.0,0.5,5,0;1;2;4;7,0;2;4;7,1,1,4,4,4.799399813523605,0.9598799627047212,10,9.102010331457288,4.559318648728445,-0.008313482999801503,-0.24008116479515973,-50.24008116479516,-50.24839464779496,-50.24839464779496,True,-0.24008116479515973,0.0,3003,0.36910450325593136,0.4463964184866513,0.0021646328049644307,0.0033922230263529586,0.014892892961310479,0.9976131067705598,1.0,0.9598799627047212,0.07559291261409196,0.808725166878413,0.8836153293341622,0.9961066870294212,0.9994469546391942,1.0,0.8103232650275454,0.06992408805889677,0.6545802474284361,0.7063350359124521,0.8148282687560893,0.9006586420856272,0.9928394773274056,0.9102010331457286,0.03274099815975174,0.8764364835091011,0.880561811392627,0.9026524724683546,0.9432574437778863,0.9928394773274056,0.41252486226518215,0.04695755693544224,0.3010473568543057,0.3495834996557972,0.4134133784149033,0.4671580666301641,0.525024730812243,0.45593186487284443,0.0179884083237618,0.4386846838627048,0.44104190799848325,0.4514394671778571,0.4724578791221814,0.5030882526769932,-0.007363229751409516,0.02814439063789483,-0.0885063946247101,-0.05169928073883059,-0.0008013367652893177,0.008299346864223477,0.08787416815757754,-0.0008313482999801503,0.0019687187645391143,-0.006668514013290383,-0.0013812094926833884,-0.00017773211002347633,5.348384380338676e-05,0.0003902137279510609
qore_as_idea6,nq_25,50,True,15,5,2.0,0.5,5,7;15;19;43;46,0;3;5;15;19;24;34;37;41;42;43;45,1,1,8,3,2.813509551881807,0.5627019103763614,10,7.888285157577745,3.8114683094106874,0.13267426937818533,0.9979587575288802,-49.00204124247112,-48.86936697309294,-48.86936697309294,True,0.9979587575288802,0.0,3003,0.28673695700351237,0.2641449169472779,0.08223251580252831,0.08957053461402542,0.15750701680110116,0.6555375255222347,1.0,0.5627019103763614,0.29682974900456716,0.27787978914729783,0.2927378410790894,0.384126903662024,0.9345911760382835,1.0,0.8054760571231461,0.05282117110789357,0.7061812074376752,0.7432686369016485,0.7976930166604819,0.8631720022685551,0.9644144907837168,0.7888285157577746,0.05152733898014331,0.7061812074376752,0.7186566963542707,0.779997168123135,0.8452781500694413,0.8730076729961852,0.39320910050840685,0.035853031565345674,0.324448288197913,0.342102160061119,0.39184902439589087,0.438142720990675,0.4810439616563447,0.3811468309410687,0.03858499070134657,0.33692048049934753,0.3398029854763156,0.380939760099119,0.4351223839117902,0.44748946209231993,0.009528928053166184,0.02280906625864175,-0.027641072869300842,-0.012406700551509853,0.002745665982365586,0.04022343397140505,0.08549249172210693,0.013267426937818533,0.032853449747788956,-0.02639091610908506,-0.024157448709011077,0.016415823996067058,0.05295456528663634,0.07213728427886962
qore_as_idea6,nq_26,50,True,15,5,2.0,0.5,5,4;8;23;29;46,,0,0,0,0,1.88617654249965,0.37723530849993003,10,6.41218546934376,2.978427145969805,0.22766558870207518,1.0922506034701551,-48.907749396529844,-48.68008380782778,-48.68008380782777,True,1.0922506034701551,0.0,3003,0.16533667246641356,0.25767760385077765,0.011494954684073872,0.014085325677308535,0.037702903035325336,0.40548408609663555,1.0,0.37723530849993003,0.3468431768695139,0.034832602858185444,0.07685250286278707,0.21579480979387342,0.7982667107911607,1.0,0.6854720812645261,0.06156359434057325,0.5120357580545339,0.6056491496444653,0.6913996795406004,0.763682866344862,0.8071053609353325,0.6412185469343761,0.06523254017460788,0.544540918799013,0.5534433822722641,0.6394183158015637,0.7197068450395058,0.7498796357317804,0.3395568262222781,0.03841878144707511,0.17544270800141995,0.30284161138210774,0.3428053694612894,0.38147172272924024,0.4041750091178726,0.29784271459698053,0.053024889257179436,0.17544270800141995,0.21792207384563522,0.31488756955622493,0.33644751099248277,0.3581314607486618,0.0031792144099849133,0.014127455325041482,-0.0007920303381979688,-0.000534843057394041,-7.795811397953711e-05,0.0006539101805537891,0.09682775139808655,0.022766558870207516,0.032174857577752375,-0.0007545742206275241,-0.0007416025549173532,2.621574094519019e-05,0.0587996172904968,0.09682775139808655
qore_as_idea6,nq_27,50,True,15,5,2.0,0.5,5,0;6;14;29;37,0,1,1,1,1,1.3952629174288718,0.2790525834857744,10,6.90273565906374,2.788200021869768,0.6631678076621029,1.3929371044408962,-48.6070628955591,-47.94389508789699,-47.943895087897,True,1.3929371044408962,0.0,3003,0.09480811112232826,0.26002735071785216,0.00019080281988457896,0.0002471728893008277,0.0007222663957482359,0.23892887171579122,1.0,0.2790525834857744,0.38969450518345095,0.00019080281988457896,0.001304698376104291,0.0065990754351941934,0.7541989989853437,1.0,0.6749185367627637,0.0691947343993817,0.49418419433855076,0.6064982918958368,0.6682690087720599,0.7493175420217332,0.926695339507379,0.6902735659063741,0.12029785997657759,0.5482551950854738,0.5546718601039916,0.6644686546049802,0.8724599779897871,0.918639774169202,0.32730853960683537,0.04480964320389263,0.17485096547219553,0.2888208025797386,0.32990458839910286,0.3686525552385779,0.46335877921109897,0.2788200021869768,0.08326109883066946,0.17485096547219553,0.17816323358078154,0.27073217251167936,0.3562685081876425,0.45932887833612596,0.010150728774546484,0.02539555009633768,-0.0035501476377248764,-0.0014300986751914157,1.2168123248446072e-06,0.03906706690788271,0.09927663207054138,0.0663167807662103,0.041069628865915475,-0.001441581454128038,-0.0001522502717852868,0.09140578806400299,0.0991726964712143,0.09927663207054138
qore_as_idea6,nq_28,50,True,15,5,2.0,0.5,5,14;31;32;35;40,0;1;3;11;14;15;18;25;28;31;32;35;40;45,1,1,10,5,4.9930864887400315,0.9986172977480061,10,8.423135163671047,4.222984148207441,-0.01141656637191768,-0.7701023405325902,-50.77010234053259,-50.78151890690451,-50.78151890690451,True,-0.7701023405325902,0.0,3003,0.7949709843727217,0.284894693066483,0.26740832045743973,0.3030743015777061,0.9972936063693785,0.9999977349361738,1.0,0.9986172977480061,0.001061733088697729,0.9972936063693785,0.9973645624740806,0.9989723763062304,0.9997392077038874,0.9999970196528603,0.8549964811619327,0.04669820908577827,0.7573698638998101,0.7995302025851869,0.8503699329954374,0.9136746412383325,0.993528228238419,0.8423135163671047,0.05544683712935106,0.7985202554687765,0.7996780450996331,0.8190234167633348,0.8814155204734545,0.9934554844056915,0.43184200113382676,0.027747974452613983,0.3627514872374443,0.3991021740935018,0.431486716354665,0.465204413664178,0.5072770490723526,0.42229841482074415,0.030595228311844275,0.39917395729943644,0.3999285636274304,0.4099095783262398,0.4417807529191842,0.5072770490723526,-0.004343760552860442,0.014414249556451774,-0.05106846094131473,-0.024662504196167,-0.0007375895977020375,0.00018271565437316784,0.04005137085914612,-0.001141656637191768,0.003145707706852177,-0.010549306869506836,-0.0017187613248825177,-3.910958766936701e-05,0.00010197341442109149,0.0002442002296447754
qore_as_idea6,nq_29,50,True,15,5,2.0,0.5,5,0;2;4;9;22,1;2,1,1,2,1,2.757924156078058,0.5515848312156116,10,8.612731472516868,4.19651613427441,0.10984960198402405,1.438591978196352,-48.56140802180365,-48.45155841981962,-48.45155841981963,True,1.438591978196352,0.0,3003,0.259646865280563,0.2674362145844589,0.02388676940415537,0.03623385278064051,0.1328601750427932,0.5913549525403377,1.0,0.5515848312156116,0.2660768028280914,0.27992915352317005,0.3082710027396423,0.4248589152699229,0.8809409242882458,1.0,0.8660041491906013,0.050187146127116576,0.716088608679798,0.7845717249775574,0.8747340253442412,0.9240740800761139,0.9428035632273248,0.8612731472516868,0.0415415642776913,0.777891003731335,0.8087928781609625,0.874500475293697,0.9005301268696916,0.9203128769218178,0.41463078224972005,0.03845495274933006,0.2996998131124407,0.35964626510474007,0.4161018160361962,0.4612714746698077,0.47731003501506214,0.419651613427441,0.026515885698591844,0.37590618685756816,0.3856950403207787,0.41977068205974205,0.4522305796444482,0.4609364129215107,0.018371292345580603,0.03121887727949258,-0.03819401264190675,-0.01965658247470855,0.01636449694633485,0.06906679868698122,0.08585179448127744,0.010984960198402404,0.012088555955127958,-0.002097243070602439,-0.0012600183486938697,0.007931514084339147,0.02498988240957261,0.03020702302455902
qore_as_idea6,nq_30,50,True,15,5,2.0,0.5,5,0;1;25;27;33,0;1;3;6;10;25;27;29,1,1,6,4,3.3758250044626807,0.6751650008925362,10,7.933957345585538,4.016804308345176,-0.04982563555240632,0.6409793038824949,-49.359020696117504,-49.40884633166992,-49.40884633166991,True,0.6409793038824949,0.0,3003,0.2633682597518741,0.35814773369276554,0.013371341942503528,0.01500144697719938,0.04326505757603461,0.87138614975744,1.0,0.6751650008925362,0.35017884009539435,0.020050081078188887,0.26977581347753843,0.7773007851365876,0.9736438904685366,1.0,0.7982289269353908,0.07586581846824546,0.6125713516560192,0.6866829786379565,0.8152504426852613,0.8895463079121726,0.9477852254155247,0.7933957345585538,0.09011605905196321,0.6768597748541418,0.6813232141873294,0.8137842492781611,0.8778151077616124,0.9477852254155247,0.4020660654899033,0.06940779163790063,0.22894577957464163,0.2744336571544584,0.4191667245569145,0.46910810392477037,0.5334465518118425,0.40168043083451754,0.06801176206388825,0.31186342444194354,0.3214312372405408,0.40755657635741094,0.48414849343835853,0.5334465518118425,-0.0029516020222079232,0.041708864635341895,-0.0874363362789154,-0.05884637117385866,-0.0018380796536803246,0.06635646224021913,0.09790535569190978,-0.004982563555240632,0.026082317117198068,-0.05955393910408019,-0.04524093955755236,-0.0001415163278579712,0.02003750860691068,0.034637850522995006
qore_as_idea6,nq_31,50,True,15,5,2.0,0.5,5,0;5;6;44;47,0,1,1,1,1,2.636934405464063,0.5273868810928126,10,7.901534264038919,4.087674785716294,-0.136907653696835,1.4507403802522307,-48.54925961974777,-48.686167273444596,-48.6861672734446,True,1.4507403802522307,0.0,3003,0.1910439178241231,0.35004776188379105,0.001521647276085501,0.003083618961044088,0.01616084892095139,0.841500217678973,1.0,0.5273868810928126,0.4414002472908434,0.001521647276085501,0.012943372332035071,0.6085093064211884,0.9987309967403318,1.0,0.7597123413486297,0.06454945456285147,0.6405324400920127,0.6850975031230356,0.7513120070009254,0.8348138598418589,1.0,0.7901534264038919,0.11765982866439827,0.6755333986115426,0.6776554000798461,0.7352760391698847,0.9618248900629738,0.9851905059022481,0.39241611255809034,0.04711642900063021,0.3225263905504572,0.3450721158288009,0.3747508531560097,0.4677043108057043,0.5206021627749217,0.40876747857162943,0.05968643319409385,0.339247685690228,0.3466909590214362,0.3905427750208079,0.4893422947464158,0.5206021627749217,-0.01255994188377545,0.028059960872289156,-0.08714293837547304,-0.062474023103713985,-0.0012945428490638844,0.007329610288143167,0.046061092615127586,-0.0136907653696835,0.03302337732747814,-0.08241312503814696,-0.04590031564235688,0.0022286183200776744,0.013241733908653262,0.031242161989212036
qore_as_idea6,nq_32,50,True,15,5,2.0,0.5,5,3;5;10;15;32,,0,0,0,0,4.8923702565100164,0.9784740513020033,10,8.175296329548765,4.087173169399703,0.0004749953746795432,-0.8051970871103133,-50.805197087110315,-50.80472209173563,-50.804722091735634,True,-0.8051970871103133,0.0,3003,0.6995815005463472,0.23989088212721255,0.20115025015396373,0.43791857216837904,0.6736564441988904,0.9940117675851071,1.0,0.9784740513020033,0.028057907249791132,0.9241693627820126,0.9477371962660978,0.985277003781801,0.9999339773815912,1.0,0.8072129452692665,0.05539814944748499,0.6819043800791291,0.7406240011556884,0.8003005389905975,0.8749534327896858,0.9951525436247781,0.8175296329548765,0.03294765640226562,0.7743347872323127,0.7851210709429908,0.8024500936690184,0.8580552940847664,0.8782974788700608,0.4100814805092583,0.036500393201008736,0.34030938922440707,0.36410273095716567,0.407185327308978,0.45536021212946715,0.5105462959985477,0.4087173169399703,0.016762779491720902,0.38717524950833776,0.3926571778464878,0.3999455854506896,0.4290811219454899,0.4391468320863976,-0.006475007874625071,0.021212820156269106,-0.07335202097892762,-0.03267629384994506,-0.0008913218975067361,0.021499310731887863,0.042212504148483265,4.7499537467954325e-05,0.0007965709702160366,-0.0017227292060851829,-0.0003489232063293435,-2.974271774286441e-06,0.001127188205719015,0.0014698028564453236
qore_as_idea6,nq_33,50,True,15,5,2.0,0.5,5,5;18;28;31;39,0;6,1,0,2,0,1.2299978306554153,0.24599956613108306,10,6.108078294343102,3.206298628781968,-0.15225948161041739,1.9763007981265528,-48.02369920187345,-48.17595868348386,-48.17595868348386,True,1.9763007981265528,0.0,3003,0.08347363853224035,0.2514528237394525,1.8270208570063746e-05,1.977890556867553e-05,0.00042724440620863467,0.1401384887455082,1.0,0.24599956613108306,0.38736818570246845,2.0164799976933592e-05,2.8303237720035453e-05,4.699662656050044e-05,0.6919560633338173,1.0,0.6622540021369535,0.11245446719387417,0.5057952209542509,0.5516594523844564,0.6376555444490543,0.8794803135247378,0.9314832836022618,0.6108078294343102,0.1156932794535767,0.5057952209542509,0.5103784896975443,0.580312825177906,0.6960862956540312,0.9211445596747128,0.3349890006888732,0.061540194971299894,0.24552622520094752,0.2731773325395355,0.3229052689411128,0.4423151756729444,0.5179807880139773,0.32062986287819684,0.06305005047472227,0.24924263195984084,0.2622964571686156,0.31500473709315013,0.3510105713815437,0.49022438957952097,-0.003861999620396437,0.019445910654846892,-0.06064805984497068,-0.027507324814796428,-8.38099949762583e-06,0.0056009230017662216,0.0733730375766754,-0.015225948161041739,0.023001375437807087,-0.059213781356811546,-0.05475886285305025,-0.004872881256414968,0.005361392349004765,0.006201238930225367
qore_as_idea6,nq_34,50,True,15,5,2.0,0.5,5,2;6;7;8;31,1;4;8;13;31,1,1,5,2,4.9860102208989,0.9972020441797801,10,8.244662323566812,4.121728701875874,0.0006024599075317716,-0.8642815190230264,-50.864281519023024,-50.8636790591155,-50.8636790591155,True,-0.8642815190230264,0.0,3003,0.7420913479480303,0.344221717550784,0.1434909917012017,0.18636777993479192,0.9630323597990139,0.9997065763222435,1.0,0.9972020441797801,0.0031568957263782044,0.9918928208478788,0.9932691965278341,0.9987865010450462,0.9999988555832833,1.0,0.830179913941522,0.0462260663223047,0.7525212681558764,0.7853419742671847,0.8177787435105062,0.901615159976112,0.9838110073825619,0.8244662323566813,0.059634649461069646,0.7594405071375887,0.7627662629732915,0.8088667624750217,0.8608429072547712,0.9838110073825619,0.4140010976737806,0.030813659429249844,0.33539755226694856,0.385292837468307,0.4060303235988253,0.4606924733339913,0.5094640794108801,0.4121728701875874,0.029807020431926266,0.3797210880338212,0.38138316128896815,0.4044342097420732,0.4303161006296057,0.49190602821215496,0.0010888592969803559,0.017028024790363302,-0.048668676614761375,-0.005010031461715691,3.141164779674188e-06,0.007354112863540645,0.07848708033561708,6.024599075317716e-05,0.00012185878388093577,-2.6446580886851923e-05,-4.135966300955474e-06,-2.6226043700616763e-07,0.00014806509017943327,0.0003947317600250244
qore_as_idea6,nq_35,50,True,15,5,2.0,0.5,5,3;5;6;11;15,3;5;6,1,1,3,3,3.8917988597479978,0.7783597719495996,10,9.007959164971728,4.470661736426066,0.03331784605979926,0.5788628766780679,-49.421137123321934,-49.38781927726214,-49.38781927726213,True,0.5788628766780679,0.0,3003,0.2898679268804874,0.38000600417092056,0.014722419727773276,0.023612264083877187,0.04690624083204889,0.997442254911628,1.0,0.7783597719495996,0.27165455804597854,0.3892864251968178,0.4369583796647335,0.9949270949955803,0.9996476112755972,1.0,0.8162749092827407,0.06784981947965385,0.669618924414143,0.7322697311721307,0.8168417954414511,0.8972743587877341,1.0,0.900795916497173,0.05227868571973919,0.8262996203661307,0.85032781136599,0.8909587513399411,0.9680920471987644,0.994325666766258,0.3936020950962474,0.05373632026682399,0.27144127025445564,0.3164572610738397,0.38867423121003625,0.46101135045391606,0.5324792442708831,0.4470661736426066,0.033980020623510125,0.3717256311059169,0.42141149169488157,0.4463269060349607,0.4848533995072801,0.4973832990432242,0.01453535954512301,0.034494507289433346,-0.05587363243103027,-0.010453747510910017,-0.00021523237228393555,0.06506128430366524,0.09732036590576171,0.003331784605979926,0.01271343623220976,-0.0026228129863739014,-0.0013451695442199707,-0.0006970852613449041,0.003943998813629148,0.04142417907714846
qore_as_idea6,nq_36,50,True,15,5,2.0,0.5,5,3;5;17;20;31,5;7,1,1,2,1,1.7924233807507202,0.358484676150144,10,7.537270654899107,3.768794027936198,-0.00015870048664518022,1.9763706471854778,-48.023629352814524,-48.02378805330116,-48.02378805330117,True,1.9763706471854778,0.0,3003,0.15548492325141597,0.26342596692357073,0.01804831410913509,0.02671003592876883,0.03540578707676514,0.42188585860156236,1.0,0.358484676150144,0.37524841438049905,0.03540578707676514,0.053085323428017875,0.10463539532920806,0.82911102815594,1.0,0.82061206065399,0.07562018492584212,0.6315943312965909,0.713257980186055,0.8356448150203857,0.9111157418922184,0.9618676427390258,0.7537270654899106,0.07706024566932723,0.6315943312965909,0.6871728561171726,0.7391678002061367,0.8569542150966529,0.9003538185054402,0.4103054347302984,0.03781204003444348,0.31588395507515493,0.35703242016624537,0.417870723576579,0.4551377564456611,0.4810923276754012,0.37687940279361987,0.039058035189027444,0.31588395507515493,0.3445184768168454,0.36547621881375314,0.42937920354416986,0.4515148725953867,5.955966965594184e-07,0.0010751384189939454,-0.002090705931186654,-0.0010437495075166447,-3.3708033151946815e-05,0.0006940596364438461,0.007056325674057007,-1.587004866451802e-05,0.0025191481253149174,-0.0020184773951769097,-0.0018561400473118051,-0.0009398163761943634,0.001748765781521775,0.007056325674057007
qore_as_idea6,nq_37,50,True,15,5,2.0,0.5,5,0;3;30;33;42,0;3;23;30,1,1,3,3,3.2000404267181706,0.6400080853436341,10,7.5215905057616155,3.763512396178004,-0.0027171432971955234,0.5634719694598336,-49.43652803054017,-49.439245173837364,-49.439245173837364,True,0.5634719694598336,0.0,3003,0.2807282174562324,0.3422841615176813,0.03103827881771497,0.03157297571771724,0.15394718138594857,0.9394572245933027,1.0,0.6400080853436341,0.38333534049976287,0.15806544316491736,0.17204537635078185,0.8495929993045096,0.9997466832476659,1.0,0.7298329141301496,0.06682281755659202,0.5747405347673046,0.6668266282749001,0.7204142392770725,0.8261738131200157,0.9216692486229623,0.7521590505761616,0.0922472528649678,0.5747405347673046,0.6584014768425018,0.7501322914445043,0.8609062028528548,0.9216692486229623,0.357739090248503,0.06102145283345979,0.22076959895332393,0.27269554343321895,0.3639709839172891,0.43126220388484143,0.516589178670588,0.37635123961780037,0.060892011462684734,0.22076959895332393,0.3364000631927383,0.3808340664303118,0.4391133594811607,0.46079933240130966,0.007177366816571781,0.04234152225238603,-0.09641493558883674,-0.038861863017082235,-0.002189947664737679,0.07425498127937318,0.08459604978561402,-0.00027171432971955233,0.02649569182216081,-0.04703816771507263,-0.013633582592010515,-0.0018263369798660334,0.015428513884544361,0.06660066843032836
qore_as_idea6,nq_38,50,True,15,5,2.0,0.5,5,0;5;6;8;11,0;1;2;3;4;5;6;7;8;11;17;19;25;26;31;33;45;47,1,1,15,5,4.56826899721508,0.9136537994430161,10,8.587860043478145,4.339002994513578,-0.045072972774505615,-0.2292660027015021,-50.2292660027015,-50.274338975476006,-50.274338975476006,True,-0.2292660027015021,0.0,3003,0.49006622372708536,0.3517442024774396,0.03882999010163419,0.07014248922133512,0.43417249523661416,0.9634123531198893,1.0,0.9136537994430161,0.0841939097758362,0.7719825489588368,0.817990968054228,0.9107867890773398,0.9993984249926355,1.0,0.852644236098058,0.04850966864535422,0.7511672601531357,0.7949144993283592,0.8564502455827572,0.9121764704462508,0.9878484784859262,0.8587860043478145,0.05793940266294754,0.7769626385069662,0.7848017348506778,0.8650180666667349,0.9044535972635569,0.9878484784859262,0.43066595421109083,0.036092283876892166,0.3275265122579464,0.38535099460763794,0.433276135318527,0.4745712998618075,0.5160721201501527,0.4339002994513578,0.030316428673496636,0.39273151189569505,0.3941005153287813,0.43325868691117203,0.4648473058768305,0.4980415910133641,-0.00434383616206192,0.027247425856258223,-0.07853665351867678,-0.035516335368156425,-0.0031143128871917725,0.028437917828559887,0.08148187994956968,-0.004507297277450561,0.005921289523752333,-0.021115118265152,-0.008384506702423078,-0.0031842261552810502,-0.0003158181905746464,0.0006636977195739746
qore_as_idea6,nq_39,50,True,15,5,2.0,0.5,5,0;1;27;38;41,2;3;4;6;8;10;11;15;16;19;23;33;38;40;43;44;45;47,1,1,8,1,4.663116587731306,0.9326233175462612,10,8.477123630642241,4.356257939636383,-0.11769612431526177,-0.3068586480949227,-50.306858648094924,-50.42455477241019,-50.42455477241018,True,-0.3068586480949227,0.0,3003,0.7616325292989787,0.1818635584550805,0.44179100323897424,0.4837756398004381,0.8138167495567322,0.955409254035782,1.0,0.9326233175462612,0.05001599303180356,0.863842966258833,0.8781500183471271,0.9219428047998028,0.9910880880772406,1.0,0.8622900926824496,0.05276632386955162,0.7296388336053895,0.7964272860231201,0.8591258784919027,0.9406635466016948,0.9701003071413852,0.8477123630642242,0.04375016642304154,0.791255382796923,0.8072839006275581,0.8358711771747359,0.9215120910862618,0.9281427708833302,0.4656957390641357,0.037398711130795265,0.34743238429384465,0.4201333757802588,0.46490702354645325,0.5136817169737653,0.5527528208680076,0.4356257939636382,0.028397432514870778,0.3904921015604335,0.4055999261778408,0.43287339655823287,0.4728025765048461,0.4762585375914953,-0.034550692722910926,0.029673286290207157,-0.09135037660598755,-0.07110481977462768,-0.03558473587036132,0.004747991561889667,0.03477256000041962,-0.011769612431526178,0.016476249729394307,-0.05169416069984434,-0.027023615241050708,-0.009633788466453547,0.005437232851982137,0.008152019977569591
qore_as_idea6,nq_40,50,True,15,5,2.0,0.5,5,1;9;13;30;34,,0,0,0,0,4.066552860429835,0.8133105720859669,10,8.805671142952354,4.565798443266109,-0.16296287178993224,0.4992455828362745,-49.500754417163726,-49.66371728895366,-49.663717288953656,True,0.4992455828362745,0.0,3003,0.40098101852178536,0.33592408915820343,0.0733510016476158,0.07556141603491237,0.2502682183605743,0.9733070154966512,1.0,0.8133105720859669,0.22907967590377698,0.4000719126193468,0.5311928021368416,0.9492853567089555,0.9957285818753794,1.0,0.8728578134204888,0.03454862357418073,0.7654346630284025,0.826699613545478,0.8762298319604421,0.9157206672412831,0.9435299184595061,0.8805671142952354,0.021556059387610824,0.8455586673629075,0.8495679183265766,0.875640848705401,0.9050062365538187,0.9132556977593554,0.4433684854335842,0.04042212663497682,0.3236481805048361,0.38828352319622744,0.4452073959245178,0.49013706970199844,0.5097209916869301,0.4565798443266109,0.029698269066942222,0.4236672955133309,0.42390528644652015,0.4453005501359882,0.5084284739795248,0.5097209916869301,-0.00693957872333981,0.03251931746777035,-0.07038950324058535,-0.04321892559528353,-0.007917398214340232,0.040852180719375616,0.08030225038528443,-0.016296287178993223,0.021841154768381835,-0.05900560617446898,-0.05651660203933718,-0.004222276806831349,-0.0003768706321716393,0.001339399814605735
qore_as_idea6,nq_41,50,True,15,5,2.0,0.5,5,8;12;17;31;42,,0,0,0,0,1.4354384896634054,0.2870876979326811,10,8.029609282684909,4.0147957774152765,8.863927178082154e-06,2.579357287751871,-47.42064271224813,-47.420633848320946,-47.42063384832095,True,2.579357287751871,0.0,3003,0.11155777367428805,0.24544349308052352,0.004066000132087808,0.005019798031304377,0.02079348088499579,0.2013027567766853,1.0,0.2870876979326811,0.3652417518062726,0.02079348088499579,0.023376484294343206,0.1556682742267091,0.6926902980573345,1.0,0.8207491464689466,0.04639669206875713,0.7017447830175803,0.7610041658145558,0.8245424582715183,0.8659370421957732,0.9979269220183202,0.8029609282684909,0.04943359304413242,0.7017447830175803,0.7340278885538198,0.8084318700275067,0.8608664454805075,0.862236782956441,0.4103794523138085,0.023201530068242042,0.3508734245829035,0.3805050192279847,0.4122734284953102,0.43297252067728975,0.498964176476264,0.40147957774152765,0.024720771189525367,0.3508734245829035,0.3670204555964441,0.404128673398345,0.43047611803107977,0.431149988060487,-4.879079335211378e-06,2.2261562246797174e-05,-4.590067255777486e-05,-2.0913485786877573e-05,-1.3068914995750802e-06,1.6148702344232005e-07,0.00018240497447552517,8.863927178082154e-07,6.233156443057535e-05,-4.4150702888157145e-05,-4.39964156248418e-05,-8.964503285829872e-06,1.7310730745523298e-05,0.00018240497447552517
qore_as_idea6,nq_42,50,True,15,5,2.0,0.5,5,0;13;14;17;21,0;14;21;29,1,1,4,3,4.752438773689272,0.9504877547378545,10,8.090624904723967,4.035226064966125,0.010086387395858654,-0.7172127087231477,-50.717212708723146,-50.70712632132729,-50.70712632132729,True,-0.7172127087231477,0.0,3003,0.6226762567343006,0.33821109612196043,0.013348642360912762,0.14338689534167315,0.7645628947985844,0.9589793451310777,1.0,0.9504877547378545,0.034452927962938217,0.8935789444804229,0.9136307189299204,0.9505576201586586,0.9858375313784096,1.0,0.8230620763780979,0.056310589637365405,0.7006544533727264,0.7534161255319717,0.8221172831498527,0.8895689403091531,0.9960040639598509,0.8090624904723966,0.05266751241373544,0.7235527145358642,0.7554095520752075,0.8016660325369938,0.8736415995401111,0.9062698630899018,0.4214610192646311,0.03808028453748814,0.34380648837620875,0.3758943934525645,0.41740380081408684,0.4780956182328135,0.5260761088789291,0.4035226064966125,0.024829148865165813,0.3715509229646484,0.37430926095333716,0.3996896233480028,0.43419719881027774,0.4537388756081375,-0.009929981075582052,0.026721826098284,-0.07402229309082031,-0.04436787545680998,-0.004238563776016224,0.013174096345901512,0.08197640180587767,0.0010086387395858653,0.0041060390814715636,-0.009774565696716309,-0.0019383043050765995,0.0020722717046737504,0.004900224208831766,0.005272525548934925
qore_as_idea6,nq_43,50,True,15,5,2.0,0.5,5,8;26;34;35;36,,0,0,0,0,1.050378585090471,0.2100757170180942,10,6.789006493212653,3.4642774302372694,-0.06977418363094329,2.4138988451467984,-47.5861011548532,-47.655875338484144,-47.655875338484144,True,2.4138988451467984,0.0,3003,0.07581274248220522,0.24710400561972432,0.003892341097987937,0.004291075276528871,0.007457085021110518,0.025799168094368406,1.0,0.2100757170180942,0.3949837331865177,0.007457085021110518,0.00789240406738094,0.0168063475474908,0.6070279079540333,1.0,0.7275027627665309,0.05175440818881016,0.6286555406887996,0.6647967800858011,0.7241880967381179,0.787131280776798,0.9930370706456553,0.6789006493212653,0.03242798087113077,0.6443526407852209,0.6455175212481891,0.6657480344830562,0.7163617220892445,0.7494765327280788,0.36616284493994367,0.026421244254187536,0.31451293944935216,0.33327161696156726,0.365731590555606,0.39489876339217167,0.49667711687957994,0.3464277430237269,0.019553668796357507,0.32246726260797115,0.32728228271110227,0.3423779636963045,0.3751351304255545,0.37632921083013954,-0.0024114635566781675,0.006278896121729842,-0.019988061487674735,-0.01762568026781084,-0.00013212966732678577,0.0003765658102929621,0.0029365738853812107,-0.006977418363094329,0.008911184676497505,-0.019988061487674735,-0.019786378145217897,-0.00030236669117583714,0.0003284806315787034,0.0009295474737882614
qore_as_idea6,nq_44,50,True,15,5,2.0,0.5,5,0;3;5;25;44,47,0,0,0,0,2.3246484582134137,0.4649296916426827,10,8.984311914956352,4.502163237589489,-0.010007280111312855,2.177514779376075,-47.822485220623925,-47.83249250073524,-47.832492500735235,True,2.177514779376075,0.0,3003,0.2345903323885867,0.2390186954226553,0.056706299187680574,0.07576670358535306,0.17400889678673861,0.4590055577812289,1.0,0.4649296916426827,0.2946088208776841,0.2133074981558501,0.22624362643343493,0.30205163471710866,0.8254566025962571,1.0,0.8905559376230471,0.03953634983866424,0.7671220927202687,0.8164073397072447,0.8985936465515634,0.9304133452201436,0.9604907647764178,0.8984311914956352,0.02695129852490418,0.8438627790278074,0.873303311434324,0.8931313471527661,0.930601937479103,0.9354915060848952,0.44630501393019034,0.032848516057862244,0.33309970217924323,0.4003997457569078,0.4500932789777174,0.484413347149258,0.5097488932113178,0.4502163237589489,0.03259229964367869,0.3691874777707396,0.4084676716820718,0.4609850928097966,0.47884132138542973,0.482585799178715,-0.0010270451186668325,0.02383587737563684,-0.06155785918235779,-0.032546895742416405,-0.002750465273857139,0.036071820259094244,0.06637728810310362,-0.0010007280111312856,0.02455506920843665,-0.0316896975040436,-0.02852775663137435,-0.00214347243309021,0.02977955162525175,0.05274391174316406
qore_as_idea6,nq_45,50,True,15,5,2.0,0.5,5,6;11;35;40;49,0;1;2;3;4;5;6;7;8;10;11;13;14;15;16;17;19;20;23;24;25;26;27;28;29;30;31;32;33;35;36;37;39;40;41;43;44;45;46;47;48;49,1,1,15,5,4.99606033146742,0.9992120662934839,10,8.518551726209793,4.260046300822334,-0.0007704377174376775,-0.7360140306450855,-50.73601403064509,-50.73678446836252,-50.73678446836252,True,-0.7360140306450855,0.0,3003,0.9992720857135269,0.0012462911617858612,0.9951952674018574,0.9981079219573388,0.9997852390389154,0.9999898669543758,1.0,0.9992120662934839,0.0008740141991700565,0.9978691397175095,0.9981079219573388,0.9998675551330752,0.9999359591516543,0.9999647131587671,0.8965673873950656,0.03170772472414702,0.8219356055003086,0.8547069803793711,0.902762339083756,0.935069839366316,0.9533146059223175,0.8518551726209793,0.026453335462866823,0.8219356055003086,0.8225386329949347,0.8433211654861383,0.8825827222308867,0.9105372616088514,0.4483414318654318,0.01581112408617245,0.41102549408583244,0.4274510057727239,0.45142366765360287,0.4675694593827125,0.4766650396440506,0.42600463008223344,0.013164771480139923,0.41102549408583244,0.41146895569863157,0.42174582334556243,0.4412692275266525,0.45527184945524357,-5.773816789899554e-05,0.00018703530432175416,-0.0013775229454040527,-0.00015805840492246758,-2.3603439330832643e-06,4.4703483581320944e-06,7.8386068344094e-05,-7.704377174376776e-05,8.973606072140293e-05,-0.00021541118621826172,-0.00020087897777555376,-3.0454993247996942e-05,1.3148784637428875e-06,2.495050430295631e-05
qore_as_idea6,nq_46,50,True,15,5,2.0,0.5,5,10;20;22;28;45,8;9;12,1,0,3,0,4.974195026979254,0.9948390053958509,10,8.545194579074867,4.276495677684787,-0.0038983881473541593,-0.6976993492944672,-50.69769934929447,-50.701597737441816,-50.70159773744182,True,-0.6976993492944672,0.0,3003,0.992019548872579,0.013292169049330995,0.9505861102637396,0.9774702267835319,0.9982695028626256,0.9999580817916982,1.0,0.9948390053958509,0.00831384696843212,0.9782434245881979,0.986253855897969,0.9985713711886216,0.9995557456780574,0.999557271710669,0.8883264192005226,0.030517353134334253,0.8105155264124326,0.852226628968179,0.8910942422804693,0.9248559603600404,0.9788476870467662,0.8545194579074866,0.013237321217306038,0.8339370222048342,0.835313822143755,0.858521252064864,0.8670411621863238,0.8752043770988153,0.44530703874160565,0.014853514286433563,0.40996839576885363,0.42759038500292634,0.44608644355255767,0.4629821861724628,0.4894238316024541,0.42764956776847873,0.006630864177661629,0.4177861917912507,0.41810745039684827,0.42930791039713234,0.43392633104410167,0.4381411933521115,-0.0011438291413443404,0.004226752053626824,-0.02954133749008181,-0.0017057919502258322,-1.0699033737182617e-05,3.196597099301982e-05,0.0002571702003478782,-0.00038983881473541595,0.0006101863149167201,-0.0018625736236572155,-0.0012434285879134922,-8.269846439362682e-05,4.273951053617161e-05,0.00012639760971067115
qore_as_idea6,nq_47,50,True,15,5,2.0,0.5,5,2;16;19;29;36,2;6;9;22;36;38;40;43,1,1,3,2,4.099135489793822,0.8198270979587644,10,8.723644402056744,4.532041834011579,-0.1702196329832077,0.4329063442177574,-49.567093655782244,-49.73731328876545,-49.73731328876545,True,0.4329063442177574,0.0,3003,0.4596264396558828,0.2970570386104761,0.11040292289787214,0.12556905441314833,0.33715496616445384,0.8722210954253253,1.0,0.8198270979587644,0.12385385553361843,0.6824672117566136,0.6873791503939432,0.804658181935186,0.9669052151008339,1.0,0.8867764846553409,0.0356857391672401,0.7963446111201722,0.8386936303420846,0.892193678132366,0.9314880588485855,0.9731882327161061,0.8723644402056745,0.04323543229226439,0.7971885689135815,0.8184721369335404,0.8765647243374859,0.9182425599548255,0.9524649647784204,0.4562268830444843,0.032342229073538425,0.3759670974351965,0.41698230675353104,0.45985550887976195,0.4963682892583639,0.5292012458443556,0.45320418340115803,0.024325366766684117,0.40268689142101405,0.4188607753396755,0.45767467190711414,0.48300080154422687,0.483294585196167,-0.01283864071681386,0.028145304902124767,-0.06895310878753658,-0.04574676871299745,-0.013273638486862194,0.02396476000547408,0.07204535007476809,-0.01702196329832077,0.017658017728800754,-0.04493253827095034,-0.037352422475814814,-0.01830561161041258,0.0026388072967529434,0.016394752264022816
qore_as_idea6,nq_48,50,True,15,5,2.0,0.5,5,1;2;3;25;34,0;1;2;4;6;7;9;16;18;41;47,1,1,5,2,4.693445346019639,0.9386890692039278,10,7.677023478348123,3.989893148342305,-0.1513814091682435,-0.7035521976773342,-50.70355219767733,-50.85493360684558,-50.85493360684558,True,-0.7035521976773342,0.0,3003,0.612725422888045,0.3155680860964632,0.1915452425138488,0.23740946501758528,0.5084659531721255,0.9863449565299348,1.0,0.9386890692039278,0.09200355054363607,0.7559986128670868,0.840136517223272,0.9815852955353337,0.9958072255438676,1.0,0.7819894069464378,0.07051438975096905,0.6490571293701062,0.6916282871391205,0.7831699098710627,0.8714807734677534,0.9808060948898776,0.7677023478348123,0.08303096662575861,0.6490571293701062,0.6617405537187151,0.769876015244507,0.8783479181651637,0.90927162593952,0.4070370010124758,0.053890619122304494,0.29845178177333187,0.34332706479331077,0.3990764395860647,0.48244131173658134,0.5156671488591006,0.3989893148342305,0.041880634463209346,0.3460431115562384,0.3484757378606573,0.3918424221804647,0.4527319355576928,0.4634800514894286,-0.01604229753925687,0.033036804687354274,-0.0874143183231354,-0.06741822242736817,-0.009243261814117443,0.020294427871704126,0.06932964324951174,-0.01513814091682435,0.01642239090570371,-0.049172264337539684,-0.04105242371559145,-0.008259850740432756,0.0001001089811324956,0.0016730904579162487
qore_as_idea6,nq_49,50,True,15,5,2.0,0.5,5,1;6;35;41;45,10;21;45,1,1,1,1,1.492200364806064,0.2984400729612128,10,7.955556703109785,4.256223321208976,-0.2784449696540832,2.764022956402912,-47.23597704359709,-47.51442201325117,-47.51442201325117,True,2.764022956402912,0.0,3003,0.11698380047380484,0.2468064378349838,0.0034416468792690487,0.005008742668745945,0.012683794243680931,0.20294404321154036,1.0,0.2984400729612128,0.3579551790492989,0.004878433995599947,0.04388399133391776,0.16602100136011755,0.6875634408435809,1.0,0.8208419753260272,0.06359713261281733,0.7065565725144864,0.754900085664502,0.7988707592903137,0.9175893592084834,0.9665222867031614,0.7955556703109785,0.050679367335298146,0.7354802107870636,0.7411858032607266,0.7844386225236117,0.8675735598892056,0.8890551987382156,0.4225354693306468,0.03424689128642981,0.3550751770524741,0.3814665489245901,0.4163962405763521,0.4662314891810175,0.5365746580294624,0.4256223321208975,0.03442606745261498,0.38121609568894194,0.3817796154691503,0.4329726518057214,0.46091044524107344,0.48950704136274725,-0.012114481667633212,0.021405342598397756,-0.0734365165233612,-0.05606784105300905,-0.004989904910326026,9.193664416671252e-05,0.013832056522369407,-0.027844496965408323,0.027793079962314032,-0.07054908871650695,-0.06719631135463715,-0.013340718299150456,-0.003554205149412149,0.012107452005147956
qore_as_idea6,nq_50,50,True,15,5,2.0,0.5,5,1;3;12;17;28,,0,0,0,0,2.768780825852526,0.5537561651705052,10,8.13250396861747,4.282439138065353,-0.21618715375661857,1.513658312212827,-48.486341687787174,-48.70252884154378,-48.70252884154379,True,1.513658312212827,0.0,3003,0.1941964277486892,0.32181536800114163,0.0007412936282503081,0.0014668975746271295,0.00914917272576137,0.7180994228409607,1.0,0.5537561651705052,0.3394673720129258,0.21441220000600567,0.21544432603302088,0.4216312181141248,0.9662979570635407,1.0,0.8188306649843569,0.07674335948131802,0.6020596657462578,0.6928291798979012,0.8379275774860966,0.9047311890280384,0.9362915590605765,0.8132503968617468,0.0990951662545882,0.6788591065409955,0.6897886163254942,0.8435206464810356,0.9271035962709241,0.9362915590605765,0.43248092447554254,0.05304499601358473,0.3263167607237975,0.3669152423070129,0.42990670912357004,0.5119133421153009,0.5460286566453894,0.4282439138065353,0.06784879174262654,0.3289398510457663,0.34171247215372147,0.4354358676514618,0.505157348551731,0.5097852732234691,-0.023065591983364095,0.029805871761472737,-0.09393187761306765,-0.08308811306953431,-0.010942274332046531,9.514871984719375e-05,0.010489702224731445,-0.021618715375661856,0.023927273839067332,-0.07406470179557806,-0.049475995898246805,-0.01706758514046669,0.0031818360090255706,0.010489702224731445
qore_as_idea6,nq_51,50,True,15,5,2.0,0.5,5,31;34;42;43;49,2;3;4;5;6;15;17;19;20;21;22;25;26;28;29;37;38;40;42;43;45,1,1,8,2,4.891629251218168,0.9783258502436338,10,8.41789576007506,4.356403137214883,-0.14745525717735297,-0.5352261140032848,-50.53522611400329,-50.682681371180635,-50.682681371180635,True,-0.5352261140032848,0.0,3003,0.5870355282833698,0.3356586883279225,0.1064972079227494,0.17660850589012458,0.5566874793785468,0.9847315457964532,1.0,0.9783258502436338,0.01685329087955977,0.9498374749954576,0.9597908622383037,0.9775547703781495,0.9958064250967956,1.0,0.862697379280991,0.0438497922796168,0.7650829750332,0.8214472439865762,0.8500463076252761,0.9378917937355004,0.9747096197402245,0.841789576007506,0.040955819907576206,0.7721583280138364,0.8218296319307087,0.8381807479935695,0.8549039675882321,0.9486004185024541,0.46378441020343036,0.04392583422439089,0.340444529009343,0.41635544091021937,0.45997472220231056,0.5190668115795731,0.5593992900767385,0.4356403137214883,0.02069187423256916,0.40042128727695303,0.4110444769293665,0.4357403230318182,0.4605002767975287,0.4721967255743167,-0.03243572056293488,0.034699488085934295,-0.09215701222419742,-0.08256955146789549,-0.029105722904205322,0.0015101838111877494,0.06397496461868285,-0.014745525717735297,0.013364321591661989,-0.037510085105895985,-0.03220188081264497,-0.012902787327766424,0.0015148997306823507,0.002103483676910378
qore_as_idea6,nq_52,50,True,15,5,2.0,0.5,5,1;11;23;26;39,,0,0,0,0,1.3988448511635339,0.27976897023270675,10,6.647422690304591,3.1126947411739447,0.21101660397835081,1.7138498900104109,-48.28615010998959,-48.075133506011234,-48.07513350601124,True,1.7138498900104109,0.0,3003,0.10186716210505416,0.24550411937708616,0.004663460369438572,0.006298719419950407,0.009735224935458791,0.15637614912164616,1.0,0.27976897023270675,0.3647073332839986,0.007755192515776254,0.04267925345423763,0.10619219574925294,0.6759328472146301,1.0,0.7191150369243071,0.06619746622492065,0.5880771985929996,0.640336851187307,0.7197019095791692,0.7970327075731451,0.9640358779516777,0.6647422690304591,0.06314520608827082,0.5939413462368561,0.6053084312141511,0.6450906667137408,0.7246535403557319,0.8279800863571871,0.35142182026488816,0.04734726055458316,0.22117040185444076,0.2952416607985313,0.35960855298006794,0.3985221797308174,0.48206552982133616,0.3112694741173945,0.05478863568480539,0.22117040185444076,0.22761568383096528,0.31263037761073204,0.36344806281832104,0.4190041695539111,0.008135698197265376,0.025604942304409687,-0.006613074988126744,-0.001052206829190261,-2.7048896299675107e-05,0.019947715699672783,0.09993488192558289,0.021101660397835082,0.03808724502204196,-0.0050141263753175624,-0.001427148999646305,0.00043468102812768694,0.09351966202259063,0.09868171811103821
qore_as_idea6,nq_53,50,True,15,5,2.0,0.5,5,4;16;17;43;44,0;3;4;7;9;11;13;14;22;28;34;37;41;43;44;45;46,1,1,11,3,1.1855843569741142,0.23711687139482285,10,7.1392775420584496,3.66496835176464,-0.09532958073541525,2.479383994790526,-47.520616005209476,-47.615945585944885,-47.615945585944885,True,2.479383994790526,0.0,3003,0.09003233322710384,0.24458242497168464,0.004959694137032807,0.006922627547463185,0.01732804302380945,0.08539796583857778,1.0,0.23711687139482285,0.383039926010873,0.008487526322067469,0.012189181329139771,0.05107567124400649,0.6433117982273169,1.0,0.7741979642051647,0.06328596323558185,0.5722299638779541,0.6792103188293375,0.7890810531915614,0.8463618740778938,0.9030358508903149,0.713927754205845,0.05940311633291377,0.6369714160021454,0.6402126264770733,0.7336643539473906,0.7815387659565821,0.7991465533389629,0.39370851545411795,0.038334635901635744,0.29379820616998176,0.33913842840574315,0.397770677702818,0.437399684637983,0.5082788521729664,0.36649683517646403,0.04307883793639571,0.318077983694732,0.3224760498995697,0.3625158115342505,0.4108279874819789,0.4617555805265733,-0.006609533351535599,0.018909871632680608,-0.08489747047424323,-0.008450786769390118,-0.0013157827779650688,0.002180651053786287,0.01119556650519371,-0.009532958073541525,0.02488736584111576,-0.08279255628585813,-0.015025740191340467,-0.0030036360956728625,0.003028129041194913,0.01040571928024292
qore_as_idea6,nq_54,50,True,15,5,2.0,0.5,5,2;21;22;40;42,1;13;34;42;47,1,1,3,1,1.5065204010756492,0.3013040802151298,10,8.342245564672472,4.00051562472588,0.17060715761035683,2.4939952236502307,-47.50600477634977,-47.33539761873941,-47.335397618739414,True,2.4939952236502307,0.0,3003,0.11609229776835119,0.24796306781101485,0.002048460275956406,0.003226307884120652,0.025885281777527774,0.24040714685034723,1.0,0.3013040802151298,0.36304425543080204,0.005125358549433111,0.01955095128039878,0.17858137219636985,0.7126497319811996,1.0,0.8756690806250961,0.05889213023272524,0.7558263161476708,0.803605243320556,0.8708893356791242,0.9491220907472673,0.9785048694943257,0.8342245564672472,0.05062073881695944,0.7558263161476708,0.7627305199777489,0.8391027047449607,0.8847673115611531,0.9347370945143906,0.4340621236089011,0.0466426675797244,0.3161519680041173,0.3749296639390003,0.43535694081641235,0.48512869327871533,0.5374416583189197,0.400051562472588,0.058316146914503604,0.32098783971163525,0.34253184861358743,0.38600667637551855,0.4651066857940448,0.5261942189300164,0.003772416703646914,0.03206850383784445,-0.06681443452835084,-0.019185362160205843,-0.0008346594870090596,0.04553290426731113,0.09428603649139405,0.017060715761035683,0.050565574283925226,-0.0588256716728211,-0.05568858683109284,0.004904501792043464,0.08093894004821779,0.08622003793716432
qore_as_idea6,nq_55,50,True,15,5,2.0,0.5,5,3;15;27;46;47,3;13;15;18;26;37,1,1,4,2,1.3461112479014088,0.26922224958028174,10,7.9296474198526266,4.057748331860385,-0.09292462193407125,2.711637083958976,-47.288362916041024,-47.3812875379751,-47.3812875379751,True,2.711637083958976,0.0,3003,0.09635928357615238,0.2527506258880702,0.0015187987150046636,0.0022786182368154887,0.008747038585822167,0.19652206574424624,1.0,0.26922224958028174,0.38294922837295214,0.002095530558919436,0.0048946753560147535,0.026961886517450358,0.7231841753093526,1.0,0.83622963147877,0.057302554076237196,0.699544048015416,0.763304368431574,0.8293001031841913,0.9117903768303625,0.9664707232113178,0.7929647419852627,0.054480573498344204,0.699544048015416,0.7395804985017179,0.7919346350861942,0.8464083405201812,0.9108070179411039,0.4209289210084406,0.030103805639240533,0.3499244602324517,0.3821599126526334,0.42104773334042644,0.4616776939687027,0.48347221609834556,0.40577483318603846,0.031439239018281835,0.3499244602324517,0.3752181197197169,0.4032039492531947,0.4305736211868713,0.47257578743439244,-0.002814105269055636,0.0062040293652493896,-0.02046550214290621,-0.013838966488838176,-0.0003808277891949041,0.0007602795772254667,0.009459403902292274,-0.009292462193407125,0.007851593283840937,-0.02046550214290621,-0.019675718992948555,-0.006052088364958769,-0.00047263992950321036,-0.00015243622474370166
qore_as_idea6,nq_56,50,True,15,5,2.0,0.5,5,26;28;36;40;48,,0,0,0,0,4.878788657160266,0.9757577314320534,10,7.388401911112721,3.698213117049663,-0.004012161493301358,-1.180575540110603,-51.1805755401106,-51.1845877016039,-51.1845877016039,True,-1.180575540110603,0.0,3003,0.9330376583913169,0.08424694526351437,0.7328951097589123,0.7909748507143421,0.9802181988883992,0.9998922333247666,1.0,0.9757577314320534,0.022165126385171745,0.9319392052275471,0.951250802691888,0.9886235227129061,0.9890374588040707,0.9891718333575253,0.7801170865830731,0.05663150425026204,0.686772415119918,0.7143807978709626,0.7731920331391495,0.8438760540419769,0.9983127565088373,0.7388401911112722,0.0339754100949111,0.6939255541777549,0.7011002353695107,0.740592137416953,0.7814091707343835,0.8004325698201402,0.39388714785347856,0.031046791658308988,0.33697601411666067,0.35505186931555605,0.3908255027908636,0.4250795597489862,0.5173740968556455,0.36982131170496624,0.018264741890282613,0.34517468542933155,0.34936700363293655,0.37092058547216566,0.3945828706560025,0.40141516677461786,-0.0038286045619419654,0.008853391016585596,-0.04172165989875792,-0.0146287262439728,-0.0005192697048187478,0.0019062840938568043,0.006410193443298351,-0.00040121614933013585,0.002519711312464943,-0.00612441301345823,-0.00437083840370176,0.0008390158414840754,0.0011831140518188286,0.0017880916595459095
qore_as_idea6,nq_57,50,True,15,5,2.0,0.5,5,0;1;2;4;6,0;1;2;4;5;38,1,1,6,4,4.295273099019019,0.8590546198038039,10,8.261734202623845,4.273719532847644,-0.14285243153572086,-0.021553566171374605,-50.02155356617138,-50.16440599770711,-50.1644059977071,True,-0.021553566171374605,0.0,3003,0.33664318130954857,0.41646741062494014,0.0005886777008341649,0.0017217040523661146,0.062494200583217765,0.9997169710320923,1.0,0.8590546198038039,0.27972805696359354,0.29960490136142665,0.578313201163702,0.9992927852109713,0.9999999046318025,1.0,0.7457573293022316,0.09976947572417909,0.548500771000665,0.6352987568766357,0.7196518679806604,0.8827119302455589,0.9698371188148246,0.8261734202623845,0.11055296487891056,0.6625845642301942,0.6716219013623713,0.8783079535144473,0.9564020056334983,0.9698371188148246,0.3593126477215369,0.06648047342829305,0.23196398609353425,0.2577399875681925,0.35970651831929185,0.4414512354826682,0.48486083230894733,0.4273719532847643,0.04116165224508871,0.3629710802100742,0.3722865617277564,0.4391564682313753,0.47819559488732866,0.48486083230894733,0.013566016929578924,0.03801112544390954,-0.09194002747535707,-0.02095726609230042,-4.076957702658923e-06,0.06902024030685426,0.09953784346580508,-0.014285243153572085,0.028727137111585976,-0.09194002747535707,-0.04702040255069734,-4.2796134948897e-06,5.407929420481163e-06,5.772709846496582e-05
qore_as_idea6,nq_58,50,True,15,5,2.0,0.5,5,0;1;9;19;34,,0,0,0,0,1.629791318437398,0.3259582636874796,10,6.2744955524988635,3.4619452324541715,-0.32469745620473994,1.8321539140167735,-48.16784608598323,-48.492543542187974,-48.49254354218797,True,1.8321539140167735,0.0,3003,0.11378637139801435,0.2836573169000572,3.736677388009636e-05,4.033527485326801e-05,0.0003521159600495683,0.4049778179298474,1.0,0.3259582636874796,0.41599140139829294,3.736677388009636e-05,3.8384499509983144e-05,4.097155520095005e-05,0.8518692276081449,1.0,0.6559633152437442,0.08401948358951677,0.5017713540105238,0.5776558610054511,0.6352909750649791,0.7719168287596966,0.9976584480528609,0.6274495552498863,0.06969439265246408,0.5304742709161109,0.544293208793268,0.6140594472457471,0.684526100647983,0.7938241560409302,0.3424249426965617,0.057815632800695994,0.23827701731113587,0.2899918457736425,0.32757449211215994,0.4245322445534093,0.5335181751114376,0.34619452324541716,0.046001448411669824,0.2729097988734603,0.29228449797288236,0.34791972919733427,0.4047296760084716,0.4102140112657669,-0.014443285074689597,0.030652696755146997,-0.0967192590236664,-0.06143112421035766,-1.8708253628596516e-05,0.0010153130441904249,0.08865951895713808,-0.03246974562047399,0.034329627668996575,-0.09146260619163515,-0.07580574750900271,-0.018616583943367015,0.00011496227991301643,0.0009971976280212513
qore_as_idea6,nq_59,50,True,15,5,2.0,0.5,5,4;26;32;33;35,,0,0,0,0,1.6449335030777648,0.32898670061555296,10,6.671214483044411,3.3373030398596653,-0.001695798337459642,1.6923695367819005,-48.307630463218096,-48.309326261555555,-48.30932626155556,True,1.6923695367819005,0.0,3003,0.13691854479062776,0.2394743803242535,0.014666967948930375,0.014944113649669858,0.0626387534623279,0.21458654531291338,1.0,0.32898670061555296,0.33979564435078197,0.08279171858615884,0.11033537772470882,0.15854002761264918,0.7007803561785693,1.0,0.6889816111741396,0.07192947058078938,0.5663927547171717,0.6149624112615621,0.6812028232655992,0.7427394750625719,0.992185945396101,0.6671214483044411,0.0894222916999489,0.5663927547171717,0.5935411068138703,0.656629007139485,0.7196850246443188,0.903581988060972,0.3489513051305004,0.04553548108502031,0.2035351093627515,0.3075082867181429,0.3477227827492685,0.38807328565212,0.4969631714545069,0.33373030398596654,0.07354375238214518,0.2035351093627515,0.249515063848475,0.339083377232242,0.3987553241975027,0.4911628123345479,-0.004460499543430551,0.02090883880054612,-0.04009395539760591,-0.03315638482570649,-0.003254361078143142,-8.209576830267984e-05,0.09644126892089844,-0.0001695798337459642,0.03604974619478595,-0.03937181830406189,-0.038912811875343324,-0.007759621553123014,0.0536758178472519,0.07966126799583434
qore_as_idea6,nq_60,50,True,15,5,2.0,0.5,5,1;3;17;30;35,1;3;4;5;6;17;18;22;28;35;37,1,1,10,4,4.083064488620652,0.8166128977241301,10,7.980892725757036,4.133508543159203,-0.1430621802806854,0.050444054538551164,-49.94955594546145,-50.092618125742135,-50.092618125742135,True,0.050444054538551164,0.0,3003,0.3630352501971397,0.34208048709798694,0.06580839063279133,0.0864670901481911,0.18767570962843036,0.9314323152315512,1.0,0.8166128977241301,0.17244046327215623,0.5630064128684596,0.6014886332650696,0.925376759518865,0.9741877409493368,1.0,0.774001375739864,0.05368977616675289,0.6721219432363235,0.7117178973506056,0.7612566654890717,0.8562043833981864,0.8880517670525634,0.7980892725757035,0.05426566977677834,0.7260190973878825,0.7419053158136333,0.7848609533427751,0.8793780336569614,0.8880517670525634,0.4004399300427409,0.03561164123263795,0.2916509942645974,0.3595534270009739,0.4036653399635914,0.44280260693833845,0.49355085370630813,0.4133508543159203,0.023039771721007855,0.3733747666180593,0.37461248155827476,0.4237143659280369,0.43378757228748843,0.4383563677653165,-0.013439242172808875,0.027307760391530808,-0.07635816335678103,-0.050775406360626205,-0.009431946277618397,0.012196835577487943,0.06361934542655945,-0.01430621802806854,0.019605396811424477,-0.04985794425010681,-0.03756853729486463,-0.010826873779296864,0.008316663503646847,0.012283629179000832
qore_as_idea6,nq_61,50,True,15,5,2.0,0.5,5,4;7;17;36;47,3;4;7;10;24;34;36;47,1,1,8,4,4.823144249449946,0.9646288498899891,10,7.56257556051863,3.758823945973579,0.022463834285736173,-1.064320303476367,-51.064320303476364,-51.04185646919063,-51.04185646919063,True,-1.064320303476367,0.0,3003,0.5593220164383835,0.3545072140739862,0.011181847429252934,0.16138616349779006,0.43729660856426794,0.9886801612931131,1.0,0.9646288498899891,0.03522271040100186,0.9072362217516751,0.9211156273232602,0.9785190695873325,0.99818168897212,1.0,0.7840019399605376,0.10672176167345412,0.599373129050258,0.6364079235544853,0.7738143929272955,0.9265802852145447,0.9707162506225401,0.7562575560518631,0.10886137921613452,0.6450744965303035,0.6454575553407762,0.7241350997489913,0.9061669270105176,0.9567208131694749,0.40508694372556947,0.0640239627480874,0.2628462873066157,0.3207495432464195,0.4107779978239209,0.4810908366154494,0.5615857872643547,0.3758823945973579,0.05406389941454601,0.32052554978073095,0.3210295350785302,0.3610701883337013,0.45272905249928497,0.47635529441356433,-0.013085973745300657,0.0285449315785111,-0.08453434109687807,-0.049248952269554135,-0.0075719892978668435,0.013816047906875678,0.05646151304244995,0.0022463834285736174,0.001883808683166732,0.00017099976539614037,0.00031487882137298806,0.002008405327796947,0.0030876260995864975,0.007400655746459983
qore_as_idea6,nq_62,50,True,15,5,2.0,0.5,5,6;11;14;19;20,2;11;19;20,1,1,4,3,4.476601534765985,0.8953203069531972,10,8.016470547823154,4.096351860119921,-0.08811658620834356,-0.3802496746460635,-50.380249674646066,-50.4683662608544,-50.46836626085441,True,-0.3802496746460635,0.0,3003,0.5458061794779917,0.35330991595074146,0.024998272678825838,0.06317659404118108,0.5195237198227572,0.9764125102876366,1.0,0.8953203069531972,0.10951785698322646,0.7266290453472534,0.7591175016598027,0.9443043584321323,0.9991271779431892,1.0,0.8438524276840391,0.06083883999658039,0.7091776699071598,0.7665908188555381,0.8490689052601512,0.9212088893455812,0.95087316079755,0.8016470547823156,0.05560248137040467,0.7091776699071598,0.7443850448958191,0.7916229238368484,0.8693943468167202,0.8888128751680502,0.4363780881095068,0.0492043691313046,0.3046547097960529,0.3789093491707478,0.4382261983089457,0.49706136341894197,0.5536267140836983,0.4096351860119921,0.03287934888430835,0.3423124060156679,0.375619495788407,0.40372190820381026,0.44756268009994826,0.45729500622378033,-0.014451874267487301,0.035569012069464,-0.08779762983322142,-0.06516251564025881,-0.008457195758819591,0.028311024308204712,0.0819348692893982,-0.008811658620834356,0.012747057354284656,-0.03148946166038513,-0.02968497335910799,-0.0071980953216552734,0.004834221601486202,0.012276428937911976
qore_as_idea6,nq_63,50,True,15,5,2.0,0.5,5,0;4;12;15;45,0;18;49,1,1,2,1,3.386178864160076,0.6772357728320152,10,8.41232076698547,4.354247992306975,-0.1480876088142395,0.9680691281468992,-49.0319308718531,-49.18001848066734,-49.18001848066734,True,0.9680691281468992,0.0,3003,0.25368501580406944,0.3777941260465684,0.0076128599539524765,0.00861700339644005,0.022626165372483784,0.9652296775182783,1.0,0.6772357728320152,0.3866913503411003,0.02064980217735215,0.19205121004218717,0.922978832838462,0.9973587629219289,1.0,0.8244890228105759,0.06294815643142061,0.6600717970565935,0.740458318446794,0.8283640177686649,0.9078740005205611,0.9422032580631636,0.841232076698547,0.033003548958003004,0.7894943335759684,0.8047401323582003,0.8412050986753674,0.8769219412559844,0.9097591609884985,0.4219018847688836,0.051229092745245446,0.3040533648803382,0.3553391868271747,0.4235496574983651,0.490378655544971,0.5556105010637473,0.43542479923069743,0.03998735977274143,0.3440505434626363,0.4077421201599275,0.43539709839327695,0.47147507933339544,0.5029891536200884,-0.009657373363595631,0.03736524002575265,-0.09612762331962588,-0.06727743148803711,-0.0005592525005340687,0.037680783867836035,0.07328759431838988,-0.014808760881423948,0.02872225903967623,-0.04958028495311739,-0.04825664430856701,-0.011677268147468584,0.007074382901191705,0.05069662332534791
qore_as_idea6,nq_64,50,True,15,5,2.0,0.5,5,0;12;25;36;47,0;1;3;4;7;9;10;12;29;32;36,1,1,11,3,4.82950624630286,0.9659012492605721,10,8.371888670370181,4.189396981917421,-0.003452646732330311,-0.6401092643854396,-50.64010926438544,-50.643561911117764,-50.64356191111777,True,-0.6401092643854396,0.0,3003,0.6750381581548139,0.3229697235151125,0.02597320994464736,0.23695415628287708,0.8479928818190589,0.9907023462807926,1.0,0.9659012492605721,0.03394437326998962,0.9170803882050143,0.9238546770268099,0.9817175121110647,0.9986768942909111,1.0,0.843917273969167,0.04729052685596076,0.7180343528058756,0.7870964364060743,0.8470879491759854,0.900445935034592,0.9365598334087873,0.8371888670370181,0.05272533782212858,0.7400844120733862,0.7852313569972023,0.8527218093982487,0.8871800637424565,0.9128865616539765,0.4247188515773128,0.03226301922585438,0.33674198784873616,0.38668731082435737,0.42924500254525033,0.4645545026096052,0.5098487242743005,0.41893969819174204,0.02800190120149282,0.3696874630328479,0.38706845779166144,0.4276736016328707,0.45051343978348257,0.4563616761078263,-0.002760214592729296,0.021725709965190295,-0.06421159505844115,-0.03892868936061859,8.16047191619651e-05,0.017608648538589483,0.058129405975341775,-0.00034526467323303114,0.0032085384571273966,-0.007701742649078358,-0.003110042214393605,0.00011558234691619318,0.0009692358970641891,0.0061241626739502175
qore_as_idea6,nq_65,50,True,15,5,2.0,0.5,5,0;3;6;9;37,0;3;4;5;6;7;9;37,1,1,8,5,4.809435886596704,0.9618871773193408,10,9.032599662622463,4.528939657847411,-0.012639826536178567,-0.2804962287492936,-50.28049622874929,-50.29313605528547,-50.29313605528547,True,-0.2804962287492936,0.0,3003,0.4910185692486752,0.41737840413291766,0.03169958165499073,0.03656765300107745,0.6605418276417427,0.9740260123240815,1.0,0.9618871773193408,0.028495356957551808,0.9183781891501285,0.9303429104419753,0.9581730535800844,0.9938378605946985,1.0,0.8867563658459126,0.03453191962352143,0.8290595965422194,0.844728319952915,0.8803100068655021,0.9388345893968091,0.9621318896970212,0.9032599662622465,0.03106407752781642,0.8489819271730679,0.8638565863417491,0.9064467494467239,0.9442445100323379,0.9599934102825345,0.44644203633440377,0.022862480745775005,0.38845775239330405,0.42138726813289035,0.4473037959983103,0.47674479881179455,0.49803955106930003,0.45289396578474106,0.014989644054938453,0.42520220197078074,0.4350650638961248,0.45411119748067963,0.470374783325991,0.4813549579050154,-0.0030638534114474348,0.01399738495715844,-0.061492323875427246,-0.019931389093399032,-0.002867138385772683,0.013065017461776757,0.029255902767181374,-0.0012639826536178568,0.003823308741389838,-0.011163294315338135,-0.0041819763183593645,-0.0010035246610641535,0.002623736262321491,0.002824413776397694
qore_as_idea6,nq_66,50,True,15,5,2.0,0.5,5,9;13;16;20;26,0;3;9;11;13;16;24;26;31;34;38,1,1,7,4,4.594721764992725,0.9189443529985448,10,7.807348065027465,4.00909743828022,-0.10542340576648712,-0.5856243267125052,-50.585624326712505,-50.69104773247899,-50.69104773247899,True,-0.5856243267125052,0.0,3003,0.4786638020578787,0.40648388535320057,0.015248912208777672,0.031864343427443084,0.293382890871856,0.99342168364769,1.0,0.9189443529985448,0.09469021702619149,0.7778602602358975,0.7995943045269907,0.9868899831411394,0.9991104602608228,1.0,0.831379165148673,0.08033925558809381,0.6531270598420962,0.7107937633874678,0.8360222307347205,0.9325259386211805,0.96290219040953,0.7807348065027465,0.04251233520875122,0.6960115143792851,0.7310546333411015,0.785744452713673,0.820401296067739,0.8408623100021911,0.4203782122774893,0.05008070228409054,0.27477455398232226,0.35768883145651226,0.42099437405093115,0.47948174470997096,0.5480565271415335,0.40090974382802197,0.014126896520503305,0.3736007600669837,0.3826556944026406,0.4039366013766037,0.41790523780041283,0.4199448585857666,-0.004688629703152746,0.03313463695023359,-0.08093441128730777,-0.05310446500778199,-0.0005445480346679688,0.035296750068664604,0.09129801392555237,-0.010542340576648712,0.0175054719430795,-0.047704586386680625,-0.04236080795526507,-0.0004513531923293901,0.0005016511678695767,0.0005684971809387096
qore_as_idea6,nq_67,50,True,15,5,2.0,0.5,5,1;6;7;9;31,,0,0,0,0,1.722841432987692,0.3445682865975384,10,7.000849449073352,3.3875031254242254,0.11292159911245109,1.6646616924365334,-48.33533830756347,-48.22241670845101,-48.222416708451014,True,1.6646616924365334,0.0,3003,0.12283722306211063,0.2574230219954393,0.0008435461869508295,0.00177362497386915,0.011612525261100293,0.3288723676853604,1.0,0.3445682865975384,0.3531345629981438,0.003470657231903175,0.03930713822529867,0.23456490969438865,0.7566976025384033,1.0,0.720652836230283,0.09526656519442252,0.5416212232810725,0.6168641128666634,0.6982580968995594,0.8607046426519508,0.9821879902845941,0.7000849449073352,0.10569184414003611,0.5829328169584659,0.590441270042626,0.6657452676163498,0.8443161535162401,0.9057067898428386,0.35192399183932177,0.05948315223512339,0.22209666715576415,0.271497183622676,0.3480667450765903,0.43379872236041134,0.49426246331961565,0.3387503125424225,0.06302236149860811,0.26173344503643053,0.27902750365172824,0.3181802325809394,0.42706486734989646,0.459721419091818,0.008402426275819642,0.020675731500283547,-0.008884544670581807,-0.0036294215172529066,0.00010798361618069574,0.037712482213974004,0.09196494817733764,0.011292159911245108,0.015313575604049069,-0.006868024170398723,-0.005761771872639637,0.00874933646991849,0.03027023881673811,0.035105717182159435
qore_as_idea6,nq_68,50,True,15,5,2.0,0.5,5,0;2;16;33;45,4;11,0,0,0,0,1.4820117981536243,0.29640235963072487,10,8.525172561153651,4.2670869617387055,-0.004500681161880404,2.7850751635850814,-47.214924836414916,-47.2194255175768,-47.2194255175768,True,2.7850751635850814,0.0,3003,0.11106838076487202,0.2473668177074037,0.004085790780574578,0.005189102472718863,0.021976417758114944,0.20843025818446198,1.0,0.29640235963072487,0.36266869542923086,0.008459640110776604,0.04187847793135367,0.10248497921957518,0.7116241776644214,1.0,0.8544596726620374,0.042258283754034086,0.7405657847932803,0.8027119402069898,0.8501613614929202,0.9072406118781472,0.9716964205091411,0.8525172561153651,0.03880596719241694,0.8050091609335581,0.8093515594062717,0.846563825808911,0.9041107452295682,0.9358053741959718,0.4296635082796517,0.03479541496725119,0.3334641975080726,0.3934283866331929,0.42736331782809533,0.475710442948847,0.5275870287146712,0.4267086961738705,0.04740845254329207,0.3426887325930913,0.3491160879163698,0.4451708326165264,0.47407762533703557,0.4791473730730288,-0.0024336719486330225,0.02298798620248008,-0.05116274952888489,-0.03556870818138119,-0.0011228369548916817,0.013141787350177792,0.08114519715309143,-0.00045006811618804045,0.03859184046057224,-0.0510153889656067,-0.05090081572532656,7.300600409509972e-05,0.05555969178676607,0.059815847873687766
qore_as_idea6,nq_69,50,True,15,5,2.0,0.5,5,3;8;9;23;34,,0,0,0,0,2.9309044403171507,0.5861808880634303,10,6.787632268143693,3.3461703834067404,0.0476457506651059,0.41526594308958975,-49.58473405691041,-49.53708830624531,-49.5370883062453,True,0.41526594308958975,0.0,3003,0.209751533223185,0.32717413276627905,0.007914686794378538,0.009232325411485574,0.02608366840111751,0.7759667066568146,1.0,0.5861808880634303,0.3289680973394484,0.18812962295642427,0.21521103883936815,0.5809914308067547,0.9623800895560752,1.0,0.6845476034281823,0.08851542631096772,0.5330621242241766,0.6041144646829295,0.6668117782067542,0.8080387195538904,0.931255446751043,0.6787632268143693,0.06146337047087696,0.5677572957056466,0.6264487093711874,0.6675742180844184,0.7507828709219658,0.8054517472724566,0.3405574396884456,0.0455377639897905,0.2522827498728396,0.29895070657021844,0.3318370334850066,0.40420779120243094,0.46562832687473266,0.334617038340674,0.032521923493177944,0.2833914011159392,0.30649820650785325,0.3279325276710329,0.37588971382086545,0.4030619895366554,0.0017163620256455724,0.009255292549691452,-0.0007644922938198073,-0.000667463233694443,-2.1111298701748105e-05,0.0018484917655587412,0.08897477984428409,0.0047645750665105905,0.007058411837662135,-0.0006868804339319468,-0.0005333548132330279,0.00036049075424671173,0.015353066474199295,0.016224227845668793
qore_as_idea6,nq_70,50,True,15,5,2.0,0.5,5,2;29;40;43;45,7;24,1,0,1,0,1.852213541130087,0.37044270822601744,10,7.214991402779484,3.3550300497397605,0.2524656516499818,1.5028165086096734,-48.497183491390324,-48.244717839740346,-48.244717839740346,True,1.5028165086096734,0.0,3003,0.15631408623070273,0.24641854643598735,0.014453827727273855,0.016011208658681907,0.06414581532100096,0.32727521118586755,1.0,0.37044270822601744,0.333514674944474,0.03034493608921114,0.08633657966969377,0.3182576240720369,0.7333147743713686,1.0,0.7693154302058377,0.0861716105924454,0.6088122521373979,0.6630451239875471,0.7600555316121794,0.894015822772316,0.9230323585886782,0.7214991402779485,0.06536194705636442,0.6124014363238487,0.6425288900451649,0.7238374177336229,0.7702745906415324,0.8612181281543223,0.3702556323190891,0.0636968647314744,0.20609117321835713,0.26625194561365234,0.3767386764290003,0.4464534236893138,0.46105484436348315,0.33550300497397606,0.058205335196370445,0.25663534629092977,0.2639900584378237,0.3567252303513686,0.3852611658758134,0.43334500314029295,0.01440208278382973,0.02830666379432524,-0.002788832038640998,-0.0008514611423015572,0.001008139457553625,0.06446825504302979,0.09866814017295839,0.02524656516499818,0.03219184296963429,-0.002735939063131798,-0.0010828299447893984,0.0012786726467311493,0.06575360596179963,0.08250359892845155
qore_as_idea6,nq_71,50,True,15,5,2.0,0.5,5,2;23;29;31;39,0;3;5;12;14;18;22;23;29,1,1,3,2,2.980859568168547,0.5961719136337094,10,8.704958373298915,4.76766248642935,-0.41518329977989193,1.7868029182608027,-48.213197081739196,-48.628380381519094,-48.62838038151909,True,1.7868029182608027,0.0,3003,0.2551146833633208,0.2899830705922579,0.06291111309801382,0.07069584515295878,0.09579688290310395,0.7022227361883007,1.0,0.5961719136337094,0.2777715890852565,0.23611922848094125,0.3009855885435559,0.5282519522088798,0.9272813035364993,1.0,0.8934424353513876,0.05973805336600915,0.7578737244721891,0.798304287032579,0.9122821096180855,0.9593858761603562,0.9725259696156057,0.8704958373298914,0.054556933114687615,0.8058049952223254,0.8063145433528932,0.8831756420312048,0.9239369956309198,0.9597263805368883,0.46965655501482256,0.03886919493884646,0.38933700385376274,0.4118703872150107,0.4703626374427461,0.5200764523633138,0.5350066631162975,0.476766248642935,0.0352227030075248,0.43106973217895345,0.4348787615736172,0.4713983779980137,0.5213721978115227,0.5350066631162975,-0.022935337339128767,0.02282847158159951,-0.07661920189857485,-0.05656410932540894,-0.01618281602859495,-0.002581083625555034,0.04854325354099276,-0.041518329977989196,0.019903553583025462,-0.07502646446228028,-0.06482567489147183,-0.040279814600944513,-0.022856271862983692,-0.0017456829547882191
qore_as_idea6,nq_72,50,True,15,5,2.0,0.5,5,0;1;17;42;43,0;1;2;3;4;11;14;43,1,1,8,3,2.340248194381442,0.46804963887628837,10,7.615788561878563,3.833567182823818,-0.025672901884536248,1.4933189884423759,-48.506681011557625,-48.53235391344215,-48.53235391344216,True,1.4933189884423759,0.0,3003,0.16464073490661837,0.3196980740869202,9.217856822192136e-05,9.498426440900413e-05,0.002144740580673852,0.6963970504296462,1.0,0.46804963887628837,0.40921586797682563,9.217856822192136e-05,0.00011353217624107063,0.53804610752662,0.9207857382793322,1.0,0.7442388257562879,0.07985486305446554,0.5589411379130895,0.6600123398396006,0.7367257881617606,0.8597996288431209,0.9603900642861072,0.7615788561878561,0.07890372567079533,0.6626965724610514,0.6750045093871381,0.7417250705708618,0.874443834685534,0.8888547734845879,0.3793287509616843,0.06709677364742474,0.18329555874346193,0.3066054645776291,0.37086974161157266,0.4694542661830004,0.5104661434730444,0.3833567182823817,0.05472420726908696,0.3012196270027403,0.3344815148921509,0.3748865973303615,0.4463049885744635,0.5071140634235175,-0.007209338083540342,0.04090180471206482,-0.09100146889686583,-0.06952530264854431,-0.00016371069941667482,0.040581766963005104,0.09981783032417296,-0.002567290188453625,0.03204760183733221,-0.07069275379180906,-0.042469778060913094,0.002443855396995792,0.03262791633605955,0.04092439115047458
qore_as_idea6,nq_73,50,True,15,5,2.0,0.5,5,0;1;4;12;26,0;1;4,1,1,3,3,3.2067550820644994,0.6413510164128999,10,7.199909405631479,3.455893918237416,0.1440607845783234,0.24913883617291654,-49.75086116382708,-49.60680037924876,-49.60680037924876,True,0.24913883617291654,0.0,3003,0.24305043615356456,0.3406328104596875,0.00456475841378493,0.0056511348018422865,0.03493845461507784,0.7801529783928233,1.0,0.6413510164128999,0.3211807986251745,0.05067193098541618,0.2749008135227083,0.7337521492871945,0.924434745785297,1.0,0.6950555412447774,0.05747998318275233,0.5796001897910623,0.640520974959473,0.6856068237864458,0.7487674027438153,0.9835149911374702,0.7199909405631479,0.08431098237740614,0.613839373852512,0.6493046908510177,0.7025166061107814,0.8557951488587232,0.8917617871142135,0.3295777494115969,0.04719426383507801,0.21807296268440507,0.2659163164575639,0.33281616392206415,0.37560111642568367,0.5448799802527255,0.34558939182374165,0.051345185848790956,0.2842939366229876,0.298892942499224,0.3348630835148864,0.42795598161682347,0.44591591724637675,0.01795002121079181,0.03170675376836601,-0.053122484683990445,-0.005538048297166842,0.009964968264102925,0.07290726542472845,0.0964578866958618,0.014406078457832339,0.01299069922007365,-6.1005353927612305e-05,-3.762185573575882e-05,0.018797114491462708,0.027737511396408066,0.03851190209388733
qore_as_idea6,nq_74,50,True,15,5,2.0,0.5,5,4;9;11;40;47,9;40;41,1,1,2,2,4.653888198221401,0.9307776396442803,10,8.103143524869306,4.0373925565401825,0.014179205894470248,-0.6164956416812188,-50.61649564168122,-50.60231643578675,-50.60231643578675,True,-0.6164956416812188,0.0,3003,0.46108938105963476,0.41522887139784936,0.02788645354438728,0.033993430033089016,0.2777035937021963,0.9797436468667902,1.0,0.9307776396442803,0.0668502253339549,0.8454324370985218,0.8507597868237197,0.9503966148001375,0.9997233339644901,1.0,0.7805476346822244,0.07887278600912076,0.6454990734990449,0.6964594385515571,0.7619494970354507,0.9196206795718935,0.9976602803740957,0.8103143524869306,0.06716699309486737,0.7291048907783162,0.7426227975000114,0.8080689616488317,0.8877526910026092,0.9540841899477889,0.3955336796774867,0.041750694180184275,0.31552655648867345,0.35243031125311636,0.38418818980406094,0.45827576260321684,0.5043779684172331,0.40373925565401825,0.03457825177929132,0.35780065312178694,0.35926514338829685,0.4039691124104907,0.4395310935834656,0.47705203702864296,-0.0052598623363744644,0.01961964565307678,-0.07333873510360717,-0.029672455787658692,-0.00041808560490608215,0.013766978979110731,0.03908139169216157,0.0014179205894470249,0.005613111870864736,-0.008912867307662942,-0.0023468571901321287,0.0001865476369857788,0.006038296818733221,0.014261740446090687
qore_as_idea6,nq_75,50,True,15,5,2.0,0.5,5,0;1;2;10;24,0;1;2;24,1,1,4,4,4.13181676559427,0.8263633531188541,10,7.895018737987642,3.983436909057678,-0.035927540063858066,-0.14837985653659214,-50.14837985653659,-50.184307396600445,-50.18430739660045,True,-0.14837985653659214,0.0,3003,0.2952482910643329,0.41696999633897397,0.006526262838898013,0.010609858654771683,0.028829837959037742,0.9997134828649941,1.0,0.8263633531188541,0.31044596277253367,0.20822888510196683,0.4946589050225043,0.9992844224420099,0.9999998092587934,1.0,0.7538870370376015,0.07645486059788857,0.622897768477879,0.6623498760393935,0.7568314016383781,0.8342295576269709,0.9952675829556491,0.7895018737987641,0.09356467242507026,0.6706016930016894,0.6800464586050822,0.8054831966672336,0.8716912320136571,0.9952675829556491,0.3829686652020353,0.042954876178426894,0.3145131340730353,0.3322400199048398,0.3823483953752518,0.44347392195721164,0.5057852735085566,0.3983436909057679,0.052355996353995335,0.32822638313338254,0.33936864394106037,0.4027541749136644,0.4743951155185473,0.49763398221268784,-0.006025146683234544,0.016022532706238407,-0.08591076135635378,-0.01655100882053374,-0.0009319584816694371,0.0008037475869059811,0.010081586241722118,-0.0035927540063858065,0.013249992274847404,-0.04283275604248049,-0.004336136579513573,-1.3470649719238281e-05,0.0007249879837036096,0.007074463367462147
qore_as_idea6,nq_76,50,True,15,5,2.0,0.5,5,0;1;3;7;25,0;1;3;10,1,1,4,3,3.7780357934389768,0.7556071586877954,10,8.226150292695822,4.114357182652385,-0.0012820363044739325,0.33632138921340804,-49.66367861078659,-49.664960647091064,-49.664960647091064,True,0.33632138921340804,0.0,3003,0.2787915679172483,0.41327625727267353,7.16842108585149e-05,0.00011870955435390316,0.004923800144849366,0.9661552129297224,1.0,0.7556071586877954,0.3812178335327373,0.0001251463756641662,0.34398322122648867,0.9236448760331497,0.997798175010975,1.0,0.7369783551136985,0.07935055736859108,0.560506957535375,0.6579008767997147,0.7222891284183051,0.8727764110957537,0.9828476913985371,0.8226150292695822,0.1094880295336659,0.6596116211953643,0.6849904205469561,0.8753076682860708,0.9350431079002058,0.971748252683081,0.36830744194521625,0.0481425955487284,0.2669611010504078,0.3130756563858373,0.35891352563635154,0.4430101419007143,0.4953801958354351,0.4114357182652385,0.054898629376201324,0.32682230606391444,0.3479390830828881,0.4374148224977183,0.46760901720979986,0.486720112946231,0.00018173561163296577,0.02554416126691993,-0.06955703496932986,-0.028797634840011598,-0.0004193700384348409,0.015223373770713831,0.09209748506546023,-0.00012820363044739326,0.0029206131944617634,-0.0063802480697631725,-0.002260514497756977,-0.00031442344188692406,0.003218532800674455,0.005333787202835061
qore_as_idea6,nq_77,50,True,15,5,2.0,0.5,5,21;32;36;44;47,,0,0,0,0,1.0115386788913223,0.20230773577826447,10,6.444055659653997,3.252088497269739,-0.03006066744273994,2.2405498183784163,-47.75945018162158,-47.78951084906433,-47.78951084906432,True,2.2405498183784163,0.0,3003,0.0679879307536166,0.24909894429742696,0.0004458226625796475,0.00046557294499074547,0.0007903207351970449,0.006105840721554064,1.0,0.20230773577826447,0.3988579692710792,0.00044966728291321727,0.0005318671548216045,0.0016508297535247432,0.6035132059568802,1.0,0.7031597433977556,0.06484194149360267,0.5717955066355039,0.6252438856099898,0.702289825174537,0.7795443688911834,0.9617283123206698,0.6444055659653998,0.06812639042498533,0.5717955066355039,0.5748276881409946,0.6387510019705767,0.6873660909620493,0.8223027828465428,0.35658286348722207,0.03685710512890689,0.2567185301882,0.3154806303263632,0.3533863757749452,0.4013732139248346,0.4808848058548233,0.3252088497269739,0.04387392595671882,0.2567185301882,0.2755258930272444,0.3217243114727254,0.3555711834914466,0.4324540259008868,-0.005002991788344281,0.020210032961805693,-0.08658053874969485,-0.009272905588150027,-3.4962198697030544e-05,4.8079716507343296e-05,0.07685842514038088,-0.003006066744273994,0.03229556547945591,-0.05099948644638064,-0.03963307857513429,-0.00012008550111203276,0.015139780491590458,0.07685842514038088
qore_as_idea6,nq_78,50,True,15,5,2.0,0.5,5,0;13;23;28;38,0;16;19;25;28,1,1,5,2,4.0424335851818185,0.8084867170363637,10,8.174135103336928,4.0708482993205175,0.01621925234794619,0.028414714138699004,-49.9715852858613,-49.95536603351336,-49.95536603351336,True,0.028414714138699004,0.0,3003,0.3939536831841171,0.3183217571186517,0.07567986344147014,0.0869572283041766,0.25120853015749417,0.907807400288652,1.0,0.8084867170363637,0.17489413788971994,0.5240953428895345,0.6106477593565777,0.794548573262164,0.993325313989191,1.0,0.8128695239824947,0.060971067013371225,0.712778694575816,0.7443822495082242,0.7986264156001938,0.8985896873065106,0.9915280976422803,0.8174135103336928,0.03707821371142914,0.7453321036601522,0.7746448104221051,0.8204976979287877,0.8604096191663348,0.8632239165768341,0.3997826462410764,0.04212793193355588,0.30917349750519013,0.3521085215839642,0.3986234013861632,0.4595260803946276,0.5069186335622928,0.40708482993205175,0.020351068251554822,0.3771052150380839,0.3804347732123575,0.4077129097848459,0.4309855416188043,0.43164956285880585,0.00665211575017089,0.028155370694284997,-0.06547014117240907,-0.023451716601848603,-9.8943710324928e-07,0.05059851884841919,0.08112326264381409,0.0016219252347946188,0.009708296013143653,-0.015356457233428933,-0.0055308926105499135,-0.0004504531621933039,0.011009548902511573,0.0233755946159363
qore_as_idea6,nq_79,50,True,15,5,2.0,0.5,5,0;1;7;9;45,0;1;2;37,1,1,3,2,3.1741046581432344,0.6348209316286468,10,8.14667592283429,4.0909394514378965,-0.017601490020751953,0.9168347932946621,-49.08316520670534,-49.10076669672609,-49.10076669672609,True,0.9168347932946621,0.0,3003,0.32106894564243726,0.30980382161081166,0.004240662928717743,0.015733119702036683,0.2613122566915081,0.8007193250629694,1.0,0.6348209316286468,0.3161083389539851,0.18811674775850878,0.30507298123015975,0.5128451115264205,0.9970541869682676,1.0,0.7919932949480412,0.07836522273249409,0.5907939037175113,0.6935017475736357,0.7984566304394476,0.9010016760146387,0.9445360015674811,0.8146675922834291,0.0799097333971475,0.7456405172139026,0.7491872917942947,0.7647883550103778,0.9422829816278312,0.9445360015674811,0.3932127077180997,0.07140774515484198,0.2179672478331014,0.29436178536329133,0.3975082990896783,0.4771424620140807,0.5331507395819078,0.4090939451437897,0.05379945553453346,0.3255492355201964,0.34545787610424905,0.41022104196665266,0.4771685551373409,0.4797091042421451,0.002783939755920855,0.043433805971143304,-0.09287454485893248,-0.047064920663833595,-0.004455423355102517,0.06471993803977967,0.09451439380645754,-0.0017601490020751954,0.03606231718026553,-0.06517635583877562,-0.059356874227523795,0.003056102991104148,0.049535352587699887,0.05218044519424436
qore_as_idea6,nq_80,50,True,15,5,2.0,0.5,5,3;4;8;13;31,0;2;3;4;7;8;13;14,1,1,8,4,4.815651579859343,0.9631303159718685,10,8.094359123819027,4.048332792576628,-0.0011532306671142578,-0.767318787282715,-50.76731878728272,-50.76847201794983,-50.76847201794983,True,-0.767318787282715,0.0,3003,0.605366098075679,0.4612928052543007,0.0018861885145819673,0.002634943101520106,0.9851962266539164,0.9996807194074975,1.0,0.9631303159718685,0.06962091784208266,0.8239310351462142,0.8922807579650783,0.9979150555289834,0.9995485103950692,0.9997422579938053,0.8039183760078268,0.073880133101064,0.5757846434577208,0.7088759217133251,0.8171810900701715,0.8963301134728731,0.9734202165681397,0.8094359123819027,0.0643987513852555,0.7028151678774731,0.711504649478598,0.8340802309473812,0.8701002269964723,0.9051889582242167,0.4086149002859324,0.055870212679214416,0.1998595694533935,0.3429003439740334,0.41512772397547587,0.463017409737182,0.5080506553097293,0.40483327925766277,0.032323777705270305,0.35159743069281063,0.3556096258552887,0.41723317789835035,0.43529033690598146,0.45289273479409997,-0.006655712282019001,0.03584669154679729,-0.09736719131469729,-0.06176630020141601,-0.0005909085273742565,0.0017388302087783698,0.09268686175346375,-0.00011532306671142578,0.00019543732280375112,-0.00031135082244870826,-0.00029956519603731025,-0.00018399357795714777,0.0001932919025421142,0.0003160834312438965
qore_as_idea6,nq_81,50,True,15,5,2.0,0.5,5,0;8;14;32;47,0;1;2;3;4;5;7;8;9;10;11;12;13;15;18;23;25;26;27;28;29;31;33;35;36;37;39;41;43;45;47,1,1,12,3,4.906566237172943,0.9813132474345888,10,8.287765905458077,4.155218337574772,-0.011335384845733654,-0.751347899598171,-50.75134789959817,-50.76268328444391,-50.76268328444391,True,-0.751347899598171,0.0,3003,0.9556360351259511,0.043820349129728896,0.8378110580897445,0.9147917900107647,0.9653097996784124,0.9962009105768258,1.0,0.9813132474345888,0.025932511090012676,0.9303171827315633,0.9529961576151507,0.9909988304303596,0.9992942416281956,1.0,0.8572666963609441,0.042879942052637746,0.7488755089810861,0.8122464366343091,0.850743662243188,0.9146220074462911,0.9576486150335077,0.8287765905458077,0.03672171947194465,0.7488755089810861,0.8031057641060555,0.8301249077154047,0.8593495627418578,0.9020416857710951,0.43425985881761914,0.022326257828243806,0.38170654092090195,0.40855869329897676,0.4303325677974183,0.4650469042103433,0.4965589283456252,0.4155218337574772,0.01696275758564243,0.38170654092090195,0.40242461607612195,0.4149108375227872,0.4297149745710403,0.4511968255992469,-0.005626510637147085,0.011024742049437916,-0.05905557870864869,-0.021919636726379397,-0.000833880901336681,0.0005653119087219219,0.004032206535339367,-0.0011335384845733653,0.002177963876204346,-0.007268786430358887,-0.002508761286735544,-0.00020857751369476873,8.616566658021778e-05,0.0005444049835204856
qore_as_idea6,nq_82,50,True,15,5,2.0,0.5,5,3;12;18;26;27,3;5;35,1,1,2,1,2.4156930885450376,0.4831386177090075,10,7.99437571963182,4.027473097545459,-0.030285237729549386,1.6117800090004217,-48.38821999099958,-48.41850522872913,-48.41850522872913,True,1.6117800090004217,0.0,3003,0.22197186688458775,0.24780546734839207,0.04542897127785119,0.05181697865119579,0.144107765186718,0.4788738009026159,1.0,0.4831386177090075,0.28027055413617963,0.23197236594565268,0.24005110219587403,0.40028554357145696,0.8125063889826888,1.0,0.7964309358553798,0.0565330081241583,0.6497148408830132,0.709129756767814,0.8086739878230855,0.8600678425568058,0.8987229663099201,0.799437571963182,0.029376531318370817,0.752470772760741,0.7707515960689443,0.7975659923768161,0.8411115389432673,0.8532685246854209,0.4072868564703421,0.03082276937298873,0.3248799077838643,0.3615963370015499,0.4118607194789593,0.4447512354796423,0.4782472142851437,0.4027473097545459,0.01632132862511872,0.3780565118181338,0.38272279275348303,0.40397866089410417,0.42416204255953527,0.42965944126177974,-0.009071388542652131,0.01182223242936454,-0.037735304236412026,-0.027098390460014332,-0.00871293619275093,0.005154726207256302,0.012941867113113403,-0.0030285237729549387,0.014150479298620358,-0.026342052221298207,-0.021869625598192194,-0.0007113978266715948,0.012225760221481313,0.012941867113113403
qore_as_idea6,nq_83,50,True,15,5,2.0,0.5,5,6;7;25;40;46,,0,0,0,0,2.4299962817983873,0.48599925635967745,10,7.702313805551747,4.0128546615101,-0.16169775873422632,1.5828583797117126,-48.41714162028829,-48.57883937902252,-48.57883937902251,True,1.5828583797117126,0.0,3003,0.2093567843581715,0.30115717760505367,0.01147543194462421,0.01372970208680191,0.08697339557571879,0.6537380090718189,1.0,0.48599925635967745,0.38941181800738073,0.09381730888141512,0.11989202839118895,0.2628345504242715,0.9657361259347403,1.0,0.7986306786778249,0.061376185779037674,0.7024610736520251,0.7330102696221371,0.7855581899670803,0.8971004383398523,0.9804067090823206,0.7702313805551747,0.04847927288270167,0.7161534578648674,0.7257999306034456,0.7622020496690889,0.813978195050462,0.8895302765046208,0.41202722509355233,0.04148236966797416,0.28866878352112024,0.36784063613714835,0.4124702366915891,0.45901338761172633,0.5345328903675085,0.40128546615101,0.04150983014579934,0.3129028459741059,0.3564791826413769,0.3999929095012238,0.45078477077638307,0.45406935773663964,-0.012711885754639907,0.026390088722111057,-0.0704514503479004,-0.06134334683418273,-0.006214286386966694,0.011972520649433173,0.07164623737335207,-0.01616977587342263,0.028447859479626192,-0.053167861700057995,-0.048182037472724926,-0.018367101997137064,0.0024988490343093766,0.05418691039085388
qore_as_idea6,nq_84,50,True,15,5,2.0,0.5,5,28;30;35;36;42,25,1,0,1,0,1.001997143021794,0.2003994286043588,10,7.135132356946623,3.666461745564988,-0.09889556709167663,2.6644646025431937,-47.33553539745681,-47.43443096454848,-47.43443096454848,True,2.6644646025431937,0.0,3003,0.06901067468827236,0.24883166251332517,0.0001717044602358762,0.00023939384855203052,0.0012548051709961713,0.00777649151789833,1.0,0.2003994286043588,0.3998004790794696,0.0001717044602358762,0.00020052175688318972,0.00032688568870769185,0.6005019220683986,1.0,0.7894621795582725,0.08070312189893128,0.653025674704045,0.7015565217091704,0.7605507169506329,0.9210535135547608,0.9549124593024526,0.7135132356946622,0.04258531730955798,0.653025674704045,0.6817440865552259,0.6953121613168507,0.7651056165960171,0.8040923347323066,0.39789009469460723,0.04236585143861024,0.326527144870745,0.35409284863525264,0.38344577574009425,0.47114114581821953,0.49528845607885336,0.3666461745564988,0.027608987880380718,0.326527144870745,0.3408703035300817,0.3650923176369467,0.39943232168040654,0.426131584756023,-0.0031590049154710006,0.00826613875310935,-0.025324752926826455,-0.02335540294647216,-2.9155399533908888e-05,0.00012298547895625052,0.003753204271197297,-0.009889556709167663,0.012109789381153127,-0.025324752926826455,-0.02524294555187223,-2.7187766681896486e-05,5.820941296424956e-06,2.6504418929096385e-05
qore_as_idea6,nq_85,50,True,15,5,2.0,0.5,5,4;7;18;35;37,1;3;8;37;39,1,1,4,1,4.757869935122138,0.9515739870244276,10,8.338389629969738,4.190068087403844,-0.020873272418975908,-0.567801847718294,-50.56780184771829,-50.58867512013727,-50.58867512013727,True,-0.567801847718294,0.0,3003,0.608798044890444,0.2741006917221734,0.24529432948201832,0.294930384024283,0.5424175285606994,0.9801817113211501,1.0,0.9515739870244276,0.0544375712956486,0.8472748570456359,0.8897832443672757,0.9702392015745502,0.9947240204608867,1.0,0.8353978242713452,0.04339205435951928,0.7464401163217447,0.783131816375846,0.829265150852083,0.8945067868123951,0.9695955161727549,0.8338389629969738,0.03676219216295404,0.776077022880982,0.7877281557228666,0.8382134385505781,0.8708011101849854,0.8968046070724546,0.4248200225806498,0.03510790728168111,0.32263614455223866,0.3828226836200232,0.42786006243143526,0.46930677027469614,0.5115314964352987,0.41900680874038454,0.017732994922111417,0.38945706026289395,0.39729292088282614,0.42026352920132204,0.43646278725977145,0.45114189394264514,-0.007121110444977173,0.02493770357932793,-0.0767901360988617,-0.03688330352306365,-0.005377638339996327,0.028476484417915407,0.058252370357513406,-0.002087327241897591,0.002435843168648903,-0.004990708827972423,-0.00491414248943331,-0.0022003978490829634,-0.00017195224761964035,0.003576338291168213
qore_as_idea6,nq_86,50,True,15,5,2.0,0.5,5,0;11;17;39;45,0;12;14;16;31;35;39,1,1,6,2,1.2126098760756636,0.24252197521513272,10,6.870064431662727,3.454563865182484,-0.01953164935112006,2.2419539891068205,-47.75804601089318,-47.777577660244305,-47.7775776602443,True,2.2419539891068205,0.0,3003,0.09212889957298769,0.2437943857643593,0.004409155906447194,0.004733800067022125,0.023644470746828284,0.07820265467155704,1.0,0.24252197521513272,0.3793990483054995,0.023644470746828284,0.02958918907099901,0.06036414295695542,0.63603799832585,1.0,0.7096300453051817,0.05355412928088199,0.6059545947349008,0.6326268575863112,0.71660229274466,0.7622797165868472,0.9661662618098993,0.6870064431662728,0.05028066848579377,0.6059545947349008,0.6269221914986111,0.7078615173245408,0.7422119174843317,0.7513175047689582,0.3566786177856616,0.026644346796428648,0.29325683840157607,0.3242282017209167,0.35897129163808805,0.3837275254882345,0.4903785367696652,0.3454563865182484,0.023046822405279103,0.31163721448361553,0.3167459764932192,0.3528400799033512,0.37296974245187076,0.375969393911655,-0.0018635951330707892,0.0027811327223411174,-0.008710094541311275,-0.004586570262908918,-0.0010504037141799705,-7.758498191832133e-05,0.011161877214908578,-0.0019531649351120063,0.003131881961631126,-0.00865991711616515,-0.004756733030080784,-0.00199933853000403,0.00032518450170755236,0.004143679514527321
qore_as_idea6,nq_87,50,True,15,5,2.0,0.5,5,0;1;4;9;49,0;1;4;12;30,1,1,3,3,3.0195510201706326,0.6039102040341265,10,7.364073378164767,3.4382938267385956,0.24374286234378822,0.41874280656796303,-49.58125719343204,-49.33751433108826,-49.33751433108825,True,0.41874280656796303,0.0,3003,0.20552516730999779,0.3917575142731872,0.00020712656356826705,0.0002456149907434459,0.0015365596948333788,0.9856468647777336,1.0,0.6039102040341265,0.4712512531516527,0.00020939517761871295,0.021893927592374584,0.9665283724468482,0.9993570105326629,1.0,0.7380659413004786,0.08339786503716505,0.5652469298057227,0.6389652145961875,0.7314328754375733,0.8531205985164613,0.922670357022529,0.7364073378164766,0.07684377166161717,0.6286428484893619,0.6635633756037179,0.7250341281253059,0.8142197487734457,0.9017270695001425,0.3610254505482194,0.05524516151297361,0.1979020470735926,0.29848071261043657,0.36991758130764774,0.42782029510299063,0.45481424096127787,0.34382938267385954,0.04095649945252185,0.3011676550102648,0.3032478224235986,0.32894789501815835,0.3769402705621073,0.4401444738522441,0.008007520102019909,0.028869011940426317,-0.05365303158760071,-0.028004994392395007,0.0001562139019369857,0.035162535905838024,0.09583820700645446,0.024374286234378824,0.013963236017306993,-0.0035419970750808494,0.003528201282024396,0.03128677010536196,0.035045703649520865,0.037032973766326915
qore_as_idea6,nq_88,50,True,15,5,2.0,0.5,5,2;4;9;13;15,2;4;31,1,1,2,2,1.960334011919259,0.3920668023838517,10,8.921384642304004,4.4385674979691805,0.02212482318282122,2.4782334860499216,-47.52176651395008,-47.49964169076726,-47.499641690767255,True,2.4782334860499216,0.0,3003,0.15352783926381985,0.25353059511850806,0.0031350495632384468,0.00940792917439104,0.0412701753316534,0.3447592709651559,1.0,0.3920668023838517,0.3247970528293564,0.030169506643981277,0.11913374680107885,0.3089568398898773,0.74745102333947,1.0,0.9020234126641986,0.024255364311340646,0.8463907534449229,0.870909369042614,0.9003820025191577,0.934998667637622,0.9876473621272401,0.8921384642304003,0.016656522808808367,0.8629869644115161,0.8697747559990464,0.8930354946841732,0.9108180437862016,0.9196162989791664,0.45417570193253787,0.02646681259217377,0.3648057368680303,0.42772059630417625,0.4583493411740269,0.48544954407608176,0.5225189258887848,0.443856749796918,0.039314334037969474,0.37334164700258726,0.3782174943742802,0.45656472606128307,0.47194022814454867,0.5063057651388932,-0.003163995600438545,0.021434782265457145,-0.07367796897888179,-0.023193239271640777,-0.0019166223704815133,0.011340596079826355,0.06923299431800845,0.002212482318282122,0.03612457583349893,-0.06241412758827214,-0.027419361323118223,-0.006281790137290966,0.05925995111465456,0.06923299431800845
qore_as_idea6,nq_89,50,True,15,5,2.0,0.5,5,6;20;27;30;35,14;22;23;25;40,1,0,1,0,3.663532636287755,0.732706527257551,10,8.466505197747969,4.4810826172751295,-0.247830018401146,0.8175499809873745,-49.18245001901263,-49.430280037413766,-49.43028003741377,True,0.8175499809873745,0.0,3003,0.3065805495403599,0.33376927874238554,0.03183053847653056,0.03600546398628747,0.12865250444405416,0.8760738722713859,1.0,0.732706527257551,0.22978488048889323,0.44347400219722954,0.45444763240011443,0.8670823078013209,0.9528272994339051,1.0,0.8409754050248991,0.03868514467179248,0.7503727839549656,0.7932080632346411,0.8370337629623088,0.8904913810089008,0.9834188980011093,0.8466505197747969,0.03987942658443191,0.7983203753827163,0.8057207611198545,0.840517558224066,0.903278604095362,0.9219697855224427,0.44269128348904646,0.032061608542329346,0.3667759735305992,0.39971145524119167,0.44591964058075784,0.49276598497205204,0.5071834455529453,0.44810826172751306,0.026378746676285217,0.40292411040903825,0.41058344224262044,0.45635618187587884,0.47217900538212765,0.4944696798810959,-0.022203580976596898,0.02770118437186429,-0.08395442366600037,-0.0660928010940552,-0.013942645490169547,0.007260909378528609,0.03626457750797274,-0.0247830018401146,0.02607385920013299,-0.06124521493911744,-0.0549387139081955,-0.03198947757482529,0.005326852202415438,0.021234846115112282
qore_as_idea6,nq_90,50,True,15,5,2.0,0.5,5,0;3;17;37;40,0;10;17,1,1,2,2,2.1801531117161046,0.43603062234322093,10,6.4796463354557945,3.238884441996103,0.0009387257317940434,1.0587313302799983,-48.94126866972,-48.9403299439882,-48.94032994398821,True,1.0587313302799983,0.0,3003,0.1678514457326642,0.28960198380410385,0.015735436272346182,0.016436261831939823,0.03214352472174815,0.5856276612930239,1.0,0.43603062234322093,0.37783312106931805,0.015735436272346182,0.0297390430766135,0.4128813600171117,0.8803167448574529,1.0,0.629304068449633,0.06414387452175682,0.5306693767927331,0.5505911974319244,0.6206368430613721,0.7026826563890033,0.8820244351589457,0.6479646335455794,0.1392477407663347,0.5306693767927331,0.5369511150019084,0.5685603902827381,0.8598292747430062,0.8820244351589457,0.31463678325304806,0.03208174299258329,0.26522618781466617,0.27529641970764357,0.3102983913476087,0.35134300395824386,0.4410105570255015,0.32388844419961027,0.06968852355080421,0.26522618781466617,0.26846542238392723,0.2841360248352117,0.4299211180186377,0.4410105570255015,1.5250971768444535e-05,5.931691648614763e-05,-1.2641272041924445e-05,-4.417314630722479e-06,-3.1975314412902023e-07,4.518250585534575e-05,0.0004986786283552869,9.387257317940434e-05,0.00014997973645205487,-7.385225035239085e-06,-1.720641885194496e-06,2.544567396400854e-05,0.00023847179021686528,0.0004986786283552869
qore_as_idea6,nq_91,50,True,15,5,2.0,0.5,5,0;5;7;9;42,,0,0,0,0,4.012780179290184,0.8025560358580368,10,8.367339007437034,4.206907024174831,-0.023237520456314054,0.19412684488464738,-49.80587315511535,-49.82911067557167,-49.82911067557167,True,0.19412684488464738,0.0,3003,0.2739381659973322,0.4354490602993926,0.0039030096866564884,0.004205304035051234,0.015173702973075473,0.999446708813492,1.0,0.8025560358580368,0.38679853101302186,0.029043561605460892,0.4113721817119829,0.9993809733714113,0.9997962129766182,1.0,0.7841991045297706,0.0731754319342203,0.6213983510756239,0.6913342196001321,0.7864933517526329,0.8956837170186083,0.9439160576211183,0.8367339007437036,0.0746070981527284,0.7349168748060746,0.7431096071438079,0.8379942589190978,0.9205119579457034,0.928465223666087,0.3994453558125359,0.049033029809776224,0.237472491205918,0.34232213838543063,0.3994117476741632,0.46421764786496367,0.517540368525782,0.42069070241748313,0.035144824699199044,0.36751800032456133,0.3815184930183532,0.420079162378479,0.4609673786649928,0.4641873301844076,-0.007345803547650576,0.027435550515456816,-0.09742442965507503,-0.029131450653076173,-0.00045145205222069107,0.0021842879801988522,0.08055543899536133,-0.0023237520456314054,0.0038961400510812098,-0.011064147949218728,-0.009116810560226419,-0.00027065873146056574,1.4168024063121284e-06,4.528164863587536e-05
qore_as_idea6,nq_92,50,True,15,5,2.0,0.5,5,0;6;14;15;20,,0,0,0,0,1.5304056742120913,0.3060811348424183,10,7.839237658246305,4.231840278166288,-0.3122214490431361,2.7014346039541968,-47.2985653960458,-47.61078684508895,-47.61078684508894,True,2.7014346039541968,0.0,3003,0.1220623751401824,0.2537216947783233,0.0006290177622452876,0.0006786177840847291,0.007114913086397264,0.28227302637213053,1.0,0.3060811348424183,0.3707431741091673,0.0006290177622452876,0.0006494899405625832,0.17592424286476943,0.7412688861508152,1.0,0.8631957414701328,0.08642600545717981,0.6623872755399656,0.7260945712639066,0.8936372209055877,0.9495557173203011,0.9682958237601474,0.7839237658246304,0.10135865626639042,0.6623872755399656,0.7031939547807864,0.7395183867896014,0.9405229866818448,0.9497060186334092,0.44532843990381427,0.05108462605631376,0.3346022165128803,0.36694199708272796,0.45530177874994476,0.49826778374051284,0.5377929240617773,0.42318402781662884,0.06216373451822672,0.3460337362271041,0.3572238514469272,0.3985543041536506,0.5148556727974656,0.5332613590691307,-0.013730569168747889,0.02270450028171962,-0.0728012204170227,-0.06644371032714841,-0.0024634506553411484,0.00010027267271655188,0.009699390828609489,-0.03122214490431361,0.029265615120845127,-0.07259788513183596,-0.07038547039031982,-0.024570627510547643,0.001123151398496721,0.009699390828609489
qore_as_idea6,nq_93,50,True,15,5,2.0,0.5,5,0;20;31;32;33,,0,0,0,0,1.0013429955245041,0.20026859910490083,10,6.650034259821638,3.1254729183813907,0.1995442115294282,2.124129922856887,-47.87587007714311,-47.676325865613684,-47.676325865613684,True,2.124129922856887,0.0,3003,0.06728167586146676,0.24928141754668623,0.0001275768515013083,0.00014312704715769455,0.0004057404089092263,0.0029181452744308388,1.0,0.20026859910490083,0.39986577300128207,0.0001533550608980431,0.00016122346055799837,0.0002160585519127942,0.6003202223406583,1.0,0.695599331023633,0.07168998652998865,0.5651726995929294,0.6289931089925979,0.6854908017453895,0.7840249064598763,0.9206090355894723,0.6650034259821638,0.05545074714257002,0.5651726995929294,0.6244804265844444,0.658510381416942,0.7083069126677071,0.7944471796248067,0.3327730251579314,0.05301811098021789,0.18442242319505475,0.2691729596359261,0.33169516773589197,0.4040456476849985,0.4603117763511701,0.31254729183813906,0.05927564792957446,0.18442242319505475,0.23268350555239212,0.3292519490627167,0.3672693678176182,0.3978312770472819,0.015026640353885127,0.030817085156886487,-0.08235395550727848,-0.0007521939277648881,1.7659872537489907e-05,0.05820223093032837,0.0995570719242096,0.019954421152942818,0.037126076814282385,-0.014505714178085327,-0.003929232954978922,-6.0142800793999696e-05,0.07955670773983002,0.09816392660140993
qore_as_idea6,nq_94,50,True,15,5,2.0,0.5,5,1;2;11;19;42,0;2,1,1,2,1,1.12975189045364,0.22595037809072802,10,7.136343545272767,3.4446492345965503,0.12352253803983329,2.31489734414291,-47.685102655857094,-47.56158011781726,-47.56158011781726,True,2.31489734414291,0.0,3003,0.0962623294881197,0.24479423044928142,0.00196237750899428,0.0030760157110679047,0.012043880682518134,0.12889464686657243,1.0,0.22595037809072802,0.38918201522341567,0.002819060046971691,0.0030760157110679047,0.012043880682518134,0.6445710002067753,1.0,0.7748833417374595,0.0632458198733966,0.5965856313761436,0.6799470695272062,0.787375597955326,0.8467087394289218,0.8928032000283351,0.7136343545272766,0.05985103263078819,0.5965856313761436,0.6176374201874161,0.7314230258328436,0.7773023567954316,0.7814072947764661,0.38835308570730315,0.03736403306604302,0.23261221012001718,0.3408368746421592,0.39689188193451,0.427968673387442,0.46591529986753755,0.344464923459655,0.04451374401356598,0.23261221012001718,0.2919368836661794,0.3636352056047677,0.3767366532539136,0.393287018863572,-0.0009114148385734081,0.014646933880227054,-0.06434036493301393,-0.006980246603488926,-0.0007746729068457969,0.010364124178886438,0.07737604379653931,0.012352253803983328,0.023595876617296493,-0.0072932668030262215,-0.003054361008107664,0.002076307311654091,0.030956318378448477,0.07737604379653931
qore_as_idea6,nq_95,50,True,15,5,2.0,0.5,5,0;3;4;8;26,0;3;4;8;23;26;29;35;38;43;49,1,1,7,5,4.800861419032948,0.9601722838065896,10,9.343623713911285,4.700015237063522,-0.02820338010787965,-0.10084618196942596,-50.10084618196942,-50.129049562077306,-50.129049562077306,True,-0.10084618196942596,0.0,3003,0.4499389182657781,0.4208036198770902,0.019456776949728347,0.021023315094440026,0.22991967813942857,0.9999148835994937,1.0,0.9601722838065896,0.04900645344246132,0.891956531411018,0.8988069234397831,0.9998927104195298,0.9999718662877878,1.0,0.8718118059685195,0.04388818983093583,0.7777511278870038,0.8135503232203728,0.8706309746305245,0.9279790552012843,0.9831956873074224,0.9343623713911284,0.027174118051365045,0.9023803745024108,0.9035197621248928,0.9233151938853921,0.9647447142514948,0.9831956873074224,0.4360219200911802,0.04168766076977288,0.3064008838849266,0.37451171927568006,0.44356475407908436,0.4773866693727813,0.545302371712776,0.47000152370635223,0.012845586889089357,0.4522950107428485,0.454653350402715,0.4687119192608529,0.48420242341781156,0.49246705222800624,-0.00011601710692047936,0.029866317758407673,-0.08487710952758787,-0.02962505102157591,-0.0004718303680419922,0.039486300349235545,0.0851480305194855,-0.002820338010787965,0.005227322030500937,-0.018092674016952526,-0.005161948204040529,-0.0007378160953521729,-3.732204437257859e-05,-1.385807991027832e-05
qore_as_idea6,nq_96,50,True,15,5,2.0,0.5,5,1;8;10;25;36,0;1;25;36,1,1,4,3,4.83700344674578,0.967400689349156,10,7.6301882933491765,3.813464823907331,0.001629322767257746,-1.023538622838449,-51.02353862283845,-51.0219093000712,-51.021909300071194,True,-1.023538622838449,0.0,3003,0.5922237128014785,0.3922507862279482,0.005015525610173189,0.03720062056597274,0.547771826825136,0.9999867676315284,1.0,0.967400689349156,0.04995135869126137,0.8709848246387456,0.9090597132052429,0.9998571857889281,0.9999957561052469,1.0,0.7804162595005537,0.08274413014758472,0.617840137230315,0.6821626911554209,0.7694551060320218,0.8845839543388604,0.997466443872652,0.7630188293349177,0.08942810161907229,0.6812127971396399,0.6899414475972876,0.7244782894973638,0.8888877542259571,0.9748595644992462,0.3964445263205677,0.05116451595364922,0.2733118785823046,0.33700968819962135,0.3902760393068822,0.45095889962234437,0.5660605577409995,0.3813464823907331,0.044884161078133845,0.340618319498775,0.3430543993023746,0.36224407703303707,0.4444894836069284,0.4874329293748672,-0.006236396570290839,0.025407780558965105,-0.08434206247329712,-0.04299885749816895,-3.2031536102317126e-05,0.008166448473930344,0.07110878825187683,0.00016293227672577458,0.0006607029306142576,-0.00021935105323789283,-0.000201793313026416,-1.0821223258961066e-05,0.0002249664068222016,0.0021305739879607932
qore_as_idea6,nq_97,50,True,15,5,2.0,0.5,5,25;29;35;47;49,8;13;47,1,1,2,1,4.791482239793574,0.9582964479587147,10,8.26671142596369,4.270935255380298,-0.13757954239845277,-0.5205469844132757,-50.52054698441327,-50.658126526811735,-50.65812652681173,True,-0.5205469844132757,0.0,3003,0.5072949758534023,0.4006914013368117,0.025381839255273556,0.032202740645079636,0.6336003784076718,0.985255045840248,1.0,0.9582964479587147,0.04258213153674458,0.88355174977808,0.9060612045523901,0.9780400807036751,0.9960260090391853,1.0,0.8052104378904669,0.05744845759248502,0.6789276389128291,0.7358026792670478,0.80750328701561,0.8632444786703638,0.9881148490765469,0.826671142596369,0.03248062979803875,0.7668763564899084,0.79061733588753,0.833417998840688,0.8600722512402396,0.8883167699892744,0.42623321976803863,0.054049740203810266,0.2884900163139291,0.3598355276711553,0.4219548683027243,0.49853171950250513,0.5810988588880214,0.4270935255380298,0.021904204965777697,0.3907511376775561,0.4026317124822629,0.4295001674556007,0.4505132017929484,0.4678968824902885,-0.023628000822805223,0.038893788178427285,-0.09485019445419307,-0.07652550697326661,-0.020114696025848366,0.01647093057632448,0.08529695272445681,-0.013757954239845277,0.00884634574150311,-0.029881978034973167,-0.024352845549583457,-0.010209441184997559,-0.005379428863525394,-0.001699352264404319
qore_as_idea6,nq_98,50,True,15,5,2.0,0.5,5,0;2;8;47;48,0;1;7;10;11;18;24;25;26;28;36;48,1,1,6,2,4.838009517313177,0.9676019034626353,10,8.988366876684456,4.535910820286883,-0.04172738194465636,-0.30209869702629355,-50.302098697026295,-50.34382607897095,-50.34382607897095,True,-0.30209869702629355,0.0,3003,0.7596453987798134,0.21623918573337425,0.2978016024292032,0.4189708469160525,0.8093224481033867,0.9816230249239002,1.0,0.9676019034626353,0.030828317083755885,0.9100237310527307,0.9326549795719469,0.9760366771095231,0.9941389027200607,1.0,0.8473783222547717,0.06420245587558346,0.691823105801683,0.7459739636439225,0.8577743970889474,0.9126450939236039,0.9872169784526059,0.8988366876684454,0.03681826660650289,0.8539318347717473,0.8694617422619778,0.8821223806927048,0.9471023601310252,0.9740740363352033,0.43841428651682557,0.04634235192296416,0.2984356603573061,0.3559492003240132,0.4445778220740073,0.4875012632463112,0.5585421563477218,0.4535910820286884,0.02311124786617093,0.4337313728088326,0.433975765097636,0.44349743237918615,0.48395465582692615,0.5077491673108206,-0.014725125389439717,0.02831659117332325,-0.07330817580223081,-0.05655335068702699,-0.00877562165260315,0.015506453514099124,0.05449117422103883,-0.004172738194465636,0.007917238090628385,-0.020712149143219005,-0.013492447137832653,-0.0008227765560150091,0.0038005214929580475,0.004344511032104481
qore_as_idea6,nq_99,50,True,15,5,2.0,0.5,5,0;4;5;7;19,0;4,1,1,2,2,4.965505323364312,0.9931010646728623,10,8.100432637592965,4.0499341384871865,0.0002821803092957209,-0.9155711848771251,-50.91557118487712,-50.91528900456784,-50.91528900456783,True,-0.9155711848771251,0.0,3003,0.67855468247091,0.36315597750752193,0.03741863061879674,0.11260353512644623,0.9369945290794064,0.999428148515819,1.0,0.9931010646728623,0.008201972193433426,0.9800522552072096,0.9827364725951305,0.9989300658611759,0.9999040814475657,1.0,0.7930932110649732,0.06841648581073818,0.6551480587521715,0.7050828430153541,0.793287501338147,0.879714727346467,0.9709415144267747,0.8100432637592965,0.06524474042871682,0.7264019138185014,0.7462913075079787,0.805163782930008,0.9009163817956839,0.9391750900171506,0.4132375297639818,0.042452269175285405,0.305398449280016,0.3598840202224354,0.4163473269684815,0.46899472430365197,0.5070879613039104,0.4049934138487187,0.0326039568397762,0.3631761673374886,0.37315711155485454,0.40254898374062353,0.45026903257741496,0.46962119779101547,-0.016690924231495177,0.02687083256610507,-0.09599226117134096,-0.05991202831268312,-0.002699941396713257,0.0020763370394706673,0.03175843954086305,2.8218030929572092e-05,6.8736683966144e-05,-3.365278244016334e-05,-1.7302036285388178e-05,7.81118869780384e-06,9.109675884249041e-05,0.00021391510963442162
qore_as_idea6,nq_100,50,True,15,5,2.0,0.5,5,5;7;17;32;45,0;2;5;17;39;43;45,1,1,5,3,4.780645436526982,0.9561290873053965,10,8.360494764035819,4.244928137156307,-0.06468075513839722,-0.5357172993706758,-50.535717299370674,-50.60039805450907,-50.60039805450907,True,-0.5357172993706758,0.0,3003,0.7191453900235066,0.2367701298918463,0.31255580486386814,0.3484939146272226,0.8051359309499638,0.9946989183301934,1.0,0.9561290873053965,0.04866329393524173,0.8954466281165624,0.8965093003211646,0.9877919076960882,0.9997214368345054,1.0,0.8041491194365281,0.048210489000885114,0.6933827796383994,0.7505463317147919,0.7987934387069648,0.8677958997987149,0.9578761861889349,0.8360494764035818,0.04302781318101012,0.768488612925863,0.786276074397419,0.8322202977330599,0.8940836538513821,0.8941857977769782,0.4214501472213794,0.0335415493145002,0.35087000243488276,0.3812919372600731,0.4178945420096597,0.47046042560575696,0.5396999501272434,0.42449281371563063,0.02397253281664374,0.37612512864463316,0.4012976681127567,0.4286451880962606,0.4490317613701186,0.450270333094498,-0.019375587503115337,0.02045161466750049,-0.06385191679000857,-0.05151485443115235,-0.013592749834060669,0.002333021163940455,0.03374958038330078,-0.006468075513839722,0.008880926039391456,-0.023829889297485363,-0.01905342221260073,-0.003786513209342951,0.0008961230516433799,0.008119177818298351
qore_as_idea6,nq_101,50,True,15,5,2.0,0.5,5,1;2;10;20;32,1;2;13;23;24;26;31;40;45,1,1,6,2,2.0648433857175825,0.4129686771435165,10,7.53955012035682,3.7598364759103173,0.009938584268093159,1.6949930901927348,-48.30500690980727,-48.29506832553918,-48.29506832553917,True,1.6949930901927348,0.0,3003,0.19327397163466128,0.252228580277619,0.03943428533971966,0.04252275159071339,0.10697658523473387,0.4497147656187402,1.0,0.4129686771435165,0.3355372511923225,0.10697658523473387,0.10783137844659611,0.29768586856167606,0.8204269454627133,1.0,0.7647534491606705,0.06899501536192512,0.6399230433936187,0.677891324154167,0.7671998068778154,0.8663302760602708,0.9451302941011872,0.7539550120356822,0.07448222708980437,0.6399230433936187,0.6668123010467606,0.7588292091095012,0.8447612355756368,0.8980061862856934,0.3831343772380626,0.047683163449882986,0.2459273342913825,0.3301513633833246,0.38376149685649724,0.44952456566072285,0.5095373342081165,0.37598364759103176,0.05190658921232213,0.2459273342913825,0.3447393861918166,0.3809333096249731,0.4374239947938355,0.44668171872649537,-0.0007576526577274,0.030053308286598343,-0.07771342396736147,-0.04063293695449829,-0.002423633635044109,0.03785912334918978,0.08897266387939454,0.000993858426809316,0.04013187385985438,-0.04853729605674745,-0.04555134296417236,0.0007469214498996846,0.049036164879798866,0.08897266387939454
qore_as_idea6,nq_102,50,True,15,5,2.0,0.5,5,2;6;24;26;44,0;2;6;16;17;26;29,1,1,7,3,4.946713485582468,0.9893426971164935,10,7.597615634251295,3.802767049694389,-0.003959232568740756,-1.1439464358880795,-51.14394643588808,-51.14790566845682,-51.14790566845682,True,-1.1439464358880795,0.0,3003,0.7644370560721933,0.3284605360491508,0.11752600750912115,0.1720558795117691,0.9750080298920527,0.9976115008267608,1.0,0.9893426971164935,0.009061547089709446,0.9750080298920527,0.9782494807537033,0.9929583759262516,0.9982541690871938,1.0,0.7756658798060669,0.04917925523858299,0.6795386244844723,0.7131206511634169,0.781077650351873,0.8154682036494004,0.9974146080589823,0.7597615634251296,0.029469678833682882,0.7132294133021223,0.72616799045711,0.7625434862239764,0.7928727487555854,0.8116996261916256,0.3898313931284417,0.026010648799732933,0.34158770879055034,0.3592102688879276,0.3927907722887606,0.4110168763938203,0.5002148366260792,0.38027670496943883,0.015157002740633087,0.3583251573003226,0.36308788457441127,0.38053219848193753,0.3964168765063938,0.40908993946719646,-0.0019984532254082813,0.009007811172758796,-0.03235260248184202,-0.011127904653549191,-0.00103018879890443,0.0029931890964507903,0.04286570847034454,-0.00039592325687407557,0.0012649438720967608,-0.003240126371383656,-0.0018634182214736727,-0.00017202496528626043,0.0005129718780517595,0.0016946136951446755
qore_as_idea6,nq_103,50,True,15,5,2.0,0.5,5,0;4;19;27;39,10,1,0,1,0,2.2915530510896183,0.45831061021792363,10,8.007718339191431,3.7900478331379857,0.21381133645772932,1.4984947820483674,-48.50150521795163,-48.28769388149391,-48.2876938814939,True,1.4984947820483674,0.0,3003,0.1667672666741565,0.2855112183250532,0.010168098435829082,0.0113648178376814,0.02139078934233463,0.5617192042567969,1.0,0.45831061021792363,0.34152053488517925,0.05673991386716917,0.09521044285325092,0.43709468138624236,0.8579208878015334,1.0,0.7748647611044713,0.052964093242887804,0.6804518754158876,0.7238705806381217,0.7674113375217785,0.8243022887555809,0.9417273216323256,0.8007718339191431,0.07086470364939619,0.7282254247511064,0.7373037983836045,0.7708521371113877,0.9035241567812171,0.9173206446533536,0.3854518887729789,0.03604718993786106,0.2522892918518708,0.35109977085981664,0.38646068404228573,0.42016260771140024,0.4892133694328964,0.3790047833137986,0.05526929934241302,0.2957181348723489,0.3071026516885216,0.3884378991874715,0.4226949110391565,0.4854540056611263,0.0019804917792567885,0.02637461457091964,-0.0425454765558243,-0.02795022547245026,-0.00027894354425372914,0.04144946575164803,0.09587230086326598,0.021381133645772932,0.034526857038546924,-0.03445839881896973,-0.026234083473682425,0.0263671837747097,0.061549247503280655,0.06839457750320432
qore_as_idea6,nq_104,50,True,15,5,2.0,0.5,5,1;20;21;29;40,1,1,1,1,1,4.931376225968595,0.986275245193719,10,8.686048803550268,4.357284139505161,-0.014259737730026256,-0.574092086463434,-50.57409208646344,-50.58835182419347,-50.58835182419346,True,-0.574092086463434,0.0,3003,0.8653798943988658,0.13692039700813682,0.6110393799456951,0.636312433588452,0.9014556188982148,0.9988271561677953,1.0,0.986275245193719,0.021856539911054927,0.9428203464605273,0.9632865333221315,0.9950533465993113,0.9998066877176875,1.0,0.8920041939103138,0.04366779563225168,0.7655183473304308,0.8181306667607797,0.9019082785157315,0.9383825465483211,0.9923842903981945,0.8686048803550269,0.05516594409059463,0.7655183473304308,0.8016848491060639,0.9027789638631155,0.9188531800507096,0.9232070264831331,0.4533162021877135,0.027720165052175765,0.38305238679425896,0.4153478524840352,0.45467862413744614,0.4792531215857624,0.5286368791423108,0.43572841395051604,0.026115168153067296,0.38305238679425896,0.40498196296035766,0.4513999365862513,0.4594297496675744,0.46163392949179544,-0.007314105232556663,0.0175357155932101,-0.08812977075576789,-0.025739438533782955,-0.00026621222496031605,0.007355899810791014,0.01579369306564332,-0.0014259737730026255,0.003082285830535179,-0.00970841050148008,-0.005081058144569395,-1.9600987434392758e-05,4.088342189788583e-05,0.0003758430480956809
qore_as_idea6,nq_105,50,True,15,5,2.0,0.5,5,14;30;32;46;48,0;1;2;3;4;5;6;7;8;12;13;14;15;16;17;18;19;20;22;23;25;26;27;28;29;30;32;35;36;37;38;40;41;42;44;45;46;47;48;49,1,1,15,5,4.85779502041054,0.971559004082108,10,7.93148969370737,3.962828129324388,0.0029167175292968417,-0.8949668910861521,-50.89496689108615,-50.892050173556854,-50.892050173556854,True,-0.8949668910861521,0.0,3003,0.9087006519200245,0.05748405502639286,0.8395116343471074,0.8406068408866954,0.8847299237781446,0.9822721888834586,1.0,0.971559004082108,0.028739709929089672,0.9162177486264043,0.9407868470343309,0.9804493869964528,0.993394956056585,1.0,0.8080291972474652,0.035429553297146144,0.7371430657742133,0.7666638988716886,0.8028937904891409,0.854083482449498,0.9250268674566254,0.793148969370737,0.02352837253161006,0.7643305311163766,0.7706110891789676,0.7893108466656381,0.8290131246286037,0.8429141197675376,0.41007399247810095,0.02112709357807818,0.36474465140262724,0.38580565355811897,0.40848673375808886,0.4322683405198383,0.47753612321161515,0.39628281293243883,0.011727903826689588,0.3789043729285649,0.38384807982331176,0.3969973322379493,0.4127178395888798,0.41427980439696105,-0.006059393854368301,0.011163467319620295,-0.036451369524002075,-0.021283706426620485,-0.0046332836151122825,0.008222284317016609,0.011939698457717918,0.00029167175292968417,0.006284780905804678,-0.011315983533859264,-0.00828561842441557,0.0002648323774337713,0.008969983458518982,0.00948488712310791
qore_as_idea6,nq_106,50,True,15,5,2.0,0.5,5,9;14;19;35;46,,0,0,0,0,3.343490508789364,0.6686981017578728,10,7.692847825900775,3.680717518337598,0.1657063946127892,0.33722700954823415,-49.662772990451764,-49.49706659583897,-49.49706659583897,True,0.33722700954823415,0.0,3003,0.3683421901262161,0.276906640089737,0.07546925919913577,0.11099507674557993,0.31859840302704484,0.7834682432762873,1.0,0.6686981017578728,0.2560485937058328,0.32677400592521216,0.4054575165637595,0.5623599446462775,0.9723495102785176,1.0,0.8045476632154026,0.08270334755527611,0.6337514878766473,0.6862956221500037,0.8225834289288917,0.9066108779327603,0.936762204474901,0.7692847825900775,0.07880410548229728,0.6465189889116426,0.68554676549152,0.7681366605707267,0.8617602616205298,0.9237400527475278,0.3902025822184786,0.06195369380654925,0.25041570985106226,0.29435111473159087,0.4075462563854392,0.4608628389816708,0.502903187451818,0.36807175183375984,0.04434651601223704,0.2884817846140931,0.32335744567968183,0.36082068620651475,0.4160929520257366,0.43354319908608996,0.012071249389222693,0.031176219778243995,-0.04242985844612124,-0.018283823132514976,0.002977089583873771,0.05876867413520815,0.08317667841911319,0.01657063946127892,0.022479709643958824,-0.03674331009387971,-0.0009949503839015786,0.017316628992557537,0.036759141981601726,0.054592031240463246
qore_as_idea6,nq_107,50,True,15,5,2.0,0.5,5,0;1;2;5;8,,0,0,0,0,4.136882267619166,0.8273764535238332,10,8.576747965199193,4.31729713051639,-0.028923147916793845,0.18041486289722375,-49.81958513710278,-49.84850828501956,-49.84850828501957,True,0.18041486289722375,0.0,3003,0.3477731260632542,0.3779855966987202,0.00998938027533149,0.012694666256391289,0.08677870782993737,0.9802914292034962,1.0,0.8273764535238332,0.20952802094372938,0.4610909816837443,0.5665814355016647,0.9514653631031466,0.9998035226414917,1.0,0.7760727199438856,0.06883266276960569,0.6000539502766651,0.6910300842722445,0.7722387899984385,0.8645964688653693,0.9916280881735122,0.8576747965199193,0.0768901492146683,0.7608231176052893,0.7632856889524305,0.8749205503857103,0.9244096025295424,0.9916280881735122,0.40594109687539454,0.04141764332441844,0.30292313241794316,0.3617855150518214,0.4003070386903199,0.46595124114880127,0.4999051192576201,0.43172971305163904,0.04439455326525027,0.3619464885883201,0.3788705285659183,0.4394497351843102,0.4932696343920211,0.49550211509925307,-0.017904736903451738,0.022218520054094207,-0.08669464588165282,-0.04612494587898254,-0.007241392135620139,0.0007423753663897532,0.019833165407180775,-0.0028923147916793844,0.012679702989216285,-0.03532744050025938,-0.008535101413726813,-0.0008632183074951116,0.002264052629470807,0.019833165407180775
qore_as_idea6,nq_108,50,True,15,5,2.0,0.5,5,2;3;36;47;48,2;3;5;6;12;14;24;29;36;40;42;43,1,1,7,3,3.495253857071667,0.6990507714143334,10,8.449188994420638,4.2229103314643455,0.001684165745973576,0.7276564743926786,-49.27234352560732,-49.27065935986135,-49.27065935986135,True,0.7276564743926786,0.0,3003,0.29204983706285315,0.3293755408175072,0.029534239605656466,0.03974136801312949,0.12207667087877781,0.8397560923388458,1.0,0.6990507714143334,0.2683038781299621,0.25887602105321933,0.40183492271950916,0.6615332207042816,0.9834285360380889,1.0,0.8124164576755695,0.055899771153894336,0.7120382855234066,0.7437596477582041,0.8052299790089545,0.8951140834287982,0.9895689487482697,0.8449188994420638,0.07160685710157402,0.7846267877111118,0.7872396139129111,0.8033679627352374,0.9375516610616293,0.9895689487482697,0.40633528008931497,0.028129766922407075,0.35621742599445183,0.37214534445140013,0.4022968427257072,0.4475226417062459,0.49593683807306443,0.42229103314643457,0.03629823005332515,0.3884317787717438,0.3917515454833202,0.40226484944601437,0.4690124057617707,0.49593683807306443,-0.00012705125153020326,0.001653961916566677,-0.0012439797632396443,-0.0011437727697193533,-0.0001984935486689099,0.0002488605771213683,0.014618067443370797,0.0001684165745973576,0.00180048948739249,-0.0011523636989295705,-0.0011517033725977066,-0.0003242985811084398,0.0009908113442361238,0.0053331851959228516
qore_as_idea6,nq_109,50,True,15,5,2.0,0.5,5,8;32;39;46;47,,0,0,0,0,1.6689398489604734,0.3337879697920947,10,7.007157105963578,3.5230092416572814,-0.01943068867549297,1.854069392696808,-48.14593060730319,-48.165361295978684,-48.165361295978684,True,1.854069392696808,0.0,3003,0.13073658291892917,0.2552121582063475,0.01589050427573627,0.016994536322784505,0.02414699060188423,0.32956524947861665,1.0,0.3337879697920947,0.363983314344369,0.02414699060188423,0.029228660352364794,0.1759988327484265,0.7727771442528308,1.0,0.7461271119998036,0.07158924637331894,0.6295778069802476,0.6620105696605304,0.7367928119396441,0.8379395115984253,0.980411690386959,0.7007157105963577,0.03630050119948158,0.6431475512250093,0.6629592433595356,0.6923496792566705,0.7389911547699842,0.7630799630406812,0.37360107950189797,0.03544699242129803,0.31657561828237535,0.3328908607976067,0.36885889280781237,0.41915702454529813,0.4901921954271461,0.3523009241657281,0.017454377240450084,0.32283721051806347,0.3357586402923463,0.34927325819193955,0.3715176871058481,0.3832337970720388,-0.0005375235019961283,0.0019291466186659415,-0.005273207277059544,-0.00333432883024215,-9.95262642390915e-05,0.0004630272369831934,0.009115128964185704,-0.0019430688675492968,0.002069942449178296,-0.005084212496876739,-0.004661096371710282,-0.0018762012012303042,0.0006814935430884457,0.0017838254570960999
qore_as_idea6,nq_110,50,True,15,5,2.0,0.5,5,4;9;17;34;46,,0,0,0,0,3.7627068739874585,0.7525413747974917,10,7.3573564429972516,3.700081844125884,-0.021403622627258367,-0.0626250298615747,-50.06262502986157,-50.084028652488826,-50.08402865248883,True,-0.0626250298615747,0.0,3003,0.2927005428167433,0.3762604979875084,0.00038472964953570685,0.0004671177866642267,0.07817256448272596,0.8947497128885208,1.0,0.7525413747974917,0.2918341990168787,0.1837801022284581,0.42799974233101423,0.8800441433798525,0.9618213703577199,1.0,0.7991547973589471,0.093940069175562,0.5305377409605346,0.6657293466534465,0.8219981295302569,0.9039825791582151,0.9447310591156499,0.7357356442997252,0.10091007251482473,0.6157371021186072,0.6246311144692803,0.7019997141055168,0.8761068136313264,0.8904083515762987,0.4066332267019227,0.07206997748639601,0.24235008586188964,0.2954188692215861,0.41883648821565095,0.49890337604130014,0.5407487338095748,0.3700081844125884,0.05386577883246323,0.2974765468078235,0.2980733545950604,0.3675597082063213,0.43539520870367865,0.4518196836810826,-0.007055828022449054,0.0409349938727336,-0.0965787649154663,-0.08195444345474241,-0.0002952083945274575,0.02687162935733802,0.0821340322494507,-0.0021403622627258366,0.015194076982123241,-0.03857477903366091,-0.01696220397949218,0.002086156606674189,0.01193751811981199,0.014670002460479725
qore_as_idea6,nq_111,50,True,15,5,2.0,0.5,5,0;16;26;27;45,,0,0,0,0,2.3316789046307416,0.4663357809261483,10,8.960536862526371,4.94628452713988,-0.4660160958766938,2.614605622509138,-47.38539437749086,-47.85141047336756,-47.85141047336756,True,2.614605622509138,0.0,3003,0.15927517867515945,0.3218706911988397,0.0013701418964348331,0.002833703468242872,0.007193479650827104,0.6768809815889612,1.0,0.4663357809261483,0.41150950602416725,0.020366691190598946,0.0402763345434915,0.3391093336571296,0.9608248320840731,1.0,0.8999716449509693,0.04289960481531452,0.8106944367052193,0.8370277753114974,0.9074777854538358,0.9521023030715898,0.9919708031434092,0.8960536862526371,0.049034270852530946,0.8428104882820658,0.8457037886921286,0.8897296613408,0.9620747098696171,0.9919708031434092,0.47164960722176485,0.048900376655313944,0.3629504049640274,0.4111580745200986,0.45995706765259775,0.5523036179818199,0.5828961619743841,0.494628452713988,0.06087364958347556,0.3870504054121282,0.4188961013914728,0.4942359055093596,0.5604102067834108,0.5828961619743841,-0.021663784746280206,0.03955102525441438,-0.0982663989067078,-0.09049519896507263,-0.000941108912229538,0.006446301043033616,0.07377043962478635,-0.04660160958766938,0.04239948954982399,-0.09467728137969977,-0.09222042620182036,-0.05211230963468552,0.006545478403568256,0.03435483872890471
qore_as_idea6,nq_112,50,True,15,5,2.0,0.5,5,8;17;24;26;33,0;1;2;3;4;5;6;7;8;9;13;15;17;24;26;29;33;38;44;49,1,1,15,5,4.987616034093021,0.9975232068186042,10,8.449998608077905,4.227858777267407,-0.0028594732284546454,-0.7597572568256137,-50.759757256825615,-50.76261673005408,-50.76261673005407,True,-0.7597572568256137,0.0,3003,0.9755034761812209,0.044380130707845675,0.8363278049190872,0.9246085219657167,0.9947178269578703,0.9998373221131466,1.0,0.9975232068186042,0.0023718804249200894,0.993137663738848,0.9948265809105179,0.9978987787344457,0.9996300672663118,0.99971106642815,0.8757041636186611,0.0418004426449842,0.7605402333542253,0.8221032269497137,0.8744233558004565,0.9364839644047368,0.9921991892787042,0.8449998608077905,0.04528236727866227,0.7605402333542253,0.804864041535215,0.8475125797898868,0.9143926783116284,0.9212278434967642,0.43999736020639113,0.02195946607325943,0.3804844847820473,0.4121189255612369,0.4384706902707213,0.47111478857055306,0.4964303050504239,0.4227858777267407,0.02262296488730872,0.3804844847820473,0.40262199149934275,0.42408129316127796,0.45734078684010226,0.4608372424709621,-0.002145278397060582,0.005118709906074936,-0.03960117101669314,-0.006315015554428116,-0.0004993200302124134,-2.1089315414435338e-05,0.0016093552112579346,-0.00028594732284546455,0.00012170738019859181,-0.0005016744136810414,-0.0004995554685592763,-0.00024327039718627375,-0.00017972588539125756,-0.00013568401336672142
qore_as_idea6,nq_113,50,True,15,5,2.0,0.5,5,0;1;4;6;27,0;1;6;40,1,1,3,3,2.401289285207463,0.48025785704149265,10,7.69494601885585,3.6619617839659657,0.18551122546195992,1.2606724987585025,-48.7393275012415,-48.55381627577954,-48.55381627577954,True,1.2606724987585025,0.0,3003,0.16155726184758065,0.3369641461078284,0.00036997554755118997,0.0004593204116377362,0.0020799331877933342,0.7166265835856456,1.0,0.48025785704149265,0.43390159825960545,0.0020799331877933342,0.043977334306133896,0.2940248301798458,0.9993444343424717,1.0,0.7039644474531381,0.0782023860035094,0.5563043183901047,0.6251933402851321,0.6894354116656198,0.8354310198522475,0.9613235985851588,0.769494601885585,0.108111895719473,0.624418730665801,0.630666003645597,0.805547351921713,0.8660049520747178,0.9613235985851588,0.33875788078419816,0.055981149349639575,0.2049853863467483,0.25773269961711687,0.34269237145880627,0.40815426458799653,0.4806269782591016,0.3661961783965965,0.07670733281298953,0.2252113854535212,0.24444211086687354,0.3769938951520049,0.4329494052537438,0.4806269782591016,0.013224342942370898,0.03495996153716012,-0.0643225908279419,-0.012994730770587912,-0.00010663270950317383,0.08407354354858403,0.09993736147880555,0.01855112254619599,0.035247138232122034,-0.019367891550064076,-0.008036239743232726,4.49597835540938e-05,0.07089089095592499,0.0869979798793793
qore_as_idea6,nq_114,50,True,15,5,2.0,0.5,5,13;19;23;30;37,37,1,1,1,1,3.13502046753814,0.627004093507628,10,8.434680062672811,4.294601149927237,-0.07726111859083168,1.1595806823890968,-48.8404193176109,-48.917680436201735,-48.917680436201735,True,1.1595806823890968,0.0,3003,0.23579544611054654,0.31634390201210505,0.02346534665774529,0.025694484958988496,0.05538977153387756,0.7171919039665786,1.0,0.627004093507628,0.264905100363975,0.2222096099365955,0.3439939083944075,0.5724619847283633,0.9254714067168223,1.0,0.8477875516269321,0.06590001119386896,0.6998965935956868,0.7586415310126919,0.8468687328173922,0.9334219772080153,0.9762127102218305,0.8434680062672809,0.073270435115607,0.7500344714575196,0.7557286459254849,0.8099352578751808,0.948570074462314,0.9762127102218305,0.43152716812935615,0.035324329717497854,0.3517599753191785,0.3810690379512278,0.43099504753543283,0.47514359938611067,0.5145648767689569,0.4294601149927237,0.03710583059561242,0.3704219159672829,0.37810750899487255,0.4305460786040905,0.46257481908235715,0.5046969101231413,-0.007633392315890103,0.012262286931154985,-0.03213180005550387,-0.02662624001502989,-0.001811678521335125,0.0011619161441922357,0.02778823971748351,-0.007726111859083168,0.018881348553364305,-0.029995447397232033,-0.029169839322567004,-0.012798862159252133,0.019896926134824754,0.023965986073017143
qore_as_idea6,nq_115,50,True,15,5,2.0,0.5,5,0;23;28;30;33,0;7,1,1,2,1,1.001580890479319,0.20031617809586383,10,7.076175299502787,3.645099977632632,-0.10701232788123893,2.6435190871533125,-47.356480912846685,-47.46349324072793,-47.46349324072793,True,2.6435190871533125,0.0,3003,0.06872367772530093,0.24893932920948925,6.607648223160142e-05,0.0001224261482308093,0.00021813130057015166,0.013402202489609324,1.0,0.20031617809586383,0.39984215930826206,6.607648223160142e-05,8.651694896180959e-05,0.00014067582943386408,0.6005027842074387,1.0,0.7614370356914245,0.04826977763029799,0.6217261339034641,0.7080742392299657,0.7554819020811322,0.8240171846348157,0.8896313868731425,0.7076175299502786,0.050718202417458357,0.6217261339034641,0.642567706311243,0.7154974954952853,0.7560104171871698,0.8076322765557993,0.3839386615870548,0.029116405055019633,0.31086746545364674,0.3529581640562321,0.38045115496915993,0.41570394963394985,0.48062312125806067,0.3645099977632632,0.030980415642118016,0.31086746545364674,0.3213282855870082,0.3693764816457202,0.40486640715598016,0.4138803436413216,-0.0032201437413425,0.013566189392110012,-0.03992246389389037,-0.029763273596763607,-4.421949270183578e-05,0.0007995600812137386,0.04196758270263673,-0.010701232788123894,0.015356348097667474,-0.0391085922718048,-0.03877957373857499,-4.9394692177906485e-05,-4.963676619829105e-06,-4.398501914693043e-06
qore_as_idea6,nq_116,50,True,15,5,2.0,0.5,5,0;1;2;5;8,0;1;2;3;5;8;10;12;13;23;26;27;28;29;31;33;37;39;41;42;44;47,1,1,11,5,4.933234504518438,0.9866469009036875,10,9.464443923215109,4.735044915070156,-0.0028229534626007524,-0.19818958944828236,-50.19818958944828,-50.20101254291088,-50.20101254291088,True,-0.19818958944828236,0.0,3003,0.46966752832304476,0.4679010783214761,0.014484186015849736,0.015439668894822291,0.08866860451454658,0.999398150098765,1.0,0.9866469009036875,0.025422853666508243,0.9358085984960068,0.9609382699357355,0.9993886362874821,0.9997617970558481,1.0,0.8752387585708713,0.04518754502438817,0.7767446607240387,0.8195104555689804,0.8690485496376907,0.942026374960045,0.9854059366356722,0.9464443923215111,0.01617538586177685,0.918569528269146,0.9333698919197064,0.9455577352539566,0.95819620921664,0.9854059366356722,0.44653388128152566,0.03478225936320891,0.34803854751795554,0.4059584244837449,0.4479641828916622,0.4893533074521199,0.5409992252105261,0.47350449150701557,0.007796827709897997,0.46047856768338585,0.4680221672246924,0.4727827657707466,0.47906616545941705,0.4927231444900926,-0.008914501996090014,0.026003444988391262,-0.08656008839607238,-0.048021106719970695,-0.0008317470550537331,0.005103695541620278,0.06584957838058475,-0.00028229534626007525,0.0004994123033265649,-0.0013531565666198841,-0.001209738850593578,-3.918111324310858e-05,3.5187005996684113e-05,3.7729740142822266e-05
qore_as_idea6,nq_117,50,True,15,5,2.0,0.5,5,4;10;34;40;49,3;4,1,1,2,1,4.915006718830045,0.983001343766009,10,8.504221790021159,4.308707341047873,-0.056596446037292414,-0.6062993777821726,-50.60629937778217,-50.662895823819454,-50.66289582381947,True,-0.6062993777821726,0.0,3003,0.9601557856039219,0.02734800753562284,0.905909027348778,0.933202483702518,0.9612993353516877,0.998893260800834,1.0,0.983001343766009,0.017749211629761202,0.9612993353516877,0.9613341607642503,0.9949733491216203,0.998893260800834,0.9997710330568838,0.881368955636517,0.03385815262465777,0.7896821334724532,0.8335671489345221,0.8877952500183515,0.9212090139013892,0.946339736052041,0.8504221790021159,0.025130465308041437,0.8129531738249987,0.8220916589113757,0.8510970474388508,0.8785631310751866,0.893735799843795,0.4489337603713409,0.020269703196254544,0.39616016138518295,0.42118095994037535,0.45103326064469396,0.47358084672408995,0.4905284486922057,0.43087073410478716,0.014880264791516036,0.40984447583995903,0.412336122195556,0.4274829445571548,0.4501999390000355,0.45768654190300007,-0.008249282553082422,0.008845820311375756,-0.037297338247299194,-0.02129746079444884,-0.005732285976409901,-0.000211943387985245,0.003942203521728527,-0.005659644603729241,0.00863800287003838,-0.030616551637649536,-0.01040061354637144,-0.002714943885803206,-0.000713315606117271,-0.00010609030723573998
qore_as_idea6,nq_118,50,True,15,5,2.0,0.5,5,6;17;29;43;45,,0,0,0,0,2.5085309099041746,0.5017061819808349,10,7.271748443731118,3.7976866390747075,-0.16181241720914835,1.289155729170533,-48.71084427082947,-48.87265668803862,-48.87265668803862,True,1.289155729170533,0.0,3003,0.18762264178957874,0.3002576713811761,0.0049782934094875905,0.007168837583583765,0.021088625477957892,0.6359552032212971,1.0,0.5017061819808349,0.34620367209228314,0.011664598361260277,0.09788653122902727,0.629164626930225,0.8561929016328047,1.0,0.7300195287246094,0.07623429131420834,0.5673611207691618,0.645224062632635,0.7171867831605332,0.8340139038578644,0.9790687313971302,0.7271748443731119,0.11337827872640109,0.6043397373560765,0.6121767534733916,0.6902885125265477,0.8534680765115065,0.9790687313971302,0.37835088915759324,0.04086061466214439,0.27997364402501657,0.3320435917200542,0.3770796758898586,0.4315020644981338,0.5176181729285608,0.37976866390747077,0.05901857444831503,0.295899895161574,0.31804739850629793,0.37721533514869987,0.44451747085863563,0.5176181729285608,-0.013341124795288558,0.02348151744100799,-0.07900437116622927,-0.05594987034797668,-0.006019326299428918,0.0033808481693267793,0.04060493111610414,-0.016181241720914834,0.03178686269716841,-0.05972970128059385,-0.05932217717170714,-0.016396123170852678,0.03150467574596405,0.037670671939849854
qore_as_idea6,nq_119,50,True,15,5,2.0,0.5,5,0;5;10;11;22,0;8;11;15;19,1,1,4,2,4.431310261519451,0.8862620523038902,10,8.636852077655258,4.478794517125816,-0.1603684782981873,0.04748425560636438,-49.95251574439364,-50.11288422269182,-50.11288422269182,True,0.04748425560636438,0.0,3003,0.48443151150653996,0.3390654816976816,0.07379772945245222,0.11806227252409901,0.33693809556027743,0.9846438520179793,1.0,0.8862620523038902,0.15414401308706122,0.5926205045124157,0.7033366176943817,0.9846176485292192,0.9938645284041945,1.0,0.8260689453352488,0.07152321098209778,0.6982513932030232,0.7275913775404095,0.8280311900804084,0.9183759494482234,0.9409461363804982,0.8636852077655257,0.050648262777854676,0.7804201236382771,0.805709639755762,0.877631200071112,0.9178890979292909,0.918938153842997,0.41395058486775965,0.04781833949376929,0.274656595172526,0.35526499934206884,0.4184569542674199,0.46943764606367017,0.5354235105043971,0.4478794517125816,0.03643116887884588,0.39058205440718174,0.40191724499401055,0.45799948046119165,0.4820957145895763,0.5136443876636806,-0.0009161122001352757,0.02843823471860044,-0.06495044231414798,-0.032571439743042,-0.0017855525016784446,0.03893259286880494,0.0744691014289856,-0.016036847829818728,0.019836654899252907,-0.05475811958312993,-0.041169399619102494,-0.00876811146736145,0.00047457516193389596,0.008093684911727905
qore_as_idea6,nq_120,50,True,15,5,2.0,0.5,5,0;4;5;16;21,0;2;4;5,1,1,4,3,4.455752452654053,0.8911504905308106,10,7.9682757095702685,4.1540657736961135,-0.1699279189109802,-0.30168667895793977,-50.30168667895794,-50.47161459786892,-50.47161459786892,True,-0.30168667895793977,0.0,3003,0.4174640385537879,0.397939150562125,0.004100142127524311,0.004879627169572238,0.4066504191850819,0.9186363890780604,1.0,0.8911504905308106,0.08212845301725903,0.7497164242545521,0.7994288471764291,0.9029336951304664,0.971641940683916,1.0,0.740459260774018,0.0947843491050138,0.5681469049377071,0.6267505922209018,0.7238811877955016,0.8620582110331659,0.9617271293580792,0.7968275709570268,0.1113320050660715,0.6250311391416442,0.6292710369000749,0.8270720408070668,0.9246601243506418,0.9301273523070446,0.3979790825606302,0.04986644757374991,0.2837326391636246,0.32904454903775027,0.4002182387171563,0.454538560127296,0.5240697594923508,0.41540657736961145,0.05033018715329881,0.32078401530103146,0.3377210276074263,0.43189927566590824,0.46740727798847576,0.4787134403355002,-0.027749452173621174,0.03387661808582268,-0.09001791477203369,-0.07359797835350038,-0.02075407505035398,0.004461814165115375,0.05521213412284853,-0.01699279189109802,0.020129438217509975,-0.07247251868247984,-0.03200356364250181,-0.008743971586227417,-0.0025596690177917608,-0.0010873615741729958
qore_as_idea6,nq_121,50,True,15,5,2.0,0.5,5,10;18;29;34;40,0;7;10;12;17;18;26;28;29;45;46;48;49,1,1,9,3,1.2330984219722798,0.24661968439445597,10,7.792417385228147,3.9035760590500113,-0.00736736643593755,2.6704776370777314,-47.32952236292227,-47.33688972935821,-47.336889729358205,True,2.6704776370777314,0.0,3003,0.0929346724282897,0.24474343356014505,0.0024183291090330967,0.002984477050873584,0.0164121501883648,0.10458013117699028,1.0,0.24661968439445597,0.37899022066020394,0.007058395563512069,0.020598721848158745,0.051248422177340824,0.6535529571825194,1.0,0.8076222327966283,0.05546956772642018,0.6860393820640479,0.7446484933476776,0.8001995137886051,0.8796166232953888,0.9415863228291443,0.7792417385228148,0.05096698709936161,0.6913160987044946,0.7064870269832425,0.7735644552633496,0.8269380186651695,0.8755734582126181,0.40363908097260537,0.027879692034565653,0.34301155714005405,0.37013328190072864,0.3992586422053682,0.4407564467519443,0.4707768679668746,0.3903576059050011,0.02574374970001361,0.3457249080627356,0.3532749928908069,0.38826041507235587,0.41512768487631585,0.4378705414674265,0.00017203542570877142,0.002096244953498157,-0.001868802681565307,-0.0017667099833488242,-3.816159005520792e-06,0.000723174195736632,0.017712022364139546,-0.000736736643593755,0.0008904498320175878,-0.0018540868535638078,-0.001837776340544206,-0.00011715639848261516,0.00011019615456460128,0.0001447595190257056
qore_as_idea6,nq_122,50,True,15,5,2.0,0.5,5,1;12;15;43;48,,0,0,0,0,4.649260108906601,0.9298520217813202,10,7.727222787027289,3.88698483044144,-0.023373436927795366,-0.762275278465161,-50.76227527846516,-50.78564871539295,-50.78564871539296,True,-0.762275278465161,0.0,3003,0.7727469257968945,0.25671615032205103,0.19439358710709084,0.3247913413221294,0.860436622482318,0.9890300330299586,1.0,0.9298520217813202,0.0683090165304151,0.8459046171817557,0.8479974920339136,0.9550482660389843,0.9988681685494841,1.0,0.7901648906054447,0.072939409725899,0.6310334286756183,0.6989586624762082,0.7902543457708887,0.8868326985446339,0.9631666827204768,0.7727222787027288,0.06175538484819632,0.6782833618042647,0.7050854217863657,0.7689347460722864,0.8466944289828577,0.8748870147363124,0.4101097663972807,0.04946183276583445,0.32036379342579124,0.3482574714260102,0.4060863657277891,0.4821026191382951,0.5419235933118585,0.38869848304414395,0.027629648352384132,0.34447230905879433,0.3595621865916539,0.3882182665097684,0.4233179003310819,0.43717504208762337,-0.015027321094558352,0.02301358939238864,-0.08710736632347105,-0.043121457099914565,-0.0077894270420074685,0.0018379163742065611,0.028737640380859353,-0.0023373436927795364,0.005020954769122638,-0.010397052764892556,-0.007714843749999978,-0.0005820780992507879,0.0010291558504104377,0.007875370979309071
qore_as_idea6,nq_123,50,True,15,5,2.0,0.5,5,4;33;41;45;47,1;2;4;6;7;12,1,1,5,1,4.927561498954739,0.9855122997909478,10,7.669353862106378,3.83762148991206,-0.00294455885887146,-1.0899400090426785,-51.08994000904268,-51.09288456790155,-51.09288456790155,True,-1.0899400090426785,0.0,3003,0.9771057331281041,0.031594463482709834,0.9045785511701675,0.9218361261931741,0.9940399369402989,0.9999752279961636,1.0,0.9855122997909478,0.01182362154588529,0.9702755623744584,0.9716920012348224,0.9871131935191466,0.998542433414306,1.0,0.8082072502602758,0.06550778209707887,0.6680728568563539,0.739234332273636,0.797728162754541,0.8923828830500101,0.9970386230013386,0.7669353862106378,0.047049443350602356,0.6737058358244998,0.7248450249039731,0.771754800932596,0.80255944216388,0.8568094784073486,0.4062377283942654,0.033571044883275704,0.33647444033885515,0.37069878148013224,0.4023241495097405,0.45390695062545255,0.49873339786445353,0.3837621489912061,0.02409411023683942,0.33647444033885515,0.3627991089027922,0.3860598622048844,0.4050264392501986,0.42934704691432185,-0.0021341032641274595,0.007797432130322909,-0.07438499927520753,-0.006157984733581545,-0.0002639293670654297,0.0003902649879455657,0.008144986629486095,-0.000294455885887146,0.0014270355621638716,-0.004058319330215443,-0.0012539088726043588,-4.026889801025946e-05,0.0007592248916625795,0.0017205715179443581
qore_as_idea6,nq_124,50,True,15,5,2.0,0.5,5,0;3;4;27;42,4,1,1,1,1,1.5055509644228113,0.30111019288456226,10,7.063202401630713,3.503282993849433,0.028318206965923354,1.9977320294266216,-48.00226797057338,-47.97394976360745,-47.97394976360746,True,1.9977320294266216,0.0,3003,0.11060923840507528,0.24731897331651193,0.0011137453322666749,0.0016829365843683132,0.007960845625639708,0.19933925528664576,1.0,0.30111019288456226,0.3576457190680194,0.0011137453322666749,0.05135874693133716,0.13643663284857674,0.6965097347648102,1.0,0.7117931997710003,0.08887905288501573,0.5478489574712018,0.6123681113213606,0.7101846867712447,0.8427363194055688,0.9563186992848302,0.7063202401630713,0.06764727880417136,0.5951097011441747,0.6373151394733798,0.7115159370657798,0.7615713636704081,0.8567369066666768,0.35191171948157424,0.05833028585921108,0.22097669592036406,0.28044993900529813,0.35131358491690223,0.4310517315909395,0.4882169539553118,0.35032829938494336,0.05256988172354543,0.2677122296562707,0.298528180314059,0.34677090585142656,0.4246673355135165,0.4285715859627329,0.0039848804039259765,0.03791452785729553,-0.09487702846527102,-0.023571436703205106,-0.0003870156593620555,0.07210505723953249,0.09608464837074282,0.0028318206965923355,0.03841489333337089,-0.06553498506546018,-0.02604585975408555,-0.005553752928972255,0.06086347639560699,0.07529708147048952
qore_as_idea6,nq_125,50,True,15,5,2.0,0.5,5,0;1;4;26;36,0;1;2;4;5;6;7;8;10;21;40;47,1,1,9,3,2.3090523787832957,0.4618104757566591,10,7.352406580159326,3.8537399009661173,-0.17753661088645462,1.5446875221828216,-48.45531247781718,-48.63284908870363,-48.63284908870363,True,1.5446875221828216,0.0,3003,0.23237735518589883,0.3040358556543738,0.02687253448795135,0.03152286797754232,0.14884255276762895,0.6951829211795486,1.0,0.4618104757566591,0.4372942908897267,0.02687253448795135,0.02780095599205612,0.2830441622436495,0.9879768375213926,1.0,0.8144058526503714,0.11570783883693377,0.5681859951661942,0.6367730970252812,0.8689981981867635,0.9291530731528864,0.9753991722743465,0.7352406580159326,0.13079022754128983,0.5694085805138914,0.6127448544077831,0.7014074989243837,0.9239927527350968,0.933642833013851,0.4137841444862294,0.06453790292982867,0.2049607446515022,0.32132548835376934,0.4371336661812647,0.4777971300386893,0.5406451683765969,0.3853739900966118,0.060161758807179645,0.2846764992187902,0.3279396828705714,0.37181580077760246,0.4722041524306727,0.47438678567405473,-0.006581218161043668,0.021867037167749948,-0.08570092916488647,-0.028787597417831413,-0.0047455482184887154,0.008860793411731717,0.07913225293159487,-0.017753661088645463,0.02614385224417225,-0.07275310754776004,-0.06621710062026981,-0.004422136396169646,-0.0004091009125113511,2.779103815553352e-05
qore_as_idea6,nq_126,50,True,15,5,2.0,0.5,5,0;4;7;13;42,0;1;4,1,1,3,2,1.7908293682637946,0.35816587365275887,10,6.747412231246325,3.436742088039564,-0.06303597241640085,1.6459127197757693,-48.35408728022423,-48.41712325264063,-48.417123252640636,True,1.6459127197757693,0.0,3003,0.12053017629718858,0.3027432722362889,5.296293592087626e-05,7.139157173981116e-05,0.0008049523559682318,0.4694929638553512,1.0,0.35816587365275887,0.43616304047897475,0.0005593969539960226,0.0008632358270226618,0.01938811224294999,0.9078251459721143,1.0,0.7076031631199906,0.06358272467029427,0.5940867277311878,0.642817236863241,0.6920216893409713,0.7866984380244163,0.9004376667474548,0.6747412231246326,0.057394428889167425,0.6021937114559259,0.6081498168047199,0.67108162661836,0.7467948728052318,0.7882208824523187,0.3629134185168224,0.04168596372309644,0.22811618512867027,0.3216123732077779,0.352799559085719,0.43141409443734846,0.4623043298712881,0.3436742088039564,0.05280796778682142,0.22811618512867027,0.300782874146741,0.3496301444179554,0.3790508856995672,0.45167179109493377,-0.009111836956827095,0.02698471368137305,-0.0969739556312561,-0.05459935903549194,-5.466475267895676e-05,0.005067472979426418,0.07628961801528933,-0.006303597241640086,0.035364973042898644,-0.057561349868774425,-0.05052507609128951,-0.002319130301475514,0.018054527193307857,0.07628961801528933
qore_as_idea6,nq_127,50,True,15,5,2.0,0.5,5,0;1;4;24;39,0;1;3;7,1,1,4,2,2.0002469785483528,0.4000493957096706,10,7.377998458095565,3.6222743741538004,0.06672485489398233,1.6220273956054476,-48.37797260439455,-48.31124774950058,-48.311247749500566,True,1.6220273956054476,0.0,3003,0.1352944745049896,0.3386005209944403,0.0001668661548915773,0.0003393866814440576,0.002188893494332321,0.6016011826706299,1.0,0.4000493957096706,0.48866551673510983,0.0006190178848562344,0.0007648753419238296,0.0015667064049841057,0.998831037092395,1.0,0.7678977288231311,0.08858786255726878,0.5942441821797008,0.6395309897930165,0.7906898690153369,0.8721024675171481,0.9973478084735965,0.7377998458095565,0.10097366274054129,0.6183156845883825,0.6560713937903326,0.6949222364960044,0.8545332084228219,0.9696300462263545,0.37131907918068335,0.07311530898982097,0.22040108561401456,0.25788647473235393,0.38401556772841694,0.4670172021274037,0.5313166798931668,0.36222743741538005,0.07656052660444394,0.2300640045561541,0.24709831789259518,0.34809757351338866,0.44728210689327325,0.48468953745453164,0.012629785230882202,0.04399609453358805,-0.09458631277084345,-0.03440827846527098,0.0011005333624780067,0.08198711514472963,0.09901211857795716,0.0066724854893982334,0.045441054288669,-0.0908044219017029,-0.011284536719322197,8.742213249204878e-05,0.07929867565631868,0.08114221692085266
qore_as_idea6,nq_128,50,True,15,5,2.0,0.5,5,0;4;10;15;35,0;4;9;15;28;33;35;44,1,1,7,4,3.215715753899858,0.6431431507799715,10,8.260395044230735,4.085275301408428,0.04492222070693963,0.8695595475085702,-49.13044045249143,-49.0855182317845,-49.08551823178449,True,0.8695595475085702,0.0,3003,0.3585107855657618,0.29186429503029754,0.06440848321950378,0.07407365690163452,0.2991029748807695,0.792706851197003,1.0,0.6431431507799715,0.2968624392376181,0.2991029748807695,0.3598407882191889,0.46646961866455416,0.9996782608510864,1.0,0.8175521856605814,0.06335374744747609,0.6803080491874545,0.7364698039918876,0.813938265584049,0.9043760803992378,0.9935501234669615,0.8260395044230735,0.07718674312619453,0.7182898797133557,0.7574110931881531,0.8011281871134266,0.932981449368331,0.9651565195156253,0.4117699040679608,0.04044652857335584,0.3013837575130028,0.3573935307114974,0.4200981479925194,0.4561004474932075,0.4978383698532546,0.4085275301408428,0.04819547225960948,0.3188742864896353,0.3469222281190386,0.40303657724658193,0.47001203596727714,0.482727444223221,-0.0029938112376701243,0.0188984617443884,-0.04114214181900022,-0.020559447407722465,-0.005533766746521007,0.0270745128393173,0.052532076835632324,0.004492222070693963,0.022018848008291424,-0.01893290877342224,-0.01598448246717451,-0.001026096940040605,0.041496795713901524,0.052532076835632324
qore_as_idea6,nq_129,50,True,15,5,2.0,0.5,5,0;10;28;29;33,0;1;5;6;9;10;33;37;48,1,1,7,3,4.935387795451452,0.9870775590902904,10,7.995135293357067,4.021303366597738,-0.0237357199192047,-0.9140844288537142,-50.91408442885371,-50.937820148772914,-50.937820148772914,True,-0.9140844288537142,0.0,3003,0.726032767970375,0.2713316911452108,0.25740385873359417,0.2969990745466597,0.8536670514062378,0.992433365462912,1.0,0.9870775590902904,0.010341402572153371,0.973105149549448,0.9759166397648781,0.9842794851273808,0.9991477142746399,1.0,0.7878975019638708,0.07815442534439648,0.6335852280971288,0.6935525529076754,0.7785111758778658,0.9029946421861214,0.9936801288767942,0.7995135293357066,0.06804127180859686,0.6827945619448197,0.7163333486780323,0.8111104054084453,0.8418372031142856,0.9504484288304824,0.4118428766904473,0.0449839155725586,0.3237908539138343,0.3579915149128544,0.4108904055979278,0.4705649272918004,0.5582629965863769,0.40213033665977377,0.03280989230053434,0.34851676372807083,0.36411027129813023,0.4068300268466787,0.4215964696849656,0.4784788485571632,-0.017894125708511902,0.025227511291731727,-0.08181459903717042,-0.059287221431732186,-0.010209858417510986,0.0024381554126739484,0.041152793169021595,-0.00237357199192047,0.0023056948587516102,-0.0071194827556609885,-0.005943596959114073,-0.0014614731073379628,-0.0003573584556579469,-4.9537420272804944e-05
qore_as_idea6,nq_130,50,True,15,5,2.0,0.5,5,4;12;13;14;26,,0,0,0,0,2.3042008360647075,0.4608401672129415,10,7.940226502470022,3.767832857992175,0.20228039324283603,1.4636320219274674,-48.53636797807253,-48.3340875848297,-48.334087584829696,True,1.4636320219274674,0.0,3003,0.19982011419261797,0.25710945567721405,0.008943757996292451,0.0145878728772056,0.0948235931831936,0.46443357994998025,1.0,0.4608401672129415,0.29539746377415166,0.16569464833755093,0.19035427021567633,0.4113195543329755,0.7999371721445268,1.0,0.7998135878640841,0.06721462245896619,0.6437680555119764,0.7282461840427294,0.7856693259841177,0.9111098276302199,0.951664219373414,0.7940226502470022,0.07349473236361224,0.68818155973456,0.7273462953917228,0.7835052032537793,0.9196308962523887,0.9265993983859669,0.3935326677119866,0.04056014821363181,0.2635997394138632,0.3476392910757106,0.3908913137318469,0.45058924212449203,0.4811225699007258,0.3767832857992175,0.05446703454625698,0.27178315147410675,0.33804970635825526,0.3657978141317177,0.4621563337055553,0.4664130987882871,0.006374126220055457,0.017050452736329266,-0.009091816842556,-0.004703551977872844,0.0003271348774432914,0.022585470378398927,0.08012816309928894,0.020228039324283603,0.02623241995238456,-0.0069847896695137135,-0.003064171224832546,0.01113454475998879,0.05621206760406495,0.07230762839317323
qore_as_idea6,nq_131,50,True,15,5,2.0,0.5,5,0;4;5;34;41,0;4;15;20;23;43;46,1,1,3,2,4.322369717014027,0.8644739434028054,10,8.852496581914798,4.43324466627974,-0.0069963753223418745,0.11087494926571306,-49.889125050734286,-49.89612142605664,-49.89612142605663,True,0.11087494926571306,0.0,3003,0.5655233494143883,0.2862476367603305,0.11519035263283274,0.2081753966035763,0.6855450040487494,0.9172690021685993,1.0,0.8644739434028054,0.10161351561755447,0.7371146155968902,0.7449119462219592,0.8995964669297246,0.9716202769311396,1.0,0.8797235136409316,0.03571759341237051,0.7959539646117659,0.8366266268153536,0.8775960375807187,0.929273799960664,0.9688480227836634,0.8852496581914796,0.045709122832782556,0.8378299457386609,0.8378969622606911,0.8671449909516169,0.9512155483478602,0.9688480227836634,0.4416553263313571,0.03256892894022769,0.3703088512658334,0.40392150325968124,0.4370634586778481,0.4864860316614748,0.5316641912165849,0.443324466627974,0.028501682080960235,0.40338471722884833,0.4133951801133953,0.44464277351246484,0.47435373729003105,0.48373133389396794,-0.0017935695108913226,0.030468325495773888,-0.07720010876655575,-0.05280166864395142,0.0025921642780303844,0.027178919315338158,0.0747777879238129,-0.0006996375322341874,0.01745688223104923,-0.038152068853378296,-0.02726826548576356,0.003373083472251903,0.010041546225547785,0.027239167690277122
qore_as_idea6,nq_132,50,True,15,5,2.0,0.5,5,0;5;6;20;26,9;18;19;28,1,0,1,0,3.0010825675306583,0.6002165135061317,10,8.406994494597779,4.418305142869882,-0.21480789557099345,1.417222575339224,-48.582777424660776,-48.79758532023177,-48.79758532023177,True,1.417222575339224,0.0,3003,0.27543508282938145,0.30541859671714455,0.06372406659065702,0.065596907875041,0.11919355576440786,0.8099805367924442,1.0,0.6002165135061317,0.33747179327938054,0.15670000023351158,0.1908560140302645,0.7569749137530375,0.9381270475274862,1.0,0.8332696261756515,0.05146803467825422,0.7042543745351972,0.7677217778726595,0.8349763219719649,0.8976061766372104,0.9482988845491951,0.8406994494597777,0.03742324489252629,0.7663708749387488,0.8122093696257752,0.8419682567396664,0.8625668350554381,0.9272665831472819,0.4284414412277814,0.03624308596394562,0.332930788758528,0.37718091905738105,0.4328393239791169,0.47384745566823516,0.4987068622620948,0.4418305142869882,0.03148312753278177,0.3795239062594287,0.39342414712434287,0.4447776872818686,0.475163532202875,0.47534577386601345,-0.01180662813995566,0.027062018622358068,-0.07127035260200504,-0.055189056396484394,-0.009982948005199443,0.01911671310663225,0.08598266243934632,-0.021480789557099346,0.030018478677059764,-0.057903170585632324,-0.05408685386180879,-0.022854581475257874,0.02345199644565583,0.02657516598701476
qore_as_idea6,nq_133,50,True,15,5,2.0,0.5,5,1;22;26;35;47,2;5;9;31;47,1,1,3,1,4.221261321504315,0.844252264300863,10,8.490006223518577,4.386224033037289,-0.1412209212779998,0.16496271153297393,-49.83503728846703,-49.976258209745026,-49.976258209745026,True,0.16496271153297393,0.0,3003,0.5309028816785147,0.2793006721682103,0.054915312468933775,0.1890774081159971,0.4811045945881705,0.9465786222260879,1.0,0.844252264300863,0.14535811502270576,0.6477087320044437,0.6678158944416129,0.8938347430770746,0.992696483330172,1.0,0.8701130309315704,0.05778649303630749,0.7177292109942682,0.7845853394149496,0.8838733498857817,0.93510185070449,0.9583413188962053,0.8490006223518577,0.057727074032771684,0.7730867037467043,0.7773040554283126,0.8743352676025884,0.913797141778005,0.9220448030679181,0.4488724687219041,0.0386207595208366,0.3357343540847958,0.39737842995019207,0.45123273202025665,0.4985949318396309,0.5314443332868783,0.43862240330372887,0.03334511081481708,0.37265703615556717,0.4064464984821246,0.44357367210092113,0.4681867789712436,0.4986271598256243,-0.013815953256118863,0.02733475518943702,-0.06876838803291324,-0.0500318443775177,-0.013290512561798085,0.017399683892726923,0.054954332113266,-0.014122092127799978,0.021224811838711118,-0.05689369440078734,-0.03584991931915285,-0.010939320921897866,0.010489511489868184,0.01678808927536013
qore_as_idea6,nq_134,50,True,15,5,2.0,0.5,5,0;3;6;19;32,0;3;5;6,1,1,3,3,2.6369076756833985,0.5273815351366797,10,8.15468824093289,3.81013562175009,0.2672084987163544,1.1732279460666915,-48.82677205393331,-48.559563555216954,-48.559563555216954,True,1.1732279460666915,0.0,3003,0.2407901986926572,0.2724214392548438,0.011033945330607305,0.015895527913525307,0.13239973163544613,0.49907073724831513,1.0,0.5273815351366797,0.2530339508027254,0.2507786047071922,0.3077604354172375,0.48333398224012697,0.8038247629015096,1.0,0.8119917372743105,0.067845903314004,0.6477268647415214,0.7243453923005162,0.8100269676038301,0.8958378132231322,0.922921734005161,0.815468824093289,0.06359215788755218,0.72420849660719,0.7288799211863797,0.8414718338527292,0.8766161458452296,0.8945171026252938,0.4064714059710588,0.043595142591191086,0.29079604079169313,0.35075283840889276,0.41198271890821353,0.4561556525813198,0.49963744064559606,0.38101356217500904,0.043528151775737475,0.29079604079169313,0.3225346455946443,0.39616568714122236,0.41652105862603667,0.4461373223793126,-0.0004755373339035672,0.021829212804906087,-0.04547374546527866,-0.024091188609600078,-0.0007508805952965991,0.024016315639019015,0.07490832805633546,0.02672084987163544,0.020052336307400487,0.0011212289333343284,0.00836813926696776,0.019432318210601818,0.04527616202831268,0.07130820751190187
qore_as_idea6,nq_135,50,True,15,5,2.0,0.5,5,4;27;32;43;47,0;20;28;38,0,0,0,0,1.9617325521932325,0.3923465104386465,10,6.3891815905828935,3.195835168183407,-0.00124437289196061,1.2341026159901745,-48.765897384009826,-48.76714175690178,-48.767141756901786,True,1.2341026159901745,0.0,3003,0.17258812874935964,0.2388626456356883,0.024216917858984353,0.03266340222106446,0.09094326165037972,0.3047903949473327,1.0,0.3923465104386465,0.31099414905077827,0.12862403854393262,0.17295594458579974,0.25701215526543525,0.7346570218941058,1.0,0.6432533186407868,0.0673576243230616,0.4860013059499879,0.5739475407163418,0.6470033547628936,0.7173933045560167,0.9025128000210297,0.6389181590582893,0.035341054681181455,0.5810990722449316,0.5990623213198146,0.6411066677079744,0.6820925891990438,0.6937603520520339,0.32162001214521546,0.033648100679697895,0.24301868597173462,0.28654963924040977,0.32378430882304615,0.3580967875977261,0.45115980737164046,0.3195835168183407,0.017698570578384643,0.2906396193404126,0.29966187163831753,0.3206157496435672,0.34147907382504267,0.34724905166366743,6.647175177930464e-06,0.0004926433494069595,-0.00045016505755485214,-0.00042154093272983584,-3.064487827941775e-05,8.891022065653516e-05,0.00411546155810355,-0.000124437289196061,0.0003338095893263331,-0.00043987962417302295,-0.0004393620835617063,-0.00011658890871332761,5.174998776054069e-05,0.0007594102993607743
qore_as_idea6,nq_136,50,True,15,5,2.0,0.5,5,7;16;18;21;38,21,1,1,1,1,1.1496087900263063,0.2299217580052612,10,6.368482082166003,3.112005583064744,0.07223545801825815,1.9623967930384376,-48.03760320696156,-47.96536774894331,-47.96536774894331,True,1.9623967930384376,0.0,3003,0.08540866127738382,0.24611778946435736,0.0006354967978523583,0.0009351419719595577,0.007048332586016178,0.08551701988472522,1.0,0.2299217580052612,0.3872088347132855,0.0010452628561348194,0.003446490748087363,0.026545406069098217,0.6459879154060229,1.0,0.6805768374948642,0.08306175049415065,0.5543002208730707,0.5867111359562063,0.6658138843578943,0.8038568527244521,0.9915545879633123,0.6368482082166003,0.0808506431322133,0.5598699570362982,0.5750717511454675,0.608768764171312,0.7116196503338241,0.8501100502079367,0.33866955920943853,0.04595498145411903,0.251306877599373,0.28753801114786587,0.3340408166864884,0.4032444399032986,0.4968427267276195,0.31120055830647436,0.05512278770105172,0.2541181971591082,0.27190260150767015,0.29524646802424237,0.34287235951660583,0.4656656752857387,0.0016188595379935582,0.020649700977355093,-0.04061065018177035,-0.003957981616258621,-0.0009491756558418496,0.001235962882637995,0.09399771690368652,0.0072235458018258146,0.03788346953096768,-0.04061065018177035,-0.03208069711923599,-0.0004524366697296611,0.061291112303733825,0.09399771690368652
qore_as_idea6,nq_137,50,True,15,5,2.0,0.5,5,0;3;4;8;43,0;3,1,1,2,2,1.2719024806559591,0.25438049613119185,10,7.876172381780243,3.5865531482506277,0.351533042639494,2.3146506675946688,-47.68534933240533,-47.333816289765835,-47.333816289765835,True,2.3146506675946688,0.0,3003,0.08666313573362014,0.24695373737909587,0.0005164160302504147,0.0006114744314680433,0.0022890660566776424,0.11103402727413883,1.0,0.25438049613119185,0.37515528012625565,0.0034433445288625545,0.02536170529946342,0.07548953264450141,0.6538921428108923,1.0,0.8040239524299553,0.054811896993919786,0.6383006950492887,0.7366889488526548,0.8056469626878479,0.8749470017679504,0.9308384657944926,0.7876172381780243,0.06997337359360566,0.6737833798066832,0.6829675785634675,0.8059040642687041,0.8408374758209782,0.921346475095347,0.3776714189564791,0.05905703142178248,0.24731785755729813,0.29301921906140266,0.39538295469394247,0.4437054963453872,0.510021137593511,0.35865531482506274,0.07212278037481581,0.25061372221192013,0.2550311185883362,0.3633333195789038,0.43656724712433687,0.4603034860942738,0.024340557258498544,0.04514249667527499,-0.09532586932182313,-0.006710272878408441,0.00017132333014158174,0.09451007127761842,0.09946826696395877,0.0351533042639494,0.04609930592414794,-0.03982604146003721,-0.01008983381092549,0.030197387933731057,0.08629737913608548,0.08647208213806151
qore_as_idea6,nq_138,50,True,15,5,2.0,0.5,5,5;18;25;26;37,,0,0,0,0,2.8768083580303343,0.5753616716060669,10,7.77208464312489,3.886442850840421,-0.000400529277976569,1.0096344928100867,-48.990365507189914,-48.99076603646789,-48.99076603646789,True,1.0096344928100867,0.0,3003,0.23585689047769295,0.3221910945913865,0.012668666255575764,0.014007458766647319,0.045000086958027784,0.7542609452502255,1.0,0.5753616716060669,0.35073999374559395,0.10636802485250031,0.21091468782178152,0.43681222645526435,0.9863573697787466,1.0,0.8312089686110741,0.07988477715219627,0.7026277825147341,0.7419128323100712,0.8027610258595522,0.9350960043124703,0.9561082603917681,0.777208464312489,0.05110295555609911,0.7242685227743171,0.733837028444415,0.7605295422088625,0.815563157633117,0.9108714875999945,0.4156315607309906,0.03994480900533059,0.3513199495201737,0.37100254047539644,0.4013824288247487,0.46761878915856764,0.47812098777132295,0.38864428508404214,0.025548172657802258,0.3621864669301923,0.3669687226458434,0.3803919183764276,0.4078749674706173,0.4554313302390331,-2.70764254535258e-05,6.973576489002489e-05,-0.00015026639448478818,-0.0001240229047834829,-2.758284099402264e-05,1.7451863968753818e-05,0.0002486620331182965,-4.00529277976569e-05,9.304859376715976e-05,-0.00012766096042471364,-0.00012673632125368429,-5.109603225716963e-05,2.499290741977959e-05,0.00021020702552049242
qore_as_idea6,nq_139,50,True,15,5,2.0,0.5,5,0;3;6;31;45,,0,0,0,0,1.3111059396531834,0.2622211879306367,10,6.6002326117784795,3.219196563424337,0.0809197424649028,1.9080906237711537,-48.09190937622885,-48.01098963376394,-48.01098963376394,True,1.9080906237711537,0.0,3003,0.09076044819769034,0.24959267377100589,0.0009597846590648668,0.0011966625226568137,0.0029762231513292396,0.168332383474565,1.0,0.2622211879306367,0.3777932716217535,0.0011082608307377455,0.0011966625226568137,0.08434332391290553,0.6897300359396019,1.0,0.6901124323535359,0.06144393906072254,0.5405516070036795,0.6134447686045037,0.6866315535534394,0.7657090321660616,0.8512689814726672,0.6600232611778479,0.07851195950696324,0.5405516070036795,0.5649717344460168,0.6613456373826081,0.7242664630240697,0.8421008814723643,0.34221806811536293,0.033281324062150154,0.2564776653964696,0.30234451557906944,0.34337876513667187,0.37784992808575346,0.42640347209809526,0.3219196563424337,0.03349070535185187,0.27084896712110473,0.27278631576060813,0.33205319519272936,0.3638864356789241,0.37555027551210685,0.0028381480614050486,0.0162499413797871,-0.010609591752290704,-0.004182519093155878,-2.8901628684241398e-05,0.004983490630984315,0.09746348857879639,0.00809197424649028,0.021065447117547462,-0.01055796295404432,-0.007359016984701145,-0.0002933784053311683,0.04626770973205564,0.053175610303878795
qore_as_idea6,nq_140,50,True,15,5,2.0,0.5,5,1;6;7;16;21,1;6,1,1,2,2,4.005944235030746,0.8011888470061492,10,8.7156232863801,4.36960444600072,-0.011792802810668912,0.36366021096997336,-49.636339789030025,-49.64813259184069,-49.64813259184069,True,0.36366021096997336,0.0,3003,0.2798776896699914,0.4198785753364698,0.0005436762886783795,0.0009188127992721324,0.013960745363620007,0.9962575067774901,1.0,0.8011888470061492,0.3454555102729359,0.11436781583482536,0.42877796526564294,0.9922621554647041,0.999568429727739,1.0,0.8873674869868267,0.031843134057478545,0.7918473029070647,0.8479018469840616,0.8907552225698214,0.9219308020913017,0.9901216169141247,0.8715623286380101,0.0527821284026391,0.798785067897302,0.8191749895502322,0.8815301519119549,0.9079607764855495,0.9901216169141247,0.4361830951846905,0.034335310056465916,0.3626483818093711,0.3922601738948899,0.43982373801354885,0.4678639080354127,0.536753847187426,0.4369604446000719,0.027782891150929596,0.39884179895185534,0.4073208503372547,0.4447402500673997,0.45755477559043006,0.4956319997679449,0.007500648308722747,0.034463481197347295,-0.09908621311187743,-0.02529171228408813,0.00027705379761755466,0.05324775695800784,0.08645245432853699,-0.0011792802810668911,0.004452639627145068,-0.008479893207550049,-0.008335112929344158,-0.0006866306066513062,0.001310815811157215,0.008151543140411388
qore_as_idea6,nq_141,50,True,15,5,2.0,0.5,5,14;24;33;35;45,2;3;5;7;11;13;14;16;18;19;20;21;22;23;24;25;26;29;30;31;32;33;34;35;36;37;39;44;45;46;47;48,1,1,13,5,4.892661091017662,0.9785322182035324,10,8.469424092156384,4.242705821684347,-0.00799377560615544,-0.649955269333315,-50.64995526933332,-50.65794904493947,-50.65794904493947,True,-0.649955269333315,0.0,3003,0.8986335915693316,0.09109592852364096,0.729434763613293,0.7437550354074739,0.9299554254892274,0.9833190089556618,1.0,0.9785322182035324,0.013997035940831962,0.9604639553522273,0.9630962153409915,0.9788625462455814,0.9945159936382861,1.0,0.853432237026981,0.057673559493438685,0.7453586960337384,0.786766943100909,0.8402391885499224,0.9417302554270003,0.9819927486907674,0.8469424092156383,0.07036799536014299,0.7648924158360101,0.7688669384090633,0.8119167656579116,0.9261486814160124,0.9616721794023995,0.432217627396558,0.029567040603920503,0.37776669523968426,0.39955035422759255,0.4243029790467995,0.4722603965521355,0.510103090262971,0.4242705821684347,0.034271654831445085,0.38337380520232206,0.3838886571212873,0.40600756026155604,0.4641394447157271,0.48007331118061564,-0.0055015088830675405,0.006299867500812825,-0.022184348106384255,-0.013726433515548708,-0.004922717809677124,0.0016740548610687362,0.008659183979034424,-0.000799377560615544,0.0025775256631901766,-0.005940997600555442,-0.004314613342285179,-0.000596165657043457,0.0023194700479507667,0.0027839481830597146
qore_as_idea6,nq_142,50,True,15,5,2.0,0.5,5,4;6;10;37;41,0;1;2;3;4;5;6;7;8;9;10;11;12;13;14;15;16;17;18;19;20;21;22;23;24;25;26;28;30;31;36;37;39;41;42;43;44;45;47;49,1,1,13,5,3.4879800850106215,0.6975960170021243,10,8.491524205466202,4.534362008104766,-0.28859990537166597,1.046381923094145,-48.953618076905855,-49.242217982277516,-49.24221798227752,True,1.046381923094145,0.0,3003,0.2950009456804049,0.3308609929235955,0.042675789112409296,0.05492281510746219,0.12477146250430379,0.8425482977149593,1.0,0.6975960170021243,0.28644610663007314,0.18269257245086912,0.3742993911465763,0.7179921915340489,0.9702342807342266,1.0,0.8381604740436127,0.050465104705745174,0.7196737027434524,0.7704903165771361,0.8389024987640085,0.906221089509476,0.9481865535637356,0.8491524205466201,0.04087704281747948,0.777889465571484,0.8057178064887889,0.8470796401108545,0.9029918531363081,0.906587297164126,0.439838113220013,0.039722273780543896,0.3528277211995103,0.3848256574988443,0.44629922781724185,0.49039300682812614,0.5119331974814924,0.45343620081047664,0.021759446377794346,0.40769975745729653,0.430762038856277,0.4518553756609105,0.4806535123909656,0.49081598244246033,-0.02075787619820663,0.030316938629712544,-0.08055460453033447,-0.06134103178977966,-0.007294247299432732,0.009903491735458361,0.06001538038253784,-0.028859990537166598,0.018960065886420657,-0.05884510278701782,-0.049756582379341135,-0.03264045119285586,-0.004967170953750591,0.0015934050083160622
qore_as_idea6,nq_143,50,True,15,5,2.0,0.5,5,15;26;34;45;47,6;26;47,1,1,2,2,4.701032771670996,0.9402065543341992,10,7.396299247987199,3.7827108587062006,-0.0845612347126008,-0.9183219129647955,-50.91832191296479,-51.0028831476774,-51.002883147677395,True,-0.9183219129647955,0.0,3003,0.8280565472035492,0.10695579091955242,0.6809631886241392,0.7115815204720187,0.8022322444478693,0.9809581168750492,1.0,0.9402065543341992,0.0726234707323341,0.8022322444478693,0.8598934277070971,0.9524553895063185,0.9999839740483478,1.0,0.7343523830445872,0.049615071685461525,0.6519557616170634,0.6806199975597381,0.7343392016497531,0.7668899579810106,0.9936306718343298,0.7396299247987199,0.0918879743661358,0.6526590343255073,0.6591642336250509,0.7278711032606885,0.7826669824577033,0.9936306718343298,0.39289638845626695,0.03147821627400599,0.32701217511983066,0.358339435572896,0.3836561327743009,0.4304793699472919,0.5127049884268646,0.3782710858706201,0.04407011304447326,0.32701217511983066,0.3340188910663707,0.3701491941726355,0.4075898310707533,0.4968159319636127,-0.025720196933973406,0.02545701742938005,-0.08016612529754641,-0.06241477847099305,-0.021212458610534668,-2.2034645080548612e-05,0.012200939655303944,-0.008456123471260079,0.013582772493644032,-0.041998934745788585,-0.026930000185966512,-0.0003869563341140636,-2.4049282073984612e-05,-5.960464477539062e-07
qore_as_idea6,nq_144,50,True,15,5,2.0,0.5,5,5;28;36;39;43,0;1;3;4;5;6;8;11;12;20;21;22;28;29;36;39;40;41;43;45;48,1,1,15,5,4.9941629473728995,0.9988325894745799,10,8.813945156728405,4.407343098717521,-0.00037052035331730515,-0.5868198486553782,-50.58681984865538,-50.58719036900871,-50.587190369008695,True,-0.5868198486553782,0.0,3003,0.9988744512554981,0.002487140004167293,0.9907039532235059,0.9967816325677443,0.999817687153195,0.9999924617782676,1.0,0.9988325894745799,0.0018802087852692608,0.9950798790116391,0.9968821103840011,0.9997253677921042,0.999899808445328,0.9999545559734166,0.9140589317475382,0.030028750349439824,0.8453573296123663,0.8743813998176043,0.9143970714565857,0.9547281681607365,0.9746394192898058,0.8813945156728407,0.03271329036051,0.8453573296123663,0.8457954280183184,0.8804139665030717,0.9260025808439545,0.9466881876758046,0.4570786812586612,0.01499144745498813,0.4229470390765797,0.4371863380408975,0.4572105460642151,0.4773643391882479,0.4873050647836816,0.44073430987175205,0.016315892366946336,0.4229470390765797,0.4230053571078337,0.44019425467964407,0.4630112634711411,0.4733416858102534,-4.92153848920556e-05,0.00014478136544645098,-0.001096355915069569,-0.00015665650367735484,-2.312660217274054e-06,7.448196411119494e-06,4.578828811646618e-05,-3.705203533173051e-05,0.00010003185702960212,-0.0003331720829010121,-6.426453590395177e-05,-3.910064697271176e-06,9.121894836427995e-06,2.71141529083474e-05
qore_as_idea6,nq_145,50,True,15,5,2.0,0.5,5,17;18;25;30;33,8,1,0,1,0,1.5550493902140923,0.31100987804281843,10,7.6518199652853225,3.838154621582981,-0.012244638940319519,2.2831052313688884,-47.716894768631114,-47.729139407571424,-47.72913940757143,True,2.2831052313688884,0.0,3003,0.12411260270206996,0.24982377146084375,0.0003056729738844785,0.0012171470548439191,0.02227293981182955,0.27083600782015677,1.0,0.31100987804281843,0.36403978079305604,0.0003056729738844785,0.005905579770122712,0.2671347927263995,0.7093213938197314,1.0,0.8274344366742253,0.07738775466266151,0.646427216998416,0.7064233772503008,0.8388649040062617,0.9395730587042666,0.9591967432411008,0.7651819965285322,0.07229288847556918,0.646427216998416,0.6876857400683967,0.7578929769149916,0.8608304963136111,0.8692411511876752,0.41349396533482213,0.0412946850215041,0.30697991491593846,0.35198014029774094,0.41971946736670485,0.4686768511986193,0.4809179877570924,0.3838154621582981,0.03625278215509007,0.32647585042897753,0.3462606761831986,0.3776154046782725,0.43637163120629363,0.43642932473314655,0.00022325300229048418,0.00976291445653366,-0.018069979548454296,-0.004857328683137885,-0.00019655146170405313,0.008323030173778546,0.0790154278278351,-0.0012244638940319518,0.008046081814776902,-0.01765214204788207,-0.007540722340345401,-0.0014114322140812985,0.004074349068105216,0.016642585396766663
qore_as_idea6,nq_146,50,True,15,5,2.0,0.5,5,9;14;22;27;46,2;6;8;9;14;22;33,1,1,5,3,4.695037659365871,0.9390075318731743,10,7.660852427250855,3.870891359928604,-0.04046514630317688,-0.8241462994372672,-50.82414629943727,-50.86461144574044,-50.864611445740444,True,-0.8241462994372672,0.0,3003,0.7653311039414603,0.21408395373434777,0.37296853192572677,0.45708885741325833,0.7921845573528911,0.999802547391509,1.0,0.9390075318731743,0.08723462142539276,0.7760333488899122,0.8333992393775532,0.9996559691432879,0.9999601064894625,1.0,0.7828119641483741,0.08094721396214288,0.6697226214192107,0.6901274728618221,0.7580477833279421,0.8983281637829361,0.9864698751753629,0.7660852427250855,0.1125318208149339,0.6698701254399899,0.6787075695633875,0.6932477842696874,0.9186430782968752,0.9747838317777738,0.3980724286861818,0.0425271888395299,0.3214658050875835,0.34938381636725274,0.389216392011401,0.4529681283621959,0.5473665467891127,0.38708913599286043,0.053415845908153035,0.34210002381961957,0.3449411085641202,0.3530459665424043,0.4595596853343125,0.48738277849684286,-0.006666446611994786,0.016066792980926652,-0.06159117817878723,-0.027042639255523658,-0.001861608028411843,0.0047895646095276,0.03148567080497744,-0.004046514630317688,0.004430381144231961,-0.012681007385253906,-0.009086487889289846,-0.0015096217393875122,6.562471389859293e-07,9.13739204405628e-06
qore_as_idea6,nq_147,50,True,15,5,2.0,0.5,5,6;11;16;40;44,0;6;8;11;40,1,1,5,3,4.8840226329480885,0.9768045265896177,10,7.2915582254642,3.7056078650113813,-0.05982875227928158,-1.1784147679367072,-51.17841476793671,-51.23824352021599,-51.23824352021599,True,-1.1784147679367072,0.0,3003,0.557314833019451,0.3883338321643146,0.08131696746192221,0.13104269657301237,0.39456500475421397,0.9999613731263202,1.0,0.9768045265896177,0.03948089940771547,0.8985244608118397,0.9336598466110314,0.9992290719794727,0.9999613731263202,0.9999945159376874,0.7406681097588647,0.0745522432728761,0.5648604131062104,0.6639248428368125,0.7292899557012426,0.846696415313414,0.9763227270039843,0.7291558225464201,0.10007870351165979,0.6310492070577737,0.6426060714419998,0.6817889761299353,0.8181811106410777,0.9763227270039843,0.37572685017679386,0.05070099863789141,0.22504308106100923,0.3188282963285353,0.37633136203878853,0.43838379789882387,0.5013946733142071,0.37056078650113816,0.050634974178328775,0.3156883494090138,0.3214978469459373,0.35553664755406067,0.41034749032095846,0.4885341726736688,-0.005392795297361556,0.032326262597662185,-0.08108344674110413,-0.05122462391853331,-0.0006043910980224609,0.020665608644485564,0.07302949428558347,-0.0059828752279281585,0.016081732415103425,-0.05414916276931764,-0.008247114419937134,-0.00024094879627226118,-5.879521369931975e-05,-3.9815902709849915e-06
qore_as_idea6,nq_148,50,True,15,5,2.0,0.5,5,0;1;6;11;22,0;1;4;6;17;22,1,1,6,4,4.685166562272632,0.9370333124545264,10,8.889065273481828,4.487093547919502,-0.042560911178588845,-0.1980730143531293,-50.19807301435313,-50.240633925531725,-50.24063392553172,True,-0.1980730143531293,0.0,3003,0.6179799857533544,0.3340728944869582,0.11693466741634224,0.12814635277625017,0.7777732224502046,0.9759469094205561,1.0,0.9370333124545264,0.05914736209347606,0.8432219580351044,0.8648586266381708,0.9541583769814903,0.9961890390853066,1.0,0.8931260169388795,0.03957495161288062,0.7913731910849913,0.8392608985252691,0.894222745046936,0.94377867520436,0.9688167917829944,0.8889065273481828,0.03278921944226926,0.8468112749900769,0.849962819685914,0.8806210200228415,0.9263391821823442,0.959158651808792,0.45189688860585014,0.03024452047475083,0.33568066223867893,0.42273579787877535,0.4533886621810495,0.4866526493368115,0.5180821519729883,0.44870935479195023,0.016353730682602086,0.43341855982342653,0.43640187157857735,0.44276326480787204,0.4642115386943978,0.4898626530070571,-0.005333880136410397,0.026579394402264363,-0.08157163858413696,-0.05008496284484866,-4.7051906585715564e-05,0.02040618717670446,0.06932862401008605,-0.004256091117858884,0.008885675615769313,-0.026179981231689464,-0.013585186004638683,-2.321600914001465e-05,0.0013068521022796525,0.005505871772766124
qore_as_idea6,nq_149,50,True,15,5,2.0,0.5,5,2;4;6;12;38,2;4,1,1,2,2,4.7923297644112495,0.9584659528822499,10,8.4902932436603,4.248164881832287,-0.003018260002136175,-0.5441648825789622,-50.54416488257896,-50.54718314258109,-50.5471831425811,True,-0.5441648825789622,0.0,3003,0.4229209643240577,0.4251651489985974,0.008843538522558075,0.01672354748795166,0.20062836815849822,0.9820693302929886,1.0,0.9584659528822499,0.04297337120871941,0.8823954469571863,0.9112783722194705,0.9556480205585559,0.9998734147130441,1.0,0.8198200419205747,0.060412040595386275,0.6793260575255271,0.7414953744088351,0.8120571310518756,0.8962956907815413,0.9711121483546042,0.8490293243660301,0.05258137910929171,0.7584221970537947,0.8066936376520675,0.8540431216769752,0.8798468704466016,0.9711121483546042,0.42366158635742784,0.035925685415727195,0.3533064563075879,0.37673462904895855,0.4274414928257224,0.471731559497232,0.5089901311087011,0.42481648818322865,0.028155957129182743,0.3799541657914542,0.3997036535952827,0.42528518930255976,0.44500225319277975,0.49222632864621996,-0.013751565397140524,0.02793430438742662,-0.09549065828323366,-0.059800672531127905,-0.0026361646130680927,0.0046829222142696515,0.05818312764167788,-0.0003018260002136175,0.00402412292613984,-0.007917571067810047,-0.006794986128807056,-0.00010859966278076172,0.004326032400131225,0.004368293285369862
qore_as_idea6,nq_150,50,True,15,5,2.0,0.5,5,8;9;16;31;36,,0,0,0,0,1.2647089484318046,0.25294178968636094,10,7.418361935279548,3.649310419582404,0.05987054805736991,2.3846014711505994,-47.6153985288494,-47.55552798079203,-47.55552798079203,True,2.3846014711505994,0.0,3003,0.10987726860390075,0.24388636210932857,0.005039609422128048,0.005303840974626208,0.015326905065562422,0.16209952052692136,1.0,0.25294178968636094,0.3772088397808804,0.005516648474309958,0.007833194526696147,0.10896424945528031,0.6555680147587756,1.0,0.7845588176621918,0.08513276651413773,0.5945453816627453,0.6668724607016971,0.7848996603128018,0.907648840657293,0.9589421295367417,0.7418361935279549,0.08288120177446447,0.596413942440611,0.5995977727848429,0.7552797704193145,0.825880410308916,0.861351372674265,0.39140009403379605,0.04215107007940028,0.29694835758178134,0.33250267080460144,0.38972564432082957,0.45303387226160013,0.47919463630729603,0.36493104195824044,0.03593378051427049,0.29798904350735833,0.2997645034996489,0.3752022154740462,0.4004388960809648,0.41128934157233427,0.0008793147972998381,0.005522437581238425,-0.0030951559543609397,-0.00042805959470569864,-5.315599264588133e-06,0.0016951689124107276,0.05343787670135497,0.005987054805736991,0.016077796627170616,-0.0030186641961336136,-0.0018048010021448236,0.00011595836840572193,0.01290632024407386,0.05343787670135497
qore_as_idea6,nq_151,50,True,15,5,2.0,0.5,5,0;1;4;10;23,4;6;18;22;28;38,1,1,4,1,2.82275729640961,0.564551459281922,10,8.61958597381662,4.3657781277087855,-0.05598514080047601,1.5430208312991756,-48.456979168700826,-48.5129643095013,-48.5129643095013,True,1.5430208312991756,0.0,3003,0.2515590226483344,0.3187507709693027,0.023584364173138552,0.03422704634552414,0.12146612704156688,0.8192370761133249,1.0,0.564551459281922,0.38851464060943736,0.0634810462320852,0.12230456367202278,0.5500238504701617,0.9994850239501736,1.0,0.8416715816213117,0.05571130595336936,0.7270431795077594,0.7781201700292247,0.8360133475351307,0.9194946371696046,0.9977367541642936,0.8619585973816619,0.05197924679030594,0.7738827822788343,0.8268356374066657,0.8503200568536509,0.9092406973761574,0.9829597755185561,0.43277123709075493,0.03785495380742616,0.3676680881955759,0.38918513172120245,0.42621867667337887,0.4846106592961774,0.5334758833061853,0.43657781277087854,0.026009679662492236,0.39754710046055936,0.40194054401504337,0.4372340755958859,0.45672276663394057,0.4915201268549659,-0.011935446280099097,0.019136601760756114,-0.08637570142745976,-0.032145078182220455,-0.008183350414037727,0.005533029288053536,0.02184678316116334,-0.005598514080047601,0.011751524426674804,-0.028971707820892312,-0.016835752725601193,-0.004011610150337214,0.0019040614366531525,0.01940276622772219
qore_as_idea6,nq_152,50,True,15,5,2.0,0.5,5,0;1;2;6;20,0;1,1,1,2,2,4.9625924163572215,0.9925184832714443,10,8.571879021623257,4.293822815169158,-0.007883304357528653,-0.6687696011880631,-50.66876960118806,-50.676652905545595,-50.676652905545595,True,-0.6687696011880631,0.0,3003,0.3727967064825186,0.4633873044413939,2.960393085685946e-05,4.07468426194983e-05,0.0035953893481641694,0.9997373325309047,1.0,0.9925184832714443,0.008961574274231601,0.9799420711865438,0.9812879528812365,0.999344046587684,0.9999998092638873,1.0,0.7271946935861653,0.08205907423082925,0.5592894755286377,0.6361699980458527,0.7110742173751649,0.8394019367038691,0.9910344755994722,0.8571879021623257,0.05867035772361707,0.7950721740221726,0.8061325744944504,0.8434589716606381,0.9266855785962235,0.9910344755994722,0.35692859157387175,0.05675465476033885,0.21711339149830244,0.28008172962023187,0.35644009015140343,0.4236295186903652,0.49552019419011695,0.42938228151691576,0.02996199670771802,0.3975431084382408,0.4031894107737984,0.42257402106190933,0.46872754443269427,0.49552019419011695,0.006668755219210912,0.03440860775196761,-0.09612196087837221,-0.0031254839897155605,-7.438612374233156e-06,0.06283309102058446,0.09964857697486879,-0.0007883304357528653,0.001789006441626189,-0.005982732772827126,-0.0019884622097015355,-2.4142861366288626e-05,-5.102157592751234e-06,-2.9563903808371705e-06
qore_as_idea6,nq_153,50,True,15,5,2.0,0.5,5,9;11;12;30;46,0;1;46,1,1,2,1,2.3560193356943153,0.4712038671388631,10,6.942773820380629,3.2587917968234725,0.21259511336684234,0.9027724611291572,-49.09722753887084,-48.884632425504,-48.884632425504,True,0.9027724611291572,0.0,3003,0.24553715540292434,0.2383434650909662,0.026377081041142572,0.048823562033222107,0.16634545871143275,0.44784732411460304,1.0,0.4712038671388631,0.28086352969999623,0.22368994833880085,0.23753390718653344,0.38285200511913087,0.7964710147113006,1.0,0.7187036626200285,0.08140282055003803,0.5048148424709088,0.6316537442851087,0.7076391266879016,0.8360032750192222,0.8810390869623616,0.694277382038063,0.05452797984804724,0.6311067966007992,0.6363192434651428,0.6798076933399324,0.7861018053408199,0.7899888179333061,0.34043487420481483,0.0506861747597982,0.2312632706137977,0.26779210481268767,0.34257079462069856,0.4107222126283596,0.4352300265339308,0.32587917968234725,0.041239812097311174,0.2731878890287779,0.2916487207571159,0.313297023546401,0.3873196854797866,0.41194460499440877,0.018916957105199497,0.029882261684338444,-0.022887450456619274,-0.009454165399074555,0.005448661372065566,0.06561831355094914,0.09083409309387208,0.021259511336684234,0.02744562082766143,-0.016950196027755715,-0.009717890322208423,0.012673753872513793,0.05781270146369932,0.057868802547454856
qore_as_idea6,nq_154,50,True,15,5,2.0,0.5,5,2;9;15;27;42,,0,0,0,0,2.5656907262960345,0.5131381452592069,10,8.770677776844177,4.519458032131629,-0.13411914370954026,1.9537673058355947,-48.0462326941644,-48.18035183787394,-48.18035183787394,True,1.9537673058355947,0.0,3003,0.1814584896477531,0.33710132373899143,0.0034474924396700715,0.0037473804985694373,0.015155668986172184,0.7783739461972039,1.0,0.5131381452592069,0.41897653130159357,0.0053147511246182996,0.009751094808720004,0.7400413635236109,0.9215716005251731,1.0,0.8932389919437144,0.03360979848948984,0.8027547226253933,0.8447681988824791,0.8981064181163769,0.9320623652942489,0.9553666742846327,0.8770677776844178,0.047859054259848446,0.8188178041590437,0.8220578409560322,0.8638248847860117,0.9363288036191437,0.9452758521739885,0.4590976901800077,0.037375261818474385,0.35359935045167323,0.4158597609153425,0.453638352637727,0.5181161287310484,0.5475018665643654,0.4519458032131629,0.047085382919168285,0.40140908445619217,0.4099807100616918,0.4365831753502133,0.5256447195543994,0.5475018665643654,-0.012478194208150462,0.029840548654000747,-0.07486394047737116,-0.05995236515998843,-0.0006549320183694141,0.016005581319332145,0.06011660695075988,-0.013411914370954025,0.031293853654942735,-0.07486394047737116,-0.062034328579902605,-0.0013859657570719774,0.018912882208824148,0.023221695423126243
qore_as_idea6,nq_155,50,True,15,5,2.0,0.5,5,7;18;22;33;42,,0,0,0,0,2.290929946890881,0.45818598937817623,10,6.725530340256641,3.372670594656144,-0.009905424527823892,1.0817406477652631,-48.918259352234735,-48.928164776762564,-48.928164776762564,True,1.0817406477652631,0.0,3003,0.22837391651800695,0.25286563870568085,0.030590506027212187,0.04448548475518501,0.15057102229247601,0.5085237945745278,1.0,0.45818598937817623,0.3240744710348403,0.07026124773525068,0.1465966030330687,0.33608821665486477,0.849392338608388,1.0,0.7515813625810347,0.09312167544643385,0.5110233614192161,0.6126043878965327,0.7656221219027011,0.8658554404342622,0.9274238675226398,0.672553034025664,0.06596202994552251,0.5618814159050374,0.5949343220654899,0.6847467930925834,0.7553436461401658,0.7678793098015115,0.37439816299749357,0.047683566741278466,0.24782685758400724,0.306690210272492,0.38208264111426776,0.43504135781337067,0.4706625394219969,0.3372670594656144,0.035083359772281254,0.2829194711454108,0.29537047140989575,0.34375186199014124,0.3841875256753304,0.3853355167052411,0.0013925182930238187,0.006519551136221207,-0.007934729754924763,-0.004798486828804005,-0.00025586909614505604,0.007870674282312409,0.03368274271488192,-0.0009905424527823891,0.005085462102722333,-0.007084573805332173,-0.006095711402595022,-0.0017292032018303982,0.003513915743678816,0.012193498015403759
qore_as_idea6,nq_156,50,True,15,5,2.0,0.5,5,1;3;7;9;16,0;3;4;5;6;7;8;14;16;17;24;27;39;42;43;49,1,1,9,3,4.221852057700074,0.8443704115400148,10,8.82560056660679,4.451923836341038,-0.03912355303764342,0.23007177864096384,-49.76992822135904,-49.80905177439668,-49.80905177439668,True,0.23007177864096384,0.0,3003,0.5815967265198887,0.22365916861279994,0.2927789513050607,0.3340258336591213,0.6100862307598982,0.9214012431620898,1.0,0.8443704115400148,0.13166259226460358,0.6533110272326749,0.6934728861610736,0.8374698519307332,0.9909422015931977,1.0,0.8922785237705871,0.03297303973774005,0.8153574152719382,0.8548566094741983,0.8918023866897363,0.9363756687554643,0.9825039947372144,0.8825600566606789,0.03998233422298085,0.8267192456776074,0.8582995155859825,0.8654012339453423,0.9160537883535783,0.9825039947372144,0.43919526066761044,0.034234434839999696,0.3660910803663387,0.3999078454826713,0.43434230556957837,0.48516490403175333,0.5550991171394558,0.4451923836341038,0.02372250074672416,0.3977908777025427,0.4269978405738292,0.4462847956588131,0.4680902664311608,0.49480380834845034,0.006944001217683157,0.02525856543226173,-0.08720304965972903,-0.025259720087051397,0.007050657272338889,0.033852175474166885,0.05486497879028318,-0.003912355303764342,0.009381735601078987,-0.016296780109405495,-0.015462629199028032,-0.002871295809745794,0.005046525001525866,0.015568745136260997
qore_as_idea6,nq_157,50,True,15,5,2.0,0.5,5,0;1;10;31;49,0;1;49,1,1,3,3,2.4982886367059853,0.49965772734119707,10,7.270359531888193,3.616535091821764,0.01864467412233356,1.1182464551157785,-48.88175354488422,-48.863108870761884,-48.86310887076189,True,1.1182464551157785,0.0,3003,0.17067528132945584,0.3433223457599231,0.00013413633987799533,0.00014242084793599302,0.0003713879954406442,0.7786627241862369,1.0,0.49965772734119707,0.4367304912529087,0.00016771669010873247,0.02063165136899927,0.44706647895443963,0.9998907550696409,1.0,0.7792767775240517,0.08097977801733548,0.6221584460005143,0.6731265175940514,0.7719640171161876,0.8977909002554887,0.9616185129263017,0.7270359531888194,0.08296566272583206,0.6221584460005143,0.63023008327096,0.707300227769631,0.8114072026566874,0.9182237780245253,0.382568020347525,0.050758960157064485,0.24149551201671232,0.31919347508808865,0.37940657386959353,0.453517523768607,0.4809611431842925,0.3616535091821763,0.04656391545837057,0.31104506953880084,0.31509510924622064,0.35229990662691013,0.44008739360949456,0.4591181355790351,0.007070368414500818,0.024350353339693414,-0.043027031421661366,-0.004689002037048318,5.0373841077311354e-06,0.035104278922081004,0.099713933467865,0.001864467412233356,0.02100564186287216,-0.038203519582748424,-0.008780829310417175,-0.00020617544651030384,0.021494656950235346,0.050982367992401134
qore_as_idea6,nq_158,50,True,15,5,2.0,0.5,5,7;14;22;25;26,,0,0,0,0,1.4385683233030826,0.28771366466061654,10,7.071060596142258,3.3782244422083316,0.15730585586279633,1.939656118905249,-48.06034388109475,-47.90303802523196,-47.90303802523195,True,1.939656118905249,0.0,3003,0.10318927859221882,0.2457696504455646,0.002469679774676407,0.0034947388701065305,0.010028775180068976,0.15870290868838938,1.0,0.28771366466061654,0.36050680316868716,0.00809725922803341,0.054109246320257556,0.12851696790741965,0.6715307476836144,1.0,0.7112631417759978,0.05051479510382131,0.6052635170362864,0.6456398949773373,0.7130995439335466,0.7739635928319156,0.8621464264262653,0.7071060596142257,0.052853694705488924,0.6442553026077753,0.6508250267232831,0.6892874618658484,0.7735199106224181,0.8098288371930434,0.34853872904302086,0.03086130995674152,0.26505466021247404,0.3106742847916906,0.35192299906281016,0.3848979733809664,0.43109165509831854,0.3378224442208332,0.04096702090610839,0.2659255197474994,0.27954133085464394,0.33548161225057427,0.3788735095512206,0.4052315999639488,0.007092841844978034,0.017434424877002672,-0.0022751057520508655,-0.0003761688247322925,0.00024057463742793717,0.023361142873764073,0.09696593284606936,0.015730585586279634,0.025285538427713167,-0.0003258809447288513,-0.00031805132515726474,0.0020763231907039714,0.04983956992626192,0.07944157123565676
qore_as_idea6,nq_159,50,True,15,5,2.0,0.5,5,15;17;25;27;40,32;49,1,0,2,0,3.2077251772009245,0.6415450354401849,10,7.145377569418241,3.54314252387538,0.029546260833740234,0.33541734667445544,-49.664582653325546,-49.6350363924918,-49.635036392491806,True,0.33541734667445544,0.0,3003,0.23057642021766858,0.3631921347003938,0.0010955206300150302,0.0018765715841142722,0.04535864862495994,0.9193531366140518,1.0,0.6415450354401849,0.374131101820571,0.06944143504358874,0.1776227888916534,0.7984010844104972,0.9999951352332354,1.0,0.7487187848738004,0.0658540143016545,0.6273761698050032,0.6764903075717983,0.7374083291104443,0.8193208436823994,0.9608526390611256,0.7145377569418241,0.0778386506906023,0.6470141282636521,0.662901236958293,0.6917301051093766,0.7640420157741374,0.9335939959605442,0.36944700403189146,0.040729356059184985,0.2515982744335816,0.3276632146296751,0.36859514690368406,0.41728598881679085,0.4722658485437026,0.35431425238753805,0.04203162026048365,0.304337667969793,0.3193121330669777,0.3461205866075371,0.3829142734920416,0.46680084844032455,0.0049123884050086865,0.02746640385309753,-0.07111145853996276,-0.010251749753952022,-9.579658508301891e-05,0.034424284696579016,0.09375468492507938,0.0029546260833740235,0.006859068593671625,-0.003044480085372947,-0.001197328567504885,-0.00022659003734587513,0.013738035559654242,0.01916939616203306
qore_as_idea6,nq_160,50,True,15,5,2.0,0.5,5,4;12;25;41;48,4,1,1,1,1,4.886625539303988,0.9773251078607975,10,7.405512967891585,3.7174420849418106,-0.014685600996017456,-1.169183454362177,-51.16918345436218,-51.18386905535819,-51.183869055358194,True,-1.169183454362177,0.0,3003,0.6724235181201619,0.38051543195572585,0.034820770640464925,0.11829725017245708,0.9294152460755838,0.9962200185881596,1.0,0.9773251078607975,0.02590692414362409,0.9333141735735867,0.945022379661635,0.9910799378692812,0.9998586956269647,1.0,0.7850406476889297,0.05638773399453914,0.6482330586020736,0.7243136213051051,0.7820778338062148,0.8660579921766297,0.9363065129736569,0.7405512967891585,0.03772558062384105,0.6901429339884184,0.6926089618223573,0.7477740764956926,0.7844804178855215,0.7890870099270134,0.406923786424737,0.03639137119249807,0.2892242818361697,0.36912498381698866,0.40340877248523105,0.45893085537441003,0.5092757733300329,0.371744208494181,0.01861709615133558,0.34473912937633505,0.3480455284127427,0.37628323735501645,0.39284011039656835,0.39488258386670494,-0.014403462580272128,0.026047203758140108,-0.0951897859573364,-0.05781175136566165,-0.0033347442746162193,0.0015475213527679727,0.06948147416114808,-0.0014685600996017455,0.0019173265910392937,-0.006264597177505493,-0.003526930809021006,-0.0008945554494857733,1.2038946151754365e-05,0.0003323376178741566
qore_as_idea6,nq_161,50,True,15,5,2.0,0.5,5,1;2;6;9;27,2;12;21;25;32,1,1,1,1,1.0210006861739234,0.20420013723478467,10,8.539617712839028,4.128094920258265,0.14171393616124983,3.1070942340843417,-46.89290576591566,-46.751191829754404,-46.75119182975441,True,3.1070942340843417,0.0,3003,0.06906437959453653,0.24881712456737873,0.000630016956097572,0.000769263663682933,0.0016198313700177657,0.009042843010858056,1.0,0.20420013723478467,0.3979144930319591,0.0012545078444088716,0.0018473008114104354,0.005814849148515055,0.6044779355676347,1.0,0.8596783570227259,0.03706217568140949,0.7919276767736331,0.8149986396765583,0.8548446832528194,0.9171492249686387,0.9550085302784225,0.853961771283903,0.029229776013593254,0.8026195899665705,0.8088004566066287,0.8577929793494812,0.8843577645522801,0.8915046046208146,0.43060042863458936,0.02552890337478566,0.3537470902709385,0.4060114204456313,0.4285389055823685,0.4660290259792742,0.4983049235782513,0.4128094920258265,0.04185935689208988,0.3537470902709385,0.3632512014382644,0.41664451917449935,0.4725778300175769,0.47267416010580054,-0.0007612501232263932,0.01756167234610339,-0.038232597708702076,-0.02966831862926482,5.475483485495314e-05,0.0035090333968401037,0.07186148166656492,0.014171393616124984,0.040120940265795706,-0.03687673807144165,-0.035633829236030576,0.00913089676760137,0.06770497500896454,0.07186148166656492
qore_as_idea6,nq_162,50,True,15,5,2.0,0.5,5,1;4;6;17;46,1;4;17;46,1,1,4,4,4.857751288991583,0.9715502577983166,10,7.827820481251692,3.933957374786842,-0.020047134160995517,-0.9237939142047411,-50.923793914204744,-50.943841048365734,-50.94384104836574,True,-0.9237939142047411,0.0,3003,0.39041113007728645,0.42620279260797733,0.0011365155774563835,0.0020143454713683426,0.1582706612009516,0.9819886174275877,1.0,0.9715502577983166,0.02775039380923773,0.9186238682843512,0.9418046063481825,0.9777120346519688,0.9939358690445335,1.0,0.7548650018283111,0.07714397528277192,0.5896063754312288,0.6578535817275231,0.7515632823314772,0.8518503312101091,0.9954629919022873,0.7827820481251692,0.05953050591802624,0.7329971636696736,0.7395273609368274,0.7570365714630587,0.8949817310475899,0.9039489850659316,0.3926901257478227,0.055636241593014654,0.19599889861306008,0.3262468939288887,0.39270218832538784,0.4621446601634209,0.5307425891168528,0.39339573747868417,0.031754470876689,0.3648153883896311,0.3724223611458276,0.3796747209980557,0.44862209313629037,0.46309606359696115,-0.015257624833667209,0.03472157098645392,-0.09432775378227237,-0.07229712963104248,-0.007065758109092712,0.010100195109844211,0.09880428910255434,-0.0020047134160995515,0.003581912857229082,-0.011121571063995361,-0.005505497455596913,-0.0002669990062713623,0.0008261740207672005,0.0016831934452056774
qore_as_idea6,nq_163,50,True,15,5,2.0,0.5,5,1;2;4;30;34,,0,0,0,0,2.88902709883366,0.5778054197667319,10,7.0016096071529965,3.7644556979278017,-0.26365089435130357,0.8754285990941417,-49.12457140090586,-49.388222295257165,-49.388222295257165,True,0.8754285990941417,0.0,3003,0.19595370638359325,0.38374713271595556,0.0005152305801931336,0.000639129121277501,0.004577705251586932,0.952175286980478,1.0,0.5778054197667319,0.47225678999029175,0.0005743606957782214,0.000849201848260212,0.9006973887803048,0.9945975543122374,1.0,0.6989293213645643,0.06511001969891886,0.5860111247961509,0.6170083665258072,0.6888025320000364,0.7739113348816331,0.9877180006845907,0.7001609607152998,0.12945591127449552,0.5893546303883794,0.6093005781559705,0.6355403772477239,0.8624917694152274,0.9877180006845907,0.36268261669739615,0.03921344444421774,0.2942316904770726,0.3210257760770018,0.3562473303700043,0.41710236812416046,0.48642409576694745,0.3764455697927802,0.04978314798474498,0.299427019065784,0.31618301127276255,0.3740569873808756,0.42425929527585104,0.48642409576694745,-0.013217956015113965,0.027751594451074547,-0.08287191390991211,-0.06423829317092895,-0.0004190628416836373,0.006534761190414454,0.028168147802352883,-0.026365089435130357,0.034521392210858294,-0.08287191390991211,-0.07372514665126803,-0.017118236515671015,0.007559704780578613,0.00868290662765503
qore_as_idea6,nq_164,50,True,15,5,2.0,0.5,5,4;30;32;40;49,4;32,1,1,2,2,2.7295165062672355,0.5459033012534471,10,7.2770348874884165,3.6398680722822654,-0.0013506285380572858,0.9103515660150299,-49.08964843398497,-49.090999062523025,-49.090999062523025,True,0.9103515660150299,0.0,3003,0.2045694902626543,0.323310832340771,0.011139950312932526,0.012579076618976759,0.02651765227280469,0.7599249549417914,1.0,0.5459033012534471,0.37073867559587415,0.020198607439025348,0.11448926002313196,0.5605532050777977,0.9571357819404482,1.0,0.7500124484474293,0.07560162236657539,0.6173826887918505,0.6776379769180325,0.7331198078650751,0.8220845596416996,0.9916811686892356,0.7277034887488416,0.056446954465889716,0.6352919124058442,0.6547634135639803,0.7298958857683595,0.7986957482793761,0.809163786533612,0.37456291483418036,0.03818708895463358,0.3082367686877893,0.3367466347639266,0.3663339725340631,0.4113880646563672,0.495848389875531,0.3639868072282265,0.028295604872872707,0.31744287938303284,0.32786995548459447,0.3655115156737222,0.3990916755323029,0.4048609042388141,0.0004433093895342923,0.0013888788077969568,-0.0007516860496252775,-0.0006451830919832147,-7.805530913174152e-06,0.0017625942081212832,0.007483416795730613,-0.00013506285380572857,0.0004605911048099793,-0.0006895848084241263,-0.0006661768769845478,-0.00021117475116624873,0.0003630820428952351,0.000789823383092858
qore_as_idea6,nq_165,50,True,15,5,2.0,0.5,5,3;6;12;17;24,0;3;5;12,1,1,3,2,1.5791396102217223,0.31582792204434446,10,7.216014749242252,3.4603524251199693,0.14765494950115676,1.881212814898247,-48.11878718510175,-47.97113223560059,-47.9711322356006,True,1.881212814898247,0.0,3003,0.1501542834265738,0.2456609834196955,0.004720885430980973,0.0068135388547102115,0.06276019924031784,0.2758858586116637,1.0,0.31582792204434446,0.3566809230786616,0.02026529265887943,0.0372632552914548,0.18711178756136498,0.7236009323044641,1.0,0.751740938820087,0.07800611366381933,0.5226861652345332,0.6551528103206042,0.7462699592080996,0.8567089868410367,0.9338345467186335,0.7216014749242252,0.08964213516617504,0.5683768249936224,0.6374218410914443,0.7093938499817387,0.8426954342752668,0.8499249150447876,0.3730424522228718,0.059254194634489124,0.21034988052583342,0.29177506912301177,0.37657485245843325,0.4469331695012363,0.49013214216874323,0.3460352425119969,0.06769538613333907,0.21034988052583342,0.2745353155512167,0.3573537314111383,0.43182421276122196,0.43413364540004884,0.0028280171871717477,0.030085257797249507,-0.08304357528686523,-0.022134349644184103,-0.0012324750423431396,0.04504013299942018,0.09651175737380985,0.014765494950115676,0.030950661877989328,-0.020893514156341553,-0.01760218620300294,0.00752174500375985,0.05550126671791079,0.07383853197097778
qore_as_idea6,nq_166,50,True,15,5,2.0,0.5,5,0;4;11;12;16,0;1;2,1,1,3,1,4.810567859281019,0.9621135718562035,10,8.020173145914969,4.014744079900233,-0.004657506942748968,-0.7958237793807852,-50.79582377938078,-50.80048128632353,-50.80048128632353,True,-0.7958237793807852,0.0,3003,0.755797133699925,0.2716932288532567,0.3437491730022812,0.37105048053731426,0.9166120165284214,0.9999151181799467,1.0,0.9621135718562035,0.07078881894690056,0.8205688928263416,0.8905848304144831,0.9962864203726686,0.999241523714125,1.0,0.8088640854735055,0.08321957638377386,0.6291248901665408,0.6933834249554589,0.8126822018604885,0.9125383061123451,0.9556729270077785,0.8020173145914968,0.05954121538266888,0.692344786167408,0.721445829931658,0.8116879880124301,0.8618453259685886,0.8828780049991715,0.4023858249035062,0.04721746838454155,0.2750941942421216,0.3398382547553873,0.4110921341040765,0.4570061900895244,0.48089391952042976,0.4014744079900233,0.029165180093109023,0.3485957927705174,0.3611650258619395,0.4056717038002596,0.4309930739511675,0.44147095058918534,0.0020462178332465056,0.015937288778171563,-0.05584789514541627,-0.0052736020088195775,-3.247261047362171e-05,0.014337341785430929,0.05759757161140444,-0.0004657506942748968,0.000958202155510852,-0.0024233996868133767,-0.002316679954528811,-3.9932131767256296e-05,0.00015041530132294805,0.00029276013374329724
qore_as_idea6,nq_167,50,True,15,5,2.0,0.5,5,2;4;18;24;26,4;5;24,1,1,2,2,2.836056860794305,0.567211372158861,10,8.579604624637376,4.1676679158848575,0.12213439643383034,1.3316110550905527,-48.668388944909445,-48.546254548475616,-48.546254548475616,True,1.3316110550905527,0.0,3003,0.25453794722965434,0.26984438656008153,0.02418463331023555,0.024956148652466252,0.12121462280521023,0.5841620376524802,1.0,0.567211372158861,0.24313416304798666,0.31689212519674376,0.3420402715347805,0.4973965454047746,0.8568022796603804,1.0,0.8322207448884084,0.05849788799378659,0.6938682475133668,0.7536660363251334,0.8405831433283681,0.9105851875642701,0.9529026361001262,0.8579604624637376,0.04721780217128097,0.7878315111953735,0.7931301253414398,0.8718721665854507,0.915053488650335,0.9351132456871943,0.39756807850960907,0.05502364873688354,0.2646644492171174,0.31358157080096866,0.4053182271110825,0.46463218080945984,0.5214346878139794,0.41676679158848584,0.03474104734974949,0.34790331308932065,0.383296745956908,0.4158911296544885,0.4583245638203686,0.4655585559414365,0.018542293934595017,0.03659383054202526,-0.08405029177665713,-0.024177397489547715,0.013150066137313843,0.0708565950393677,0.09508577585220335,0.012213439643383034,0.023850413108463912,-0.02526368498802184,-0.011828424930572528,0.003013035655021673,0.04871332079172134,0.04895611703395847
qore_as_idea6,nq_168,50,True,15,5,2.0,0.5,5,1;4;14;21;31,0;4;17;19;39,1,1,2,1,3.507623936654281,0.7015247873308562,10,8.057851765580109,4.300741860780682,-0.27181597799062723,0.7931179241264008,-49.2068820758736,-49.47869805386423,-49.47869805386423,True,0.7931179241264008,0.0,3003,0.32174294050281105,0.3317797290972354,0.027728236088190594,0.035202116203621965,0.1742870885760845,0.9300289816784321,1.0,0.7015247873308562,0.30514148429875015,0.29583406403938733,0.32458060655342064,0.8821234484791087,0.9847864015245258,1.0,0.8128805946009044,0.06650306863440167,0.6946427724112643,0.7268672532540325,0.8062494487840295,0.901693813278429,0.9657506973859467,0.8057851765580109,0.03503167078112148,0.728437009749651,0.7801923308680471,0.8052425061169196,0.8320067707821228,0.8735884298737313,0.4222297784145162,0.044046842788553336,0.2992558265320462,0.36865678872400764,0.43018745343415954,0.4704558663251486,0.504564480548938,0.4300741860780681,0.01763806547298537,0.40643014020116924,0.40941137057948407,0.428868256951763,0.4553480180295768,0.4654018867873896,-0.015789481114063943,0.026387678770961116,-0.06878191232681274,-0.05580585360527039,-0.012492151558399223,0.012449864149093643,0.06365454792976383,-0.027181597799062724,0.02414779288693716,-0.06328410506248472,-0.061461924910545356,-0.02295607328414917,0.0023996192216873373,0.00390918254852296
qore_as_idea6,nq_169,50,True,15,5,2.0,0.5,5,5;9;14;22;48,0;1;4;6;8;15;17;18;19;20;22;25;31;33;41;44;46,1,1,5,1,1.0719709460616205,0.2143941892123241,10,8.566633548285932,3.8083095438201577,0.4750072303228081,2.7363385977585373,-47.26366140224146,-46.78865417191865,-46.78865417191866,True,2.7363385977585373,0.0,3003,0.07523690971979276,0.2473381613156507,0.0009743533210876814,0.001002652197261667,0.0050150482032775435,0.03196606424898575,1.0,0.2143941892123241,0.3929951470481803,0.0010178458848614917,0.0042230428886133875,0.02593646410262436,0.6143943190719574,1.0,0.875869422548533,0.04832137964091608,0.791457358103162,0.8186717344908219,0.8690412582466355,0.9474781633158292,0.9660161799223285,0.8566633548285931,0.03446871232172467,0.8134080122627745,0.8299897084851714,0.8461234599948586,0.9076474145088319,0.9340673676620674,0.4275646609966224,0.042588595607826255,0.3038875686732946,0.36288744854603083,0.4364817043232295,0.4731050186677759,0.5023484485687513,0.38083095438201575,0.044291512594002894,0.32431621064817995,0.33499501495796735,0.3686338937768743,0.45347263765688856,0.4670544512999928,0.010370050277644104,0.026069244318551014,-0.0254134923219681,-0.0005608680844307101,0.00031502756755796835,0.05380144476890566,0.09869012236595154,0.04750072303228081,0.02944626891574943,-2.076746895907089e-05,0.00035106959752738697,0.0563199058175087,0.07276876091957092,0.09298549294471742
qore_as_idea6,nq_170,50,True,15,5,2.0,0.5,5,0;2;4;7;30,0;1;5;8;21;45,1,1,3,1,2.91725852558361,0.583451705116722,10,8.395563012593872,4.056411761161629,0.1413697451353073,1.1391532355780187,-48.86084676442198,-48.71947701928667,-48.71947701928667,True,1.1391532355780187,0.0,3003,0.3100843568947596,0.2572541652536244,0.06664844630114276,0.09094923664059261,0.22879399614449672,0.6514707006352598,1.0,0.583451705116722,0.26928702862503134,0.24253901042895468,0.3189154393312053,0.46636479423392213,0.9099498552944607,1.0,0.8411819635711434,0.05161753666155131,0.7179803244458146,0.7765171393718094,0.8359088607451124,0.9131673799509389,0.9460750558885074,0.8395563012593872,0.054792655291906696,0.7549269412947006,0.7778250901272686,0.8401463215832488,0.9076280984087258,0.9194617257089497,0.3962724267420049,0.046378272324360446,0.2978708998369636,0.3275173469348662,0.4048155179175944,0.45657072266874027,0.4856174076969373,0.40564117611616285,0.033958254695909164,0.3533834687294711,0.3547489785469624,0.4043411585333236,0.44526917432876373,0.459371506451124,0.024318555043566798,0.031460660691683996,-0.05824215412139894,-0.010411768257617948,0.022203755378723156,0.06826842784881593,0.08978526592254638,0.014136974513530732,0.019686406665562043,-0.00946403741836549,-0.005225964784622184,0.006339344382286061,0.04134660542011263,0.04348098933696748
qore_as_idea6,nq_171,50,True,15,5,2.0,0.5,5,2;16;24;32;42,2;4;6;15;24;32;42;44,1,1,5,4,4.949360366060392,0.9898720732120785,10,8.747262835236743,4.420221364365197,-0.04658994674682615,-0.5291390016951949,-50.52913900169519,-50.57572894844201,-50.57572894844202,True,-0.5291390016951949,0.0,3003,0.651241017617741,0.33829736010112316,0.15565346649467782,0.19351230232010216,0.7600811415827733,0.9981222685633553,1.0,0.9898720732120785,0.009522005809914894,0.9746941088952367,0.9778770308503696,0.9960868617434374,0.9981222685633553,0.9987553795394783,0.8531441206088378,0.0460596733383513,0.7634389776519799,0.79179441767225,0.8496399333994461,0.9128849980098804,0.9702498312973658,0.8747262835236743,0.05442149159578742,0.8078715259163067,0.8251886079274048,0.8527480338125322,0.9531151444859645,0.9694429075428773,0.45996811712394864,0.035417362841470686,0.3957506187386233,0.4151328519567601,0.4544852560518495,0.5112566836493101,0.5625386295807202,0.4420221364365197,0.026508789924944886,0.405672314481362,0.4135088174324447,0.43318298926496973,0.4774566731426786,0.4848120885942841,-0.033396056819529764,0.029883557699852497,-0.09582925438880918,-0.0802558946609497,-0.02843981087207792,-0.0007538962364196811,0.014155317842960369,-0.004658994674682615,0.005613270247738318,-0.01505877375602721,-0.013125088810920704,-0.001451176404953014,-0.0006460022926330746,-9.063482284543678e-05
qore_as_idea6,nq_172,50,True,15,5,2.0,0.5,5,5;8;20;46;49,,0,0,0,0,1.48686100663873,0.297372201327746,10,6.886754828437727,3.1029939894692657,0.3403834247495978,1.6161329828305357,-48.383867017169464,-48.04348359241987,-48.04348359241987,True,1.6161329828305357,0.0,3003,0.10939874812089476,0.2539748928683284,0.0023982544785807747,0.0040649903458498315,0.00940668185307255,0.2511819377527653,1.0,0.297372201327746,0.3740318201740756,0.005233643486200877,0.01784225642318136,0.07870687320780399,0.7464661256464293,1.0,0.7048966445920558,0.07129208780537877,0.5911141483097001,0.6401538459935171,0.6875701617168434,0.7682915296718004,0.9969754560720111,0.6886754828437727,0.043766855652514015,0.6388932327778085,0.6434278864680435,0.6719563329990602,0.7476212258296094,0.7566440789527369,0.32895696959083165,0.05840690165963108,0.2078923535706592,0.2504538235983633,0.33329571729098295,0.3892354113694353,0.4985164291305668,0.3102993989469266,0.058268722927914025,0.22162995240842026,0.23929178661992961,0.3285624398017553,0.3799641347237498,0.3825548514610206,0.02349135270519626,0.0404955068465529,-0.009382101893424977,-0.0033252936601638862,-6.856666877863571e-05,0.09925466418266296,0.09992752671241761,0.03403834247495978,0.045779020689785864,-0.009245508164167415,-0.00496944908052685,-0.0009488537209108583,0.09292916417121888,0.097816663980484
qore_as_idea6,nq_173,50,True,15,5,2.0,0.5,5,0;1;2;3;29,0;1,1,1,2,2,4.53462624014615,0.90692524802923,10,8.904616751255249,4.460345304996598,-0.008036929368972823,-0.07428093514955236,-50.07428093514955,-50.08231786451853,-50.08231786451852,True,-0.07428093514955236,0.0,3003,0.385166133544154,0.4143384828472574,0.0010541744921162433,0.001201978338112118,0.059243585744546426,0.9918751734643501,1.0,0.90692524802923,0.12062870922383769,0.6863143015635821,0.7592381113808491,0.9796884701057073,0.9999998569480447,1.0,0.7535083613428193,0.10852498070889781,0.46777604025552594,0.5831640426213212,0.7652210392541802,0.8979447899252743,0.9680288452773953,0.8904616751255249,0.019606578444068247,0.8634984398777981,0.8639543807125508,0.8887696861255454,0.9106441335135206,0.929908210278519,0.3673949348509065,0.0652012617454983,0.17208308955198864,0.2881349733392836,0.36705880630328297,0.4507312027878991,0.49597408124817366,0.4460345304996598,0.009596108709843223,0.43175012592949963,0.4319782143640727,0.4466006799906185,0.45513025006917635,0.4630326123242418,0.00935924582050315,0.023297592332805317,-0.09178268909454346,-0.0058447287976741815,-6.556510925292969e-07,0.041050218343734755,0.09157854914665223,-0.0008036929368972823,0.004507539593700408,-0.01381932497024535,-0.0013849151134490752,-6.735324859785674e-07,0.002116286158561697,0.0038694262504577748
qore_as_idea6,nq_174,50,True,15,5,2.0,0.5,5,0;3;6;10;12,0;2;6;8;9;12;17;28;45,1,1,9,3,4.607213046768014,0.9214426093536028,10,8.10577575546342,4.091441908388523,-0.03855403065681451,-0.515771138379491,-50.51577113837949,-50.55432516903632,-50.554325169036304,True,-0.515771138379491,0.0,3003,0.4779679689651118,0.3889876444695494,0.005039432597780507,0.017048503415197674,0.35276404101393605,0.9710321068932269,1.0,0.9214426093536028,0.0930790188044277,0.7415583613692994,0.8151729662750133,0.9650189008292557,0.9900163643743498,1.0,0.7903577827152498,0.07124311295985061,0.6308860146265095,0.6767467148006031,0.7981602579591793,0.8645351208836027,0.9455594165375784,0.8105775755463419,0.02598637180790643,0.7754033213980045,0.7776269357153576,0.8030447900119524,0.845223791234104,0.8537075646829089,0.4088413989430965,0.062492441981489226,0.22448489378088793,0.3166070629870957,0.4201927571346446,0.47713862993144013,0.5282668755625678,0.4091441908388524,0.014133782455671444,0.3877728465262575,0.3955953440923029,0.4078395647096449,0.4277501198526245,0.4350196830688478,-0.013662507585471583,0.04284368725713686,-0.09476572275161743,-0.07237169981002808,-0.012618905305862405,0.043897967338562265,0.09706872701644897,-0.003855403065681451,0.007981863390793114,-0.020520168542861927,-0.018492284417152394,-7.989704608915571e-05,0.0019564545154571733,0.0021463334560394287
qore_as_idea6,nq_175,50,True,15,5,2.0,0.5,5,8;13;17;22;25,0;1;2;3;4;5;6;8;17;22;23;44,1,1,12,3,4.924036949602333,0.9848073899204666,10,7.173403260561949,3.6236846434340513,-0.03698301315307623,-1.3003523061682816,-51.30035230616828,-51.33733531932136,-51.337335319321355,True,-1.3003523061682816,0.0,3003,0.9678097231587203,0.046080067862175805,0.8482272034943366,0.8947471160113001,0.9893884463474932,0.9998435962456865,1.0,0.9848073899204666,0.012724938439452159,0.9606025261023887,0.9701319493587214,0.9893884463474932,0.9950340496693515,0.9959304625282962,0.7762028330676103,0.07486420762285174,0.6392264766505563,0.6814213531590031,0.7689081682482372,0.8692967422975614,1.0,0.7173403260561949,0.04374027484539841,0.6602358289191556,0.6679885405933921,0.7168868607906334,0.7628478091828491,0.8102620497470028,0.394531952985599,0.03415171226372987,0.3359866806262568,0.35208216442981244,0.38740554593640636,0.4358478679213503,0.5006856262683869,0.3623684643434051,0.01917172877149261,0.340066556128811,0.34017132114241155,0.35957765910167655,0.38307477145753627,0.40528664068008097,-0.00643053645179385,0.0123039305840894,-0.05427668094635013,-0.0259495675563812,-0.0006931841373443715,3.4991502761839096e-05,0.001822739839553833,-0.0036983013153076227,0.006125363303679831,-0.021485817432403576,-0.007226003408432007,-0.0016961395740509033,-0.00012368619441985318,0.000163680315017678
qore_as_idea6,nq_176,50,True,15,5,2.0,0.5,5,0;2;8;36;47,,0,0,0,0,2.0610392768951975,0.4122078553790395,10,7.713437931181258,4.344355611939612,-0.48763664634898307,2.2833163350444146,-47.71668366495558,-48.20432031130457,-48.20432031130457,True,2.2833163350444146,0.0,3003,0.15082021322246966,0.3262513604827629,0.0005784646408086106,0.0012779134150372768,0.012073513230037936,0.6066127839458347,1.0,0.4122078553790395,0.4641280927070041,0.009952872213105209,0.012475412426920846,0.07534236245574338,0.9837939277914818,1.0,0.7816334544490998,0.05325046658705546,0.663125187019704,0.7211555355196824,0.7751455792703017,0.8434927414561454,0.9831320228850794,0.7713437931181258,0.08921142975756717,0.663125187019704,0.6717145288451892,0.7564701765449658,0.8444135251875022,0.9831320228850794,0.41017425090338516,0.055059865151002675,0.30035385286725585,0.3466179690956146,0.3935922807115567,0.4950177795972273,0.5795890064376569,0.4344355611939612,0.07499377469446267,0.3308412137464342,0.33284379401536857,0.4548185130687077,0.49852487670766116,0.5795890064376569,-0.019357523678835215,0.03926948846925977,-0.0969598054885864,-0.09080262780189516,-0.003429386019706715,0.0032755201309919275,0.07747430801391603,-0.048763664634898306,0.03905879200237015,-0.0916526257991791,-0.0914827561378479,-0.05948303937911989,0.006399865224957482,0.014559525251388539
qore_as_idea6,nq_177,50,True,15,5,2.0,0.5,5,8;12;15;17;36,5;7;12;13;18;20;21;31;34;37;39;43;47,1,1,4,1,3.2143136160894827,0.6428627232178965,10,8.027199888648651,3.952186698583047,0.06141324574127793,0.7378730824935644,-49.262126917506436,-49.20071367176515,-49.20071367176516,True,0.7378730824935644,0.0,3003,0.2940412423891971,0.3110578987180622,0.06313196891004454,0.06653724296427513,0.1660009395602586,0.8587814578680485,1.0,0.6428627232178965,0.31999206901223715,0.2181764474013443,0.25393639377742655,0.771775276699523,0.9667142314588263,1.0,0.8087493394285205,0.048730093190758265,0.6906372899031764,0.7509978419490114,0.8064656317250551,0.8676389343357523,0.9814526124195154,0.802719988864865,0.0320093065073217,0.7608741932582744,0.7710018945214795,0.8012047542402282,0.8460138231613412,0.8685688467260383,0.39974941106562517,0.028264290552011042,0.3258913942658285,0.3643518779503465,0.39762348539346226,0.4331318118637569,0.49323277875263966,0.3952186698583047,0.0193584110109562,0.37250060362695897,0.3728149843808304,0.39223032235103245,0.42506021285917234,0.4306977973101627,0.0046252586486350234,0.01396906221229436,-0.002982532232999824,-0.002414079234004007,-0.00031633186154067516,0.018593790531158474,0.07980595231056214,0.006141324574127793,0.010986909724193323,-0.00277702175080774,-0.0026896660588681676,0.0019279984291642738,0.015714820325374617,0.03533264994621277
qore_as_idea6,nq_178,50,True,15,5,2.0,0.5,5,2;24;34;40;46,2;5;17;21;24;26;28;34;46,1,1,6,4,3.6108831306333125,0.7221766261266624,10,8.357406142137304,4.39715883571995,-0.21845576465129857,0.7862757050866378,-49.21372429491336,-49.43218005956466,-49.43218005956466,True,0.7862757050866378,0.0,3003,0.4400199107133694,0.2577027830403125,0.12468857167922484,0.18232281086492316,0.38241944168863096,0.8551608028588726,1.0,0.7221766261266624,0.2238375835794594,0.44181396604441464,0.46359720165775314,0.742587314239048,0.9720839181088357,1.0,0.8727392846438551,0.06148251329599745,0.6855386692074714,0.7601710268306819,0.8856001143183827,0.9280311916363377,0.9608096216794502,0.8357406142137304,0.07464107362169577,0.7274597682158596,0.73373071165687,0.8680392681754423,0.9210189418524829,0.9237770942779601,0.45227955829992783,0.031212488098122472,0.3724388757242649,0.4127564268389198,0.45579368031271444,0.4873814544031611,0.521895906620708,0.4397158835719951,0.04080813111076518,0.37718621083102855,0.3811095975429125,0.46141046429854904,0.48128989516472487,0.4819976468868724,-0.015909915978000275,0.017001412759759013,-0.05657472014427184,-0.039296471476554885,-0.015427857637405396,0.0034871694445610052,0.02225498855113983,-0.021845576465129857,0.011098034700960309,-0.04244533777236942,-0.034140526652336134,-0.021221065521240257,-0.012171682119369519,-0.0006098806858062522
qore_as_idea6,nq_179,50,True,15,5,2.0,0.5,5,3;20;28;29;36,,0,0,0,0,1.0066692786750728,0.20133385573501456,10,6.667270105069407,3.35303623327851,-0.019401180743807367,2.3463669546034374,-47.65363304539656,-47.67303422614037,-47.67303422614037,True,2.3463669546034374,0.0,3003,0.06778493814989266,0.2491472897998189,0.0002474418406160379,0.0004593556259699065,0.0007020185965363528,0.003783904413214909,1.0,0.20133385573501456,0.39933451896958794,0.0005480920328847855,0.0005839102564015243,0.0019815484635676748,0.6014008002347776,1.0,0.7094113157534089,0.04794959338408136,0.5842075905476081,0.6459444708176633,0.7125951705462165,0.7640206489023265,0.828604235344252,0.6667270105069406,0.05260811189852852,0.5842075905476081,0.6148992167329536,0.6596162591620061,0.7414922108176878,0.7728240796907412,0.3556697487131454,0.024172366153378887,0.2921174099467387,0.3230625567313815,0.35904981491148297,0.3824554238758489,0.414055154464516,0.335303623327851,0.02969448109650005,0.2921174099467387,0.30745472354304965,0.32719797947975704,0.3808980480046834,0.39657084017910893,-0.0009640908364408896,0.003845969532610941,-0.010161324590444554,-0.009840940386056917,-2.896795194828883e-06,0.0003415538277477102,0.015679167211055778,-0.0019401180743807366,0.0073218733484245145,-0.010158800333738338,-0.010151942595839491,-1.5580418403271512e-05,0.0019137874059379169,0.015679167211055778
qore_as_idea6,nq_180,50,True,15,5,2.0,0.5,5,10;13;14;38;42,1;5;13;41,1,1,3,1,4.972552594584754,0.9945105189169509,10,8.274921466995517,4.140757824028154,-0.0032970905303954523,-0.8317947705566002,-50.8317947705566,-50.835091861087,-50.835091861086994,True,-0.8317947705566002,0.0,3003,0.9957791418140481,0.003912210215128224,0.9891170623516706,0.9899113212695677,0.9975258246923956,0.9999856213597679,1.0,0.9945105189169509,0.0037274960634066795,0.9896686012381866,0.9905957970040008,0.9934376291348541,0.9989706991969155,0.9999339488665954,0.8759221492643516,0.04641413461978819,0.775536584144969,0.8195378192133799,0.8756937551752871,0.9422634860874212,0.9719446373616691,0.8274921466995517,0.05955515896664693,0.775536584144969,0.7783414039397912,0.8071672269729124,0.9397504274923408,0.9448579894325054,0.43851339164977643,0.023380716378032605,0.38753546440906284,0.4099192444417424,0.4379981243737611,0.4719297623556195,0.48597433331782797,0.4140757824028154,0.03030221780901114,0.38753546440906284,0.39006709503057985,0.40369562849538254,0.47021089458857,0.47520778709753936,-0.0005523170176006464,0.0011753700902666054,-0.007123368978500355,-0.00155914664268495,-9.802579879758522e-05,2.6532411575331087e-05,0.0006260693073272816,-0.0003297090530395452,0.0008953207223527889,-0.0027787923812866433,-0.0011975550651550314,-6.448626518248957e-05,0.0002544033527374367,0.00044858455657958984
qore_as_idea6,nq_181,50,True,15,5,2.0,0.5,5,5;17;30;39;48,17;30,1,1,2,2,2.9366248473593055,0.5873249694718611,10,7.761163344579829,4.04710815081889,-0.1665264785289765,1.110483303459585,-48.88951669654041,-49.05604317506939,-49.05604317506939,True,1.110483303459585,0.0,3003,0.22751660114509792,0.32893159423636675,0.009976124787162857,0.013864149244307362,0.03583732772204152,0.7966462875125462,1.0,0.5873249694718611,0.35362140759618876,0.03583732772204152,0.16320436931744783,0.6563663262173884,0.9560665046837273,1.0,0.7896814437952419,0.05612247253673101,0.6907405727705249,0.7296015279011461,0.7825147168040926,0.8637835382777291,0.9962307642458018,0.7761163344579829,0.06562280097916734,0.7182305339576909,0.7334857409943735,0.7600240875938242,0.8026186643449152,0.9631256282932871,0.41395997373548615,0.04593986889710962,0.3025523158216079,0.36417656451404895,0.4064554065307932,0.470860158668355,0.5677164525095281,0.4047108150818891,0.0676882492014705,0.31076156254383086,0.35320207766479955,0.37545880594477193,0.4632196473284406,0.5677164525095281,-0.01911925183786523,0.030610831406020684,-0.08721612095832826,-0.06491524934768673,-0.009515123814344384,0.004906385242939005,0.06619734764099122,-0.01665264785289765,0.04122249417220373,-0.08615363836288453,-0.06268912672996521,-0.0005560517311096191,0.0185147953033447,0.0574834942817688
qore_as_idea6,nq_182,50,True,15,5,2.0,0.5,5,1;5;35;36;39,,0,0,0,0,4.97116829728264,0.994233659456528,10,6.864853126850309,3.474038169307799,-0.04161160588264462,-1.4971301279748408,-51.49713012797484,-51.538741733857485,-51.538741733857485,True,-1.4971301279748408,0.0,3003,0.9942516889073626,0.008355602831916104,0.974859585928369,0.9804642336516942,0.999068683690197,0.999951955904653,1.0,0.994233659456528,0.009701221491501443,0.974859585928369,0.9842583938852019,0.998898562290544,0.9996183892079263,0.9999848595530793,0.74416474750175,0.07415492533998352,0.625388138827592,0.6613880272692205,0.7262852640397822,0.8495384783445482,0.9962264504719673,0.6864853126850309,0.060923008046557314,0.6319615526860222,0.6353600404069845,0.6758284523577667,0.7267210406111317,0.8498016204858133,0.4018117263726801,0.05443002251881631,0.312688901691094,0.33568220968048973,0.39421406101030676,0.46194000450179556,0.5978726012850254,0.34740381693077993,0.03054340784613044,0.31668321708168906,0.31769685076703746,0.3469343848273742,0.36512522791299357,0.42512137127043353,-0.029729352621805104,0.03703968713158161,-0.09975937604904173,-0.09577826619148257,-0.004972505569457997,-5.612134933472542e-05,0.0001435697078704945,-0.004161160588264462,0.006092340940142865,-0.019417452812194813,-0.010340707302093504,-0.0008090198040008323,-7.992267608642473e-05,5.934834480286755e-05
qore_as_idea6,nq_183,50,True,15,5,2.0,0.5,5,2;17;21;38;43,12;27;29;49,1,0,1,0,1.847502936738838,0.3695005873477676,10,6.278008647688827,3.239250227276784,-0.1002459034323693,1.3917472905379458,-48.60825270946206,-48.70849861289443,-48.708498612894424,True,1.3917472905379458,0.0,3003,0.14176797507753375,0.2648389863080882,0.016035280621141602,0.017321802307024046,0.025497062606866183,0.3903036841767201,1.0,0.3695005873477676,0.3638030827805681,0.016035280621141602,0.06237405015125516,0.14723793413021188,0.8209390070164237,1.0,0.6620918068628784,0.08831575455407248,0.5089884565547277,0.5530517877004992,0.6574909596590299,0.7810987163272636,0.9636865476485716,0.6278008647688827,0.08789508726303272,0.5222554752686903,0.5296201440681239,0.617121323217528,0.7200954596827964,0.8149103521189447,0.33699411148303987,0.047133400913590376,0.23421703359858043,0.28224261880278967,0.3320101712723131,0.39289784894482743,0.4822568074969762,0.3239250227276783,0.049110503292630316,0.23917487608687507,0.2645959861571202,0.3185786138333503,0.38087640323393246,0.41446060383723954,-0.005948208051600626,0.013430912173599653,-0.03898589611053466,-0.02785024881362915,-0.0012204824015498161,0.005632408857345596,0.021952861547470087,-0.01002459034323693,0.01633086635573993,-0.03452807366847993,-0.03180942684412004,-0.00936780944466592,0.005550129823386642,0.021952861547470087
qore_as_idea6,nq_184,50,True,15,5,2.0,0.5,5,0;2;15;20;36,0;2;4;9,1,1,4,2,2.803095001436545,0.560619000287309,10,7.906981240470624,3.8362790131367337,0.11721160709857936,1.0331840117001887,-48.966815988299814,-48.84960438120124,-48.84960438120123,True,1.0331840117001887,0.0,3003,0.23114564344682711,0.30762909811286937,0.005972537797005182,0.011969566813629404,0.053189897548749906,0.6701995128777096,1.0,0.560619000287309,0.32109107095798894,0.024683693748543064,0.19709827752979225,0.6170758990704591,0.8822461021663508,1.0,0.784979756975742,0.06645168237776253,0.6241596846106072,0.7059066872251408,0.7905351624388081,0.8704872491327056,0.9935238292823434,0.7906981240470625,0.0738773163294009,0.6926118449819049,0.7144217999912081,0.7811764680096804,0.9107963806425216,0.9336981821084636,0.3869426275031909,0.05638168049230243,0.2722318329882845,0.31191362461881705,0.38042030109534136,0.4672111088997345,0.5011027346556485,0.3836279013136733,0.054221134099928354,0.306618199569581,0.3285234971481966,0.3727717999151111,0.47270605319203945,0.47943336539976134,0.005547250984680087,0.04032927083480213,-0.08774927854537962,-0.04790721774101257,0.0016946911811828724,0.06340230703353883,0.09743351936340333,0.011721160709857936,0.023364289541202708,-0.02530749738216398,-0.015442313849925992,0.014082464575767506,0.03972687125205994,0.040079206228256226
qore_as_idea6,nq_185,50,True,15,5,2.0,0.5,5,20;25;37;43;48,,0,0,0,0,1.664934584179525,0.332986916835905,10,6.993636784822675,3.4963454028581005,0.0004729895532364359,1.8314108186785756,-48.16858918132142,-48.16811619176818,-48.168116191768185,True,1.8314108186785756,0.0,3003,0.11735166193912017,0.2522913969174978,0.0037025860712918933,0.004010259778746642,0.009834926345833099,0.2701041015937351,1.0,0.332986916835905,0.34794128145091,0.019760197486447417,0.06560694311508178,0.1818714674364567,0.731570343079435,1.0,0.7426361534831516,0.06846902373447918,0.56072046401286,0.6478288317386502,0.7612724397684623,0.8131771743287904,0.9686841064890898,0.6993636784822674,0.07284522866797562,0.5825945189584022,0.5920758808232258,0.7175484757699019,0.7685039945795401,0.8187251929024747,0.37133772294207845,0.03424256980923923,0.2803629703112591,0.3236777462494021,0.3806651875776904,0.4066013493913745,0.48434507811423794,0.34963454028581004,0.03641362845151573,0.2913149638747784,0.29606333414251546,0.3588554138290203,0.3842515096742993,0.4089189593595709,-1.9646200502655367e-05,9.295704091173807e-05,-0.000165834592189662,-0.0001269010826945083,-3.7399808207050356e-06,4.886543137905336e-07,0.0006226647179573552,4.729895532364359e-05,0.0002505786951719571,-0.0001654959749430307,-0.00013594574294982232,-4.2646637302828916e-05,0.0004615398542955395,0.0006226647179573552
qore_as_idea6,nq_186,50,True,15,5,2.0,0.5,5,2;6;7;22;23,0;2;6;7;13;15;18;22;34;38;49,1,1,8,4,4.900224304979085,0.980044860995817,10,8.177049319898,4.098818054276163,-0.010293394327163752,-0.8014062507029225,-50.801406250702925,-50.81169964503009,-50.81169964503009,True,-0.8014062507029225,0.0,3003,0.8818332823262004,0.11540995273142134,0.6523326258345071,0.715492236679057,0.9389633922635613,0.9914998646527383,1.0,0.980044860995817,0.014331894388859859,0.962531594236021,0.9636218062981009,0.9825295306239975,0.9959624222911385,1.0,0.8486696374478822,0.04386473822756434,0.7110169338648752,0.7935894756359209,0.8473178662957584,0.9018287900983148,0.9470220094397225,0.8177049319897998,0.039344800119913474,0.750261190608375,0.7577717371258819,0.8223532009015129,0.8683923391596229,0.882152918886229,0.42384029351841973,0.023331420003424808,0.35262974140372055,0.3949516784233722,0.42370402715814953,0.45429569621658256,0.4709451649633787,0.40988180542761626,0.021033100122964537,0.37164166126411796,0.3777731732265991,0.4111355775539898,0.43412274798233064,0.44045806125356984,0.0004945252055213572,0.010139353004668545,-0.04577445387840273,-0.010318987369537357,0.0006183981895446777,0.010997130870819095,0.027505773305892933,-0.001029339432716375,0.004369291058746302,-0.01366712450981139,-0.002354403734207172,-1.9723176956171207e-05,0.0011126953363418447,0.003488934040069558
qore_as_idea6,nq_187,50,True,15,5,2.0,0.5,5,0;2;9;12;30,0;5;17,1,1,2,1,3.2308272416378596,0.646165448327572,10,7.784468621893892,4.057754272661691,-0.16551996171474453,0.826927031023831,-49.17307296897617,-49.338592930690915,-49.338592930690915,True,0.826927031023831,0.0,3003,0.23038567751767325,0.37254537380042735,0.0013185817402846189,0.0021296256537053837,0.020454153910547966,0.9425949261321978,1.0,0.646165448327572,0.3948285353520062,0.020454153910547966,0.14867631835401382,0.8951159374633084,0.9896990340979163,1.0,0.7814856103539912,0.05256510438775167,0.658915839617631,0.7094988296434929,0.7804392082132934,0.8480232373511889,0.9418952722938317,0.7784468621893893,0.06740154282888126,0.6678225029220137,0.6957648317235396,0.7844421881530106,0.8536212441628819,0.8762502394473445,0.39874829486381014,0.04353933453311427,0.2796644201845609,0.34168411382814873,0.39658696225053697,0.45198217713089384,0.4988745906181392,0.40577542726616905,0.033755624945652256,0.3215739304179923,0.37895763159760065,0.40933066647422556,0.4353453146073046,0.44776224307000095,-0.008005489686814445,0.03432735897369206,-0.09244330525398253,-0.06000966310501099,-0.0008661329746246227,0.015419804453849804,0.09544147849082946,-0.016551996171474452,0.023738337021036268,-0.057050800323486306,-0.048468503952026364,-0.00902466177940367,0.006888987421989421,0.012337321043014549
qore_as_idea6,nq_188,50,True,15,5,2.0,0.5,5,8;25;33;40;46,40,1,1,1,1,1.0024816986177418,0.20049633972354836,10,6.691446983272239,3.3947362159324546,-0.049012724296335464,2.3922545173147127,-47.60774548268529,-47.65675820698162,-47.65675820698162,True,2.3922545173147127,0.0,3003,0.06707420968616544,0.24933541839438123,3.46017424409155e-05,5.100650497353183e-05,0.00023514677329520946,0.0015634845869884188,1.0,0.20049633972354836,0.39975208833403314,8.60787393020085e-05,0.00010747843122572424,0.0011211036364123274,0.6004539753091666,1.0,0.7558671760091187,0.09088548832684044,0.561846716979215,0.648119806876233,0.7422953673541692,0.8718140227572765,0.9344287261181643,0.6691446983272238,0.0934416715589826,0.561846716979215,0.5729798375374935,0.6443253093924747,0.7871238623561584,0.8585867891788941,0.3802690951026281,0.04559346424638791,0.28011295613468756,0.32720525151013735,0.37424955408917726,0.43914692917463216,0.46721720710431186,0.33947362159324546,0.048939993428871155,0.28011295613468756,0.29455087578957484,0.3217837854772211,0.4187220794613276,0.4293027866960325,-0.0023355070980687785,0.0119973740745304,-0.06452671289443968,-9.367914055474769e-05,-1.553880283611253e-05,0.000181092689745122,0.022448784112930276,-0.0049012724296335465,0.01638978310775911,-0.0433885633945465,-0.02949806541204454,-3.1826923441280464e-05,0.007754749059677121,0.014588266611099243
qore_as_idea6,nq_189,50,True,15,5,2.0,0.5,5,0;1;2;3;19,,0,0,0,0,1.9968227880348142,0.39936455760696277,10,6.902035062688406,3.758549262436807,-0.30753173109260395,1.7617264744019927,-48.238273525598004,-48.54580525669061,-48.54580525669061,True,1.7617264744019927,0.0,3003,0.13329904745622448,0.33699252667723717,1.7785387668592137e-05,3.15237702504615e-05,9.758779585816644e-05,0.5954116588526022,1.0,0.39936455760696277,0.48425700107202885,9.758779585816644e-05,0.00029952631611986335,0.011310004164317529,0.9939251047912504,1.0,0.6919537512714714,0.07629402624939295,0.539617305514358,0.5976188942811844,0.697555825375988,0.7672445978823808,0.9926413947884674,0.6902035062688406,0.17764049595062764,0.539617305514358,0.5513346668381429,0.573636515626186,0.9415730131669745,0.9926413947884674,0.3658434430530452,0.042892188715285225,0.2553996037985326,0.3209854455088254,0.3605647283679954,0.4062050584268767,0.5656725135716019,0.37585492624368066,0.09435190794903077,0.2553996037985326,0.26937846674712357,0.3571457519528886,0.4858368783601863,0.5656725135716019,-0.019866567417309505,0.03745407014407546,-0.09977499842643739,-0.09566580891609192,-1.445183297621444e-05,-2.8439812013059103e-06,0.020918694138526928,-0.030753173109260394,0.039206132099025424,-0.09366579055786134,-0.09334671497344972,-0.017926740646362294,0.0030229714512824955,0.020918694138526928
qore_as_idea6,nq_190,50,True,15,5,2.0,0.5,5,0;3;15;19;41,0;3;15;17,1,1,4,3,4.824221676193318,0.9648443352386634,10,8.298663797050786,4.14733013017479,0.002001768350601285,-0.6768915460185276,-50.676891546018524,-50.67488977766793,-50.67488977766793,True,-0.6768915460185276,0.0,3003,0.409014951190571,0.43735039575577245,0.00132700387355926,0.00473739131794714,0.08401513331972152,0.9972018940264097,1.0,0.9648443352386634,0.047341062071766804,0.8762878217227301,0.9077405022213175,0.9930335243721173,0.9999923228517085,1.0,0.8071136483231164,0.06068707753944346,0.6886223996290819,0.7289936481664998,0.8013249510481002,0.8924071360769221,0.9802686933800855,0.8298663797050784,0.06311199286276192,0.7603330293976294,0.7808362009519375,0.7990642135489398,0.893036721232062,0.9802686933800855,0.3936087152614859,0.055437515585732754,0.26732346316650424,0.3129688524807625,0.39779762670211694,0.4602838439554979,0.5128239113231594,0.414733013017479,0.03152266200929474,0.3801779826324695,0.3898427118060011,0.39992851044478084,0.4466480114472535,0.4901413561962683,0.009948108900072321,0.04565179090338931,-0.09277383685112,-0.04257217526435851,-4.041194915760382e-06,0.09137837171554565,0.09779344201087953,0.0002001768350601285,0.0007946599987509869,-0.0007154226303100475,-0.00020049214363097032,-1.0699033737182617e-05,0.0008165603876114085,0.0024002492427825928
qore_as_idea6,nq_191,50,True,15,5,2.0,0.5,5,0;8;29;36;47,0;2;6;8;9;30;35;36;47,1,1,8,4,4.825034657983528,0.9650069315967056,10,7.913629567748726,3.958194547954411,-0.0013797640800476962,-0.8668401100291168,-50.866840110029116,-50.868219874109165,-50.868219874109165,True,-0.8668401100291168,0.0,3003,0.8860718435563272,0.15380032757103038,0.5589092573657104,0.6094553217096726,0.9706383589024273,0.9986608978481035,1.0,0.9650069315967056,0.04881152714163363,0.8696102174686642,0.9100214740421695,0.9870983699941195,0.9990750846473266,1.0,0.838372960436664,0.06329204399781746,0.6513965732261001,0.7520984457534418,0.8514782885332562,0.9063050650853296,0.950210876696935,0.7913629567748726,0.06749658458290095,0.6640118913609583,0.7126139891097103,0.8099805788096242,0.8603913146055989,0.8808266821062378,0.4190190649059737,0.03375141967593205,0.3142753306232124,0.3689542765497462,0.4251151787464227,0.4549901803400335,0.4776662148205592,0.39581945479544106,0.034524423597175856,0.3293710448721448,0.35531086444602183,0.4060849316863444,0.43166809170431164,0.44041455698787235,0.0001674153123583121,0.0048209927392485795,-0.017080968618392922,-0.0032200300693511984,-2.0384788513294616e-06,0.0038772642612457187,0.017416268587112427,-0.0001379764080047696,0.0011859504330593066,-0.0016571223735809548,-0.0016380250453949196,-1.661777496339556e-05,0.0009961301088333313,0.0026349008083343395
qore_as_idea6,nq_192,50,True,15,5,2.0,0.5,5,0;3;6;13;37,3;11;22,1,1,3,1,1.9542509836729094,0.3908501967345819,10,7.762841816988372,4.1751373451187135,-0.29371643662452707,2.220886361445804,-47.77911363855419,-48.072830075178715,-48.07283007517872,True,2.220886361445804,0.0,3003,0.14430088051580234,0.3031830452190974,0.003250597256065685,0.004076001336977908,0.017374292874895978,0.5369068168980936,1.0,0.3908501967345819,0.42885580929773853,0.003872266656092638,0.009273077143613974,0.11447918793529319,0.9274100944826511,1.0,0.8117167797592921,0.055032519209374145,0.6336708821690412,0.7375392126281956,0.8215084330880476,0.8667801245201116,0.9282989067069218,0.7762841816988372,0.06696776870339574,0.6336708821690412,0.7117629682467431,0.7796887096045608,0.8351210760079764,0.8861784256323648,0.4167797534640772,0.0404745881373131,0.30735784211935263,0.36835248399888976,0.4166341019779557,0.47705281474451977,0.49895400161192294,0.41751373451187124,0.04784025413796697,0.30735784211935263,0.36420215602537626,0.42434652874430756,0.4564462315047237,0.49607040468973285,-0.010921363584431153,0.026877287953258226,-0.06776608824729918,-0.05511123538017274,9.834449738266304e-05,0.009341897815465917,0.03412088155746462,-0.029371643662452707,0.028422613339010395,-0.06760872006416319,-0.062040845751762407,-0.03282619863748551,0.002341424971818909,0.009477598965167977
qore_as_idea6,nq_193,50,True,15,5,2.0,0.5,5,8;29;31;41;46,,0,0,0,0,1.735657194355481,0.3471314388710962,10,7.719379458010454,3.8426337080040374,0.01705602100118986,2.106976513648556,-47.893023486351446,-47.87596746535026,-47.87596746535026,True,2.106976513648556,0.0,3003,0.15225003052805963,0.26133478658846815,0.0026815559412576937,0.002948962574423075,0.054674011144015315,0.40301738248234575,1.0,0.3471314388710962,0.3729858363829498,0.005178591515059644,0.037180875333205285,0.1194135426174854,0.810352303665005,1.0,0.8293139549958383,0.06546379415721089,0.6664616877247251,0.7469626323031171,0.8184856375518921,0.9110222935150468,0.9606280645615027,0.7719379458010455,0.05155750905640156,0.6782558966089205,0.6993827726063542,0.7838234081389979,0.8154064141783387,0.8535811994608105,0.416670652210648,0.034351354867376685,0.3314979030246553,0.3730671038208253,0.4128387933305444,0.4587414203486246,0.4790359015706264,0.38426337080040374,0.034309715324511034,0.3314979030246553,0.33792698900049073,0.3946208032519689,0.4182844456569985,0.4446741657523245,-0.0020136747127288005,0.009763564535954167,-0.02039139121770861,-0.012772206664085382,-0.0013254113495350106,0.0010687634348869146,0.0712870001792908,0.0017056021001189859,0.024559951148298988,-0.01980324983596804,-0.01807553440332414,-0.003280172729864722,0.014962162524461736,0.0712870001792908
qore_as_idea6,nq_194,50,True,15,5,2.0,0.5,5,0;1;15;19;40,0;1;19,1,1,3,3,2.9579913947709304,0.5915982789541862,10,7.197537680083782,3.624179016482965,-0.025410176441073462,0.6661876217120346,-49.333812378287966,-49.359222554729044,-49.35922255472904,True,0.6661876217120346,0.0,3003,0.19889853996873313,0.392047906923256,0.00025783971147591545,0.00036549925451448217,0.0037286003431412757,0.9791826624019266,1.0,0.5915982789541862,0.47934830775867016,0.0002760074379971123,0.0040452539776688525,0.9481354786276381,0.9999523139672476,1.0,0.7269382192822506,0.062987034280679,0.6176098455120703,0.6619028116434199,0.7203710146810354,0.8011492959699319,0.9943174468111927,0.7197537680083783,0.10035961128334694,0.6437493216649084,0.6440794051415545,0.6738526099344726,0.7997391001724067,0.9858582577058477,0.36183291106506776,0.0331880560589198,0.2674793376154909,0.3289461418400546,0.35751032272893873,0.40088487168358194,0.49748788039389674,0.36241790164829646,0.049684860083182514,0.32279569676296854,0.3234262134123257,0.3361468399781,0.400052151895705,0.4929568330918154,0.0016361985760574651,0.009311676691087864,-0.01763301491737368,-0.000988350771367541,-8.842945098874733e-05,0.005139544010162356,0.06885577440261842,-0.002541017644107346,0.006070723606296047,-0.01763301491737368,-0.01044918477535246,-0.00027063190937043347,0.00048422873020172825,0.005091625452041615
qore_as_idea6,nq_195,50,True,15,5,2.0,0.5,5,8;10;22;32;40,,0,0,0,0,1.7929296424763637,0.3585859284952727,10,9.483986402362866,4.756444023952028,-0.014450822770595617,2.9635143814756644,-47.03648561852434,-47.05093644129494,-47.05093644129493,True,2.9635143814756644,0.0,3003,0.16526835809746687,0.23734610744672022,0.016220548785174118,0.017620285112330988,0.09319303465162122,0.2673380195157178,1.0,0.3585859284952727,0.3304837683717253,0.048608847200834415,0.11453138347680769,0.25602672457569575,0.7099515531236265,1.0,0.9388646973439227,0.015801677950436646,0.8907180944202108,0.9204245923749419,0.9388147009452671,0.9587827613761741,0.9740944859292562,0.9483986402362866,0.01187785373441916,0.9284471711021423,0.9302747572073586,0.9492568568212266,0.960294811170608,0.9687341033120225,0.47102407652176703,0.03706648183152367,0.393652416883986,0.42336555933040065,0.46837939026644587,0.5429256348753595,0.5613987205268469,0.4756444023952029,0.05659817621333781,0.393652416883986,0.40501737496491624,0.4766542284579921,0.5517540046981864,0.5608107338321421,-0.0015917278498056384,0.034633801740462225,-0.08599860072135923,-0.06592109560966493,-0.0015134610235690849,0.038955659866333016,0.07718364000320432,-0.0014450822770595618,0.05491802044091108,-0.08547331690788273,-0.06828991651535035,-0.011922980099916464,0.06769475162029268,0.07718364000320432
qore_as_idea6,nq_196,50,True,15,5,2.0,0.5,5,0;11;12;16;46,0;1;5;6;10;12;15;16;22;26;37;38;45;46,1,1,9,4,4.1094968113042665,0.8218993622608535,10,7.703895960752088,4.243340729924002,-0.3913927495479584,0.13384391861973555,-49.86615608138027,-50.25754883092822,-50.25754883092822,True,0.13384391861973555,0.0,3003,0.3323353608344203,0.37189723668737973,0.03488359424570146,0.05950999066551177,0.13610943825519342,0.9677275443467585,1.0,0.8218993622608535,0.22823311323770792,0.3895951092491136,0.550890178885258,0.9425690344132441,0.9937999537209738,1.0,0.79924348349028,0.07418704489338092,0.618390669546667,0.7068031524849783,0.8050191415473004,0.8734435705010325,0.9850395099358101,0.7703895960752087,0.09067057163151057,0.625473691476947,0.6502011591014749,0.7700821330923476,0.8181768796556028,0.9850395099358101,0.4281983561973999,0.05010553359748693,0.3023268951145028,0.36732018361954516,0.4250553984124485,0.4958609692901355,0.5643546310788354,0.4243340729924002,0.03933907497985921,0.37717000318247373,0.38732294767188463,0.4140534371771042,0.46564524171124827,0.5134773798801671,-0.028576614452259883,0.03371592257177955,-0.08968162536621094,-0.08165164709091187,-0.012791857123374939,0.004406076669693021,0.03619389533996581,-0.03913927495479584,0.026071852164798688,-0.07712464332580565,-0.07312396764755248,-0.030626034736633306,-0.0071573346853256135,-0.0027147114276885875
qore_as_idea6,nq_197,50,True,15,5,2.0,0.5,5,1;3;4;12;32,1,1,1,1,1,3.0338340488706748,0.606766809774135,10,8.366675199396592,4.100531244937172,0.08280635476112364,1.0666971960664973,-48.9333028039335,-48.85049644917238,-48.85049644917238,True,1.0666971960664973,0.0,3003,0.21113519399242398,0.3538172841919341,0.0008733009033719595,0.0009191803675002943,0.0041187091405731156,0.8485090712449073,1.0,0.606766809774135,0.3731487503582529,0.0009471358810006885,0.14365172148626473,0.7829895830620031,0.956875492013404,1.0,0.8307665565404094,0.07054647893343914,0.6375313092742788,0.7430644305543633,0.8274012824483625,0.9199940046067858,0.982304086126195,0.8366675199396593,0.09463757303228476,0.670603613411473,0.7425779432583413,0.8422637125680097,0.947913252057957,0.982304086126195,0.4056250152160006,0.06713745225370121,0.26133647171255725,0.30867652252046013,0.4177450730833643,0.4712032228997007,0.544565732112714,0.4100531244937172,0.06478247730358952,0.2778119943316215,0.3491372555025213,0.40680641039357823,0.47604478594776356,0.5135036537236505,0.00975826305420404,0.04669341194771078,-0.0982048094272614,-0.03515650391578675,0.0006053702905773894,0.0903441548347473,0.09941473603248596,0.008280635476112363,0.02074938988633119,-0.022351610660552967,-0.010941048264503478,0.004033914208412176,0.025107696056365935,0.05748981237411499
qore_as_idea6,nq_198,50,True,15,5,2.0,0.5,5,4;20;21;37;45,0;1;4;5;11;12;15;16;18;20;21;37;45;48,1,1,14,5,4.497473374262016,0.8994946748524033,10,8.340737711705756,4.4268821057269925,-0.256513249874115,-0.07059126853502384,-50.070591268535026,-50.327104518409136,-50.327104518409136,True,-0.07059126853502384,0.0,3003,0.6499456578317321,0.25683409253129325,0.0018002793060133023,0.3655438491040355,0.6751944472390685,0.9021866522169233,1.0,0.8994946748524033,0.05572441662860671,0.8472670770938318,0.8488869300664178,0.8857355018440469,0.9652616343195364,1.0,0.8376567060035737,0.06394880555391799,0.6754218006813958,0.7280425946102972,0.8468137040246383,0.9090377762987205,0.9428151480186957,0.8340737711705755,0.04342894269914589,0.7791128757121243,0.7910324719436175,0.8305096541511331,0.8763603060088531,0.9379473969300774,0.4467185769192939,0.04016683901226282,0.31845781510960386,0.3918977497261326,0.45270066575834245,0.4936533809101675,0.5156883860188345,0.44268821057269925,0.026405602574935082,0.4082793609346783,0.40891511230886807,0.433632997379631,0.4804051211434133,0.4845304913574882,-0.027890223917506993,0.018389157332742146,-0.06903144717216492,-0.051360169649124154,-0.02838832437992095,-0.004659019708633398,0.03249591290950776,-0.0256513249874115,0.016777300174668545,-0.06112363934516907,-0.040167990922927874,-0.024490353465080245,-0.009620339870452898,0.002554035186767556
qore_as_idea6,nq_199,50,True,15,5,2.0,0.5,5,7;10;19;29;34,1;7;9;11;16;17;19;45,1,1,7,2,4.879598961921775,0.975919792384355,10,7.783596190717228,3.914043669356112,-0.022245573997497603,-0.965555292565663,-50.96555529256566,-50.98780086656316,-50.98780086656316,True,-0.965555292565663,0.0,3003,0.8524995835907525,0.2691780077071182,0.2093888624277644,0.3705173904337835,0.980031651558279,0.9997929716959272,1.0,0.975919792384355,0.02046722456636078,0.9393299537378131,0.9524588814599443,0.980031651558279,0.9952065902016465,0.9998627838431488,0.8320263269285668,0.06655562124422776,0.672332835355094,0.746093257836076,0.8334738437990069,0.9166084779775862,0.9906435147351497,0.7783596190717228,0.05631549708361128,0.7163282353438636,0.7213320396291322,0.7650616930222687,0.8353670037972669,0.9167755073305484,0.4195478023459668,0.03323515027154221,0.3384828389479175,0.37591254408682134,0.4204048336133281,0.4622413513698719,0.49627019530807176,0.3914043669356112,0.028730202353732005,0.3585983196277271,0.36474207689102023,0.38580203882337494,0.42345933681665565,0.4616452786324678,-0.00353463888168335,0.01031896310501834,-0.0532938897609711,-0.009748016595840459,-0.00046405792236325905,0.0004142522811889563,0.0325758159160614,-0.0022245573997497605,0.002715713943797228,-0.006515365839004528,-0.006101619005203268,-0.0017686367034912276,0.00018036007881163594,0.00188390612602235
