eta,question_id,pool_size,K,relevance_margin,pool_cohesion,delta_q,selected_ranks,gold_pool,gold_hits,recall,redundancy,energy
0.0,nq_0,15,5,0.022559809893812233,0.8450469552010301,0.0,0;1;25;32;37,True,2,0.5,0.8541128623045979,-50.38078091846491
0.05,nq_0,15,5,0.022559809893812233,0.8450469552010301,0.00033370606003722944,0;1;25;32;37,True,2,0.5,0.8541128623045979,-50.37793069208382
0.1,nq_0,15,5,0.022559809893812233,0.8450469552010301,0.0006674121200744589,0;1;25;32;37,True,2,0.5,0.8541128623045979,-50.37508046570276
0.25,nq_0,15,5,0.022559809893812233,0.8450469552010301,0.001668530300186147,0;1;25;32;37,True,2,0.5,0.8541128623045979,-50.36652978655955
0.5,nq_0,15,5,0.022559809893812233,0.8450469552010301,0.003337060600372294,0;1;25;32;37,True,2,0.5,0.8541128623045979,-50.35227865465423
1.0,nq_0,15,5,0.022559809893812233,0.8450469552010301,0.006674121200744588,0;1;25;32;37,True,2,0.5,0.8541128623045979,-50.32377639084354
2.0,nq_0,15,5,0.022559809893812233,0.8450469552010301,0.013348242401489177,0;1;25;32;37,True,2,0.5,0.8541128623045979,-50.26677186322218
4.0,nq_0,15,5,0.022559809893812233,0.8450469552010301,0.026696484802978353,0;1;25;32;37,True,2,0.5,0.8541128623045979,-50.15276280797946
0.0,nq_1,15,5,0.0018732654371248492,0.8002189231544901,0.0,1;12;30;43;48,True,2,0.3333333333333333,0.7231898500225278,-51.33796185166486
0.05,nq_1,15,5,0.0018732654371248492,0.8002189231544901,2.9261728290586397e-05,1;12;30;43;48,True,2,0.3333333333333333,0.7231898500225278,-51.33775023381591
0.1,nq_1,15,5,0.0018732654371248492,0.8002189231544901,5.8523456581172794e-05,1;12;30;43;48,True,2,0.3333333333333333,0.7231898500225278,-51.33753861596698
0.25,nq_1,15,5,0.0018732654371248492,0.8002189231544901,0.00014630864145293197,1;12;30;43;48,True,2,0.3333333333333333,0.7231898500225278,-51.33690376242017
0.5,nq_1,15,5,0.0018732654371248492,0.8002189231544901,0.00029261728290586394,1;12;30;43;48,True,2,0.3333333333333333,0.7231898500225278,-51.33584567317547
1.0,nq_1,15,5,0.0018732654371248492,0.8002189231544901,0.0005852345658117279,1;12;30;43;48,True,2,0.3333333333333333,0.7231898500225278,-51.33372949468608
2.0,nq_1,15,5,0.0018732654371248492,0.8002189231544901,0.0011704691316234558,1;12;30;43;48,True,2,0.3333333333333333,0.7231898500225278,-51.32949713770731
4.0,nq_1,15,5,0.0018732654371248492,0.8002189231544901,0.0023409382632469116,1;12;30;43;48,True,2,0.3333333333333333,0.7231898500225278,-51.321032423749756
0.0,nq_10,15,5,0.018407105382471922,0.7733554057865185,0.0,5;8;11;42;46,True,4,0.2857142857142857,0.7949576893064805,-49.774031804351736
0.05,nq_10,15,5,0.018407105382471922,0.7733554057865185,0.0002975197665129498,5;8;11;42;46,True,4,0.2857142857142857,0.7949576893064805,-49.77166664809063
0.1,nq_10,15,5,0.018407105382471922,0.7733554057865185,0.0005950395330258996,5;8;11;42;46,True,4,0.2857142857142857,0.7949576893064805,-49.76930149182953
0.25,nq_10,15,5,0.018407105382471922,0.7733554057865185,0.0014875988325647488,5;8;11;42;46,True,4,0.2857142857142857,0.7949576893064805,-49.762206023046225
0.5,nq_10,15,5,0.018407105382471922,0.7733554057865185,0.0029751976651294977,5;8;11;42;46,True,4,0.2857142857142857,0.7949576893064805,-49.75038024174072
1.0,nq_10,15,5,0.018407105382471922,0.7733554057865185,0.005950395330258995,5;8;11;42;46,True,4,0.2857142857142857,0.7949576893064805,-49.7267286791297
2.0,nq_10,15,5,0.018407105382471922,0.7733554057865185,0.01190079066051799,5;8;11;42;46,True,4,0.2857142857142857,0.7949576893064805,-49.67942555390768
4.0,nq_10,15,5,0.018407105382471922,0.7733554057865185,0.02380158132103598,5;8;11;42;46,True,4,0.2857142857142857,0.7949576893064805,-49.58481930346362
0.0,nq_100,15,5,0.051188462638968146,0.804149119436528,0.0,5;7;17;32;45,True,3,0.42857142857142855,0.8360494764035818,-50.60039805450907
0.05,nq_100,15,5,0.051188462638968146,0.804149119436528,0.000795691957908869,5;7;17;32;45,True,3,0.42857142857142855,0.8360494764035818,-50.59374567606119
0.1,nq_100,15,5,0.051188462638968146,0.804149119436528,0.001591383915817738,5;7;17;32;45,True,3,0.42857142857142855,0.8360494764035818,-50.58709329761331
0.25,nq_100,15,5,0.051188462638968146,0.804149119436528,0.003978459789544345,5;7;17;32;45,True,3,0.42857142857142855,0.8360494764035818,-50.56713616226966
0.5,nq_100,15,5,0.051188462638968146,0.804149119436528,0.00795691957908869,5;7;17;32;45,True,3,0.42857142857142855,0.8360494764035818,-50.533874270030246
1.0,nq_100,15,5,0.051188462638968146,0.804149119436528,0.01591383915817738,5;7;17;32;45,True,3,0.42857142857142855,0.8360494764035818,-50.46735048555143
2.0,nq_100,15,5,0.051188462638968146,0.804149119436528,0.03182767831635476,5;7;17;32;45,True,3,0.42857142857142855,0.8360494764035818,-50.33430291659378
4.0,nq_100,15,5,0.051188462638968146,0.804149119436528,0.06365535663270952,5;7;17;32;45,True,3,0.42857142857142855,0.8360494764035818,-50.06820777867848
0.0,nq_101,15,5,0.023448229207212748,0.7647534491606705,0.0,1;2;10;20;32,True,2,0.2222222222222222,0.7539550120356822,-48.29506832553918
0.05,nq_101,15,5,0.023448229207212748,0.7647534491606705,0.0003832640207740461,1;2;10;20;32,True,2,0.2222222222222222,0.7539550120356822,-48.292178687245226
0.1,nq_101,15,5,0.023448229207212748,0.7647534491606705,0.0007665280415480922,1;2;10;20;32,True,2,0.2222222222222222,0.7539550120356822,-48.28928904895126
0.25,nq_101,15,5,0.023448229207212748,0.7647534491606705,0.0019163201038702301,1;2;10;20;32,True,2,0.2222222222222222,0.7539550120356822,-48.280620134069395
0.5,nq_101,15,5,0.023448229207212748,0.7647534491606705,0.0038326402077404603,1;2;10;20;32,True,2,0.2222222222222222,0.7539550120356822,-48.26617194259963
1.0,nq_101,15,5,0.023448229207212748,0.7647534491606705,0.0076652804154809205,1;2;10;20;32,True,2,0.2222222222222222,0.7539550120356822,-48.23727555966007
2.0,nq_101,15,5,0.023448229207212748,0.7647534491606705,0.015330560830961841,1;2;10;20;32,True,2,0.2222222222222222,0.7539550120356822,-48.17948279378095
4.0,nq_101,15,5,0.023448229207212748,0.7647534491606705,0.030661121661923682,1;2;10;20;32,True,2,0.2222222222222222,0.7539550120356822,-48.06389726202274
0.0,nq_102,15,5,0.00984671888007238,0.7756658798060669,0.0,2;6;24;26;44,True,3,0.42857142857142855,0.7597615634251296,-51.14790566845682
0.05,nq_102,15,5,0.00984671888007238,0.7756658798060669,0.00015868150259513254,2;6;24;26;44,True,3,0.42857142857142855,0.7597615634251296,-51.14670006739183
0.1,nq_102,15,5,0.00984671888007238,0.7756658798060669,0.0003173630051902651,2;6;24;26;44,True,3,0.42857142857142855,0.7597615634251296,-51.14549446632686
0.25,nq_102,15,5,0.00984671888007238,0.7756658798060669,0.0007934075129756626,2;6;24;26;44,True,3,0.42857142857142855,0.7597615634251296,-51.14187766313191
0.5,nq_102,15,5,0.00984671888007238,0.7756658798060669,0.0015868150259513252,2;6;24;26;44,True,3,0.42857142857142855,0.7597615634251296,-51.135849657806986
1.0,nq_102,15,5,0.00984671888007238,0.7756658798060669,0.0031736300519026503,2;6;24;26;44,True,3,0.42857142857142855,0.7597615634251296,-51.12379364715716
2.0,nq_102,15,5,0.00984671888007238,0.7756658798060669,0.006347260103805301,2;6;24;26;44,True,3,0.42857142857142855,0.7597615634251296,-51.09968162585749
4.0,nq_102,15,5,0.00984671888007238,0.7756658798060669,0.012694520207610601,2;6;24;26;44,True,3,0.42857142857142855,0.7597615634251296,-51.051457583258156
0.0,nq_103,15,5,0.0009177734960901865,0.7748647611044713,0.0,4;5;19;24;27,True,0,0.0,0.7577268664444704,-48.347108831157186
0.05,nq_103,15,5,0.0009177734960901865,0.7748647611044713,1.4805362782806704e-05,4;5;19;24;27,True,0,0.0,0.7577268664444704,-48.3469966469457
0.1,nq_103,15,5,0.0009177734960901865,0.7748647611044713,2.961072556561341e-05,4;5;19;24;27,True,0,0.0,0.7577268664444704,-48.34688446273422
0.25,nq_103,15,5,0.0009177734960901865,0.7748647611044713,7.402681391403353e-05,4;5;19;24;27,True,0,0.0,0.7577268664444704,-48.34654791009978
0.5,nq_103,15,5,0.0009177734960901865,0.7748647611044713,0.00014805362782806705,4;5;19;24;27,True,0,0.0,0.7577268664444704,-48.34598698904237
1.0,nq_103,15,5,0.0009177734960901865,0.7748647611044713,0.0002961072556561341,4;5;19;24;27,True,0,0.0,0.7577268664444704,-48.344865146927575
2.0,nq_103,15,5,0.0009177734960901865,0.7748647611044713,0.0005922145113122682,4;5;19;24;27,True,0,0.0,0.7577268664444704,-48.34262146269798
4.0,nq_103,15,5,0.0009177734960901865,0.7748647611044713,0.0011844290226245364,4;5;19;24;27,True,0,0.0,0.7577268664444704,-48.33813409423878
0.0,nq_104,15,5,0.051165467154010824,0.8920041939103138,0.0,1;20;21;29;40,True,1,1.0,0.8686048803550269,-50.58835182419347
0.05,nq_104,15,5,0.051165467154010824,0.8920041939103138,0.0007170006898967007,1;20;21;29;40,True,1,1.0,0.8686048803550269,-50.58212392120883
0.1,nq_104,15,5,0.051165467154010824,0.8920041939103138,0.0014340013797934014,1;20;21;29;40,True,1,1.0,0.8686048803550269,-50.57589601822423
0.25,nq_104,15,5,0.051165467154010824,0.8920041939103138,0.0035850034494835036,1;20;21;29;40,True,1,1.0,0.8686048803550269,-50.557212309270355
0.5,nq_104,15,5,0.051165467154010824,0.8920041939103138,0.007170006898967007,1;20;21;29;40,True,1,1.0,0.8686048803550269,-50.52607279434723
1.0,nq_104,15,5,0.051165467154010824,0.8920041939103138,0.014340013797934014,1;20;21;29;40,True,1,1.0,0.8686048803550269,-50.46379376450102
2.0,nq_104,15,5,0.051165467154010824,0.8920041939103138,0.02868002759586803,1;20;21;29;40,True,1,1.0,0.8686048803550269,-50.33923570480859
4.0,nq_104,15,5,0.051165467154010824,0.8920041939103138,0.05736005519173606,1;20;21;29;40,True,1,1.0,0.8686048803550269,-50.0901195854237
0.0,nq_105,15,5,0.03547096621306001,0.8080291972474652,0.0,14;30;32;46;48,True,5,0.125,0.793148969370737,-50.892050173556854
0.05,nq_105,15,5,0.03547096621306001,0.8080291972474652,0.0005487258758071631,14;30;32;46;48,True,5,0.125,0.793148969370737,-50.88769795992822
0.1,nq_105,15,5,0.03547096621306001,0.8080291972474652,0.0010974517516143263,14;30;32;46;48,True,5,0.125,0.793148969370737,-50.88334574629959
0.25,nq_105,15,5,0.03547096621306001,0.8080291972474652,0.0027436293790358154,14;30;32;46;48,True,5,0.125,0.793148969370737,-50.870289105413676
0.5,nq_105,15,5,0.03547096621306001,0.8080291972474652,0.005487258758071631,14;30;32;46;48,True,5,0.125,0.793148969370737,-50.84852803727051
1.0,nq_105,15,5,0.03547096621306001,0.8080291972474652,0.010974517516143261,14;30;32;46;48,True,5,0.125,0.793148969370737,-50.805005900984156
2.0,nq_105,15,5,0.03547096621306001,0.8080291972474652,0.021949035032286523,14;30;32;46;48,True,5,0.125,0.793148969370737,-50.71796162841146
4.0,nq_105,15,5,0.03547096621306001,0.8080291972474652,0.043898070064573046,14;30;32;46;48,True,5,0.125,0.793148969370737,-50.54387308326605
0.0,nq_106,15,5,0.06479811065473146,0.8045476632154026,0.0,9;14;19;34;46,False,0,0.0,0.7688059856294476,-49.61493073990796
0.05,nq_106,15,5,0.06479811065473146,0.8045476632154026,0.0010067462916998067,9;14;19;34;46,False,0,0.0,0.7688059856294476,-49.60719081415726
0.1,nq_106,15,5,0.06479811065473146,0.8045476632154026,0.0020134925833996133,9;14;19;34;46,False,0,0.0,0.7688059856294476,-49.59945088840657
0.25,nq_106,15,5,0.06479811065473146,0.8045476632154026,0.005033731458499033,9;14;19;34;46,False,0,0.0,0.7688059856294476,-49.576231111154506
0.5,nq_106,15,5,0.06479811065473146,0.8045476632154026,0.010067462916998065,9;14;19;34;46,False,0,0.0,0.7688059856294476,-49.537531482401064
1.0,nq_106,15,5,0.06479811065473146,0.8045476632154026,0.02013492583399613,9;14;19;34;46,False,0,0.0,0.7688059856294476,-49.46013222489415
2.0,nq_106,15,5,0.06479811065473146,0.8045476632154026,0.04026985166799226,9;14;19;34;46,False,0,0.0,0.7688059856294476,-49.30533370988034
4.0,nq_106,15,5,0.06479811065473146,0.8045476632154026,0.08053970333598452,9;14;19;34;46,False,0,0.0,0.7688059856294476,-48.995736679852705
0.0,nq_107,15,5,0.05962797484842297,0.7760727199438856,0.0,0;1;2;5;8,False,0,0.0,0.8576747965199193,-49.84850828501956
0.05,nq_107,15,5,0.05962797484842297,0.7760727199438856,0.0009604109332025571,0;1;2;5;8,False,0,0.0,0.8576747965199193,-49.840271082502476
0.1,nq_107,15,5,0.05962797484842297,0.7760727199438856,0.0019208218664051142,0;1;2;5;8,False,0,0.0,0.8576747965199193,-49.83203387998536
0.25,nq_107,15,5,0.05962797484842297,0.7760727199438856,0.004802054666012786,0;1;2;5;8,False,0,0.0,0.8576747965199193,-49.807322272434064
0.5,nq_107,15,5,0.05962797484842297,0.7760727199438856,0.009604109332025572,0;1;2;5;8,False,0,0.0,0.8576747965199193,-49.766136259848565
1.0,nq_107,15,5,0.05962797484842297,0.7760727199438856,0.019208218664051143,0;1;2;5;8,False,0,0.0,0.8576747965199193,-49.68376423467757
2.0,nq_107,15,5,0.05962797484842297,0.7760727199438856,0.038416437328102286,0;1;2;5;8,False,0,0.0,0.8576747965199193,-49.51902018433557
4.0,nq_107,15,5,0.05962797484842297,0.7760727199438856,0.07683287465620457,0;1;2;5;8,False,0,0.0,0.8576747965199193,-49.18953208365156
0.0,nq_108,15,5,0.07279734249443351,0.8124164576755694,0.0,2;3;36;47;48,True,3,0.25,0.8449188994420638,-49.27065935986134
0.05,nq_108,15,5,0.07279734249443351,0.8124164576755694,0.0011200729041248702,2;3;36;47;48,True,3,0.25,0.8449188994420638,-49.261195652206865
0.1,nq_108,15,5,0.07279734249443351,0.8124164576755694,0.0022401458082497404,2;3;36;47;48,True,3,0.25,0.8449188994420638,-49.25173194455239
0.25,nq_108,15,5,0.07279734249443351,0.8124164576755694,0.005600364520624351,2;3;36;47;48,True,3,0.25,0.8449188994420638,-49.223340821588955
0.5,nq_108,15,5,0.07279734249443351,0.8124164576755694,0.011200729041248702,2;3;36;47;48,True,3,0.25,0.8449188994420638,-49.17602228331654
1.0,nq_108,15,5,0.07279734249443351,0.8124164576755694,0.022401458082497404,2;3;36;47;48,True,3,0.25,0.8449188994420638,-49.08138520677173
2.0,nq_108,15,5,0.07279734249443351,0.8124164576755694,0.04480291616499481,2;3;22;36;47,True,3,0.25,0.8257430318469797,-48.89377994508145
4.0,nq_108,15,5,0.07279734249443351,0.8124164576755694,0.08960583232998962,2;3;22;36;47,True,3,0.25,0.8257430318469797,-48.523822986784765
0.0,nq_109,15,5,0.008554708170314236,0.7461271119998036,0.0,8;32;39;46;47,False,0,0.0,0.7007157105963577,-48.165361295978684
0.05,nq_109,15,5,0.008554708170314236,0.7461271119998036,0.0001433183529867537,8;32;39;46;47,False,0,0.0,0.7007157105963577,-48.16435704176314
0.1,nq_109,15,5,0.008554708170314236,0.7461271119998036,0.0002866367059735074,8;32;39;46;47,False,0,0.0,0.7007157105963577,-48.163352787547595
0.25,nq_109,15,5,0.008554708170314236,0.7461271119998036,0.0007165917649337684,8;32;39;46;47,False,0,0.0,0.7007157105963577,-48.160340024900954
0.5,nq_109,15,5,0.008554708170314236,0.7461271119998036,0.0014331835298675368,8;32;39;46;47,False,0,0.0,0.7007157105963577,-48.155318753823224
1.0,nq_109,15,5,0.008554708170314236,0.7461271119998036,0.0028663670597350735,8;32;39;46;47,False,0,0.0,0.7007157105963577,-48.145276211667756
2.0,nq_109,15,5,0.008554708170314236,0.7461271119998036,0.005732734119470147,8;32;39;46;47,False,0,0.0,0.7007157105963577,-48.125191127356835
4.0,nq_109,15,5,0.008554708170314236,0.7461271119998036,0.011465468238940294,8;32;39;46;47,False,0,0.0,0.7007157105963577,-48.085020958735
0.0,nq_11,15,5,0.15919062971984754,0.7481102920107144,0.0,0;3;14;32;37,True,3,0.75,0.7769646693458948,-50.93758182781663
0.05,nq_11,15,5,0.15919062971984754,0.7481102920107144,0.0026598754660551163,0;3;14;32;37,True,3,0.75,0.7769646693458948,-50.91691553519677
0.1,nq_11,15,5,0.15919062971984754,0.7481102920107144,0.005319750932110233,0;3;14;32;37,True,3,0.75,0.7769646693458948,-50.89624924257693
0.25,nq_11,15,5,0.15919062971984754,0.7481102920107144,0.01329937733027558,0;3;14;32;37,True,3,0.75,0.7769646693458948,-50.83425036471738
0.5,nq_11,15,5,0.15919062971984754,0.7481102920107144,0.02659875466055116,0;3;14;32;37,True,3,0.75,0.7769646693458948,-50.73091890161814
1.0,nq_11,15,5,0.15919062971984754,0.7481102920107144,0.05319750932110232,0;3;14;32;37,True,3,0.75,0.7769646693458948,-50.52425597541967
2.0,nq_11,15,5,0.15919062971984754,0.7481102920107144,0.10639501864220464,0;3;14;32;37,True,3,0.75,0.7769646693458948,-50.11093012302272
4.0,nq_11,15,5,0.15919062971984754,0.7481102920107144,0.2127900372844093,0;3;14;32;37,True,3,0.75,0.7769646693458948,-49.2842784182288
0.0,nq_110,15,5,0.054427839430642805,0.7991547973589473,0.0,4;9;17;34;46,False,0,0.0,0.735735644299725,-50.084028652488826
0.05,nq_110,15,5,0.054427839430642805,0.7991547973589473,0.0008513333634460906,4;9;17;34;46,False,0,0.0,0.735735644299725,-50.07776508948215
0.1,nq_110,15,5,0.054427839430642805,0.7991547973589473,0.0017026667268921812,4;9;17;34;46,False,0,0.0,0.735735644299725,-50.071501526475465
0.25,nq_110,15,5,0.054427839430642805,0.7991547973589473,0.004256666817230453,4;9;17;34;46,False,0,0.0,0.735735644299725,-50.05271083745539
0.5,nq_110,15,5,0.054427839430642805,0.7991547973589473,0.008513333634460905,4;9;17;34;46,False,0,0.0,0.735735644299725,-50.021393022421954
1.0,nq_110,15,5,0.054427839430642805,0.7991547973589473,0.01702666726892181,4;9;17;34;46,False,0,0.0,0.735735644299725,-49.958757392355054
2.0,nq_110,15,5,0.054427839430642805,0.7991547973589473,0.03405333453784362,4;9;17;34;46,False,0,0.0,0.735735644299725,-49.83348613222129
4.0,nq_110,15,5,0.054427839430642805,0.7991547973589473,0.06810666907568724,4;9;17;34;46,False,0,0.0,0.735735644299725,-49.58294361195374
0.0,nq_111,15,5,0.004990970295604103,0.8999716449509693,0.0,0;13;26;27;45,False,0,0.0,0.8901095037365003,-47.86655714969561
0.05,nq_111,15,5,0.004990970295604103,0.8999716449509693,6.932113886467088e-05,0;13;26;27;45,False,0,0.0,0.8901095037365003,-47.86594011565047
0.1,nq_111,15,5,0.004990970295604103,0.8999716449509693,0.00013864227772934177,0;13;26;27;45,False,0,0.0,0.8901095037365003,-47.86532308160534
0.25,nq_111,15,5,0.004990970295604103,0.8999716449509693,0.0003466056943233544,0;13;26;27;45,False,0,0.0,0.8901095037365003,-47.863471979469935
0.5,nq_111,15,5,0.004990970295604103,0.8999716449509693,0.0006932113886467088,0;13;26;27;45,False,0,0.0,0.8901095037365003,-47.86038680924427
1.0,nq_111,15,5,0.004990970295604103,0.8999716449509693,0.0013864227772934176,0;13;26;27;45,False,0,0.0,0.8901095037365003,-47.85421646879294
2.0,nq_111,15,5,0.004990970295604103,0.8999716449509693,0.002772845554586835,0;13;26;27;45,False,0,0.0,0.8901095037365003,-47.84187578789028
4.0,nq_111,15,5,0.004990970295604103,0.8999716449509693,0.00554569110917367,0;13;26;27;45,False,0,0.0,0.8901095037365003,-47.817194426084974
0.0,nq_112,15,5,0.0013866665459821848,0.8757041636186609,0.0,8;17;24;26;33,True,5,0.25,0.8449998608077903,-50.76261673005408
0.05,nq_112,15,5,0.0013866665459821848,0.8757041636186609,1.9793570421751414e-05,8;17;24;26;33,True,5,0.25,0.8449998608077903,-50.76244947441157
0.1,nq_112,15,5,0.0013866665459821848,0.8757041636186609,3.958714084350283e-05,8;17;24;26;33,True,5,0.25,0.8449998608077903,-50.76228221876906
0.25,nq_112,15,5,0.0013866665459821848,0.8757041636186609,9.896785210875707e-05,8;17;24;26;33,True,5,0.25,0.8449998608077903,-50.76178045184152
0.5,nq_112,15,5,0.0013866665459821848,0.8757041636186609,0.00019793570421751413,8;17;24;26;33,True,5,0.25,0.8449998608077903,-50.76094417362894
1.0,nq_112,15,5,0.0013866665459821848,0.8757041636186609,0.00039587140843502826,8;17;24;26;33,True,5,0.25,0.8449998608077903,-50.75927161720382
2.0,nq_112,15,5,0.0013866665459821848,0.8757041636186609,0.0007917428168700565,8;17;24;26;33,True,5,0.25,0.8449998608077903,-50.75592650435357
4.0,nq_112,15,5,0.0013866665459821848,0.8757041636186609,0.001583485633740113,8;17;24;26;33,True,5,0.25,0.8449998608077903,-50.749236278653065
0.0,nq_113,15,5,0.0020535206889963527,0.703964447453138,0.0,0;1;4;16;27,True,2,0.5,0.7254196632761262,-48.66933618589212
0.05,nq_113,15,5,0.0020535206889963527,0.703964447453138,3.6463449598729285e-05,0;1;4;16;27,True,2,0.5,0.7254196632761262,-48.66907167285882
0.1,nq_113,15,5,0.0020535206889963527,0.703964447453138,7.292689919745857e-05,0;1;4;16;27,True,2,0.5,0.7254196632761262,-48.668807159825526
0.25,nq_113,15,5,0.0020535206889963527,0.703964447453138,0.00018231724799364643,0;1;4;16;27,True,2,0.5,0.7254196632761262,-48.66801362072563
0.5,nq_113,15,5,0.0020535206889963527,0.703964447453138,0.00036463449598729287,0;1;4;16;27,True,2,0.5,0.7254196632761262,-48.66669105555914
1.0,nq_113,15,5,0.0020535206889963527,0.703964447453138,0.0007292689919745857,0;1;4;16;27,True,2,0.5,0.7254196632761262,-48.66404592522616
2.0,nq_113,15,5,0.0020535206889963527,0.703964447453138,0.0014585379839491715,0;1;4;16;27,True,2,0.5,0.7254196632761262,-48.658755664560196
4.0,nq_113,15,5,0.0020535206889963527,0.703964447453138,0.002917075967898343,0;1;4;16;27,True,2,0.5,0.7254196632761262,-48.64817514322827
0.0,nq_114,15,5,0.15581660807684294,0.8477875516269322,0.0,13;19;23;30;37,True,1,1.0,0.8434680062672811,-48.91768043620174
0.05,nq_114,15,5,0.15581660807684294,0.8477875516269322,0.002297397856131492,13;19;23;30;37,True,1,1.0,0.8434680062672811,-48.8983026203086
0.1,nq_114,15,5,0.15581660807684294,0.8477875516269322,0.004594795712262984,13;19;23;30;37,True,1,1.0,0.8434680062672811,-48.87892480441546
0.25,nq_114,15,5,0.15581660807684294,0.8477875516269322,0.01148698928065746,13;19;23;30;37,True,1,1.0,0.8434680062672811,-48.82079135673605
0.5,nq_114,15,5,0.15581660807684294,0.8477875516269322,0.02297397856131492,13;19;23;30;37,True,1,1.0,0.8434680062672811,-48.72390227727034
1.0,nq_114,15,5,0.15581660807684294,0.8477875516269322,0.04594795712262984,13;19;23;30;37,True,1,1.0,0.8434680062672811,-48.53012411833895
2.0,nq_114,15,5,0.15581660807684294,0.8477875516269322,0.09189591424525968,13;19;23;30;37,True,1,1.0,0.8434680062672811,-48.14256780047616
4.0,nq_114,15,5,0.15581660807684294,0.8477875516269322,0.18379182849051937,13;19;23;30;37,True,1,1.0,0.8434680062672811,-47.36745516475057
0.0,nq_115,15,5,0.0007840847175800433,0.7614370356914245,0.0,0;23;25;28;33,True,1,0.5,0.7047744556625268,-47.476637063562436
0.05,nq_115,15,5,0.0007840847175800433,0.7614370356914245,1.2871774865896581e-05,0;23;25;28;33,True,1,0.5,0.7047744556625268,-47.476546346581195
0.1,nq_115,15,5,0.0007840847175800433,0.7614370356914245,2.5743549731793162e-05,0;23;25;28;33,True,1,0.5,0.7047744556625268,-47.47645562959995
0.25,nq_115,15,5,0.0007840847175800433,0.7614370356914245,6.43588743294829e-05,0;23;25;28;33,True,1,0.5,0.7047744556625268,-47.47618347865621
0.5,nq_115,15,5,0.0007840847175800433,0.7614370356914245,0.0001287177486589658,0;23;25;28;33,True,1,0.5,0.7047744556625268,-47.47572989374998
1.0,nq_115,15,5,0.0007840847175800433,0.7614370356914245,0.0002574354973179316,0;23;25;28;33,True,1,0.5,0.7047744556625268,-47.474822723937535
2.0,nq_115,15,5,0.0007840847175800433,0.7614370356914245,0.0005148709946358632,0;23;25;28;33,True,1,0.5,0.7047744556625268,-47.47300838431263
4.0,nq_115,15,5,0.0007840847175800433,0.7614370356914245,0.0010297419892717264,0;23;25;28;33,True,1,0.5,0.7047744556625268,-47.46937970506282
0.0,nq_116,15,5,0.009667367535229232,0.8752387585708713,0.0,0;1;2;5;8,True,5,0.22727272727272727,0.9464443923215111,-50.20101254291089
0.05,nq_116,15,5,0.009667367535229232,0.8752387585708713,0.0001380674186781477,0;1;2;5;8,True,5,0.22727272727272727,0.9464443923215111,-50.19970581156919
0.1,nq_116,15,5,0.009667367535229232,0.8752387585708713,0.0002761348373562954,0;1;2;5;8,True,5,0.22727272727272727,0.9464443923215111,-50.198399080227475
0.25,nq_116,15,5,0.009667367535229232,0.8752387585708713,0.0006903370933907385,0;1;2;5;8,True,5,0.22727272727272727,0.9464443923215111,-50.19447888620237
0.5,nq_116,15,5,0.009667367535229232,0.8752387585708713,0.001380674186781477,0;1;2;5;8,True,5,0.22727272727272727,0.9464443923215111,-50.18794522949385
1.0,nq_116,15,5,0.009667367535229232,0.8752387585708713,0.002761348373562954,0;1;2;5;8,True,5,0.22727272727272727,0.9464443923215111,-50.17487791607684
2.0,nq_116,15,5,0.009667367535229232,0.8752387585708713,0.005522696747125908,0;1;2;5;8,True,5,0.22727272727272727,0.9464443923215111,-50.14874328924277
4.0,nq_116,15,5,0.009667367535229232,0.8752387585708713,0.011045393494251815,0;1;2;5;8,True,5,0.22727272727272727,0.9464443923215111,-50.096474035574694
0.0,nq_117,15,5,0.002049424210160411,0.8813689556365171,0.0,10;34;38;40;49,True,0,0.0,0.842361266390849,-50.674338736704414
0.05,nq_117,15,5,0.002049424210160411,0.8813689556365171,2.906589050735704e-05,10;34;38;40;49,True,0,0.0,0.842361266390849,-50.67409389690105
0.1,nq_117,15,5,0.002049424210160411,0.8813689556365171,5.813178101471408e-05,10;34;38;40;49,True,0,0.0,0.842361266390849,-50.673849057097684
0.25,nq_117,15,5,0.002049424210160411,0.8813689556365171,0.0001453294525367852,10;34;38;40;49,True,0,0.0,0.842361266390849,-50.67311453768758
0.5,nq_117,15,5,0.002049424210160411,0.8813689556365171,0.0002906589050735704,10;34;38;40;49,True,0,0.0,0.842361266390849,-50.671890338670764
1.0,nq_117,15,5,0.002049424210160411,0.8813689556365171,0.0005813178101471408,10;34;38;40;49,True,0,0.0,0.842361266390849,-50.6694419406371
2.0,nq_117,15,5,0.002049424210160411,0.8813689556365171,0.0011626356202942816,10;34;38;40;49,True,0,0.0,0.842361266390849,-50.664545144569786
4.0,nq_117,15,5,0.002049424210160411,0.8813689556365171,0.0023252712405885632,10;34;38;40;49,True,0,0.0,0.842361266390849,-50.65475155243517
0.0,nq_118,15,5,0.05815118209754207,0.7300195287246094,0.0,4;6;17;29;45,False,0,0.0,0.7283334528893339,-48.98066605275978
0.05,nq_118,15,5,0.05815118209754207,0.7300195287246094,0.0009957114185394167,4;6;17;29;45,False,0,0.0,0.7283334528893339,-48.973413953404325
0.1,nq_118,15,5,0.05815118209754207,0.7300195287246094,0.0019914228370788334,4;6;17;29;45,False,0,0.0,0.7283334528893339,-48.96616185404886
0.25,nq_118,15,5,0.05815118209754207,0.7300195287246094,0.004978557092697083,4;6;17;29;45,False,0,0.0,0.7283334528893339,-48.94440555598248
0.5,nq_118,15,5,0.05815118209754207,0.7300195287246094,0.009957114185394167,4;6;17;29;45,False,0,0.0,0.7283334528893339,-48.908145059205175
1.0,nq_118,15,5,0.05815118209754207,0.7300195287246094,0.019914228370788333,4;6;17;29;45,False,0,0.0,0.7283334528893339,-48.835624065650556
2.0,nq_118,15,5,0.05815118209754207,0.7300195287246094,0.039828456741576666,4;6;17;29;45,False,0,0.0,0.7283334528893339,-48.690582078541325
4.0,nq_118,15,5,0.05815118209754207,0.7300195287246094,0.07965691348315333,4;6;17;29;45,False,0,0.0,0.7283334528893339,-48.400498104322864
0.0,nq_119,15,5,0.16297226703521928,0.8260689453352489,0.0,5;10;11;22;43,True,1,0.2,0.8427755450798046,-50.13187073605622
0.05,nq_119,15,5,0.16297226703521928,0.8260689453352489,0.002466078507569345,5;10;11;22;43,True,1,0.2,0.8427755450798046,-50.11108722947196
0.1,nq_119,15,5,0.16297226703521928,0.8260689453352489,0.00493215701513869,5;10;11;22;43,True,1,0.2,0.8427755450798046,-50.0903037228877
0.25,nq_119,15,5,0.16297226703521928,0.8260689453352489,0.012330392537846725,5;10;11;22;43,True,1,0.2,0.8427755450798046,-50.02795320313491
0.5,nq_119,15,5,0.16297226703521928,0.8260689453352489,0.02466078507569345,5;10;11;22;43,True,1,0.2,0.8427755450798046,-49.92403567021359
1.0,nq_119,15,5,0.16297226703521928,0.8260689453352489,0.0493215701513869,5;10;11;22;43,True,1,0.2,0.8427755450798046,-49.716200604370954
2.0,nq_119,15,5,0.16297226703521928,0.8260689453352489,0.0986431403027738,5;10;11;22;43,True,1,0.2,0.8427755450798046,-49.30053047268569
4.0,nq_119,15,5,0.16297226703521928,0.8260689453352489,0.1972862806055476,5;10;11;22;43,True,1,0.2,0.8427755450798046,-48.46919020931516
0.0,nq_12,15,5,0.02864601956300128,0.7848749721162018,0.0,0;14;21;29;39,True,1,0.3333333333333333,0.7706736545523187,-50.83027733923744
0.05,nq_12,15,5,0.02864601956300128,0.7848749721162018,0.00045621888968274153,0;14;21;29;39,True,1,0.3333333333333333,0.7706736545523187,-50.826761380447564
0.1,nq_12,15,5,0.02864601956300128,0.7848749721162018,0.0009124377793654831,0;14;21;29;39,True,1,0.3333333333333333,0.7706736545523187,-50.82324542165769
0.25,nq_12,15,5,0.02864601956300128,0.7848749721162018,0.0022810944484137076,0;14;21;29;39,True,1,0.3333333333333333,0.7706736545523187,-50.81269754528805
0.5,nq_12,15,5,0.02864601956300128,0.7848749721162018,0.004562188896827415,0;14;21;29;39,True,1,0.3333333333333333,0.7706736545523187,-50.79511775133868
1.0,nq_12,15,5,0.02864601956300128,0.7848749721162018,0.00912437779365483,0;14;21;29;39,True,1,0.3333333333333333,0.7706736545523187,-50.75995816343992
2.0,nq_12,15,5,0.02864601956300128,0.7848749721162018,0.01824875558730966,0;14;21;29;39,True,1,0.3333333333333333,0.7706736545523187,-50.6896389876424
4.0,nq_12,15,5,0.02864601956300128,0.7848749721162018,0.03649751117461932,0;14;21;29;39,True,1,0.3333333333333333,0.7706736545523187,-50.54900063604737
0.0,nq_120,15,5,0.0414593638412466,0.740459260774018,0.0,0;4;11;16;21,True,2,0.5,0.7455943281907123,-50.53541089069057
0.05,nq_120,15,5,0.0414593638412466,0.740459260774018,0.0006998917774113275,0;4;11;16;21,True,2,0.5,0.7455943281907123,-50.53019253729471
0.1,nq_120,15,5,0.0414593638412466,0.740459260774018,0.001399783554822655,0;4;11;16;21,True,2,0.5,0.7455943281907123,-50.52497418389886
0.25,nq_120,15,5,0.0414593638412466,0.740459260774018,0.003499458887056637,0;4;11;16;21,True,2,0.5,0.7455943281907123,-50.50931912371129
0.5,nq_120,15,5,0.0414593638412466,0.740459260774018,0.006998917774113274,0;4;11;16;21,True,2,0.5,0.7455943281907123,-50.48322735673204
1.0,nq_120,15,5,0.0414593638412466,0.740459260774018,0.013997835548226548,0;4;11;16;21,True,2,0.5,0.7455943281907123,-50.43104382277352
2.0,nq_120,15,5,0.0414593638412466,0.740459260774018,0.027995671096453095,0;4;11;16;21,True,2,0.5,0.7455943281907123,-50.32667675485648
4.0,nq_120,15,5,0.0414593638412466,0.740459260774018,0.05599134219290619,0;4;11;16;21,True,2,0.5,0.7455943281907123,-50.1179426190224
0.0,nq_121,15,5,0.005468778588271758,0.8076222327966283,0.0,10;18;29;34;40,True,3,0.23076923076923078,0.7792417385228148,-47.33688972935821
0.05,nq_121,15,5,0.005468778588271758,0.8076222327966283,8.46430978919238e-05,10;18;29;34;40,True,3,0.23076923076923078,0.7792417385228148,-47.336230155010654
0.1,nq_121,15,5,0.005468778588271758,0.8076222327966283,0.0001692861957838476,10;18;29;34;40,True,3,0.23076923076923078,0.7792417385228148,-47.3355705806631
0.25,nq_121,15,5,0.005468778588271758,0.8076222327966283,0.00042321548945961905,10;18;29;34;40,True,3,0.23076923076923078,0.7792417385228148,-47.33359185762043
0.5,nq_121,15,5,0.005468778588271758,0.8076222327966283,0.0008464309789192381,10;18;29;34;40,True,3,0.23076923076923078,0.7792417385228148,-47.33029398588268
1.0,nq_121,15,5,0.005468778588271758,0.8076222327966283,0.0016928619578384762,10;18;29;34;40,True,3,0.23076923076923078,0.7792417385228148,-47.323698242407154
2.0,nq_121,15,5,0.005468778588271758,0.8076222327966283,0.0033857239156769524,10;18;29;34;40,True,3,0.23076923076923078,0.7792417385228148,-47.3105067554561
4.0,nq_121,15,5,0.005468778588271758,0.8076222327966283,0.006771447831353905,10;18;29;34;40,True,3,0.23076923076923078,0.7792417385228148,-47.284123781554
0.0,nq_122,15,5,0.028881670575470197,0.7901648906054447,0.0,4;12;15;43;48,False,0,0.0,0.7727713726849235,-50.80717442995733
0.05,nq_122,15,5,0.028881670575470197,0.7901648906054447,0.0004568925164774631,4;12;15;43;48,False,0,0.0,0.7727713726849235,-50.80364369538606
0.1,nq_122,15,5,0.028881670575470197,0.7901648906054447,0.0009137850329549262,4;12;15;43;48,False,0,0.0,0.7727713726849235,-50.80011296081477
0.25,nq_122,15,5,0.028881670575470197,0.7901648906054447,0.0022844625823873156,4;12;15;43;48,False,0,0.0,0.7727713726849235,-50.78952075710094
0.5,nq_122,15,5,0.028881670575470197,0.7901648906054447,0.004568925164774631,4;12;15;43;48,False,0,0.0,0.7727713726849235,-50.77186708424455
1.0,nq_122,15,5,0.028881670575470197,0.7901648906054447,0.009137850329549262,4;12;15;43;48,False,0,0.0,0.7727713726849235,-50.73655973853178
2.0,nq_122,15,5,0.028881670575470197,0.7901648906054447,0.018275700659098525,4;12;15;43;48,False,0,0.0,0.7727713726849235,-50.66594504710623
4.0,nq_122,15,5,0.028881670575470197,0.7901648906054447,0.03655140131819705,4;12;15;43;48,False,0,0.0,0.7727713726849235,-50.524715664255126
0.0,nq_123,15,5,0.0004270130786432347,0.8082072502602758,0.0,4;33;41;45;47,True,1,0.16666666666666666,0.7669353862106378,-51.09288456790155
0.05,nq_123,15,5,0.0004270130786432347,0.8082072502602758,6.604316995429692e-06,4;33;41;45;47,True,1,0.16666666666666666,0.7669353862106378,-51.09283391705749
0.1,nq_123,15,5,0.0004270130786432347,0.8082072502602758,1.3208633990859383e-05,4;33;41;45;47,True,1,0.16666666666666666,0.7669353862106378,-51.09278326621343
0.25,nq_123,15,5,0.0004270130786432347,0.8082072502602758,3.3021584977148455e-05,4;33;41;45;47,True,1,0.16666666666666666,0.7669353862106378,-51.09263131368127
0.5,nq_123,15,5,0.0004270130786432347,0.8082072502602758,6.604316995429691e-05,4;33;41;45;47,True,1,0.16666666666666666,0.7669353862106378,-51.092378059461
1.0,nq_123,15,5,0.0004270130786432347,0.8082072502602758,0.00013208633990859382,4;33;41;45;47,True,1,0.16666666666666666,0.7669353862106378,-51.09187155102044
2.0,nq_123,15,5,0.0004270130786432347,0.8082072502602758,0.00026417267981718764,4;33;41;45;47,True,1,0.16666666666666666,0.7669353862106378,-51.09085853413933
4.0,nq_123,15,5,0.0004270130786432347,0.8082072502602758,0.0005283453596343753,4;33;41;45;47,True,1,0.16666666666666666,0.7669353862106378,-51.088832500377116
0.0,nq_124,15,5,0.053470314758687056,0.7117931997710003,0.0,3;4;34;42;47,True,1,1.0,0.6442077852313124,-48.154842908617525
0.05,nq_124,15,5,0.053470314758687056,0.7117931997710003,0.0009390058737464007,3;4;34;42;47,True,1,1.0,0.6442077852313124,-48.14879375967507
0.1,nq_124,15,5,0.053470314758687056,0.7117931997710003,0.0018780117474928013,3;4;34;42;47,True,1,1.0,0.6442077852313124,-48.14274461073262
0.25,nq_124,15,5,0.053470314758687056,0.7117931997710003,0.004695029368732003,3;4;34;42;47,True,1,1.0,0.6442077852313124,-48.12459716390526
0.5,nq_124,15,5,0.053470314758687056,0.7117931997710003,0.009390058737464006,3;4;34;42;47,True,1,1.0,0.6442077852313124,-48.09435141919299
1.0,nq_124,15,5,0.053470314758687056,0.7117931997710003,0.018780117474928013,3;4;34;42;47,True,1,1.0,0.6442077852313124,-48.033859929768454
2.0,nq_124,15,5,0.053470314758687056,0.7117931997710003,0.037560234949856025,3;4;34;42;47,True,1,1.0,0.6442077852313124,-47.91287695091938
4.0,nq_124,15,5,0.053470314758687056,0.7117931997710003,0.07512046989971205,3;4;34;42;47,True,1,1.0,0.6442077852313124,-47.670910993221234
0.0,nq_125,15,5,0.00859976866048498,0.8144058526503715,0.0,0;1;4;26;36,True,3,0.25,0.7352406580159325,-48.63284908870364
0.05,nq_125,15,5,0.00859976866048498,0.8144058526503715,0.0001319943562682806,0;1;4;26;36,True,3,0.25,0.7352406580159325,-48.63187861253007
0.1,nq_125,15,5,0.00859976866048498,0.8144058526503715,0.0002639887125365612,0;1;4;26;36,True,3,0.25,0.7352406580159325,-48.63090813635649
0.25,nq_125,15,5,0.00859976866048498,0.8144058526503715,0.0006599717813414031,0;1;4;26;36,True,3,0.25,0.7352406580159325,-48.62799670783578
0.5,nq_125,15,5,0.00859976866048498,0.8144058526503715,0.0013199435626828062,0;1;4;26;36,True,3,0.25,0.7352406580159325,-48.623144326967925
1.0,nq_125,15,5,0.00859976866048498,0.8144058526503715,0.0026398871253656125,0;1;4;26;36,True,3,0.25,0.7352406580159325,-48.61343956523221
2.0,nq_125,15,5,0.00859976866048498,0.8144058526503715,0.005279774250731225,0;1;4;26;36,True,3,0.25,0.7352406580159325,-48.594030041760796
4.0,nq_125,15,5,0.00859976866048498,0.8144058526503715,0.01055954850146245,0;1;4;26;36,True,3,0.25,0.7352406580159325,-48.55521099481797
0.0,nq_126,15,5,0.005479048635023192,0.7076031631199906,0.0,4;7;13;34;42,True,1,0.3333333333333333,0.6652558434274194,-48.46331710584858
0.05,nq_126,15,5,0.005479048635023192,0.7076031631199906,9.67887295006999e-05,4;7;13;34;42,True,1,0.3333333333333333,0.6652558434274194,-48.4626732131698
0.1,nq_126,15,5,0.005479048635023192,0.7076031631199906,0.0001935774590013998,4;7;13;34;42,True,1,0.3333333333333333,0.6652558434274194,-48.46202932049103
0.25,nq_126,15,5,0.005479048635023192,0.7076031631199906,0.0004839436475034995,4;7;13;34;42,True,1,0.3333333333333333,0.6652558434274194,-48.46009764245467
0.5,nq_126,15,5,0.005479048635023192,0.7076031631199906,0.000967887295006999,4;7;13;34;42,True,1,0.3333333333333333,0.6652558434274194,-48.45687817906076
1.0,nq_126,15,5,0.005479048635023192,0.7076031631199906,0.001935774590013998,4;7;13;34;42,True,1,0.3333333333333333,0.6652558434274194,-48.45043925227293
2.0,nq_126,15,5,0.005479048635023192,0.7076031631199906,0.003871549180027996,4;7;13;34;42,True,1,0.3333333333333333,0.6652558434274194,-48.437561398697284
4.0,nq_126,15,5,0.005479048635023192,0.7076031631199906,0.007743098360055992,4;7;13;34;42,True,1,0.3333333333333333,0.6652558434274194,-48.41180569154598
0.0,nq_127,15,5,0.0014768165570217201,0.7678977288231311,0.0,0;1;4;24;39,True,2,0.5,0.7377998458095565,-48.311247749500566
0.05,nq_127,15,5,0.0014768165570217201,0.7678977288231311,2.403989780145008e-05,0;1;4;24;39,True,2,0.5,0.7377998458095565,-48.31107038317167
0.1,nq_127,15,5,0.0014768165570217201,0.7678977288231311,4.807979560290016e-05,0;1;4;24;39,True,2,0.5,0.7377998458095565,-48.31089301684275
0.25,nq_127,15,5,0.0014768165570217201,0.7678977288231311,0.0001201994890072504,0;1;4;24;39,True,2,0.5,0.7377998458095565,-48.31036091785601
0.5,nq_127,15,5,0.0014768165570217201,0.7678977288231311,0.0002403989780145008,0;1;4;24;39,True,2,0.5,0.7377998458095565,-48.30947408621145
1.0,nq_127,15,5,0.0014768165570217201,0.7678977288231311,0.0004807979560290016,0;1;4;24;39,True,2,0.5,0.7377998458095565,-48.30770042292234
2.0,nq_127,15,5,0.0014768165570217201,0.7678977288231311,0.0009615959120580032,0;1;4;24;39,True,2,0.5,0.7377998458095565,-48.30415309634409
4.0,nq_127,15,5,0.0014768165570217201,0.7678977288231311,0.0019231918241160064,0;1;4;24;39,True,2,0.5,0.7377998458095565,-48.297058443187616
0.0,nq_128,15,5,0.026030050367303936,0.8175521856605814,0.0,0;4;10;24;35,True,3,0.375,0.8123191957317971,-49.11256761443583
0.05,nq_128,15,5,0.026030050367303936,0.8175521856605814,0.00039798710994979036,0;4;10;24;35,True,3,0.375,0.8123191957317971,-49.10933468874518
0.1,nq_128,15,5,0.026030050367303936,0.8175521856605814,0.0007959742198995807,0;4;10;24;35,True,3,0.375,0.8123191957317971,-49.10610176305451
0.25,nq_128,15,5,0.026030050367303936,0.8175521856605814,0.001989935549748952,0;4;10;24;35,True,3,0.375,0.8123191957317971,-49.096402985982536
0.5,nq_128,15,5,0.026030050367303936,0.8175521856605814,0.003979871099497904,0;4;10;24;35,True,3,0.375,0.8123191957317971,-49.08023835752924
1.0,nq_128,15,5,0.026030050367303936,0.8175521856605814,0.007959742198995808,0;4;10;24;35,True,3,0.375,0.8123191957317971,-49.047909100622626
2.0,nq_128,15,5,0.026030050367303936,0.8175521856605814,0.015919484397991616,0;4;10;24;35,True,3,0.375,0.8123191957317971,-48.983250586809426
4.0,nq_128,15,5,0.026030050367303936,0.8175521856605814,0.03183896879598323,0;4;10;24;35,True,3,0.375,0.8123191957317971,-48.85393355918301
0.0,nq_129,15,5,0.06999207385129425,0.7878975019638707,0.0,10;25;28;29;33,True,2,0.2222222222222222,0.7370344831346168,-50.97558828753262
0.05,nq_129,15,5,0.06999207385129425,0.7878975019638707,0.0011104233869723705,10;25;28;29;33,True,2,0.2222222222222222,0.7370344831346168,-50.96740408426183
0.1,nq_129,15,5,0.06999207385129425,0.7878975019638707,0.002220846773944741,10;25;28;29;33,True,2,0.2222222222222222,0.7370344831346168,-50.95921988099106
0.25,nq_129,15,5,0.06999207385129425,0.7878975019638707,0.005552116934861851,10;25;28;29;33,True,2,0.2222222222222222,0.7370344831346168,-50.934667271178725
0.5,nq_129,15,5,0.06999207385129425,0.7878975019638707,0.011104233869723703,10;25;28;29;33,True,2,0.2222222222222222,0.7370344831346168,-50.89374625482483
1.0,nq_129,15,5,0.06999207385129425,0.7878975019638707,0.022208467739447405,10;25;28;29;33,True,2,0.2222222222222222,0.7370344831346168,-50.811904222117064
2.0,nq_129,15,5,0.06999207385129425,0.7878975019638707,0.04441693547889481,10;25;28;29;33,True,2,0.2222222222222222,0.7370344831346168,-50.6482201567015
4.0,nq_129,15,5,0.06999207385129425,0.7878975019638707,0.08883387095778962,10;25;28;29;33,True,2,0.2222222222222222,0.7370344831346168,-50.320852025870394
0.0,nq_13,15,5,0.13137930606906256,0.7383134855530242,0.0,0;1;4;5;31,True,5,0.7142857142857143,0.8473733470427754,-50.62585444108189
0.05,nq_13,15,5,0.13137930606906256,0.7383134855530242,0.002224311398459403,0;1;4;5;31,True,5,0.7142857142857143,0.8473733470427754,-50.6070062191361
0.1,nq_13,15,5,0.13137930606906256,0.7383134855530242,0.004448622796918806,0;1;4;5;31,True,5,0.7142857142857143,0.8473733470427754,-50.588157997190336
0.25,nq_13,15,5,0.13137930606906256,0.7383134855530242,0.011121556992297015,0;1;4;5;31,True,5,0.7142857142857143,0.8473733470427754,-50.53161333135299
0.5,nq_13,15,5,0.13137930606906256,0.7383134855530242,0.02224311398459403,0;1;4;5;31,True,5,0.7142857142857143,0.8473733470427754,-50.43737222162409
1.0,nq_13,15,5,0.13137930606906256,0.7383134855530242,0.04448622796918806,0;1;4;5;31,True,5,0.7142857142857143,0.8473733470427754,-50.248890002166306
2.0,nq_13,15,5,0.13137930606906256,0.7383134855530242,0.08897245593837612,0;1;4;5;31,True,5,0.7142857142857143,0.8473733470427754,-49.87192556325071
4.0,nq_13,15,5,0.13137930606906256,0.7383134855530242,0.17794491187675224,0;1;4;5;31,True,5,0.7142857142857143,0.8473733470427754,-49.11799668541954
0.0,nq_130,15,5,0.060479309247939594,0.7998135878640841,0.0,4;12;13;14;26,False,0,0.0,0.7940226502470021,-48.33408758482969
0.05,nq_130,15,5,0.060479309247939594,0.7998135878640841,0.0009452082733551164,4;12;13;14;26,False,0,0.0,0.7940226502470021,-48.326582417047256
0.1,nq_130,15,5,0.060479309247939594,0.7998135878640841,0.0018904165467102329,4;12;13;14;26,False,0,0.0,0.7940226502470021,-48.31907724926481
0.25,nq_130,15,5,0.060479309247939594,0.7998135878640841,0.0047260413667755815,4;12;13;14;26,False,0,0.0,0.7940226502470021,-48.296561745917444
0.5,nq_130,15,5,0.060479309247939594,0.7998135878640841,0.009452082733551163,4;12;13;14;26,False,0,0.0,0.7940226502470021,-48.25903590700522
1.0,nq_130,15,5,0.060479309247939594,0.7998135878640841,0.018904165467102326,4;12;13;14;26,False,0,0.0,0.7940226502470021,-48.18398422918073
2.0,nq_130,15,5,0.060479309247939594,0.7998135878640841,0.03780833093420465,4;12;13;14;26,False,0,0.0,0.7940226502470021,-48.03388087353177
4.0,nq_130,15,5,0.060479309247939594,0.7998135878640841,0.0756166618684093,4;12;13;14;26,False,0,0.0,0.7940226502470021,-47.73367416223385
0.0,nq_131,15,5,0.013659904550795243,0.8797235136409316,0.0,4;5;11;34;41,True,1,0.14285714285714285,0.8652190216258505,-49.94470499733663
0.05,nq_131,15,5,0.013659904550795243,0.8797235136409316,0.00019409349658594757,4;5;11;34;41,True,1,0.14285714285714285,0.8652190216258505,-49.94302566348443
0.1,nq_131,15,5,0.013659904550795243,0.8797235136409316,0.00038818699317189515,4;5;11;34;41,True,1,0.14285714285714285,0.8652190216258505,-49.94134632963224
0.25,nq_131,15,5,0.013659904550795243,0.8797235136409316,0.0009704674829297378,4;5;11;34;41,True,1,0.14285714285714285,0.8652190216258505,-49.93630832807563
0.5,nq_131,15,5,0.013659904550795243,0.8797235136409316,0.0019409349658594756,4;5;11;34;41,True,1,0.14285714285714285,0.8652190216258505,-49.92791165881464
1.0,nq_131,15,5,0.013659904550795243,0.8797235136409316,0.003881869931718951,4;5;11;34;41,True,1,0.14285714285714285,0.8652190216258505,-49.91111832029263
2.0,nq_131,15,5,0.013659904550795243,0.8797235136409316,0.007763739863437902,4;5;11;34;41,True,1,0.14285714285714285,0.8652190216258505,-49.877531643248616
4.0,nq_131,15,5,0.013659904550795243,0.8797235136409316,0.015527479726875805,4;5;11;34;41,True,1,0.14285714285714285,0.8652190216258505,-49.810358289160604
0.0,nq_132,15,5,0.03199134060139566,0.8332696261756514,0.0,0;5;6;20;33,True,0,0.0,0.8171247351908738,-48.96885758546678
0.05,nq_132,15,5,0.03199134060139566,0.8332696261756514,0.00047990622128704386,0;5;6;20;33,True,0,0.0,0.8171247351908738,-48.96493615302692
0.1,nq_132,15,5,0.03199134060139566,0.8332696261756514,0.0009598124425740877,0;5;6;20;33,True,0,0.0,0.8171247351908738,-48.96101472058706
0.25,nq_132,15,5,0.03199134060139566,0.8332696261756514,0.0023995311064352195,0;5;6;20;33,True,0,0.0,0.8171247351908738,-48.9492504232675
0.5,nq_132,15,5,0.03199134060139566,0.8332696261756514,0.004799062212870439,0;5;6;20;33,True,0,0.0,0.8171247351908738,-48.92964326106821
1.0,nq_132,15,5,0.03199134060139566,0.8332696261756514,0.009598124425740878,0;5;6;20;33,True,0,0.0,0.8171247351908738,-48.89042893666964
2.0,nq_132,15,5,0.03199134060139566,0.8332696261756514,0.019196248851481756,0;5;6;20;33,True,0,0.0,0.8171247351908738,-48.812000287872536
4.0,nq_132,15,5,0.03199134060139566,0.8332696261756514,0.03839249770296351,0;5;6;20;33,True,0,0.0,0.8171247351908738,-48.65514299027828
0.0,nq_133,15,5,0.004993899041772276,0.8701130309315704,0.0,22;26;28;35;47,True,1,0.2,0.8272279140830273,-50.03984774403803
0.05,nq_133,15,5,0.004993899041772276,0.8701130309315704,7.174201978483292e-05,22;26;28;35;47,True,1,0.2,0.8272279140830273,-50.03925427402424
0.1,nq_133,15,5,0.004993899041772276,0.8701130309315704,0.00014348403956966583,22;26;28;35;47,True,1,0.2,0.8272279140830273,-50.038660804010455
0.25,nq_133,15,5,0.004993899041772276,0.8701130309315704,0.0003587100989241646,22;26;28;35;47,True,1,0.2,0.8272279140830273,-50.03688039396909
0.5,nq_133,15,5,0.004993899041772276,0.8701130309315704,0.0007174201978483292,22;26;28;35;47,True,1,0.2,0.8272279140830273,-50.03391304390016
1.0,nq_133,15,5,0.004993899041772276,0.8701130309315704,0.0014348403956966583,22;26;28;35;47,True,1,0.2,0.8272279140830273,-50.02797834376229
2.0,nq_133,15,5,0.004993899041772276,0.8701130309315704,0.0028696807913933167,22;26;28;35;47,True,1,0.2,0.8272279140830273,-50.01610894348654
4.0,nq_133,15,5,0.004993899041772276,0.8701130309315704,0.005739361582786633,22;26;28;35;47,True,1,0.2,0.8272279140830273,-49.99237014293506
0.0,nq_134,15,5,0.04573169262574783,0.8119917372743105,0.0,3;6;19;32;48,True,2,0.5,0.773066629656953,-48.65319565432688
0.05,nq_134,15,5,0.04573169262574783,0.8119917372743105,0.0007040040280911185,3;6;19;32;48,True,2,0.5,0.773066629656953,-48.647753234114276
0.1,nq_134,15,5,0.04573169262574783,0.8119917372743105,0.001408008056182237,3;6;19;32;48,True,2,0.5,0.773066629656953,-48.64231081390166
0.25,nq_134,15,5,0.04573169262574783,0.8119917372743105,0.0035200201404555925,3;6;19;32;48,True,2,0.5,0.773066629656953,-48.625983553263815
0.5,nq_134,15,5,0.04573169262574783,0.8119917372743105,0.007040040280911185,3;6;19;32;48,True,2,0.5,0.773066629656953,-48.59877145220075
1.0,nq_134,15,5,0.04573169262574783,0.8119917372743105,0.01408008056182237,3;6;19;32;48,True,2,0.5,0.773066629656953,-48.54434725007462
2.0,nq_134,15,5,0.04573169262574783,0.8119917372743105,0.02816016112364474,3;6;19;32;48,True,2,0.5,0.773066629656953,-48.43549884582235
4.0,nq_134,15,5,0.04573169262574783,0.8119917372743105,0.05632032224728948,3;6;19;32;48,True,2,0.5,0.773066629656953,-48.217802037317824
0.0,nq_135,15,5,0.006821043896758278,0.6432533186407868,0.0,4;27;32;43;47,True,0,0.0,0.6389181590582893,-48.76714175690178
0.05,nq_135,15,5,0.006821043896758278,0.6432533186407868,0.00013254951616903485,4;27;32;43;47,True,0,0.0,0.6389181590582893,-48.76629487397324
0.1,nq_135,15,5,0.006821043896758278,0.6432533186407868,0.0002650990323380697,4;27;32;43;47,True,0,0.0,0.6389181590582893,-48.765447991044695
0.25,nq_135,15,5,0.006821043896758278,0.6432533186407868,0.0006627475808451742,4;27;32;43;47,True,0,0.0,0.6389181590582893,-48.76290734225904
0.5,nq_135,15,5,0.006821043896758278,0.6432533186407868,0.0013254951616903485,4;27;32;43;47,True,0,0.0,0.6389181590582893,-48.7586729276163
1.0,nq_135,15,5,0.006821043896758278,0.6432533186407868,0.002650990323380697,4;27;32;43;47,True,0,0.0,0.6389181590582893,-48.750204098330826
2.0,nq_135,15,5,0.006821043896758278,0.6432533186407868,0.005301980646761394,4;27;32;43;47,True,0,0.0,0.6389181590582893,-48.733266439759866
4.0,nq_135,15,5,0.006821043896758278,0.6432533186407868,0.010603961293522788,4;27;32;43;47,True,0,0.0,0.6389181590582893,-48.69939112261796
0.0,nq_136,15,5,0.004787143196870163,0.6805768374948642,0.0,7;16;18;21;35,True,1,1.0,0.6164406131801936,-48.04693242929773
0.05,nq_136,15,5,0.004787143196870163,0.6805768374948642,8.79242412317439e-05,7;16;18;21;35,True,1,1.0,0.6164406131801936,-48.04639042856596
0.1,nq_136,15,5,0.004787143196870163,0.6805768374948642,0.0001758484824634878,7;16;18;21;35,True,1,1.0,0.6164406131801936,-48.04584842783417
0.25,nq_136,15,5,0.004787143196870163,0.6805768374948642,0.0004396212061587195,7;16;18;21;35,True,1,1.0,0.6164406131801936,-48.04422242563882
0.5,nq_136,15,5,0.004787143196870163,0.6805768374948642,0.000879242412317439,7;16;18;21;35,True,1,1.0,0.6164406131801936,-48.04151242197992
1.0,nq_136,15,5,0.004787143196870163,0.6805768374948642,0.001758484824634878,7;16;18;21;35,True,1,1.0,0.6164406131801936,-48.03609241466208
2.0,nq_136,15,5,0.004787143196870163,0.6805768374948642,0.003516969649269756,7;16;18;21;35,True,1,1.0,0.6164406131801936,-48.02525240002642
4.0,nq_136,15,5,0.004787143196870163,0.6805768374948642,0.007033939298539512,7;16;18;21;35,True,1,1.0,0.6164406131801936,-48.0035723707551
0.0,nq_137,15,5,0.00025898454349634545,0.8040239524299551,0.0,0;4;8;43;47,True,1,0.5,0.7618146121140696,-47.405301043053136
0.05,nq_137,15,5,0.00025898454349634545,0.8040239524299551,4.026376027162348e-06,0;4;8;43;47,True,1,0.5,0.7618146121140696,-47.405270369532225
0.1,nq_137,15,5,0.00025898454349634545,0.8040239524299551,8.052752054324696e-06,0;4;8;43;47,True,1,0.5,0.7618146121140696,-47.405239696011314
0.25,nq_137,15,5,0.00025898454349634545,0.8040239524299551,2.013188013581174e-05,0;4;8;43;47,True,1,0.5,0.7618146121140696,-47.40514767544856
0.5,nq_137,15,5,0.00025898454349634545,0.8040239524299551,4.026376027162348e-05,0;4;8;43;47,True,1,0.5,0.7618146121140696,-47.404994307844
1.0,nq_137,15,5,0.00025898454349634545,0.8040239524299551,8.052752054324696e-05,0;4;8;43;47,True,1,0.5,0.7618146121140696,-47.40468757263487
2.0,nq_137,15,5,0.00025898454349634545,0.8040239524299551,0.00016105504108649392,0;4;8;43;47,True,1,0.5,0.7618146121140696,-47.4040741022166
4.0,nq_137,15,5,0.00025898454349634545,0.8040239524299551,0.00032211008217298783,0;4;8;43;47,True,1,0.5,0.7618146121140696,-47.40284716138005
0.0,nq_138,15,5,0.03242732994153266,0.8312089686110742,0.0,5;18;25;26;37,False,0,0.0,0.777208464312489,-48.99076603646789
0.05,nq_138,15,5,0.03242732994153266,0.8312089686110742,0.00048765250607673953,5;18;25;26;37,False,0,0.0,0.777208464312489,-48.98697595991423
0.1,nq_138,15,5,0.03242732994153266,0.8312089686110742,0.0009753050121534791,5;18;25;26;37,False,0,0.0,0.777208464312489,-48.98318588336056
0.25,nq_138,15,5,0.03242732994153266,0.8312089686110742,0.002438262530383697,5;18;25;26;37,False,0,0.0,0.777208464312489,-48.97181565369958
0.5,nq_138,15,5,0.03242732994153266,0.8312089686110742,0.004876525060767394,5;18;25;26;37,False,0,0.0,0.777208464312489,-48.9528652709313
1.0,nq_138,15,5,0.03242732994153266,0.8312089686110742,0.009753050121534788,5;18;25;26;37,False,0,0.0,0.777208464312489,-48.91496450539468
2.0,nq_138,15,5,0.03242732994153266,0.8312089686110742,0.019506100243069577,5;18;25;26;37,False,0,0.0,0.777208464312489,-48.83916297432147
4.0,nq_138,15,5,0.03242732994153266,0.8312089686110742,0.039012200486139154,5;18;25;26;37,False,0,0.0,0.777208464312489,-48.687559912175054
0.0,nq_139,15,5,0.004826105923528629,0.6901124323535359,0.0,0;3;4;6;31,False,0,0.0,0.6566471867322841,-48.02843614756256
0.05,nq_139,15,5,0.004826105923528629,0.6901124323535359,8.741508455845197e-05,0;3;4;6;31,False,0,0.0,0.6566471867322841,-48.02786213886903
0.1,nq_139,15,5,0.004826105923528629,0.6901124323535359,0.00017483016911690394,0;3;4;6;31,False,0,0.0,0.6566471867322841,-48.0272881301755
0.25,nq_139,15,5,0.004826105923528629,0.6901124323535359,0.00043707542279225985,0;3;4;6;31,False,0,0.0,0.6566471867322841,-48.0255661040949
0.5,nq_139,15,5,0.004826105923528629,0.6901124323535359,0.0008741508455845197,0;3;4;6;31,False,0,0.0,0.6566471867322841,-48.02269606062724
1.0,nq_139,15,5,0.004826105923528629,0.6901124323535359,0.0017483016911690394,0;3;4;6;31,False,0,0.0,0.6566471867322841,-48.01695597369191
2.0,nq_139,15,5,0.004826105923528629,0.6901124323535359,0.0034966033823380788,0;3;4;6;31,False,0,0.0,0.6566471867322841,-48.005475799821255
4.0,nq_139,15,5,0.004826105923528629,0.6901124323535359,0.0069932067646761575,0;3;4;6;31,False,0,0.0,0.6566471867322841,-47.982515452079944
0.0,nq_14,15,5,0.0013921417268906167,0.8149801875715768,0.0,10;11;28;31;45,True,1,0.2,0.7280395526872178,-51.26011288440819
0.05,nq_14,15,5,0.0013921417268906167,0.8149801875715768,2.1352359847698173e-05,10;11;28;31;45,True,1,0.2,0.7280395526872178,-51.25995743078307
0.1,nq_14,15,5,0.0013921417268906167,0.8149801875715768,4.2704719695396347e-05,10;11;28;31;45,True,1,0.2,0.7280395526872178,-51.259801977157935
0.25,nq_14,15,5,0.0013921417268906167,0.8149801875715768,0.00010676179923849086,10;11;28;31;45,True,1,0.2,0.7280395526872178,-51.25933561628258
0.5,nq_14,15,5,0.0013921417268906167,0.8149801875715768,0.00021352359847698173,10;11;28;31;45,True,1,0.2,0.7280395526872178,-51.25855834815696
1.0,nq_14,15,5,0.0013921417268906167,0.8149801875715768,0.00042704719695396345,10;11;28;31;45,True,1,0.2,0.7280395526872178,-51.25700381190572
2.0,nq_14,15,5,0.0013921417268906167,0.8149801875715768,0.0008540943939079269,10;11;28;31;45,True,1,0.2,0.7280395526872178,-51.25389473940325
4.0,nq_14,15,5,0.0013921417268906167,0.8149801875715768,0.0017081887878158538,10;11;28;31;45,True,1,0.2,0.7280395526872178,-51.24767659439833
0.0,nq_140,15,5,0.00829178153358133,0.8873674869868267,0.0,1;6;7;16;21,True,2,1.0,0.8715623286380101,-49.64813259184069
0.05,nq_140,15,5,0.00829178153358133,0.8873674869868267,0.00011680296369517719,1;6;7;16;21,True,2,1.0,0.8715623286380101,-49.6471145812104
0.1,nq_140,15,5,0.00829178153358133,0.8873674869868267,0.00023360592739035438,1;6;7;16;21,True,2,1.0,0.8715623286380101,-49.64609657058009
0.25,nq_140,15,5,0.00829178153358133,0.8873674869868267,0.0005840148184758859,1;6;7;16;21,True,2,1.0,0.8715623286380101,-49.6430425386892
0.5,nq_140,15,5,0.00829178153358133,0.8873674869868267,0.0011680296369517718,1;6;7;16;21,True,2,1.0,0.8715623286380101,-49.637952485537696
1.0,nq_140,15,5,0.00829178153358133,0.8873674869868267,0.0023360592739035436,1;6;7;16;21,True,2,1.0,0.8715623286380101,-49.62777237923469
2.0,nq_140,15,5,0.00829178153358133,0.8873674869868267,0.004672118547807087,1;6;7;16;21,True,2,1.0,0.8715623286380101,-49.607412166628706
4.0,nq_140,15,5,0.00829178153358133,0.8873674869868267,0.009344237095614175,1;6;7;16;21,True,2,1.0,0.8715623286380101,-49.566691741416705
0.0,nq_141,15,5,0.0028715187568286726,0.853432237026981,0.0,14;24;33;35;45,True,5,0.15625,0.8469424092156383,-50.65794904493947
0.05,nq_141,15,5,0.0028715187568286726,0.853432237026981,4.205833907453458e-05,14;24;33;35;45,True,5,0.15625,0.8469424092156383,-50.65759283502925
0.1,nq_141,15,5,0.0028715187568286726,0.853432237026981,8.411667814906916e-05,14;24;33;35;45,True,5,0.15625,0.8469424092156383,-50.657236625119005
0.25,nq_141,15,5,0.0028715187568286726,0.853432237026981,0.0002102916953726729,14;24;33;35;45,True,5,0.15625,0.8469424092156383,-50.6561679953883
0.5,nq_141,15,5,0.0028715187568286726,0.853432237026981,0.0004205833907453458,14;24;33;35;45,True,5,0.15625,0.8469424092156383,-50.65438694583713
1.0,nq_141,15,5,0.0028715187568286726,0.853432237026981,0.0008411667814906916,14;24;33;35;45,True,5,0.15625,0.8469424092156383,-50.65082484673479
2.0,nq_141,15,5,0.0028715187568286726,0.853432237026981,0.0016823335629813831,14;24;33;35;45,True,5,0.15625,0.8469424092156383,-50.643700648530114
4.0,nq_141,15,5,0.0028715187568286726,0.853432237026981,0.0033646671259627663,14;24;33;35;45,True,5,0.15625,0.8469424092156383,-50.62945225212076
0.0,nq_142,15,5,0.00023830972936705885,0.8381604740436127,0.0,4;6;10;37;41,True,5,0.125,0.8491524205466202,-49.242217982277516
0.05,nq_142,15,5,0.00023830972936705885,0.8381604740436127,3.554054569839646e-06,4;6;10;37;41,True,5,0.125,0.8491524205466202,-49.24218780293712
0.1,nq_142,15,5,0.00023830972936705885,0.8381604740436127,7.108109139679292e-06,4;6;10;37;41,True,5,0.125,0.8491524205466202,-49.24215762359671
0.25,nq_142,15,5,0.00023830972936705885,0.8381604740436127,1.777027284919823e-05,4;6;10;37;41,True,5,0.125,0.8491524205466202,-49.242067085575485
0.5,nq_142,15,5,0.00023830972936705885,0.8381604740436127,3.554054569839646e-05,4;6;10;37;41,True,5,0.125,0.8491524205466202,-49.24191618887345
1.0,nq_142,15,5,0.00023830972936705885,0.8381604740436127,7.108109139679292e-05,4;6;10;37;41,True,5,0.125,0.8491524205466202,-49.24161439546937
2.0,nq_142,15,5,0.00023830972936705885,0.8381604740436127,0.00014216218279358584,4;6;10;37;41,True,5,0.125,0.8491524205466202,-49.24101080866123
4.0,nq_142,15,5,0.00023830972936705885,0.8381604740436127,0.00028432436558717167,4;6;10;37;41,True,5,0.125,0.8491524205466202,-49.23980363504492
0.0,nq_143,15,5,0.09648630478596565,0.734352383044587,0.0,15;26;34;45;47,True,2,0.6666666666666666,0.7396299247987199,-51.002883147677395
0.05,nq_143,15,5,0.09648630478596565,0.734352383044587,0.001642368425980741,15;26;34;45;47,True,2,0.6666666666666666,0.7396299247987199,-50.99073569932341
0.1,nq_143,15,5,0.09648630478596565,0.734352383044587,0.003284736851961482,15;26;34;45;47,True,2,0.6666666666666666,0.7396299247987199,-50.978588250969395
0.25,nq_143,15,5,0.09648630478596565,0.734352383044587,0.008211842129903705,15;26;34;45;47,True,2,0.6666666666666666,0.7396299247987199,-50.9421459059074
0.5,nq_143,15,5,0.09648630478596565,0.734352383044587,0.01642368425980741,15;26;34;45;47,True,2,0.6666666666666666,0.7396299247987199,-50.881408664137396
1.0,nq_143,15,5,0.09648630478596565,0.734352383044587,0.03284736851961482,15;26;34;45;47,True,2,0.6666666666666666,0.7396299247987199,-50.75993418059741
2.0,nq_143,15,5,0.09648630478596565,0.734352383044587,0.06569473703922964,15;26;34;45;47,True,2,0.6666666666666666,0.7396299247987199,-50.51698521351743
4.0,nq_143,15,5,0.09648630478596565,0.734352383044587,0.13138947407845927,8;26;34;45;47,True,2,0.6666666666666666,0.7367971694392382,-50.03245786185174
0.0,nq_144,15,5,2.2423824140971327e-05,0.9140589317475382,0.0,5;28;36;39;43,True,5,0.23809523809523808,0.8813945156728404,-50.587190369008695
0.05,nq_144,15,5,2.2423824140971327e-05,0.9140589317475382,3.0665144814548047e-07,5;28;36;39;43,True,5,0.23809523809523808,0.8813945156728404,-50.587187666199654
0.1,nq_144,15,5,2.2423824140971327e-05,0.9140589317475382,6.133028962909609e-07,5;28;36;39;43,True,5,0.23809523809523808,0.8813945156728404,-50.58718496339061
0.25,nq_144,15,5,2.2423824140971327e-05,0.9140589317475382,1.5332572407274021e-06,5;28;36;39;43,True,5,0.23809523809523808,0.8813945156728404,-50.587176854963474
0.5,nq_144,15,5,2.2423824140971327e-05,0.9140589317475382,3.0665144814548043e-06,5;28;36;39;43,True,5,0.23809523809523808,0.8813945156728404,-50.587163340918245
1.0,nq_144,15,5,2.2423824140971327e-05,0.9140589317475382,6.1330289629096086e-06,5;28;36;39;43,True,5,0.23809523809523808,0.8813945156728404,-50.58713631282778
2.0,nq_144,15,5,2.2423824140971327e-05,0.9140589317475382,1.2266057925819217e-05,5;28;36;39;43,True,5,0.23809523809523808,0.8813945156728404,-50.58708225664686
4.0,nq_144,15,5,2.2423824140971327e-05,0.9140589317475382,2.4532115851638434e-05,5;28;36;39;43,True,5,0.23809523809523808,0.8813945156728404,-50.58697414428501
0.0,nq_145,15,5,0.042313922466134433,0.8274344366742254,0.0,17;18;25;30;33,True,0,0.0,0.7651819965285322,-47.72913940757143
0.05,nq_145,15,5,0.042313922466134433,0.8274344366742254,0.0006392329931536716,17;18;25;30;33,True,0,0.0,0.7651819965285322,-47.72424811179195
0.1,nq_145,15,5,0.042313922466134433,0.8274344366742254,0.0012784659863073432,17;18;25;30;33,True,0,0.0,0.7651819965285322,-47.71935681601245
0.25,nq_145,15,5,0.042313922466134433,0.8274344366742254,0.0031961649657683577,17;18;25;30;33,True,0,0.0,0.7651819965285322,-47.70468292867402
0.5,nq_145,15,5,0.042313922466134433,0.8274344366742254,0.006392329931536715,17;18;25;30;33,True,0,0.0,0.7651819965285322,-47.6802264497766
1.0,nq_145,15,5,0.042313922466134433,0.8274344366742254,0.01278465986307343,17;18;25;30;33,True,0,0.0,0.7651819965285322,-47.631313491981786
2.0,nq_145,15,5,0.042313922466134433,0.8274344366742254,0.02556931972614686,17;18;25;30;33,True,0,0.0,0.7651819965285322,-47.53348757639213
4.0,nq_145,15,5,0.042313922466134433,0.8274344366742254,0.05113863945229372,17;18;25;30;33,True,0,0.0,0.7651819965285322,-47.33783574521284
0.0,nq_146,15,5,0.022493692423846134,0.7828119641483741,0.0,9;14;22;27;46,True,3,0.42857142857142855,0.7660852427250855,-50.86461144574044
0.05,nq_146,15,5,0.022493692423846134,0.7828119641483741,0.0003591805043800777,9;14;22;27;46,True,3,0.42857142857142855,0.7660852427250855,-50.86185981690164
0.1,nq_146,15,5,0.022493692423846134,0.7828119641483741,0.0007183610087601554,9;14;22;27;46,True,3,0.42857142857142855,0.7660852427250855,-50.859108188062834
0.25,nq_146,15,5,0.022493692423846134,0.7828119641483741,0.0017959025219003884,9;14;22;27;46,True,3,0.42857142857142855,0.7660852427250855,-50.85085330154643
0.5,nq_146,15,5,0.022493692423846134,0.7828119641483741,0.003591805043800777,9;14;22;27;46,True,3,0.42857142857142855,0.7660852427250855,-50.83709515735242
1.0,nq_146,15,5,0.022493692423846134,0.7828119641483741,0.007183610087601554,9;14;22;27;46,True,3,0.42857142857142855,0.7660852427250855,-50.80957886896441
2.0,nq_146,15,5,0.022493692423846134,0.7828119641483741,0.014367220175203107,9;14;22;27;46,True,3,0.42857142857142855,0.7660852427250855,-50.75454629218838
4.0,nq_146,15,5,0.022493692423846134,0.7828119641483741,0.028734440350406214,9;14;22;27;46,True,3,0.42857142857142855,0.7660852427250855,-50.64448113863633
0.0,nq_147,15,5,0.08783846449797927,0.7406681097588644,0.0,6;11;16;40;44,True,3,0.6,0.7291558225464201,-51.23824352021599
0.05,nq_147,15,5,0.08783846449797927,0.7406681097588644,0.0014824174408761348,6;11;16;40;44,True,3,0.6,0.7291558225464201,-51.227434387131396
0.1,nq_147,15,5,0.08783846449797927,0.7406681097588644,0.0029648348817522697,6;11;16;40;44,True,3,0.6,0.7291558225464201,-51.216625254046804
0.25,nq_147,15,5,0.08783846449797927,0.7406681097588644,0.007412087204380674,6;11;16;40;44,True,3,0.6,0.7291558225464201,-51.18419785479303
0.5,nq_147,15,5,0.08783846449797927,0.7406681097588644,0.014824174408761348,6;11;16;40;44,True,3,0.6,0.7291558225464201,-51.130152189370065
1.0,nq_147,15,5,0.08783846449797927,0.7406681097588644,0.029648348817522697,6;11;16;40;44,True,3,0.6,0.7291558225464201,-51.02206085852414
2.0,nq_147,15,5,0.08783846449797927,0.7406681097588644,0.059296697635045394,6;11;16;40;44,True,3,0.6,0.7291558225464201,-50.80587819683231
4.0,nq_147,15,5,0.08783846449797927,0.7406681097588644,0.11859339527009079,6;11;16;40;44,True,3,0.6,0.7291558225464201,-50.37351287344862
0.0,nq_148,15,5,0.02737357863092016,0.8931260169388795,0.0,0;1;6;11;22,True,4,0.6666666666666666,0.8889065273481828,-50.24063392553172
0.05,nq_148,15,5,0.02737357863092016,0.8931260169388795,0.00038311430109824805,0;1;6;11;22,True,4,0.6666666666666666,0.8889065273481828,-50.23722839750206
0.1,nq_148,15,5,0.02737357863092016,0.8931260169388795,0.0007662286021964961,0;1;6;11;22,True,4,0.6666666666666666,0.8889065273481828,-50.23382286947239
0.25,nq_148,15,5,0.02737357863092016,0.8931260169388795,0.0019155715054912403,0;1;6;11;22,True,4,0.6666666666666666,0.8889065273481828,-50.22360628538338
0.5,nq_148,15,5,0.02737357863092016,0.8931260169388795,0.0038311430109824805,0;1;6;11;22,True,4,0.6666666666666666,0.8889065273481828,-50.206578645235055
1.0,nq_148,15,5,0.02737357863092016,0.8931260169388795,0.007662286021964961,0;1;6;11;22,True,4,0.6666666666666666,0.8889065273481828,-50.17252336493839
2.0,nq_148,15,5,0.02737357863092016,0.8931260169388795,0.015324572043929922,0;1;6;11;22,True,4,0.6666666666666666,0.8889065273481828,-50.10441280434505
4.0,nq_148,15,5,0.02737357863092016,0.8931260169388795,0.030649144087859844,0;1;6;11;22,True,4,0.6666666666666666,0.8889065273481828,-49.96819168315838
0.0,nq_149,15,5,0.10586566717375301,0.8198200419205746,0.0,2;4;6;12;38,True,2,1.0,0.8490293243660301,-50.54718314258109
0.05,nq_149,15,5,0.10586566717375301,0.8198200419205746,0.0016141581784383109,2;4;6;12;38,True,2,1.0,0.8490293243660301,-50.53347846630451
0.1,nq_149,15,5,0.10586566717375301,0.8198200419205746,0.0032283163568766217,2;4;6;12;38,True,2,1.0,0.8490293243660301,-50.51977379002791
0.25,nq_149,15,5,0.10586566717375301,0.8198200419205746,0.008070790892191553,2;4;6;12;38,True,2,1.0,0.8490293243660301,-50.47865976119813
0.5,nq_149,15,5,0.10586566717375301,0.8198200419205746,0.016141581784383106,2;4;6;12;38,True,2,1.0,0.8490293243660301,-50.410136379815164
1.0,nq_149,15,5,0.10586566717375301,0.8198200419205746,0.03228316356876621,2;4;6;12;38,True,2,1.0,0.8490293243660301,-50.273089617049216
2.0,nq_149,15,5,0.10586566717375301,0.8198200419205746,0.06456632713753242,2;4;6;12;38,True,2,1.0,0.8490293243660301,-49.99899609151734
4.0,nq_149,15,5,0.10586566717375301,0.8198200419205746,0.12913265427506485,2;4;6;12;38,True,2,1.0,0.8490293243660301,-49.4508090404536
0.0,nq_15,15,5,0.0008265533831143708,0.695363297925048,0.0,15;17;18;36;49,False,0,0.0,0.6727730841400222,-48.204612802287414
0.05,nq_15,15,5,0.0008265533831143708,0.695363297925048,1.4858279781921291e-05,15;17;18;36;49,False,0,0.0,0.6727730841400222,-48.204512839780264
0.1,nq_15,15,5,0.0008265533831143708,0.695363297925048,2.9716559563842583e-05,15;17;18;36;49,False,0,0.0,0.6727730841400222,-48.204412877273136
0.25,nq_15,15,5,0.0008265533831143708,0.695363297925048,7.429139890960646e-05,15;17;18;36;49,False,0,0.0,0.6727730841400222,-48.204112989751714
0.5,nq_15,15,5,0.0008265533831143708,0.695363297925048,0.00014858279781921292,15;17;18;36;49,False,0,0.0,0.6727730841400222,-48.20361317721601
1.0,nq_15,15,5,0.0008265533831143708,0.695363297925048,0.00029716559563842585,15;17;18;36;49,False,0,0.0,0.6727730841400222,-48.202613552144626
2.0,nq_15,15,5,0.0008265533831143708,0.695363297925048,0.0005943311912768517,15;17;18;36;49,False,0,0.0,0.6727730841400222,-48.20061430200185
4.0,nq_15,15,5,0.0008265533831143708,0.695363297925048,0.0011886623825537034,15;17;18;36;49,False,0,0.0,0.6727730841400222,-48.19661580171629
0.0,nq_150,15,5,0.0221055568303127,0.7845588176621918,0.0,9;16;29;31;36,False,0,0.0,0.7100675979290155,-47.58462969984059
0.05,nq_150,15,5,0.0221055568303127,0.7845588176621918,0.0003521968040655935,9;16;29;31;36,False,0,0.0,0.7100675979290155,-47.58212886445398
0.1,nq_150,15,5,0.0221055568303127,0.7845588176621918,0.000704393608131187,9;16;29;31;36,False,0,0.0,0.7100675979290155,-47.57962802906737
0.25,nq_150,15,5,0.0221055568303127,0.7845588176621918,0.0017609840203279676,9;16;29;31;36,False,0,0.0,0.7100675979290155,-47.57212552290754
0.5,nq_150,15,5,0.0221055568303127,0.7845588176621918,0.003521968040655935,9;16;29;31;36,False,0,0.0,0.7100675979290155,-47.559621345974485
1.0,nq_150,15,5,0.0221055568303127,0.7845588176621918,0.00704393608131187,9;16;29;31;36,False,0,0.0,0.7100675979290155,-47.534612992108364
2.0,nq_150,15,5,0.0221055568303127,0.7845588176621918,0.01408787216262374,9;16;29;31;36,False,0,0.0,0.7100675979290155,-47.48459628437614
4.0,nq_150,15,5,0.0221055568303127,0.7845588176621918,0.02817574432524748,9;16;29;31;36,False,0,0.0,0.7100675979290155,-47.38456286891168
0.0,nq_151,15,5,0.028892640687402077,0.8416715816213117,0.0,0;1;4;10;22,True,2,0.3333333333333333,0.8791730666282416,-48.566800369343675
0.05,nq_151,15,5,0.028892640687402077,0.8416715816213117,0.00042909560852847105,0;1;4;10;22,True,2,0.3333333333333333,0.8791730666282416,-48.56302787632341
0.1,nq_151,15,5,0.028892640687402077,0.8416715816213117,0.0008581912170569421,0;1;4;10;22,True,2,0.3333333333333333,0.8791730666282416,-48.55925538330314
0.25,nq_151,15,5,0.028892640687402077,0.8416715816213117,0.002145478042642355,0;1;4;10;22,True,2,0.3333333333333333,0.8791730666282416,-48.54793790424233
0.5,nq_151,15,5,0.028892640687402077,0.8416715816213117,0.00429095608528471,0;1;4;10;22,True,2,0.3333333333333333,0.8791730666282416,-48.529075439141
1.0,nq_151,15,5,0.028892640687402077,0.8416715816213117,0.00858191217056942,0;1;4;10;22,True,2,0.3333333333333333,0.8791730666282416,-48.49135050893833
2.0,nq_151,15,5,0.028892640687402077,0.8416715816213117,0.01716382434113884,0;1;4;10;22,True,2,0.3333333333333333,0.8791730666282416,-48.415900648533
4.0,nq_151,15,5,0.028892640687402077,0.8416715816213117,0.03432764868227768,0;1;4;10;22,True,2,0.3333333333333333,0.8791730666282416,-48.265000927722326
0.0,nq_152,15,5,0.3637699470275384,0.7271946935861653,0.0,0;1;2;6;20,True,2,1.0,0.8571879021623259,-50.67665290554558
0.05,nq_152,15,5,0.3637699470275384,0.7271946935861653,0.006252958286125277,0;1;2;6;20,True,2,1.0,0.8571879021623259,-50.62305330358967
0.1,nq_152,15,5,0.3637699470275384,0.7271946935861653,0.012505916572250555,0;1;2;6;20,True,2,1.0,0.8571879021623259,-50.56945370163375
0.25,nq_152,15,5,0.3637699470275384,0.7271946935861653,0.03126479143062638,0;1;2;6;20,True,2,1.0,0.8571879021623259,-50.40865489576598
0.5,nq_152,15,5,0.3637699470275384,0.7271946935861653,0.06252958286125276,0;1;2;6;20,True,2,1.0,0.8571879021623259,-50.140656885986374
1.0,nq_152,15,5,0.3637699470275384,0.7271946935861653,0.12505916572250553,0;1;2;6;20,True,2,1.0,0.8571879021623259,-49.60466086642714
2.0,nq_152,15,5,0.3637699470275384,0.7271946935861653,0.25011833144501106,0;1;2;6;20,True,2,1.0,0.8571879021623259,-48.53266882730868
4.0,nq_152,15,5,0.3637699470275384,0.7271946935861653,0.5002366628900221,0;1;2;6;20,True,2,1.0,0.8571879021623259,-46.388684749071786
0.0,nq_153,15,5,0.03460989711933149,0.7187036626200286,0.0,2;11;12;30;46,True,1,0.3333333333333333,0.7144574577853933,-48.89757176925562
0.05,nq_153,15,5,0.03460989711933149,0.7187036626200286,0.0006019492240589054,2;11;12;30;46,True,1,0.3333333333333333,0.7144574577853933,-48.89327109813223
0.1,nq_153,15,5,0.03460989711933149,0.7187036626200286,0.0012038984481178108,2;11;12;30;46,True,1,0.3333333333333333,0.7144574577853933,-48.88897042700887
0.25,nq_153,15,5,0.03460989711933149,0.7187036626200286,0.003009746120294527,2;11;12;30;46,True,1,0.3333333333333333,0.7144574577853933,-48.87606841363876
0.5,nq_153,15,5,0.03460989711933149,0.7187036626200286,0.006019492240589054,2;11;12;30;46,True,1,0.3333333333333333,0.7144574577853933,-48.85456505802192
1.0,nq_153,15,5,0.03460989711933149,0.7187036626200286,0.012038984481178109,2;11;12;30;46,True,1,0.3333333333333333,0.7144574577853933,-48.8115583467882
2.0,nq_153,15,5,0.03460989711933149,0.7187036626200286,0.024077968962356217,2;11;12;30;46,True,1,0.3333333333333333,0.7144574577853933,-48.725544924320815
4.0,nq_153,15,5,0.03460989711933149,0.7187036626200286,0.048155937924712434,2;11;12;30;46,True,1,0.3333333333333333,0.7144574577853933,-48.553518079385995
0.0,nq_154,15,5,0.004788845381861348,0.8932389919437144,0.0,2;9;10;15;42,False,0,0.0,0.8810327436942466,-48.18202775351527
0.05,nq_154,15,5,0.004788845381861348,0.8932389919437144,6.7015099875912e-05,2;9;10;15;42,False,0,0.0,0.8810327436942466,-48.18143732854215
0.1,nq_154,15,5,0.004788845381861348,0.8932389919437144,0.000134030199751824,2;9;10;15;42,False,0,0.0,0.8810327436942466,-48.18084690356902
0.25,nq_154,15,5,0.004788845381861348,0.8932389919437144,0.00033507549937956,2;9;10;15;42,False,0,0.0,0.8810327436942466,-48.17907562864964
0.5,nq_154,15,5,0.004788845381861348,0.8932389919437144,0.00067015099875912,2;9;10;15;42,False,0,0.0,0.8810327436942466,-48.17612350378402
1.0,nq_154,15,5,0.004788845381861348,0.8932389919437144,0.00134030199751824,2;9;10;15;42,False,0,0.0,0.8810327436942466,-48.17021925405275
2.0,nq_154,15,5,0.004788845381861348,0.8932389919437144,0.00268060399503648,2;9;10;15;42,False,0,0.0,0.8810327436942466,-48.15841075459022
4.0,nq_154,15,5,0.004788845381861348,0.8932389919437144,0.00536120799007296,2;9;10;15;42,False,0,0.0,0.8810327436942466,-48.13479375566518
0.0,nq_155,15,5,0.00727370643631578,0.7515813625810348,0.0,7;18;22;33;42,False,0,0.0,0.672553034025664,-48.92816477676256
0.05,nq_155,15,5,0.00727370643631578,0.7515813625810348,0.0001209732092989931,7;18;22;33;42,False,0,0.0,0.672553034025664,-48.92735116777307
0.1,nq_155,15,5,0.00727370643631578,0.7515813625810348,0.0002419464185979862,7;18;22;33;42,False,0,0.0,0.672553034025664,-48.926537558783565
0.25,nq_155,15,5,0.00727370643631578,0.7515813625810348,0.0006048660464949656,7;18;22;33;42,False,0,0.0,0.672553034025664,-48.92409673181507
0.5,nq_155,15,5,0.00727370643631578,0.7515813625810348,0.0012097320929899311,7;18;22;33;42,False,0,0.0,0.672553034025664,-48.92002868686757
1.0,nq_155,15,5,0.00727370643631578,0.7515813625810348,0.0024194641859798622,7;18;22;33;42,False,0,0.0,0.672553034025664,-48.91189259697259
2.0,nq_155,15,5,0.00727370643631578,0.7515813625810348,0.0048389283719597245,7;18;22;33;42,False,0,0.0,0.672553034025664,-48.89562041718262
4.0,nq_155,15,5,0.00727370643631578,0.7515813625810348,0.009677856743919449,7;18;22;33;42,False,0,0.0,0.672553034025664,-48.863076057602676
0.0,nq_156,15,5,0.03095917686642613,0.8922785237705871,0.0,1;3;7;9;16,True,3,0.1875,0.8825600566606789,-49.80905177439668
0.05,nq_156,15,5,0.03095917686642613,0.8922785237705871,0.000433709056994818,1;3;7;9;16,True,3,0.1875,0.8825600566606789,-49.805224031497524
0.1,nq_156,15,5,0.03095917686642613,0.8922785237705871,0.000867418113989636,1;3;7;9;16,True,3,0.1875,0.8825600566606789,-49.80139628859837
0.25,nq_156,15,5,0.03095917686642613,0.8922785237705871,0.00216854528497409,1;3;7;9;16,True,3,0.1875,0.8825600566606789,-49.7899130599009
0.5,nq_156,15,5,0.03095917686642613,0.8922785237705871,0.00433709056994818,1;3;7;9;16,True,3,0.1875,0.8825600566606789,-49.77077434540513
1.0,nq_156,15,5,0.03095917686642613,0.8922785237705871,0.00867418113989636,1;3;7;9;16,True,3,0.1875,0.8825600566606789,-49.73249691641357
2.0,nq_156,15,5,0.03095917686642613,0.8922785237705871,0.01734836227979272,1;3;7;9;16,True,3,0.1875,0.8825600566606789,-49.65594205843044
4.0,nq_156,15,5,0.03095917686642613,0.8922785237705871,0.03469672455958544,1;3;7;9;16,True,3,0.1875,0.8825600566606789,-49.5028323424642
0.0,nq_157,15,5,0.047863735538477566,0.7792767775240517,0.0,0;1;10;31;49,True,3,1.0,0.7270359531888193,-48.86310887076189
0.05,nq_157,15,5,0.047863735538477566,0.7792767775240517,0.0007677579311088513,0;1;10;31;49,True,3,1.0,0.7270359531888193,-48.85752699456927
0.1,nq_157,15,5,0.047863735538477566,0.7792767775240517,0.0015355158622177025,0;1;10;31;49,True,3,1.0,0.7270359531888193,-48.851945118376634
0.25,nq_157,15,5,0.047863735538477566,0.7792767775240517,0.003838789655544256,0;1;10;31;49,True,3,1.0,0.7270359531888193,-48.83519948979879
0.5,nq_157,15,5,0.047863735538477566,0.7792767775240517,0.007677579311088512,0;1;10;31;49,True,3,1.0,0.7270359531888193,-48.80729010883569
1.0,nq_157,15,5,0.047863735538477566,0.7792767775240517,0.015355158622177024,0;1;10;31;49,True,3,1.0,0.7270359531888193,-48.75147134690948
2.0,nq_157,15,5,0.047863735538477566,0.7792767775240517,0.03071031724435405,0;1;10;31;49,True,3,1.0,0.7270359531888193,-48.63983382305709
4.0,nq_157,15,5,0.047863735538477566,0.7792767775240517,0.0614206344887081,0;1;10;31;49,True,3,1.0,0.7270359531888193,-48.41655877535229
0.0,nq_158,15,5,0.016265256852567116,0.7112631417759977,0.0,14;22;25;45;47,False,0,0.0,0.666841262445353,-47.99003968008489
0.05,nq_158,15,5,0.016265256852567116,0.7112631417759977,0.00028585120311199424,14;22;25;45;47,False,0,0.0,0.666841262445353,-47.988133506313346
0.1,nq_158,15,5,0.016265256852567116,0.7112631417759977,0.0005717024062239885,14;22;25;45;47,False,0,0.0,0.666841262445353,-47.98622733254179
0.25,nq_158,15,5,0.016265256852567116,0.7112631417759977,0.001429256015559971,14;22;25;45;47,False,0,0.0,0.666841262445353,-47.980508811227146
0.5,nq_158,15,5,0.016265256852567116,0.7112631417759977,0.002858512031119942,14;22;25;45;47,False,0,0.0,0.666841262445353,-47.970977942369416
1.0,nq_158,15,5,0.016265256852567116,0.7112631417759977,0.005717024062239884,14;22;25;45;47,False,0,0.0,0.666841262445353,-47.95191620465394
2.0,nq_158,15,5,0.016265256852567116,0.7112631417759977,0.011434048124479767,14;22;25;45;47,False,0,0.0,0.666841262445353,-47.913792729223
4.0,nq_158,15,5,0.016265256852567116,0.7112631417759977,0.022868096248959534,14;22;25;45;47,False,0,0.0,0.666841262445353,-47.8375457783611
0.0,nq_159,15,5,0.03906868255199232,0.7487187848738003,0.0,15;17;25;27;40,True,0,0.0,0.7145377569418241,-49.635036392491806
0.05,nq_159,15,5,0.03906868255199232,0.7487187848738003,0.0006522580834193112,15;17;25;27;40,True,0,0.0,0.7145377569418241,-49.63037576221307
0.1,nq_159,15,5,0.03906868255199232,0.7487187848738003,0.0013045161668386225,15;17;25;27;40,True,0,0.0,0.7145377569418241,-49.62571513193434
0.25,nq_159,15,5,0.03906868255199232,0.7487187848738003,0.003261290417096556,15;17;25;27;40,True,0,0.0,0.7145377569418241,-49.61173324109813
0.5,nq_159,15,5,0.03906868255199232,0.7487187848738003,0.006522580834193112,15;17;25;27;40,True,0,0.0,0.7145377569418241,-49.588430089704445
1.0,nq_159,15,5,0.03906868255199232,0.7487187848738003,0.013045161668386224,15;17;25;27;40,True,0,0.0,0.7145377569418241,-49.54182378691709
2.0,nq_159,15,5,0.03906868255199232,0.7487187848738003,0.02609032333677245,15;17;25;27;40,True,0,0.0,0.7145377569418241,-49.44861118134237
4.0,nq_159,15,5,0.03906868255199232,0.7487187848738003,0.0521806466735449,15;17;25;27;40,True,0,0.0,0.7145377569418241,-49.262185970192924
0.0,nq_16,15,5,0.19064048086266583,0.811522361954439,0.0,5;7;27;43;46,True,1,0.5,0.7973541831371616,-49.38305114719818
0.05,nq_16,15,5,0.19064048086266583,0.811522361954439,0.002936460147055028,5;7;27;43;46,True,1,0.5,0.7973541831371616,-49.35963715937949
0.1,nq_16,15,5,0.19064048086266583,0.811522361954439,0.005872920294110056,5;7;27;43;46,True,1,0.5,0.7973541831371616,-49.336223171560775
0.25,nq_16,15,5,0.19064048086266583,0.811522361954439,0.01468230073527514,5;7;27;43;46,True,1,0.5,0.7973541831371616,-49.26598120810469
0.5,nq_16,15,5,0.19064048086266583,0.811522361954439,0.02936460147055028,5;7;27;43;46,True,1,0.5,0.7973541831371616,-49.148911269011194
1.0,nq_16,15,5,0.19064048086266583,0.811522361954439,0.05872920294110056,5;7;27;43;46,True,1,0.5,0.7973541831371616,-48.9147713908242
2.0,nq_16,15,5,0.19064048086266583,0.811522361954439,0.11745840588220112,5;7;27;43;46,True,1,0.5,0.7973541831371616,-48.446491634450226
4.0,nq_16,15,5,0.19064048086266583,0.811522361954439,0.23491681176440224,5;7;27;43;46,True,1,0.5,0.7973541831371616,-47.50993212170226
0.0,nq_160,15,5,0.02351239182998377,0.7850406476889297,0.0,4;12;25;41;48,True,1,1.0,0.7405512967891584,-51.183869055358194
0.05,nq_160,15,5,0.02351239182998377,0.7850406476889297,0.00037438128122249133,4;12;25;41;48,True,1,1.0,0.7405512967891584,-51.18109656992516
0.1,nq_160,15,5,0.02351239182998377,0.7850406476889297,0.0007487625624449827,4;12;25;41;48,True,1,1.0,0.7405512967891584,-51.17832408449213
0.25,nq_160,15,5,0.02351239182998377,0.7850406476889297,0.0018719064061124564,4;12;25;41;48,True,1,1.0,0.7405512967891584,-51.17000662819305
0.5,nq_160,15,5,0.02351239182998377,0.7850406476889297,0.0037438128122249128,4;12;25;41;48,True,1,1.0,0.7405512967891584,-51.1561442010279
1.0,nq_160,15,5,0.02351239182998377,0.7850406476889297,0.0074876256244498255,4;12;25;41;48,True,1,1.0,0.7405512967891584,-51.12841934669761
2.0,nq_160,15,5,0.02351239182998377,0.7850406476889297,0.014975251248899651,4;12;25;41;48,True,1,1.0,0.7405512967891584,-51.07296963803704
4.0,nq_160,15,5,0.02351239182998377,0.7850406476889297,0.029950502497799302,4;12;25;41;48,True,1,1.0,0.7405512967891584,-50.962070220715866
0.0,nq_161,15,5,0.000659368031091631,0.8596783570227259,0.0,2;27;39;42;46,True,1,0.2,0.8251619575527271,-46.880102223993866
0.05,nq_161,15,5,0.000659368031091631,0.8596783570227259,9.587412238430083e-06,2;27;39;42;46,True,1,0.2,0.8251619575527271,-46.880023112315364
0.1,nq_161,15,5,0.000659368031091631,0.8596783570227259,1.9174824476860166e-05,2;27;39;42;46,True,1,0.2,0.8251619575527271,-46.87994400063686
0.25,nq_161,15,5,0.000659368031091631,0.8596783570227259,4.793706119215042e-05,2;27;39;42;46,True,1,0.2,0.8251619575527271,-46.87970666560133
0.5,nq_161,15,5,0.000659368031091631,0.8596783570227259,9.587412238430084e-05,2;27;39;42;46,True,1,0.2,0.8251619575527271,-46.87931110720882
1.0,nq_161,15,5,0.000659368031091631,0.8596783570227259,0.00019174824476860168,2;27;39;42;46,True,1,0.2,0.8251619575527271,-46.87851999042377
2.0,nq_161,15,5,0.000659368031091631,0.8596783570227259,0.00038349648953720335,2;27;39;42;46,True,1,0.2,0.8251619575527271,-46.876937756853664
4.0,nq_161,15,5,0.000659368031091631,0.8596783570227259,0.0007669929790744067,2;27;39;42;46,True,1,0.2,0.8251619575527271,-46.873773289713455
0.0,nq_162,15,5,0.5255265940535936,0.7548650018283111,0.0,1;4;6;17;46,True,4,1.0,0.7827820481251692,-50.94384104836573
0.05,nq_162,15,5,0.5255265940535936,0.7548650018283111,0.008702315920652645,1;4;6;17;46,True,4,1.0,0.7827820481251692,-50.875720881567716
0.1,nq_162,15,5,0.5255265940535936,0.7548650018283111,0.01740463184130529,1;4;6;17;46,True,4,1.0,0.7827820481251692,-50.80760071476972
0.25,nq_162,15,5,0.5255265940535936,0.7548650018283111,0.04351157960326322,1;4;6;17;46,True,4,1.0,0.7827820481251692,-50.60324021437569
0.5,nq_162,15,5,0.5255265940535936,0.7548650018283111,0.08702315920652644,1;4;6;17;46,True,4,1.0,0.7827820481251692,-50.26263938038565
1.0,nq_162,15,5,0.5255265940535936,0.7548650018283111,0.17404631841305288,1;4;6;17;46,True,4,1.0,0.7827820481251692,-49.58143771240559
2.0,nq_162,15,5,0.5255265940535936,0.7548650018283111,0.34809263682610575,1;4;6;17;46,True,4,1.0,0.7827820481251692,-48.219034376445435
4.0,nq_162,15,5,0.5255265940535936,0.7548650018283111,0.6961852736522115,1;4;6;17;46,True,4,1.0,0.7827820481251692,-45.49422770452514
0.0,nq_163,15,5,0.0027253804400506117,0.6989293213645643,0.0,1;2;4;30;34,False,0,0.0,0.7001609607152997,-49.388222295257165
0.05,nq_163,15,5,0.0027253804400506117,0.6989293213645643,4.874199109593795e-05,1;2;4;30;34,False,0,0.0,0.7001609607152997,-49.38788102286403
0.1,nq_163,15,5,0.0027253804400506117,0.6989293213645643,9.74839821918759e-05,1;2;4;30;34,False,0,0.0,0.7001609607152997,-49.3875397504709
0.25,nq_163,15,5,0.0027253804400506117,0.6989293213645643,0.00024370995547968977,1;2;4;30;34,False,0,0.0,0.7001609607152997,-49.386515933291506
0.5,nq_163,15,5,0.0027253804400506117,0.6989293213645643,0.00048741991095937955,1;2;4;30;34,False,0,0.0,0.7001609607152997,-49.38480957132588
1.0,nq_163,15,5,0.0027253804400506117,0.6989293213645643,0.0009748398219187591,1;2;4;30;34,False,0,0.0,0.7001609607152997,-49.38139684739458
2.0,nq_163,15,5,0.0027253804400506117,0.6989293213645643,0.0019496796438375182,1;2;4;30;34,False,0,0.0,0.7001609607152997,-49.374571399531995
4.0,nq_163,15,5,0.0027253804400506117,0.6989293213645643,0.0038993592876750364,1;2;4;30;34,False,0,0.0,0.7001609607152997,-49.36092050380684
0.0,nq_164,15,5,0.015402727436350225,0.7500124484474292,0.0,4;30;32;40;49,True,2,1.0,0.7277034887488416,-49.09099906252302
0.05,nq_164,15,5,0.015402727436350225,0.7500124484474292,0.00025670752084903866,4;30;32;40;49,True,2,1.0,0.7277034887488416,-49.089130992937925
0.1,nq_164,15,5,0.015402727436350225,0.7500124484474292,0.0005134150416980773,4;30;32;40;49,True,2,1.0,0.7277034887488416,-49.087262923352824
0.25,nq_164,15,5,0.015402727436350225,0.7500124484474292,0.0012835376042451931,4;30;32;40;49,True,2,1.0,0.7277034887488416,-49.08165871459753
0.5,nq_164,15,5,0.015402727436350225,0.7500124484474292,0.0025670752084903862,4;30;32;40;49,True,2,1.0,0.7277034887488416,-49.072318366672036
1.0,nq_164,15,5,0.015402727436350225,0.7500124484474292,0.0051341504169807725,4;30;32;40;49,True,2,1.0,0.7277034887488416,-49.05363767082105
2.0,nq_164,15,5,0.015402727436350225,0.7500124484474292,0.010268300833961545,4;30;32;40;49,True,2,1.0,0.7277034887488416,-49.01627627911906
4.0,nq_164,15,5,0.015402727436350225,0.7500124484474292,0.02053660166792309,4;30;32;40;49,True,2,1.0,0.7277034887488416,-48.94155349571509
0.0,nq_165,15,5,0.054196612940939026,0.7517409388200872,0.0,3;5;6;12;17,True,3,0.75,0.721467143240701,-48.04164898871502
0.05,nq_165,15,5,0.054196612940939026,0.7517409388200872,0.0009011838062740735,3;5;6;12;17,True,3,0.75,0.721467143240701,-48.03514724365255
0.1,nq_165,15,5,0.054196612940939026,0.7517409388200872,0.001802367612548147,3;5;6;12;17,True,3,0.75,0.721467143240701,-48.02864549859007
0.25,nq_165,15,5,0.054196612940939026,0.7517409388200872,0.004505919031370367,3;5;6;12;17,True,3,0.75,0.721467143240701,-48.00914026340265
0.5,nq_165,15,5,0.054196612940939026,0.7517409388200872,0.009011838062740734,3;5;6;12;17,True,3,0.75,0.721467143240701,-47.97663153809029
1.0,nq_165,15,5,0.054196612940939026,0.7517409388200872,0.018023676125481468,3;5;6;12;17,True,3,0.75,0.721467143240701,-47.91161408746555
2.0,nq_165,15,5,0.054196612940939026,0.7517409388200872,0.036047352250962936,3;5;6;12;17,True,3,0.75,0.721467143240701,-47.78157918621609
4.0,nq_165,15,5,0.054196612940939026,0.7517409388200872,0.07209470450192587,3;5;6;12;17,True,3,0.75,0.721467143240701,-47.521509383717145
0.0,nq_166,15,5,0.0006776835759731981,0.8088640854735054,0.0,0;4;11;12;16,True,1,0.3333333333333333,0.8020173145914968,-50.800481286323524
0.05,nq_166,15,5,0.0006776835759731981,0.8088640854735054,1.0472753555317659e-05,0;4;11;12;16,True,1,0.3333333333333333,0.8020173145914968,-50.8003972930267
0.1,nq_166,15,5,0.0006776835759731981,0.8088640854735054,2.0945507110635317e-05,0;4;11;12;16,True,1,0.3333333333333333,0.8020173145914968,-50.800313299729865
0.25,nq_166,15,5,0.0006776835759731981,0.8088640854735054,5.236376777658829e-05,0;4;11;12;16,True,1,0.3333333333333333,0.8020173145914968,-50.800061319839386
0.5,nq_166,15,5,0.0006776835759731981,0.8088640854735054,0.00010472753555317658,0;4;11;12;16,True,1,0.3333333333333333,0.8020173145914968,-50.79964135335524
1.0,nq_166,15,5,0.0006776835759731981,0.8088640854735054,0.00020945507110635317,0;4;11;12;16,True,1,0.3333333333333333,0.8020173145914968,-50.79880142038697
2.0,nq_166,15,5,0.0006776835759731981,0.8088640854735054,0.00041891014221270633,0;4;11;12;16,True,1,0.3333333333333333,0.8020173145914968,-50.7971215544504
4.0,nq_166,15,5,0.0006776835759731981,0.8088640854735054,0.0008378202844254127,0;4;11;12;16,True,1,0.3333333333333333,0.8020173145914968,-50.79376182257728
0.0,nq_167,15,5,0.022172553746624746,0.8322207448884082,0.0,2;4;24;26;27,True,2,0.6666666666666666,0.8129930450157558,-48.62135769610387
0.05,nq_167,15,5,0.022172553746624746,0.8322207448884082,0.0003330325403477327,2;4;24;26;27,True,2,0.6666666666666666,0.8129930450157558,-48.6186501647132
0.1,nq_167,15,5,0.022172553746624746,0.8322207448884082,0.0006660650806954654,2;4;24;26;27,True,2,0.6666666666666666,0.8129930450157558,-48.61594263332254
0.25,nq_167,15,5,0.022172553746624746,0.8322207448884082,0.0016651627017386635,2;4;24;26;27,True,2,0.6666666666666666,0.8129930450157558,-48.60782003915054
0.5,nq_167,15,5,0.022172553746624746,0.8322207448884082,0.003330325403477327,2;4;24;26;27,True,2,0.6666666666666666,0.8129930450157558,-48.59428238219721
1.0,nq_167,15,5,0.022172553746624746,0.8322207448884082,0.006660650806954654,2;4;24;26;27,True,2,0.6666666666666666,0.8129930450157558,-48.56720706829054
2.0,nq_167,15,5,0.022172553746624746,0.8322207448884082,0.013321301613909308,2;4;24;26;27,True,2,0.6666666666666666,0.8129930450157558,-48.51305644047722
4.0,nq_167,15,5,0.022172553746624746,0.8322207448884082,0.026642603227818615,2;4;24;26;27,True,2,0.6666666666666666,0.8129930450157558,-48.404755184850565
0.0,nq_168,15,5,0.04958743381192077,0.8128805946009044,0.0,4;5;14;21;31,True,1,0.2,0.811975466054936,-49.49733404019153
0.05,nq_168,15,5,0.04958743381192077,0.8128805946009044,0.0007625254732865863,4;5;14;21;31,True,1,0.2,0.811975466054936,-49.49114252042602
0.1,nq_168,15,5,0.04958743381192077,0.8128805946009044,0.0015250509465731725,4;5;14;21;31,True,1,0.2,0.811975466054936,-49.484951000660516
0.25,nq_168,15,5,0.04958743381192077,0.8128805946009044,0.003812627366432931,4;5;14;21;31,True,1,0.2,0.811975466054936,-49.466376441364
0.5,nq_168,15,5,0.04958743381192077,0.8128805946009044,0.007625254732865862,4;5;14;21;31,True,1,0.2,0.811975466054936,-49.435418842536464
1.0,nq_168,15,5,0.04958743381192077,0.8128805946009044,0.015250509465731725,4;5;14;21;31,True,1,0.2,0.811975466054936,-49.373503644881396
2.0,nq_168,15,5,0.04958743381192077,0.8128805946009044,0.03050101893146345,4;5;14;21;31,True,1,0.2,0.811975466054936,-49.249673249571266
4.0,nq_168,15,5,0.04958743381192077,0.8128805946009044,0.0610020378629269,4;5;14;21;31,True,1,0.2,0.811975466054936,-49.002012458951015
0.0,nq_169,15,5,0.00026772285213360995,0.8758694225485331,0.0,10;14;22;28;48,True,1,0.058823529411764705,0.8388943975212302,-46.84367270986478
0.05,nq_169,15,5,0.00026772285213360995,0.8758694225485331,3.820811350076944e-06,10;14;22;28;48,True,1,0.058823529411764705,0.8388943975212302,-46.843640657292426
0.1,nq_169,15,5,0.00026772285213360995,0.8758694225485331,7.641622700153889e-06,10;14;22;28;48,True,1,0.058823529411764705,0.8388943975212302,-46.84360860472006
0.25,nq_169,15,5,0.00026772285213360995,0.8758694225485331,1.910405675038472e-05,10;14;22;28;48,True,1,0.058823529411764705,0.8388943975212302,-46.843512447003
0.5,nq_169,15,5,0.00026772285213360995,0.8758694225485331,3.820811350076944e-05,10;14;22;28;48,True,1,0.058823529411764705,0.8388943975212302,-46.84335218414121
1.0,nq_169,15,5,0.00026772285213360995,0.8758694225485331,7.641622700153889e-05,10;14;22;28;48,True,1,0.058823529411764705,0.8388943975212302,-46.843031658417665
2.0,nq_169,15,5,0.00026772285213360995,0.8758694225485331,0.00015283245400307777,10;14;22;28;48,True,1,0.058823529411764705,0.8388943975212302,-46.842390606970554
4.0,nq_169,15,5,0.00026772285213360995,0.8758694225485331,0.00030566490800615554,10;14;22;28;48,True,1,0.058823529411764705,0.8388943975212302,-46.84110850407633
0.0,nq_17,15,5,0.06805696044243126,0.8060854358688682,0.0,1;13;20;22;29,True,1,0.2,0.8234791843263715,-49.33677729081086
0.05,nq_17,15,5,0.06805696044243126,0.8060854358688682,0.0010553607748199129,1;13;20;22;29,True,1,0.2,0.8234791843263715,-49.32808661451068
0.1,nq_17,15,5,0.06805696044243126,0.8060854358688682,0.0021107215496398257,1;13;20;22;29,True,1,0.2,0.8234791843263715,-49.31939593821049
0.25,nq_17,15,5,0.06805696044243126,0.8060854358688682,0.0052768038740995645,1;13;20;22;29,True,1,0.2,0.8234791843263715,-49.29332390930993
0.5,nq_17,15,5,0.06805696044243126,0.8060854358688682,0.010553607748199129,1;13;20;22;29,True,1,0.2,0.8234791843263715,-49.24987052780899
1.0,nq_17,15,5,0.06805696044243126,0.8060854358688682,0.021107215496398258,1;13;20;22;29,True,1,0.2,0.8234791843263715,-49.16296376480712
2.0,nq_17,15,5,0.06805696044243126,0.8060854358688682,0.042214430992796516,1;13;20;22;29,True,1,0.2,0.8234791843263715,-48.98915023880337
4.0,nq_17,15,5,0.06805696044243126,0.8060854358688682,0.08442886198559303,1;13;20;22;29,True,1,0.2,0.8234791843263715,-48.64152318679587
0.0,nq_170,15,5,0.03663936647421684,0.8411819635711436,0.0,0;2;4;7;30,True,1,0.16666666666666666,0.8395563012593872,-48.71947701928667
0.05,nq_170,15,5,0.03663936647421684,0.8411819635711436,0.0005444619075300322,0;2;4;7;30,True,1,0.16666666666666666,0.8395563012593872,-48.71490595503404
0.1,nq_170,15,5,0.03663936647421684,0.8411819635711436,0.0010889238150600645,0;2;4;7;30,True,1,0.16666666666666666,0.8395563012593872,-48.710334890781425
0.25,nq_170,15,5,0.03663936647421684,0.8411819635711436,0.0027223095376501614,0;2;4;7;30,True,1,0.16666666666666666,0.8395563012593872,-48.69662169802355
0.5,nq_170,15,5,0.03663936647421684,0.8411819635711436,0.005444619075300323,0;2;4;7;30,True,1,0.16666666666666666,0.8395563012593872,-48.67376637676041
1.0,nq_170,15,5,0.03663936647421684,0.8411819635711436,0.010889238150600646,0;2;4;7;30,True,1,0.16666666666666666,0.8395563012593872,-48.628055734234174
2.0,nq_170,15,5,0.03663936647421684,0.8411819635711436,0.02177847630120129,0;2;4;7;30,True,1,0.16666666666666666,0.8395563012593872,-48.53663444918166
4.0,nq_170,15,5,0.03663936647421684,0.8411819635711436,0.04355695260240258,0;2;4;7;30,True,1,0.16666666666666666,0.8395563012593872,-48.353791879076645
0.0,nq_171,15,5,0.007957304887832417,0.8531441206088378,0.0,2;16;24;27;32,True,3,0.375,0.8652156225826886,-50.62610965104778
0.05,nq_171,15,5,0.007957304887832417,0.8531441206088378,0.00011658779813089966,2;16;24;27;32,True,3,0.375,0.8652156225826886,-50.62510091520433
0.1,nq_171,15,5,0.007957304887832417,0.8531441206088378,0.0002331755962617993,2;16;24;27;32,True,3,0.375,0.8652156225826886,-50.62409217936087
0.25,nq_171,15,5,0.007957304887832417,0.8531441206088378,0.0005829389906544982,2;16;24;27;32,True,3,0.375,0.8652156225826886,-50.621065971830504
0.5,nq_171,15,5,0.007957304887832417,0.8531441206088378,0.0011658779813089964,2;16;24;27;32,True,3,0.375,0.8652156225826886,-50.61602229261324
1.0,nq_171,15,5,0.007957304887832417,0.8531441206088378,0.0023317559626179927,2;16;24;27;32,True,3,0.375,0.8652156225826886,-50.605934934178705
2.0,nq_171,15,5,0.007957304887832417,0.8531441206088378,0.0046635119252359854,2;16;24;27;32,True,3,0.375,0.8652156225826886,-50.585760217309634
4.0,nq_171,15,5,0.007957304887832417,0.8531441206088378,0.009327023850471971,2;16;24;27;32,True,3,0.375,0.8652156225826886,-50.545410783571484
0.0,nq_172,15,5,0.00817530846562238,0.7048966445920558,0.0,8;34;46;47;49,False,0,0.0,0.6488765919871285,-48.27311028183379
0.05,nq_172,15,5,0.00817530846562238,0.7048966445920558,0.0001449733257080477,8;34;46;47;49,False,0,0.0,0.6488765919871285,-48.272169583858634
0.1,nq_172,15,5,0.00817530846562238,0.7048966445920558,0.0002899466514160954,8;34;46;47;49,False,0,0.0,0.6488765919871285,-48.2712288858835
0.25,nq_172,15,5,0.00817530846562238,0.7048966445920558,0.0007248666285402384,8;34;46;47;49,False,0,0.0,0.6488765919871285,-48.26840679195806
0.5,nq_172,15,5,0.00817530846562238,0.7048966445920558,0.0014497332570804768,8;34;46;47;49,False,0,0.0,0.6488765919871285,-48.263703302082334
1.0,nq_172,15,5,0.00817530846562238,0.7048966445920558,0.0028994665141609537,8;34;46;47;49,False,0,0.0,0.6488765919871285,-48.2542963223309
2.0,nq_172,15,5,0.00817530846562238,0.7048966445920558,0.005798933028321907,8;34;46;47;49,False,0,0.0,0.6488765919871285,-48.235482362828
4.0,nq_172,15,5,0.00817530846562238,0.7048966445920558,0.011597866056643815,8;34;46;47;49,False,0,0.0,0.6488765919871285,-48.19785444382221
0.0,nq_173,15,5,0.09719617417014481,0.7535083613428193,0.0,0;1;2;3;29,True,2,1.0,0.8904616751255249,-50.08231786451853
0.05,nq_173,15,5,0.09719617417014481,0.7535083613428193,0.0016123916164248572,0;1;2;3;29,True,2,1.0,0.8904616751255249,-50.06796013512132
0.1,nq_173,15,5,0.09719617417014481,0.7535083613428193,0.0032247832328497145,0;1;2;3;29,True,2,1.0,0.8904616751255249,-50.05360240572412
0.25,nq_173,15,5,0.09719617417014481,0.7535083613428193,0.008061958082124286,0;1;2;3;29,True,2,1.0,0.8904616751255249,-50.01052921753252
0.5,nq_173,15,5,0.09719617417014481,0.7535083613428193,0.01612391616424857,0;1;2;3;29,True,2,1.0,0.8904616751255249,-49.93874057054653
1.0,nq_173,15,5,0.09719617417014481,0.7535083613428193,0.03224783232849714,0;1;2;26;29,True,2,1.0,0.7611273559523231,-49.81071013656064
2.0,nq_173,15,5,0.09719617417014481,0.7535083613428193,0.06449566465699429,0;1;2;26;29,True,2,1.0,0.7611273559523231,-49.56526306300681
4.0,nq_173,15,5,0.09719617417014481,0.7535083613428193,0.12899132931398857,0;1;2;26;29,True,2,1.0,0.7611273559523231,-49.074368915899164
0.0,nq_174,15,5,0.03452225053064284,0.7903577827152499,0.0,0;3;6;10;12,True,3,0.3333333333333333,0.8105775755463418,-50.55432516903631
0.05,nq_174,15,5,0.03452225053064284,0.7903577827152499,0.0005459901769555033,0;3;6;10;12,True,3,0.3333333333333333,0.8105775755463418,-50.549899495097236
0.1,nq_174,15,5,0.03452225053064284,0.7903577827152499,0.0010919803539110066,0;3;6;10;12,True,3,0.3333333333333333,0.8105775755463418,-50.54547382115814
0.25,nq_174,15,5,0.03452225053064284,0.7903577827152499,0.0027299508847775165,0;3;6;10;12,True,3,0.3333333333333333,0.8105775755463418,-50.53219679934087
0.5,nq_174,15,5,0.03452225053064284,0.7903577827152499,0.005459901769555033,0;3;6;10;12,True,3,0.3333333333333333,0.8105775755463418,-50.51006842964543
1.0,nq_174,15,5,0.03452225053064284,0.7903577827152499,0.010919803539110066,0;3;6;10;12,True,3,0.3333333333333333,0.8105775755463418,-50.465811690254554
2.0,nq_174,15,5,0.03452225053064284,0.7903577827152499,0.021839607078220132,0;3;6;10;12,True,3,0.3333333333333333,0.8105775755463418,-50.37729821147283
4.0,nq_174,15,5,0.03452225053064284,0.7903577827152499,0.043679214156440264,0;3;6;10;12,True,3,0.3333333333333333,0.8105775755463418,-50.200271253909335
0.0,nq_175,15,5,0.00224103214736171,0.7762028330676102,0.0,8;13;17;22;25,True,3,0.25,0.7173403260561949,-51.33733531932137
0.05,nq_175,15,5,0.00224103214736171,0.7762028330676102,3.608962059786859e-05,8;13;17;22;25,True,3,0.25,0.7173403260561949,-51.33707643391929
0.1,nq_175,15,5,0.00224103214736171,0.7762028330676102,7.217924119573719e-05,8;13;17;22;25,True,3,0.25,0.7173403260561949,-51.336817548517224
0.25,nq_175,15,5,0.00224103214736171,0.7762028330676102,0.00018044810298934293,8;13;17;23;25,True,3,0.25,0.7173403260561949,-51.33604089231102
0.5,nq_175,15,5,0.00224103214736171,0.7762028330676102,0.00036089620597868586,8;13;17;22;25,True,3,0.25,0.7173403260561949,-51.334746465300675
1.0,nq_175,15,5,0.00224103214736171,0.7762028330676102,0.0007217924119573717,8;13;17;22;25,True,3,0.25,0.7173403260561949,-51.332157611279975
2.0,nq_175,15,5,0.00224103214736171,0.7762028330676102,0.0014435848239147434,8;13;17;22;25,True,3,0.25,0.7173403260561949,-51.326979903238595
4.0,nq_175,15,5,0.00224103214736171,0.7762028330676102,0.002887169647829487,8;13;17;22;25,True,3,0.25,0.7173403260561949,-51.316624487155835
0.0,nq_176,15,5,0.01801305296371982,0.7816334544490997,0.0,0;2;8;36;47,False,0,0.0,0.7713437931181258,-48.20432031130457
0.05,nq_176,15,5,0.01801305296371982,0.7816334544490997,0.00028806708911673296,0;2;8;36;47,False,0,0.0,0.7713437931181258,-48.20209832369265
0.1,nq_176,15,5,0.01801305296371982,0.7816334544490997,0.0005761341782334659,0;2;8;36;47,False,0,0.0,0.7713437931181258,-48.19987633608074
0.25,nq_176,15,5,0.01801305296371982,0.7816334544490997,0.0014403354455836649,0;2;8;36;47,False,0,0.0,0.7713437931181258,-48.19321037324498
0.5,nq_176,15,5,0.01801305296371982,0.7816334544490997,0.0028806708911673297,0;2;8;36;47,False,0,0.0,0.7713437931181258,-48.18210043518539
1.0,nq_176,15,5,0.01801305296371982,0.7816334544490997,0.005761341782334659,0;2;8;36;47,False,0,0.0,0.7713437931181258,-48.15988055906622
2.0,nq_176,15,5,0.01801305296371982,0.7816334544490997,0.011522683564669319,0;2;8;36;47,False,0,0.0,0.7713437931181258,-48.11544080682785
4.0,nq_176,15,5,0.01801305296371982,0.7816334544490997,0.023045367129338638,0;2;8;36;47,False,0,0.0,0.7713437931181258,-48.02656130235113
0.0,nq_177,15,5,0.0031722237260937147,0.8087493394285205,0.0,8;12;15;17;36,True,1,0.07692307692307693,0.8027199888648651,-49.20071367176516
0.05,nq_177,15,5,0.0031722237260937147,0.8087493394285205,4.902971243782218e-05,8;12;15;17;36,True,1,0.07692307692307693,0.8027199888648651,-49.20032010046293
0.1,nq_177,15,5,0.0031722237260937147,0.8087493394285205,9.805942487564436e-05,8;12;15;17;36,True,1,0.07692307692307693,0.8027199888648651,-49.199926529160706
0.25,nq_177,15,5,0.0031722237260937147,0.8087493394285205,0.00024514856218911085,8;12;15;17;36,True,1,0.07692307692307693,0.8027199888648651,-49.19874581525405
0.5,nq_177,15,5,0.0031722237260937147,0.8087493394285205,0.0004902971243782217,8;12;15;17;36,True,1,0.07692307692307693,0.8027199888648651,-49.19677795874294
1.0,nq_177,15,5,0.0031722237260937147,0.8087493394285205,0.0009805942487564434,8;12;15;17;36,True,1,0.07692307692307693,0.8027199888648651,-49.192842245720726
2.0,nq_177,15,5,0.0031722237260937147,0.8087493394285205,0.001961188497512887,8;12;15;17;36,True,1,0.07692307692307693,0.8027199888648651,-49.1849708196763
4.0,nq_177,15,5,0.0031722237260937147,0.8087493394285205,0.003922376995025774,8;12;15;17;36,True,1,0.07692307692307693,0.8027199888648651,-49.169227967587446
0.0,nq_178,15,5,0.016145890413474806,0.8727392846438552,0.0,2;24;37;40;46,True,3,0.3333333333333333,0.832698252625508,-49.471994954487855
0.05,nq_178,15,5,0.016145890413474806,0.8727392846438552,0.00023125279504061688,2;24;37;40;46,True,3,0.3333333333333333,0.832698252625508,-49.47006931650441
0.1,nq_178,15,5,0.016145890413474806,0.8727392846438552,0.00046250559008123376,2;24;37;40;46,True,3,0.3333333333333333,0.832698252625508,-49.46814367852096
0.25,nq_178,15,5,0.016145890413474806,0.8727392846438552,0.0011562639752030843,2;24;37;40;46,True,3,0.3333333333333333,0.832698252625508,-49.4623667645706
0.5,nq_178,15,5,0.016145890413474806,0.8727392846438552,0.0023125279504061687,2;24;37;40;46,True,3,0.3333333333333333,0.832698252625508,-49.45273857465336
1.0,nq_178,15,5,0.016145890413474806,0.8727392846438552,0.004625055900812337,2;24;37;40;46,True,3,0.3333333333333333,0.832698252625508,-49.43348219481884
2.0,nq_178,15,5,0.016145890413474806,0.8727392846438552,0.009250111801624675,2;24;37;40;46,True,3,0.3333333333333333,0.832698252625508,-49.394969435149825
4.0,nq_178,15,5,0.016145890413474806,0.8727392846438552,0.01850022360324935,2;24;37;40;46,True,3,0.3333333333333333,0.832698252625508,-49.31794391581179
0.0,nq_179,15,5,1.6335880599630892e-05,0.7094113157534089,0.0,3;20;28;29;36,False,0,0.0,0.6667270105069407,-47.67303422614037
0.05,nq_179,15,5,1.6335880599630892e-05,0.7094113157534089,2.8784178532131007e-07,3;20;28;29;36,False,0,0.0,0.6667270105069407,-47.673032307021444
0.1,nq_179,15,5,1.6335880599630892e-05,0.7094113157534089,5.756835706426201e-07,3;20;28;29;36,False,0,0.0,0.6667270105069407,-47.673030387902514
0.25,nq_179,15,5,1.6335880599630892e-05,0.7094113157534089,1.4392089266065502e-06,3;20;28;29;36,False,0,0.0,0.6667270105069407,-47.673024630545726
0.5,nq_179,15,5,1.6335880599630892e-05,0.7094113157534089,2.8784178532131005e-06,3;20;28;29;36,False,0,0.0,0.6667270105069407,-47.67301503495107
1.0,nq_179,15,5,1.6335880599630892e-05,0.7094113157534089,5.756835706426201e-06,3;20;28;29;36,False,0,0.0,0.6667270105069407,-47.67299584376177
2.0,nq_179,15,5,1.6335880599630892e-05,0.7094113157534089,1.1513671412852402e-05,3;20;28;29;36,False,0,0.0,0.6667270105069407,-47.67295746138316
4.0,nq_179,15,5,1.6335880599630892e-05,0.7094113157534089,2.3027342825704804e-05,3;20;28;29;36,False,0,0.0,0.6667270105069407,-47.67288069662595
0.0,nq_18,15,5,0.03846461094817019,0.8152295475896106,0.0,3;10;18;34;41,True,1,0.05263157894736842,0.8053153524811633,-47.86713549430518
0.05,nq_18,15,5,0.03846461094817019,0.8152295475896106,0.0005897811830944384,3;10;18;34;41,True,1,0.05263157894736842,0.8053153524811633,-47.86238589589168
0.1,nq_18,15,5,0.03846461094817019,0.8152295475896106,0.0011795623661888768,3;10;18;34;41,True,1,0.05263157894736842,0.8053153524811633,-47.85763629747818
0.25,nq_18,15,5,0.03846461094817019,0.8152295475896106,0.0029489059154721915,3;10;18;34;41,True,1,0.05263157894736842,0.8053153524811633,-47.84338750223766
0.5,nq_18,15,5,0.03846461094817019,0.8152295475896106,0.005897811830944383,3;10;18;34;41,True,1,0.05263157894736842,0.8053153524811633,-47.819639510170134
1.0,nq_18,15,5,0.03846461094817019,0.8152295475896106,0.011795623661888766,3;10;18;34;41,True,1,0.05263157894736842,0.8053153524811633,-47.772143526035094
2.0,nq_18,15,5,0.03846461094817019,0.8152295475896106,0.023591247323777532,3;10;18;34;41,True,1,0.05263157894736842,0.8053153524811633,-47.677151557765
4.0,nq_18,15,5,0.03846461094817019,0.8152295475896106,0.047182494647555064,3;10;18;34;41,True,1,0.05263157894736842,0.8053153524811633,-47.48716762122483
0.0,nq_180,15,5,0.0015482671812139248,0.8759221492643516,0.0,10;13;14;38;42,True,1,0.25,0.8274921466995517,-50.835091861086994
0.05,nq_180,15,5,0.0015482671812139248,0.8759221492643516,2.2094791970537662e-05,10;13;14;38;42,True,1,0.25,0.8274921466995517,-50.83490902841861
0.1,nq_180,15,5,0.0015482671812139248,0.8759221492643516,4.4189583941075324e-05,10;13;14;38;42,True,1,0.25,0.8274921466995517,-50.83472619575022
0.25,nq_180,15,5,0.0015482671812139248,0.8759221492643516,0.00011047395985268831,10;13;14;38;42,True,1,0.25,0.8274921466995517,-50.83417769774507
0.5,nq_180,15,5,0.0015482671812139248,0.8759221492643516,0.00022094791970537662,10;13;14;38;42,True,1,0.25,0.8274921466995517,-50.83326353440313
1.0,nq_180,15,5,0.0015482671812139248,0.8759221492643516,0.00044189583941075324,10;13;14;38;42,True,1,0.25,0.8274921466995517,-50.83143520771927
2.0,nq_180,15,5,0.0015482671812139248,0.8759221492643516,0.0008837916788215065,10;13;14;38;42,True,1,0.25,0.8274921466995517,-50.82777855435155
4.0,nq_180,15,5,0.0015482671812139248,0.8759221492643516,0.001767583357643013,10;13;14;38;42,True,1,0.25,0.8274921466995517,-50.820465247616134
0.0,nq_181,15,5,0.029997113252520802,0.7896814437952419,0.0,5;17;30;42;48,True,2,1.0,0.7808408263231523,-49.158087632783406
0.05,nq_181,15,5,0.029997113252520802,0.7896814437952419,0.000474828734768903,5;17;30;42;48,True,2,1.0,0.7808408263231523,-49.15437997616722
0.1,nq_181,15,5,0.029997113252520802,0.7896814437952419,0.000949657469537806,5;17;30;42;48,True,2,1.0,0.7808408263231523,-49.150672319551035
0.25,nq_181,15,5,0.029997113252520802,0.7896814437952419,0.002374143673844515,5;17;30;42;48,True,2,1.0,0.7808408263231523,-49.139549349702456
0.5,nq_181,15,5,0.029997113252520802,0.7896814437952419,0.00474828734768903,5;17;30;42;48,True,2,1.0,0.7808408263231523,-49.121011066621506
1.0,nq_181,15,5,0.029997113252520802,0.7896814437952419,0.00949657469537806,5;17;30;42;48,True,2,1.0,0.7808408263231523,-49.08393450045962
2.0,nq_181,15,5,0.029997113252520802,0.7896814437952419,0.01899314939075612,5;17;30;42;48,True,2,1.0,0.7808408263231523,-49.00978136813585
4.0,nq_181,15,5,0.029997113252520802,0.7896814437952419,0.03798629878151224,5;17;30;42;48,True,2,1.0,0.7808408263231523,-48.861475103488274
0.0,nq_182,15,5,7.77289086011379e-05,0.74416474750175,0.0,1;3;35;36;39,False,0,0.0,0.6806500050880309,-51.55992030095256
0.05,nq_182,15,5,7.77289086011379e-05,0.74416474750175,1.3056383752894231e-06,1;3;35;36;39,False,0,0.0,0.6806500050880309,-51.5599114141249
0.1,nq_182,15,5,7.77289086011379e-05,0.74416474750175,2.6112767505788463e-06,1;3;35;36;39,False,0,0.0,0.6806500050880309,-51.55990252729723
0.25,nq_182,15,5,7.77289086011379e-05,0.74416474750175,6.528191876447114e-06,1;3;35;36;39,False,0,0.0,0.6806500050880309,-51.559875866814224
0.5,nq_182,15,5,7.77289086011379e-05,0.74416474750175,1.3056383752894228e-05,1;3;35;36;39,False,0,0.0,0.6806500050880309,-51.55983143267589
1.0,nq_182,15,5,7.77289086011379e-05,0.74416474750175,2.6112767505788457e-05,1;3;35;36;39,False,0,0.0,0.6806500050880309,-51.55974256439921
2.0,nq_182,15,5,7.77289086011379e-05,0.74416474750175,5.222553501157691e-05,1;3;35;36;39,False,0,0.0,0.6806500050880309,-51.559564827845854
4.0,nq_182,15,5,7.77289086011379e-05,0.74416474750175,0.00010445107002315383,1;3;35;36;39,False,0,0.0,0.6806500050880309,-51.559209354739146
0.0,nq_183,15,5,0.007203520407600146,0.6620918068628784,0.0,2;17;21;38;43,True,0,0.0,0.6278008647688829,-48.70849861289444
0.05,nq_183,15,5,0.007203520407600146,0.6620918068628784,0.00013599906865269758,2;17;21;38;43,True,0,0.0,0.6278008647688829,-48.707644809565345
0.1,nq_183,15,5,0.007203520407600146,0.6620918068628784,0.00027199813730539516,2;17;21;38;43,True,0,0.0,0.6278008647688829,-48.70679100623626
0.25,nq_183,15,5,0.007203520407600146,0.6620918068628784,0.0006799953432634878,2;17;21;38;43,True,0,0.0,0.6278008647688829,-48.70422959624902
0.5,nq_183,15,5,0.007203520407600146,0.6620918068628784,0.0013599906865269756,2;17;21;38;43,True,0,0.0,0.6278008647688829,-48.699960579603626
1.0,nq_183,15,5,0.007203520407600146,0.6620918068628784,0.0027199813730539512,2;17;21;38;43,True,0,0.0,0.6278008647688829,-48.69142254631284
2.0,nq_183,15,5,0.007203520407600146,0.6620918068628784,0.0054399627461079025,2;17;21;38;43,True,0,0.0,0.6278008647688829,-48.674346479731255
4.0,nq_183,15,5,0.007203520407600146,0.6620918068628784,0.010879925492215805,2;17;21;38;43,True,0,0.0,0.6278008647688829,-48.64019434656809
0.0,nq_184,15,5,0.2595834992741166,0.7849797569757418,0.0,0;2;15;28;36,True,2,0.5,0.8289451448847499,-48.97406327181987
0.05,nq_184,15,5,0.2595834992741166,0.7849797569757418,0.004133596539904393,0;2;15;28;36,True,2,0.5,0.8289451448847499,-48.93979802399321
0.1,nq_184,15,5,0.2595834992741166,0.7849797569757418,0.008267193079808785,0;2;15;28;36,True,2,0.5,0.8289451448847499,-48.90553277616655
0.25,nq_184,15,5,0.2595834992741166,0.7849797569757418,0.020667982699521963,0;2;15;28;36,True,2,0.5,0.8289451448847499,-48.802737032686565
0.5,nq_184,15,5,0.2595834992741166,0.7849797569757418,0.041335965399043925,0;2;15;28;36,True,2,0.5,0.8289451448847499,-48.63141079355326
1.0,nq_184,15,5,0.2595834992741166,0.7849797569757418,0.08267193079808785,0;2;15;28;36,True,2,0.5,0.8289451448847499,-48.28875831528664
2.0,nq_184,15,5,0.2595834992741166,0.7849797569757418,0.1653438615961757,0;2;15;36;48,True,2,0.5,0.7757657633497306,-47.62287395867287
4.0,nq_184,15,5,0.2595834992741166,0.7849797569757418,0.3306877231923514,0;2;15;36;48,True,2,0.5,0.7757657633497306,-46.340192888609366
0.0,nq_185,15,5,0.010772640176520104,0.7426361534831516,0.0,20;25;37;43;48,False,0,0.0,0.6993636784822674,-48.16811619176818
0.05,nq_185,15,5,0.010772640176520104,0.7426361534831516,0.00018132408481709002,20;25;37;43;48,False,0,0.0,0.6993636784822674,-48.16684807697864
0.1,nq_185,15,5,0.010772640176520104,0.7426361534831516,0.00036264816963418005,20;25;37;43;48,False,0,0.0,0.6993636784822674,-48.165579962189085
0.25,nq_185,15,5,0.010772640176520104,0.7426361534831516,0.0009066204240854503,20;25;37;43;48,False,0,0.0,0.6993636784822674,-48.161775617820425
0.5,nq_185,15,5,0.010772640176520104,0.7426361534831516,0.0018132408481709005,20;25;37;43;48,False,0,0.0,0.6993636784822674,-48.15543504387267
1.0,nq_185,15,5,0.010772640176520104,0.7426361534831516,0.003626481696341801,20;25;37;43;48,False,0,0.0,0.6993636784822674,-48.14275389597716
2.0,nq_185,15,5,0.010772640176520104,0.7426361534831516,0.007252963392683602,20;25;37;43;48,False,0,0.0,0.6993636784822674,-48.11739160018614
4.0,nq_185,15,5,0.010772640176520104,0.7426361534831516,0.014505926785367204,20;25;37;43;48,False,0,0.0,0.6993636784822674,-48.0666670086041
0.0,nq_186,15,5,0.017272406232776705,0.848669637447882,0.0,2;6;7;22;23,True,4,0.36363636363636365,0.8177049319898,-50.81169964503009
0.05,nq_186,15,5,0.017272406232776705,0.848669637447882,0.00025440385042538695,2;6;7;22;23,True,4,0.36363636363636365,0.8177049319898,-50.80961937219799
0.1,nq_186,15,5,0.017272406232776705,0.848669637447882,0.0005088077008507739,2;6;7;22;23,True,4,0.36363636363636365,0.8177049319898,-50.80753909936589
0.25,nq_186,15,5,0.017272406232776705,0.848669637447882,0.0012720192521269349,2;6;7;22;23,True,4,0.36363636363636365,0.8177049319898,-50.80129828086959
0.5,nq_186,15,5,0.017272406232776705,0.848669637447882,0.0025440385042538698,2;6;7;22;23,True,4,0.36363636363636365,0.8177049319898,-50.79089691670909
1.0,nq_186,15,5,0.017272406232776705,0.848669637447882,0.0050880770085077395,2;6;7;22;23,True,4,0.36363636363636365,0.8177049319898,-50.77009418838808
2.0,nq_186,15,5,0.017272406232776705,0.848669637447882,0.010176154017015479,2;6;7;22;23,True,4,0.36363636363636365,0.8177049319898,-50.72848873174607
4.0,nq_186,15,5,0.017272406232776705,0.848669637447882,0.020352308034030958,2;6;7;22;23,True,4,0.36363636363636365,0.8177049319898,-50.64527781846206
0.0,nq_187,15,5,0.005411940209294773,0.7814856103539912,0.0,0;2;9;12;30,True,1,0.3333333333333333,0.7784468621893892,-49.338592930690915
0.05,nq_187,15,5,0.005411940209294773,0.7814856103539912,8.656482621697314e-05,0;2;9;12;30,True,1,0.3333333333333333,0.7784468621893892,-49.33791906951747
0.1,nq_187,15,5,0.005411940209294773,0.7814856103539912,0.00017312965243394628,0;2;9;12;30,True,1,0.3333333333333333,0.7784468621893892,-49.33724520834402
0.25,nq_187,15,5,0.005411940209294773,0.7814856103539912,0.00043282413108486573,0;2;9;12;30,True,1,0.3333333333333333,0.7784468621893892,-49.33522362482368
0.5,nq_187,15,5,0.005411940209294773,0.7814856103539912,0.0008656482621697315,0;2;9;12;30,True,1,0.3333333333333333,0.7784468621893892,-49.33185431895646
1.0,nq_187,15,5,0.005411940209294773,0.7814856103539912,0.001731296524339463,0;2;9;12;30,True,1,0.3333333333333333,0.7784468621893892,-49.325115707222004
2.0,nq_187,15,5,0.005411940209294773,0.7814856103539912,0.003462593048678926,0;2;9;12;30,True,1,0.3333333333333333,0.7784468621893892,-49.311638483753086
4.0,nq_187,15,5,0.005411940209294773,0.7814856103539912,0.006925186097357852,0;2;9;12;30,True,1,0.3333333333333333,0.7784468621893892,-49.284684036815264
0.0,nq_188,15,5,5.2625147830110503e-05,0.7558671760091187,0.0,8;25;33;38;40,True,1,1.0,0.6682250384102588,-47.66130502956959
0.05,nq_188,15,5,5.2625147830110503e-05,0.7558671760091187,8.702765492119958e-07,8;25;33;38;40,True,1,1.0,0.6682250384102588,-47.661299214163776
0.1,nq_188,15,5,5.2625147830110503e-05,0.7558671760091187,1.7405530984239917e-06,8;25;33;38;40,True,1,1.0,0.6682250384102588,-47.66129339875798
0.25,nq_188,15,5,5.2625147830110503e-05,0.7558671760091187,4.351382746059979e-06,8;25;33;38;40,True,1,1.0,0.6682250384102588,-47.661275952540564
0.5,nq_188,15,5,5.2625147830110503e-05,0.7558671760091187,8.702765492119957e-06,8;25;33;38;40,True,1,1.0,0.6682250384102588,-47.66124687551154
1.0,nq_188,15,5,5.2625147830110503e-05,0.7558671760091187,1.7405530984239915e-05,8;25;33;38;40,True,1,1.0,0.6682250384102588,-47.661188721453485
2.0,nq_188,15,5,5.2625147830110503e-05,0.7558671760091187,3.481106196847983e-05,8;25;33;38;40,True,1,1.0,0.6682250384102588,-47.66107241333738
4.0,nq_188,15,5,5.2625147830110503e-05,0.7558671760091187,6.962212393695966e-05,8;25;33;38;40,True,1,1.0,0.6682250384102588,-47.66083979710517
0.0,nq_189,15,5,0.0004495947662594143,0.6919537512714714,0.0,0;1;2;19;29,False,0,0.0,0.6510085577313013,-48.730505658630584
0.05,nq_189,15,5,0.0004495947662594143,0.6919537512714714,8.121823815670045e-06,0;1;2;19;29,False,0,0.0,0.6510085577313013,-48.73045278486251
0.1,nq_189,15,5,0.0004495947662594143,0.6919537512714714,1.624364763134009e-05,0;1;2;19;29,False,0,0.0,0.6510085577313013,-48.73039991109442
0.25,nq_189,15,5,0.0004495947662594143,0.6919537512714714,4.0609119078350225e-05,0;1;2;19;29,False,0,0.0,0.6510085577313013,-48.73024128979017
0.5,nq_189,15,5,0.0004495947662594143,0.6919537512714714,8.121823815670045e-05,0;1;2;19;29,False,0,0.0,0.6510085577313013,-48.729976920949746
1.0,nq_189,15,5,0.0004495947662594143,0.6919537512714714,0.0001624364763134009,0;1;2;19;29,False,0,0.0,0.6510085577313013,-48.729448183268914
2.0,nq_189,15,5,0.0004495947662594143,0.6919537512714714,0.0003248729526268018,0;1;2;19;29,False,0,0.0,0.6510085577313013,-48.72839070790724
4.0,nq_189,15,5,0.0004495947662594143,0.6919537512714714,0.0006497459052536036,0;1;2;19;29,False,0,0.0,0.6510085577313013,-48.72627575718387
0.0,nq_19,15,5,0.02536647330644326,0.8042214599012174,0.0,0;9;11;18;27,True,5,0.2,0.7832095675627189,-51.018018361490434
0.05,nq_19,15,5,0.02536647330644326,0.8042214599012174,0.00039427015799768607,0;9;11;18;27,True,5,0.2,0.7832095675627189,-51.01493039989095
0.1,nq_19,15,5,0.02536647330644326,0.8042214599012174,0.0007885403159953721,0;9;11;18;27,True,5,0.2,0.7832095675627189,-51.01184243829148
0.25,nq_19,15,5,0.02536647330644326,0.8042214599012174,0.0019713507899884303,0;9;11;18;27,True,5,0.2,0.7832095675627189,-51.002578553493024
0.5,nq_19,15,5,0.02536647330644326,0.8042214599012174,0.003942701579976861,0;9;11;18;27,True,5,0.2,0.7832095675627189,-50.987138745495606
1.0,nq_19,15,5,0.02536647330644326,0.8042214599012174,0.007885403159953721,0;9;11;18;27,True,5,0.2,0.7832095675627189,-50.95625912950079
2.0,nq_19,15,5,0.02536647330644326,0.8042214599012174,0.015770806319907443,0;9;11;18;27,True,5,0.2,0.7832095675627189,-50.89449989751114
4.0,nq_19,15,5,0.02536647330644326,0.8042214599012174,0.031541612639814885,0;9;11;18;27,True,5,0.2,0.7832095675627189,-50.77098143353183
0.0,nq_190,15,5,0.09789556175496061,0.8071136483231163,0.0,0;3;15;19;41,True,3,0.75,0.8298663797050783,-50.67488977766793
0.05,nq_190,15,5,0.09789556175496061,0.8071136483231163,0.0015161346959560074,0;3;15;19;41,True,3,0.75,0.8298663797050783,-50.662307885555144
0.1,nq_190,15,5,0.09789556175496061,0.8071136483231163,0.0030322693919120148,0;3;15;19;41,True,3,0.75,0.8298663797050783,-50.64972599344237
0.25,nq_190,15,5,0.09789556175496061,0.8071136483231163,0.0075806734797800365,0;3;15;19;41,True,3,0.75,0.8298663797050783,-50.61198031710402
0.5,nq_190,15,5,0.09789556175496061,0.8071136483231163,0.015161346959560073,0;3;15;19;41,True,3,0.75,0.8298663797050783,-50.54907085654009
1.0,nq_190,15,5,0.09789556175496061,0.8071136483231163,0.030322693919120146,0;3;15;19;41,True,3,0.75,0.8298663797050783,-50.42325193541227
2.0,nq_190,15,5,0.09789556175496061,0.8071136483231163,0.06064538783824029,0;3;15;19;41,True,3,0.75,0.8298663797050783,-50.17161409315661
4.0,nq_190,15,5,0.09789556175496061,0.8071136483231163,0.12129077567648058,0;3;15;19;41,True,3,0.75,0.8298663797050783,-49.66833840864531
0.0,nq_191,15,5,0.0013107720994198768,0.838372960436664,0.0,0;8;29;36;47,True,4,0.4444444444444444,0.7913629567748727,-50.868219874109165
0.05,nq_191,15,5,0.0013107720994198768,0.838372960436664,1.9543368491805943e-05,0;8;29;36;47,True,4,0.4444444444444444,0.7913629567748727,-50.868065215130414
0.1,nq_191,15,5,0.0013107720994198768,0.838372960436664,3.9086736983611885e-05,0;8;29;36;47,True,4,0.4444444444444444,0.7913629567748727,-50.86791055615166
0.25,nq_191,15,5,0.0013107720994198768,0.838372960436664,9.771684245902971e-05,0;8;29;36;47,True,4,0.4444444444444444,0.7913629567748727,-50.86744657921541
0.5,nq_191,15,5,0.0013107720994198768,0.838372960436664,0.00019543368491805943,0;8;29;36;47,True,4,0.4444444444444444,0.7913629567748727,-50.866673284321664
1.0,nq_191,15,5,0.0013107720994198768,0.838372960436664,0.00039086736983611885,0;8;29;36;47,True,4,0.4444444444444444,0.7913629567748727,-50.865126694534155
2.0,nq_191,15,5,0.0013107720994198768,0.838372960436664,0.0007817347396722377,0;8;29;36;47,True,4,0.4444444444444444,0.7913629567748727,-50.862033514959165
4.0,nq_191,15,5,0.0013107720994198768,0.838372960436664,0.0015634694793444754,0;8;29;36;47,True,4,0.4444444444444444,0.7913629567748727,-50.85584715580916
0.0,nq_192,15,5,0.008001453421327381,0.8117167797592921,0.0,0;3;6;13;37,True,1,0.3333333333333333,0.7762841816988372,-48.072830075178715
0.05,nq_192,15,5,0.008001453421327381,0.8117167797592921,0.00012321790930371366,0;3;6;13;37,True,1,0.3333333333333333,0.7762841816988372,-48.07187355403977
0.1,nq_192,15,5,0.008001453421327381,0.8117167797592921,0.0002464358186074273,0;3;6;13;37,True,1,0.3333333333333333,0.7762841816988372,-48.07091703290083
0.25,nq_192,15,5,0.008001453421327381,0.8117167797592921,0.0006160895465185683,0;3;6;13;37,True,1,0.3333333333333333,0.7762841816988372,-48.068047469484
0.5,nq_192,15,5,0.008001453421327381,0.8117167797592921,0.0012321790930371365,0;3;6;13;37,True,1,0.3333333333333333,0.7762841816988372,-48.06326486378927
1.0,nq_192,15,5,0.008001453421327381,0.8117167797592921,0.002464358186074273,0;3;6;13;37,True,1,0.3333333333333333,0.7762841816988372,-48.05369965239983
2.0,nq_192,15,5,0.008001453421327381,0.8117167797592921,0.004928716372148546,0;3;6;13;37,True,1,0.3333333333333333,0.7762841816988372,-48.03456922962093
4.0,nq_192,15,5,0.008001453421327381,0.8117167797592921,0.009857432744297092,0;3;6;13;37,True,1,0.3333333333333333,0.7762841816988372,-47.99630838406315
0.0,nq_193,15,5,0.034229241557061654,0.8293139549958383,0.0,5;8;29;31;41,False,0,0.0,0.7972534296949243,-47.96293377182789
0.05,nq_193,15,5,0.034229241557061654,0.8293139549958383,0.0005159264485534544,5;8;29;31;41,False,0,0.0,0.7972534296949243,-47.958820530522104
0.1,nq_193,15,5,0.034229241557061654,0.8293139549958383,0.0010318528971069087,5;8;29;31;41,False,0,0.0,0.7972534296949243,-47.95470728921631
0.25,nq_193,15,5,0.034229241557061654,0.8293139549958383,0.0025796322427672717,5;8;29;31;41,False,0,0.0,0.7972534296949243,-47.942367565298916
0.5,nq_193,15,5,0.034229241557061654,0.8293139549958383,0.005159264485534543,5;8;29;31;41,False,0,0.0,0.7972534296949243,-47.92180135876994
1.0,nq_193,15,5,0.034229241557061654,0.8293139549958383,0.010318528971069087,5;8;29;31;41,False,0,0.0,0.7972534296949243,-47.88066894571199
2.0,nq_193,15,5,0.034229241557061654,0.8293139549958383,0.020637057942138173,5;8;29;31;41,False,0,0.0,0.7972534296949243,-47.79840411959607
4.0,nq_193,15,5,0.034229241557061654,0.8293139549958383,0.04127411588427635,5;8;29;31;41,False,0,0.0,0.7972534296949243,-47.633874467364244
0.0,nq_194,15,5,0.0005954225205585129,0.7269382192822506,0.0,0;1;15;19;40,True,3,1.0,0.7197537680083782,-49.35922255472903
0.05,nq_194,15,5,0.0005954225205585129,0.7269382192822506,1.0238519685772496e-05,0;1;15;19;40,True,3,1.0,0.7197537680083782,-49.35914886259782
0.1,nq_194,15,5,0.0005954225205585129,0.7269382192822506,2.0477039371544992e-05,0;1;15;19;40,True,3,1.0,0.7197537680083782,-49.359075170466596
0.25,nq_194,15,5,0.0005954225205585129,0.7269382192822506,5.119259842886248e-05,0;1;15;19;40,True,3,1.0,0.7197537680083782,-49.3588540940729
0.5,nq_194,15,5,0.0005954225205585129,0.7269382192822506,0.00010238519685772496,0;1;15;19;40,True,3,1.0,0.7197537680083782,-49.35848563341678
1.0,nq_194,15,5,0.0005954225205585129,0.7269382192822506,0.00020477039371544992,0;1;15;19;40,True,3,1.0,0.7197537680083782,-49.357748712104495
2.0,nq_194,15,5,0.0005954225205585129,0.7269382192822506,0.00040954078743089985,0;1;15;19;40,True,3,1.0,0.7197537680083782,-49.356274869479975
4.0,nq_194,15,5,0.0005954225205585129,0.7269382192822506,0.0008190815748617997,0;1;15;19;40,True,3,1.0,0.7197537680083782,-49.353327184230906
0.0,nq_195,15,5,0.02995986692622675,0.9388646973439227,0.0,8;10;22;30;40,False,0,0.0,0.9412237308935344,-47.14810327912045
0.05,nq_195,15,5,0.02995986692622675,0.9388646973439227,0.0003988838208034447,8;10;22;30;40,False,0,0.0,0.9412237308935344,-47.14434888994036
0.1,nq_195,15,5,0.02995986692622675,0.9388646973439227,0.0007977676416068894,8;10;22;30;40,False,0,0.0,0.9412237308935344,-47.140594500760265
0.25,nq_195,15,5,0.02995986692622675,0.9388646973439227,0.001994419104017223,8;10;22;30;40,False,0,0.0,0.9412237308935344,-47.129331333219966
0.5,nq_195,15,5,0.02995986692622675,0.9388646973439227,0.003988838208034446,8;10;22;30;40,False,0,0.0,0.9412237308935344,-47.11055938731948
1.0,nq_195,15,5,0.02995986692622675,0.9388646973439227,0.007977676416068892,8;10;22;30;40,False,0,0.0,0.9412237308935344,-47.07301549551852
2.0,nq_195,15,5,0.02995986692622675,0.9388646973439227,0.015955352832137785,8;10;22;30;40,False,0,0.0,0.9412237308935344,-46.997927711916574
4.0,nq_195,15,5,0.02995986692622675,0.9388646973439227,0.03191070566427557,8;10;22;30;40,False,0,0.0,0.9412237308935344,-46.8477521447127
0.0,nq_196,15,5,0.23206859402416127,0.79924348349028,0.0,0;11;12;16;46,True,4,0.2857142857142857,0.7703895960752087,-50.25754883092823
0.05,nq_196,15,5,0.23206859402416127,0.79924348349028,0.003629499465087387,0;11;12;16;46,True,4,0.2857142857142857,0.7703895960752087,-50.22958754465958
0.1,nq_196,15,5,0.23206859402416127,0.79924348349028,0.007258998930174774,0;11;12;16;46,True,4,0.2857142857142857,0.7703895960752087,-50.201626258390945
0.25,nq_196,15,5,0.23206859402416127,0.79924348349028,0.018147497325436933,0;11;12;16;46,True,4,0.2857142857142857,0.7703895960752087,-50.11774239958503
0.5,nq_196,15,5,0.23206859402416127,0.79924348349028,0.036294994650873866,0;11;12;16;46,True,4,0.2857142857142857,0.7703895960752087,-49.97793596824184
1.0,nq_196,15,5,0.23206859402416127,0.79924348349028,0.07258998930174773,0;11;12;16;46,True,4,0.2857142857142857,0.7703895960752087,-49.69832310555545
2.0,nq_196,15,5,0.23206859402416127,0.79924348349028,0.14517997860349546,0;11;12;16;46,True,4,0.2857142857142857,0.7703895960752087,-49.139097380182676
4.0,nq_196,15,5,0.23206859402416127,0.79924348349028,0.2903599572069909,0;11;12;16;46,True,4,0.2857142857142857,0.7703895960752087,-48.02064592943714
0.0,nq_197,15,5,0.0819283486742127,0.8307665565404094,0.0,1;3;4;12;32,True,1,1.0,0.8366675199396593,-48.850496449172375
0.05,nq_197,15,5,0.0819283486742127,0.8307665565404094,0.0012327206934902074,1;3;4;12;32,True,1,1.0,0.8366675199396593,-48.84018267551836
0.1,nq_197,15,5,0.0819283486742127,0.8307665565404094,0.002465441386980415,1;3;4;12;32,True,1,1.0,0.8366675199396593,-48.829868901864366
0.25,nq_197,15,5,0.0819283486742127,0.8307665565404094,0.006163603467451037,1;3;4;12;32,True,1,1.0,0.8366675199396593,-48.79892758090234
0.5,nq_197,15,5,0.0819283486742127,0.8307665565404094,0.012327206934902074,1;3;4;12;32,True,1,1.0,0.8366675199396593,-48.747358712632305
1.0,nq_197,15,5,0.0819283486742127,0.8307665565404094,0.02465441386980415,1;3;4;12;32,True,1,1.0,0.8366675199396593,-48.644220976092235
2.0,nq_197,15,5,0.0819283486742127,0.8307665565404094,0.0493088277396083,1;3;4;12;32,True,1,1.0,0.8366675199396593,-48.437945503012074
4.0,nq_197,15,5,0.0819283486742127,0.8307665565404094,0.0986176554792166,1;3;4;12;32,True,1,1.0,0.8366675199396593,-48.02539455685178
0.0,nq_198,15,5,0.03156512163121605,0.8376567060035737,0.0,4;20;21;37;45,True,5,0.35714285714285715,0.8340737711705755,-50.32710451840913
0.05,nq_198,15,5,0.03156512163121605,0.8376567060035737,0.00047103252027925276,4;20;21;37;45,True,5,0.35714285714285715,0.8340737711705755,-50.3231757597038
0.1,nq_198,15,5,0.03156512163121605,0.8376567060035737,0.0009420650405585055,4;20;21;37;45,True,5,0.35714285714285715,0.8340737711705755,-50.31924700099847
0.25,nq_198,15,5,0.03156512163121605,0.8376567060035737,0.0023551626013962636,4;20;21;37;45,True,5,0.35714285714285715,0.8340737711705755,-50.30746072488246
0.5,nq_198,15,5,0.03156512163121605,0.8376567060035737,0.004710325202792527,4;20;21;37;45,True,5,0.35714285714285715,0.8340737711705755,-50.287816931355806
1.0,nq_198,15,5,0.03156512163121605,0.8376567060035737,0.009420650405585054,4;20;21;37;45,True,5,0.35714285714285715,0.8340737711705755,-50.24852934430248
2.0,nq_198,15,5,0.03156512163121605,0.8376567060035737,0.01884130081117011,4;20;21;37;45,True,5,0.35714285714285715,0.8340737711705755,-50.169954170195815
4.0,nq_198,15,5,0.03156512163121605,0.8376567060035737,0.03768260162234022,4;20;21;37;45,True,5,0.35714285714285715,0.8340737711705755,-50.012803821982494
0.0,nq_199,15,5,0.005008628154533734,0.8320263269285668,0.0,7;10;19;29;34,True,2,0.25,0.7783596190717228,-50.98780086656317
0.05,nq_199,15,5,0.005008628154533734,0.8320263269285668,7.52473505441088e-05,7;10;19;29;34,True,2,0.25,0.7783596190717228,-50.9872151715721
0.1,nq_199,15,5,0.005008628154533734,0.8320263269285668,0.0001504947010882176,7;10;19;29;34,True,2,0.25,0.7783596190717228,-50.986629476581044
0.25,nq_199,15,5,0.005008628154533734,0.8320263269285668,0.00037623675272054394,7;10;19;29;34,True,2,0.25,0.7783596190717228,-50.98487239160787
0.5,nq_199,15,5,0.005008628154533734,0.8320263269285668,0.0007524735054410879,7;10;19;29;34,True,2,0.25,0.7783596190717228,-50.9819439166526
1.0,nq_199,15,5,0.005008628154533734,0.8320263269285668,0.0015049470108821758,7;10;19;29;34,True,2,0.25,0.7783596190717228,-50.97608696674203
2.0,nq_199,15,5,0.005008628154533734,0.8320263269285668,0.0030098940217643515,7;10;19;29;34,True,2,0.25,0.7783596190717228,-50.96437306692089
4.0,nq_199,15,5,0.005008628154533734,0.8320263269285668,0.006019788043528703,7;10;19;29;34,True,2,0.25,0.7783596190717228,-50.94094526727862
0.0,nq_2,15,5,0.0480575583508763,0.6836549450417442,0.0,0;1;32;37;47,True,3,0.23076923076923078,0.696110883099951,-49.096965572985404
0.05,nq_2,15,5,0.0480575583508763,0.6836549450417442,0.0008786868361823047,0;1;32;37;47,True,3,0.23076923076923078,0.696110883099951,-49.09084893829037
0.1,nq_2,15,5,0.0480575583508763,0.6836549450417442,0.0017573736723646093,0;1;32;37;47,True,3,0.23076923076923078,0.696110883099951,-49.084732303595345
0.25,nq_2,15,5,0.0480575583508763,0.6836549450417442,0.0043934341809115235,0;1;32;37;47,True,3,0.23076923076923078,0.696110883099951,-49.066382399510246
0.5,nq_2,15,5,0.0480575583508763,0.6836549450417442,0.008786868361823047,0;1;32;37;47,True,3,0.23076923076923078,0.696110883099951,-49.035799226035095
1.0,nq_2,15,5,0.0480575583508763,0.6836549450417442,0.017573736723646094,0;1;32;37;47,True,3,0.23076923076923078,0.696110883099951,-48.974632879084766
2.0,nq_2,15,5,0.0480575583508763,0.6836549450417442,0.03514747344729219,0;1;32;37;47,True,3,0.23076923076923078,0.696110883099951,-48.85230018518414
4.0,nq_2,15,5,0.0480575583508763,0.6836549450417442,0.07029494689458438,0;1;32;37;47,True,3,0.23076923076923078,0.696110883099951,-48.60763479738287
0.0,nq_20,15,5,0.008331447122295221,0.8584620281536771,0.0,0;6;9;30;42,True,2,0.5,0.8389580345605078,-47.64039150361914
0.05,nq_20,15,5,0.008331447122295221,0.8584620281536771,0.00012131342365748006,0;6;9;30;42,True,2,0.5,0.8389580345605078,-47.63937373490435
0.1,nq_20,15,5,0.008331447122295221,0.8584620281536771,0.00024262684731496013,0;6;9;30;42,True,2,0.5,0.8389580345605078,-47.63835596618958
0.25,nq_20,15,5,0.008331447122295221,0.8584620281536771,0.0006065671182874003,0;6;9;30;42,True,2,0.5,0.8389580345605078,-47.635302660045255
0.5,nq_20,15,5,0.008331447122295221,0.8584620281536771,0.0012131342365748006,0;6;9;30;42,True,2,0.5,0.8389580345605078,-47.63021381647138
1.0,nq_20,15,5,0.008331447122295221,0.8584620281536771,0.002426268473149601,0;6;9;30;42,True,2,0.5,0.8389580345605078,-47.62003612932364
2.0,nq_20,15,5,0.008331447122295221,0.8584620281536771,0.004852536946299202,0;6;9;30;42,True,2,0.5,0.8389580345605078,-47.59968075502813
4.0,nq_20,15,5,0.008331447122295221,0.8584620281536771,0.009705073892598405,0;6;9;30;42,True,2,0.5,0.8389580345605078,-47.55897000643714
0.0,nq_21,15,5,0.0010617213955466595,0.6682120749456638,0.0,0;1;3;25;48,True,3,0.75,0.6604867223791132,-48.720859877993966
0.05,nq_21,15,5,0.0010617213955466595,0.6682120749456638,1.986120586672511e-05,0;1;3;25;48,True,3,0.75,0.6604867223791132,-48.72072869736632
0.1,nq_21,15,5,0.0010617213955466595,0.6682120749456638,3.972241173345022e-05,0;1;3;25;48,True,3,0.75,0.6604867223791132,-48.72059751673866
0.25,nq_21,15,5,0.0010617213955466595,0.6682120749456638,9.930602933362555e-05,0;1;3;25;48,True,3,0.75,0.6604867223791132,-48.7202039748557
0.5,nq_21,15,5,0.0010617213955466595,0.6682120749456638,0.0001986120586672511,0;1;3;25;48,True,3,0.75,0.6604867223791132,-48.719548071717426
1.0,nq_21,15,5,0.0010617213955466595,0.6682120749456638,0.0003972241173345022,0;1;3;25;48,True,3,0.75,0.6604867223791132,-48.718236265440886
2.0,nq_21,15,5,0.0010617213955466595,0.6682120749456638,0.0007944482346690044,0;1;3;25;48,True,3,0.75,0.6604867223791132,-48.7156126528878
4.0,nq_21,15,5,0.0010617213955466595,0.6682120749456638,0.0015888964693380088,0;1;3;25;48,True,3,0.75,0.6604867223791132,-48.71036542778164
0.0,nq_22,15,5,0.04199582898062604,0.7717241875242175,0.0,0;3;5;26;30,True,4,0.3333333333333333,0.7779250985182057,-50.02718446364849
0.05,nq_22,15,5,0.04199582898062604,0.7717241875242175,0.000680226420938674,0;3;5;26;30,True,4,0.3333333333333333,0.7779250985182057,-50.02189281159326
0.1,nq_22,15,5,0.04199582898062604,0.7717241875242175,0.001360452841877348,0;3;5;26;30,True,4,0.3333333333333333,0.7779250985182057,-50.01660115953803
0.25,nq_22,15,5,0.04199582898062604,0.7717241875242175,0.0034011321046933697,0;3;5;26;30,True,4,0.3333333333333333,0.7779250985182057,-50.000726203372324
0.5,nq_22,15,5,0.04199582898062604,0.7717241875242175,0.006802264209386739,0;3;5;26;30,True,4,0.3333333333333333,0.7779250985182057,-49.97426794309615
1.0,nq_22,15,5,0.04199582898062604,0.7717241875242175,0.013604528418773479,0;3;5;26;30,True,4,0.3333333333333333,0.7779250985182057,-49.921351422543815
2.0,nq_22,15,5,0.04199582898062604,0.7717241875242175,0.027209056837546958,0;3;5;26;30,True,4,0.3333333333333333,0.7779250985182057,-49.815518381439134
4.0,nq_22,15,5,0.04199582898062604,0.7717241875242175,0.054418113675093915,0;3;5;26;30,True,4,0.3333333333333333,0.7779250985182057,-49.603852299229764
0.0,nq_23,15,5,0.015736156270777624,0.836330826979516,0.0,5;7;8;33;34,True,3,0.75,0.8251881144429758,-50.84928511897108
0.05,nq_23,15,5,0.015736156270777624,0.836330826979516,0.000235196063379683,5;7;8;33;34,True,3,0.75,0.8251881144429758,-50.84734430901044
0.1,nq_23,15,5,0.015736156270777624,0.836330826979516,0.000470392126759366,5;7;8;33;34,True,3,0.75,0.8251881144429758,-50.84540349904979
0.25,nq_23,15,5,0.015736156270777624,0.836330826979516,0.0011759803168984147,5;7;8;33;34,True,3,0.75,0.8251881144429758,-50.83958106916785
0.5,nq_23,15,5,0.015736156270777624,0.836330826979516,0.0023519606337968294,5;7;8;33;34,True,3,0.75,0.8251881144429758,-50.82987701936461
1.0,nq_23,15,5,0.015736156270777624,0.836330826979516,0.004703921267593659,5;7;8;33;34,True,3,0.75,0.8251881144429758,-50.81046891975815
2.0,nq_23,15,5,0.015736156270777624,0.836330826979516,0.009407842535187318,5;7;8;33;34,True,3,0.75,0.8251881144429758,-50.771652720545205
4.0,nq_23,15,5,0.015736156270777624,0.836330826979516,0.018815685070374635,5;7;8;33;34,True,3,0.75,0.8251881144429758,-50.69402032211933
0.0,nq_24,15,5,0.18061294354345714,0.8103232650275454,0.0,0;1;2;4;7,True,4,1.0,0.9102010331457286,-50.24839464779496
0.05,nq_24,15,5,0.18061294354345714,0.8103232650275454,0.0027861214229052728,0;1;2;4;7,True,4,1.0,0.9102010331457286,-50.223035341818985
0.1,nq_24,15,5,0.18061294354345714,0.8103232650275454,0.0055722428458105456,0;1;2;4;7,True,4,1.0,0.9102010331457286,-50.197676035843
0.25,nq_24,15,5,0.18061294354345714,0.8103232650275454,0.013930607114526365,0;1;2;4;7,True,4,1.0,0.9102010331457286,-50.12159811791507
0.5,nq_24,15,5,0.18061294354345714,0.8103232650275454,0.02786121422905273,0;1;2;4;7,True,4,1.0,0.9102010331457286,-49.99480158803519
1.0,nq_24,15,5,0.18061294354345714,0.8103232650275454,0.05572242845810546,0;1;2;4;7,True,4,1.0,0.9102010331457286,-49.7412085282754
2.0,nq_24,15,5,0.18061294354345714,0.8103232650275454,0.11144485691621092,0;1;2;4;7,True,4,1.0,0.9102010331457286,-49.23402240875582
4.0,nq_24,15,5,0.18061294354345714,0.8103232650275454,0.22288971383242184,0;1;2;4;7,True,4,1.0,0.9102010331457286,-48.2196501697167
0.0,nq_25,15,5,0.01021745821129183,0.805476057123146,0.0,7;15;19;24;43,True,4,0.3333333333333333,0.7718850651428917,-48.91634681818834
0.05,nq_25,15,5,0.01021745821129183,0.805476057123146,0.0001585622166537036,7;15;19;24;43,True,4,0.3333333333333333,0.7718850651428917,-48.915122900119016
0.1,nq_25,15,5,0.01021745821129183,0.805476057123146,0.0003171244333074072,7;15;19;24;43,True,4,0.3333333333333333,0.7718850651428917,-48.913898982049716
0.25,nq_25,15,5,0.01021745821129183,0.805476057123146,0.0007928110832685181,7;15;19;24;43,True,4,0.3333333333333333,0.7718850651428917,-48.91022722784178
0.5,nq_25,15,5,0.01021745821129183,0.805476057123146,0.0015856221665370362,7;15;19;24;43,True,4,0.3333333333333333,0.7718850651428917,-48.90410763749524
1.0,nq_25,15,5,0.01021745821129183,0.805476057123146,0.0031712443330740724,7;15;19;24;43,True,4,0.3333333333333333,0.7718850651428917,-48.89186845680214
2.0,nq_25,15,5,0.01021745821129183,0.805476057123146,0.006342488666148145,7;15;19;24;43,True,4,0.3333333333333333,0.7718850651428917,-48.86739009541595
4.0,nq_25,15,5,0.01021745821129183,0.805476057123146,0.01268497733229629,7;15;19;24;43,True,4,0.3333333333333333,0.7718850651428917,-48.81843337264358
0.0,nq_26,15,5,0.029685761563932322,0.685472081264526,0.0,8;23;29;45;46,False,0,0.0,0.6727415658000854,-48.75784616041578
0.05,nq_26,15,5,0.029685761563932322,0.685472081264526,0.0005413371140185683,8;23;29;45;46,False,0,0.0,0.6727415658000854,-48.754204360638674
0.1,nq_26,15,5,0.029685761563932322,0.685472081264526,0.0010826742280371365,8;23;29;45;46,False,0,0.0,0.6727415658000854,-48.75056256086156
0.25,nq_26,15,5,0.029685761563932322,0.685472081264526,0.0027066855700928413,8;23;29;45;46,False,0,0.0,0.6727415658000854,-48.73963716153025
0.5,nq_26,15,5,0.029685761563932322,0.685472081264526,0.005413371140185683,8;23;29;45;46,False,0,0.0,0.6727415658000854,-48.72142816264472
1.0,nq_26,15,5,0.029685761563932322,0.685472081264526,0.010826742280371365,8;23;29;45;46,False,0,0.0,0.6727415658000854,-48.68501016487366
2.0,nq_26,15,5,0.029685761563932322,0.685472081264526,0.02165348456074273,8;23;29;45;46,False,0,0.0,0.6727415658000854,-48.61217416933156
4.0,nq_26,15,5,0.029685761563932322,0.685472081264526,0.04330696912148546,8;23;29;45;46,False,0,0.0,0.6727415658000854,-48.46650217824734
0.0,nq_27,15,5,0.000909309550445562,0.6749185367627639,0.0,0;13;14;20;29,True,1,1.0,0.6411275353263262,-48.1813168340331
0.05,nq_27,15,5,0.000909309550445562,0.6749185367627639,1.684107328569574e-05,0;13;14;20;29,True,1,1.0,0.6411275353263262,-48.181208861275024
0.1,nq_27,15,5,0.000909309550445562,0.6749185367627639,3.368214657139148e-05,0;13;14;20;29,True,1,1.0,0.6411275353263262,-48.18110088851694
0.25,nq_27,15,5,0.000909309550445562,0.6749185367627639,8.420536642847868e-05,0;13;14;20;29,True,1,1.0,0.6411275353263262,-48.180776970242704
0.5,nq_27,15,5,0.000909309550445562,0.6749185367627639,0.00016841073285695735,0;13;14;20;29,True,1,1.0,0.6411275353263262,-48.1802371064523
1.0,nq_27,15,5,0.000909309550445562,0.6749185367627639,0.0003368214657139147,0;13;14;20;29,True,1,1.0,0.6411275353263262,-48.179157378871516
2.0,nq_27,15,5,0.000909309550445562,0.6749185367627639,0.0006736429314278294,0;13;14;20;29,True,1,1.0,0.6411275353263262,-48.17699792370994
4.0,nq_27,15,5,0.000909309550445562,0.6749185367627639,0.0013472858628556588,0;13;14;20;29,True,1,1.0,0.6411275353263262,-48.17267901338676
0.0,nq_28,15,5,0.0003801134741977519,0.8549964811619327,0.0,14;31;32;35;40,True,5,0.35714285714285715,0.8423135163671047,-50.78151890690451
0.05,nq_28,15,5,0.0003801134741977519,0.8549964811619327,5.557230906709538e-06,14;31;32;35;40,True,5,0.35714285714285715,0.8423135163671047,-50.781472097597444
0.1,nq_28,15,5,0.0003801134741977519,0.8549964811619327,1.1114461813419077e-05,14;31;32;35;40,True,5,0.35714285714285715,0.8423135163671047,-50.78142528829038
0.25,nq_28,15,5,0.0003801134741977519,0.8549964811619327,2.778615453354769e-05,14;31;32;35;40,True,5,0.35714285714285715,0.8423135163671047,-50.7812848603692
0.5,nq_28,15,5,0.0003801134741977519,0.8549964811619327,5.557230906709538e-05,14;31;32;35;40,True,5,0.35714285714285715,0.8423135163671047,-50.78105081383387
1.0,nq_28,15,5,0.0003801134741977519,0.8549964811619327,0.00011114461813419076,14;31;32;35;40,True,5,0.35714285714285715,0.8423135163671047,-50.78058272076325
2.0,nq_28,15,5,0.0003801134741977519,0.8549964811619327,0.0002222892362683815,14;31;32;35;40,True,5,0.35714285714285715,0.8423135163671047,-50.77964653462198
4.0,nq_28,15,5,0.0003801134741977519,0.8549964811619327,0.000444578472536763,14;31;32;35;40,True,5,0.35714285714285715,0.8423135163671047,-50.777774162339476
0.0,nq_29,15,5,7.182730180521624e-06,0.8660041491906012,0.0,2;4;9;10;22,True,1,0.5,0.8546793899849771,-48.48452002342299
0.05,nq_29,15,5,7.182730180521624e-06,0.8660041491906012,1.0367620485910009e-07,2;4;9;10;22,True,1,0.5,0.8546793899849771,-48.484519137323836
0.1,nq_29,15,5,7.182730180521624e-06,0.8660041491906012,2.0735240971820018e-07,2;4;9;10;22,True,1,0.5,0.8546793899849771,-48.484518251224685
0.25,nq_29,15,5,7.182730180521624e-06,0.8660041491906012,5.183810242955003e-07,2;4;9;10;22,True,1,0.5,0.8546793899849771,-48.48451559292722
0.5,nq_29,15,5,7.182730180521624e-06,0.8660041491906012,1.0367620485910007e-06,2;4;9;10;22,True,1,0.5,0.8546793899849771,-48.48451116243144
1.0,nq_29,15,5,7.182730180521624e-06,0.8660041491906012,2.0735240971820013e-06,2;4;9;10;22,True,1,0.5,0.8546793899849771,-48.48450230143988
2.0,nq_29,15,5,7.182730180521624e-06,0.8660041491906012,4.147048194364003e-06,2;4;9;10;22,True,1,0.5,0.8546793899849771,-48.48448457945679
4.0,nq_29,15,5,7.182730180521624e-06,0.8660041491906012,8.294096388728005e-06,2;4;9;10;22,True,1,0.5,0.8546793899849771,-48.48444913549057
0.0,nq_3,15,5,0.032737883435595694,0.8770839478405789,0.0,4;29;37;45;49,True,5,0.625,0.8856787463091609,-50.45843782863514
0.05,nq_3,15,5,0.032737883435595694,0.8770839478405789,0.00046657230175078506,4;29;37;45;49,True,5,0.625,0.8856787463091609,-50.45430549692237
0.1,nq_3,15,5,0.032737883435595694,0.8770839478405789,0.0009331446035015701,4;29;37;45;49,True,5,0.625,0.8856787463091609,-50.4501731652096
0.25,nq_3,15,5,0.032737883435595694,0.8770839478405789,0.0023328615087539256,4;29;37;45;49,True,5,0.625,0.8856787463091609,-50.43777617007129
0.5,nq_3,15,5,0.032737883435595694,0.8770839478405789,0.004665723017507851,4;29;37;45;49,True,5,0.625,0.8856787463091609,-50.41711451150742
1.0,nq_3,15,5,0.032737883435595694,0.8770839478405789,0.009331446035015702,4;29;37;45;49,True,5,0.625,0.8856787463091609,-50.3757911943797
2.0,nq_3,15,5,0.032737883435595694,0.8770839478405789,0.018662892070031405,4;29;37;45;49,True,5,0.625,0.8856787463091609,-50.29314456012425
4.0,nq_3,15,5,0.032737883435595694,0.8770839478405789,0.03732578414006281,4;29;37;45;49,True,5,0.625,0.8856787463091609,-50.12785129161337
0.0,nq_30,15,5,0.08456674614655565,0.7982289269353908,0.0,0;1;25;27;33,True,4,0.5,0.7933957345585539,-49.40884633166992
0.05,nq_30,15,5,0.08456674614655565,0.7982289269353908,0.001324285511181425,0;1;25;27;33,True,4,0.5,0.7933957345585539,-49.39833950691083
0.1,nq_30,15,5,0.08456674614655565,0.7982289269353908,0.00264857102236285,0;1;25;27;33,True,4,0.5,0.7933957345585539,-49.387832682151725
0.25,nq_30,15,5,0.08456674614655565,0.7982289269353908,0.006621427555907125,0;1;25;27;33,True,4,0.5,0.7933957345585539,-49.35631220787447
0.5,nq_30,15,5,0.08456674614655565,0.7982289269353908,0.01324285511181425,0;1;25;27;33,True,4,0.5,0.7933957345585539,-49.30377808407901
1.0,nq_30,15,5,0.08456674614655565,0.7982289269353908,0.0264857102236285,0;1;25;27;33,True,4,0.5,0.7933957345585539,-49.198709836488106
2.0,nq_30,15,5,0.08456674614655565,0.7982289269353908,0.052971420447257,0;1;25;27;33,True,4,0.5,0.7933957345585539,-48.9885733413063
4.0,nq_30,15,5,0.08456674614655565,0.7982289269353908,0.105942840894514,0;1;25;27;33,True,4,0.5,0.7933957345585539,-48.56830035094269
0.0,nq_31,15,5,0.0073585531400490525,0.7597123413486299,0.0,0;3;5;6;44,True,1,1.0,0.8118790882970668,-48.71461028049727
0.05,nq_31,15,5,0.0073585531400490525,0.7597123413486299,0.00012107450171577673,0;3;5;6;44,True,1,1.0,0.8118790882970668,-48.71362730193657
0.1,nq_31,15,5,0.0073585531400490525,0.7597123413486299,0.00024214900343155345,0;3;5;6;44,True,1,1.0,0.8118790882970668,-48.71264432337588
0.25,nq_31,15,5,0.0073585531400490525,0.7597123413486299,0.0006053725085788836,0;3;5;6;44,True,1,1.0,0.8118790882970668,-48.70969538769381
0.5,nq_31,15,5,0.0073585531400490525,0.7597123413486299,0.0012107450171577672,0;3;5;6;44,True,1,1.0,0.8118790882970668,-48.704780494890365
1.0,nq_31,15,5,0.0073585531400490525,0.7597123413486299,0.0024214900343155345,0;3;5;6;44,True,1,1.0,0.8118790882970668,-48.69495070928346
2.0,nq_31,15,5,0.0073585531400490525,0.7597123413486299,0.004842980068631069,0;3;5;6;44,True,1,1.0,0.8118790882970668,-48.67529113806965
4.0,nq_31,15,5,0.0073585531400490525,0.7597123413486299,0.009685960137262138,0;3;5;6;44,True,1,1.0,0.8118790882970668,-48.63597199564204
0.0,nq_32,15,5,0.1378945809147184,0.8072129452692663,0.0,3;5;15;19;32,False,0,0.0,0.7884039045177902,-50.81245615300635
0.05,nq_32,15,5,0.1378945809147184,0.8072129452692663,0.0021353474770050003,3;5;15;19;32,False,0,0.0,0.7884039045177902,-50.79562099012261
0.1,nq_32,15,5,0.1378945809147184,0.8072129452692663,0.0042706949540100006,3;5;15;19;32,False,0,0.0,0.7884039045177902,-50.77878582723888
0.25,nq_32,15,5,0.1378945809147184,0.8072129452692663,0.010676737385025,3;5;15;19;32,False,0,0.0,0.7884039045177902,-50.72828033858769
0.5,nq_32,15,5,0.1378945809147184,0.8072129452692663,0.02135347477005,3;5;15;19;32,False,0,0.0,0.7884039045177902,-50.64410452416905
1.0,nq_32,15,5,0.1378945809147184,0.8072129452692663,0.0427069495401,3;5;15;19;32,False,0,0.0,0.7884039045177902,-50.47575289533175
2.0,nq_32,15,5,0.1378945809147184,0.8072129452692663,0.0854138990802,3;5;15;19;32,False,0,0.0,0.7884039045177902,-50.139049637657166
4.0,nq_32,15,5,0.1378945809147184,0.8072129452692663,0.1708277981604,3;5;15;19;32,False,0,0.0,0.7884039045177902,-49.46564312230798
0.0,nq_33,15,5,0.00048443443300993884,0.6622540021369536,0.0,5;28;31;39;47,True,0,0.0,0.6037403700293252,-48.211397354566266
0.05,nq_33,15,5,0.00048443443300993884,0.6622540021369536,9.143653718106577e-06,5;28;31;39;47,True,0,0.0,0.6037403700293252,-48.211342150637485
0.1,nq_33,15,5,0.00048443443300993884,0.6622540021369536,1.8287307436213155e-05,5;28;31;39;47,True,0,0.0,0.6037403700293252,-48.21128694670868
0.25,nq_33,15,5,0.00048443443300993884,0.6622540021369536,4.571826859053288e-05,5;28;31;39;47,True,0,0.0,0.6037403700293252,-48.21112133492231
0.5,nq_33,15,5,0.00048443443300993884,0.6622540021369536,9.143653718106577e-05,5;28;31;39;47,True,0,0.0,0.6037403700293252,-48.210845315278355
1.0,nq_33,15,5,0.00048443443300993884,0.6622540021369536,0.00018287307436213153,5;28;31;39;47,True,0,0.0,0.6037403700293252,-48.21029327599044
2.0,nq_33,15,5,0.00048443443300993884,0.6622540021369536,0.00036574614872426307,5;28;31;39;47,True,0,0.0,0.6037403700293252,-48.2091891974146
4.0,nq_33,15,5,0.00048443443300993884,0.6622540021369536,0.0007314922974485261,5;28;31;39;47,True,0,0.0,0.6037403700293252,-48.206981040262924
0.0,nq_34,15,5,0.0034527409972791023,0.8301799139415221,0.0,2;6;7;8;31,True,2,0.4,0.8244662323566813,-50.8636790591155
0.05,nq_34,15,5,0.0034527409972791023,0.8301799139415221,5.1987779701026605e-05,2;6;7;8;31,True,2,0.4,0.8244662323566813,-50.86325043742691
0.1,nq_34,15,5,0.0034527409972791023,0.8301799139415221,0.00010397555940205321,2;6;7;8;31,True,2,0.4,0.8244662323566813,-50.86282181573832
0.25,nq_34,15,5,0.0034527409972791023,0.8301799139415221,0.000259938898505133,2;6;7;8;31,True,2,0.4,0.8244662323566813,-50.861535950672554
0.5,nq_34,15,5,0.0034527409972791023,0.8301799139415221,0.000519877797010266,2;6;7;8;31,True,2,0.4,0.8244662323566813,-50.85939284222963
1.0,nq_34,15,5,0.0034527409972791023,0.8301799139415221,0.001039755594020532,2;6;7;8;31,True,2,0.4,0.8244662323566813,-50.85510662534376
2.0,nq_34,15,5,0.0034527409972791023,0.8301799139415221,0.002079511188041064,2;6;7;8;31,True,2,0.4,0.8244662323566813,-50.84653419157202
4.0,nq_34,15,5,0.0034527409972791023,0.8301799139415221,0.004159022376082128,2;6;7;8;31,True,2,0.4,0.8244662323566813,-50.82938932402853
0.0,nq_35,15,5,0.28412470508861115,0.8162749092827407,0.0,3;5;6;11;15,True,3,1.0,0.9007959164971728,-49.38781927726214
0.05,nq_35,15,5,0.28412470508861115,0.8162749092827407,0.004350929352709164,3;5;6;11;15,True,3,1.0,0.9007959164971728,-49.348626283323256
0.1,nq_35,15,5,0.28412470508861115,0.8162749092827407,0.008701858705418328,3;5;6;11;15,True,3,1.0,0.9007959164971728,-49.30943328938437
0.25,nq_35,15,5,0.28412470508861115,0.8162749092827407,0.02175464676354582,3;5;6;11;15,True,3,1.0,0.9007959164971728,-49.19185430756773
0.5,nq_35,15,5,0.28412470508861115,0.8162749092827407,0.04350929352709164,3;5;6;11;15,True,3,1.0,0.9007959164971728,-48.99588933787333
1.0,nq_35,15,5,0.28412470508861115,0.8162749092827407,0.08701858705418328,3;5;6;11;15,True,3,1.0,0.9007959164971728,-48.60395939848451
2.0,nq_35,15,5,0.28412470508861115,0.8162749092827407,0.17403717410836655,3;5;6;11;40,True,3,1.0,0.8574070666977812,-47.82843179168424
4.0,nq_35,15,5,0.28412470508861115,0.8162749092827407,0.3480743482167331,3;5;6;11;40,True,3,1.0,0.8574070666977812,-46.336224762197965
0.0,nq_36,15,5,0.025030767374311078,0.8206120606539898,0.0,3;17;20;27;31,True,0,0.0,0.7486184147000069,-48.03197383428305
0.05,nq_36,15,5,0.025030767374311078,0.8206120606539898,0.00038128151644276076,3;17;20;27;31,True,0,0.0,0.7486184147000069,-48.02911949063912
0.1,nq_36,15,5,0.025030767374311078,0.8206120606539898,0.0007625630328855215,3;17;20;27;31,True,0,0.0,0.7486184147000069,-48.02626514699518
0.25,nq_36,15,5,0.025030767374311078,0.8206120606539898,0.0019064075822138038,3;17;20;27;31,True,0,0.0,0.7486184147000069,-48.01770211606337
0.5,nq_36,15,5,0.025030767374311078,0.8206120606539898,0.0038128151644276076,3;17;20;27;31,True,0,0.0,0.7486184147000069,-48.00343039784367
1.0,nq_36,15,5,0.025030767374311078,0.8206120606539898,0.007625630328855215,3;17;20;27;31,True,0,0.0,0.7486184147000069,-47.974886961404295
2.0,nq_36,15,5,0.025030767374311078,0.8206120606539898,0.01525126065771043,3;17;20;27;31,True,0,0.0,0.7486184147000069,-47.91780008852553
4.0,nq_36,15,5,0.025030767374311078,0.8206120606539898,0.03050252131542086,3;17;20;27;31,True,0,0.0,0.7486184147000069,-47.80362634276802
0.0,nq_37,15,5,0.0036345070920608125,0.7298329141301496,0.0,0;3;17;30;33,True,3,0.75,0.7393257980810526,-49.60358915460574
0.05,nq_37,15,5,0.0036345070920608125,0.7298329141301496,6.224887302600532e-05,0;3;17;30;33,True,3,0.75,0.7393257980810526,-49.60312893262846
0.1,nq_37,15,5,0.0036345070920608125,0.7298329141301496,0.00012449774605201064,0;3;17;30;33,True,3,0.75,0.7393257980810526,-49.60266871065116
0.25,nq_37,15,5,0.0036345070920608125,0.7298329141301496,0.0003112443651300266,0;3;17;30;33,True,3,0.75,0.7393257980810526,-49.60128804471927
0.5,nq_37,15,5,0.0036345070920608125,0.7298329141301496,0.0006224887302600532,0;3;17;30;33,True,3,0.75,0.7393257980810526,-49.5989869348328
1.0,nq_37,15,5,0.0036345070920608125,0.7298329141301496,0.0012449774605201064,0;3;17;30;33,True,3,0.75,0.7393257980810526,-49.59438471505983
2.0,nq_37,15,5,0.0036345070920608125,0.7298329141301496,0.002489954921040213,0;3;17;30;33,True,3,0.75,0.7393257980810526,-49.58518027551392
4.0,nq_37,15,5,0.0036345070920608125,0.7298329141301496,0.004979909842080426,0;3;17;30;33,True,3,0.75,0.7393257980810526,-49.566771396422084
0.0,nq_38,15,5,0.03555271786396774,0.8526442360980577,0.0,0;5;6;8;11,True,5,0.2777777777777778,0.8587860043478145,-50.27433897547601
0.05,nq_38,15,5,0.03555271786396774,0.8526442360980577,0.0005212120521934024,0;5;6;8;11,True,5,0.2777777777777778,0.8587860043478145,-50.269862879318794
0.1,nq_38,15,5,0.03555271786396774,0.8526442360980577,0.0010424241043868049,0;5;6;8;11,True,5,0.2777777777777778,0.8587860043478145,-50.26538678316158
0.25,nq_38,15,5,0.03555271786396774,0.8526442360980577,0.0026060602609670118,0;5;6;8;11,True,5,0.2777777777777778,0.8587860043478145,-50.25195849468995
0.5,nq_38,15,5,0.03555271786396774,0.8526442360980577,0.0052121205219340236,0;5;6;8;11,True,5,0.2777777777777778,0.8587860043478145,-50.2295780139039
1.0,nq_38,15,5,0.03555271786396774,0.8526442360980577,0.010424241043868047,0;5;6;8;11,True,5,0.2777777777777778,0.8587860043478145,-50.18481705233178
2.0,nq_38,15,5,0.03555271786396774,0.8526442360980577,0.020848482087736094,0;5;6;8;11,True,5,0.2777777777777778,0.8587860043478145,-50.09529512918756
4.0,nq_38,15,5,0.03555271786396774,0.8526442360980577,0.04169696417547219,0;5;6;8;11,True,5,0.2777777777777778,0.8587860043478145,-49.916251282899125
0.0,nq_39,15,5,0.005921591359540179,0.8622900926824497,0.0,0;1;27;41;47,True,1,0.05555555555555555,0.8500325287756467,-50.44279998271426
0.05,nq_39,15,5,0.005921591359540179,0.8622900926824497,8.584095628772901e-05,0;1;27;41;47,True,1,0.05555555555555555,0.8500325287756467,-50.44207030666281
0.1,nq_39,15,5,0.005921591359540179,0.8622900926824497,0.00017168191257545802,0;1;27;41;47,True,1,0.05555555555555555,0.8500325287756467,-50.44134063061135
0.25,nq_39,15,5,0.005921591359540179,0.8622900926824497,0.000429204781438645,0;1;27;41;47,True,1,0.05555555555555555,0.8500325287756467,-50.439151602456974
0.5,nq_39,15,5,0.005921591359540179,0.8622900926824497,0.00085840956287729,0;1;27;41;47,True,1,0.05555555555555555,0.8500325287756467,-50.43550322219969
1.0,nq_39,15,5,0.005921591359540179,0.8622900926824497,0.00171681912575458,0;1;27;41;47,True,1,0.05555555555555555,0.8500325287756467,-50.428206461685114
2.0,nq_39,15,5,0.005921591359540179,0.8622900926824497,0.00343363825150916,0;1;27;41;47,True,1,0.05555555555555555,0.8500325287756467,-50.41361294065595
4.0,nq_39,15,5,0.005921591359540179,0.8622900926824497,0.00686727650301832,0;1;27;41;47,True,1,0.05555555555555555,0.8500325287756467,-50.38442589859764
0.0,nq_4,15,5,0.019437506065547172,0.8621608599217514,0.0,0;16;26;29;40,True,4,0.4,0.8538989055969182,-50.65380993748619
0.05,nq_4,15,5,0.019437506065547172,0.8621608599217514,0.00028181347043279223,0;16;26;29;40,True,4,0.4,0.8538989055969182,-50.65140353534634
0.1,nq_4,15,5,0.019437506065547172,0.8621608599217514,0.0005636269408655845,0;16;26;29;40,True,4,0.4,0.8538989055969182,-50.64899713320649
0.25,nq_4,15,5,0.019437506065547172,0.8621608599217514,0.0014090673521639611,0;16;26;29;40,True,4,0.4,0.8538989055969182,-50.64177792678694
0.5,nq_4,15,5,0.019437506065547172,0.8621608599217514,0.0028181347043279223,0;16;26;29;40,True,4,0.4,0.8538989055969182,-50.629745916087685
1.0,nq_4,15,5,0.019437506065547172,0.8621608599217514,0.005636269408655845,0;16;26;29;40,True,4,0.4,0.8538989055969182,-50.605681894689184
2.0,nq_4,15,5,0.019437506065547172,0.8621608599217514,0.01127253881731169,0;16;26;29;40,True,4,0.4,0.8538989055969182,-50.55755385189218
4.0,nq_4,15,5,0.019437506065547172,0.8621608599217514,0.02254507763462338,0;16;26;29;40,True,4,0.4,0.8538989055969182,-50.46129776629817
0.0,nq_40,15,5,0.0614881531254628,0.8728578134204886,0.0,1;6;13;30;34,False,0,0.0,0.8863373361045189,-49.6963543330327
0.05,nq_40,15,5,0.0614881531254628,0.8728578134204886,0.0008805569723886385,1;6;13;30;34,False,0,0.0,0.8863373361045189,-49.68854962782074
0.1,nq_40,15,5,0.0614881531254628,0.8728578134204886,0.001761113944777277,1;6;13;30;34,False,0,0.0,0.8863373361045189,-49.680744922608795
0.25,nq_40,15,5,0.0614881531254628,0.8728578134204886,0.004402784861943192,1;6;13;30;34,False,0,0.0,0.8863373361045189,-49.65733080697294
0.5,nq_40,15,5,0.0614881531254628,0.8728578134204886,0.008805569723886384,1;6;13;30;34,False,0,0.0,0.8863373361045189,-49.618307280913186
1.0,nq_40,15,5,0.0614881531254628,0.8728578134204886,0.017611139447772768,1;6;13;30;34,False,0,0.0,0.8863373361045189,-49.540260228793656
2.0,nq_40,15,5,0.0614881531254628,0.8728578134204886,0.035222278895545536,1;6;13;30;34,False,0,0.0,0.8863373361045189,-49.38416612455462
4.0,nq_40,15,5,0.0614881531254628,0.8728578134204886,0.07044455779109107,1;6;13;30;34,False,0,0.0,0.8863373361045189,-49.07197791607654
0.0,nq_41,15,5,0.021806037165914872,0.8207491464689467,0.0,8;12;17;31;42,False,0,0.0,0.8029609282684909,-47.420633848320946
0.05,nq_41,15,5,0.021806037165914872,0.8207491464689467,0.0003321052889805958,8;12;17;31;42,False,0,0.0,0.8029609282684909,-47.41796717260972
0.1,nq_41,15,5,0.021806037165914872,0.8207491464689467,0.0006642105779611916,8;12;17;31;42,False,0,0.0,0.8029609282684909,-47.41530049689849
0.25,nq_41,15,5,0.021806037165914872,0.8207491464689467,0.001660526444902979,8;12;17;31;42,False,0,0.0,0.8029609282684909,-47.40730046976482
0.5,nq_41,15,5,0.021806037165914872,0.8207491464689467,0.003321052889805958,8;12;17;31;42,False,0,0.0,0.8029609282684909,-47.39396709120868
1.0,nq_41,15,5,0.021806037165914872,0.8207491464689467,0.006642105779611916,8;12;17;31;42,False,0,0.0,0.8029609282684909,-47.367300334096406
2.0,nq_41,15,5,0.021806037165914872,0.8207491464689467,0.013284211559223833,8;12;17;31;42,False,0,0.0,0.8029609282684909,-47.313966819871865
4.0,nq_41,15,5,0.021806037165914872,0.8207491464689467,0.026568423118447666,8;12;17;31;42,False,0,0.0,0.8029609282684909,-47.20729979142277
0.0,nq_42,15,5,0.009586168787776628,0.8230620763780981,0.0,0;13;14;17;21,True,3,0.75,0.8090624904723966,-50.707126321327294
0.05,nq_42,15,5,0.009586168787776628,0.8230620763780981,0.00014558678828663888,0;13;14;17;21,True,3,0.75,0.8090624904723966,-50.70594843323218
0.1,nq_42,15,5,0.009586168787776628,0.8230620763780981,0.00029117357657327777,0;13;14;17;21,True,3,0.75,0.8090624904723966,-50.704770545137066
0.25,nq_42,15,5,0.009586168787776628,0.8230620763780981,0.0007279339414331943,0;13;14;17;21,True,3,0.75,0.8090624904723966,-50.70123688085174
0.5,nq_42,15,5,0.009586168787776628,0.8230620763780981,0.0014558678828663885,0;13;14;17;21,True,3,0.75,0.8090624904723966,-50.69534744037618
1.0,nq_42,15,5,0.009586168787776628,0.8230620763780981,0.002911735765732777,0;13;14;17;21,True,3,0.75,0.8090624904723966,-50.68356855942508
2.0,nq_42,15,5,0.009586168787776628,0.8230620763780981,0.005823471531465554,0;13;14;17;21,True,3,0.75,0.8090624904723966,-50.660010797522865
4.0,nq_42,15,5,0.009586168787776628,0.8230620763780981,0.011646943062931108,0;13;14;17;21,True,3,0.75,0.8090624904723966,-50.61289527371844
0.0,nq_43,15,5,0.005308951692623543,0.7275027627665309,0.0,8;26;34;35;36,False,0,0.0,0.6789006493212651,-47.655875338484144
0.05,nq_43,15,5,0.005308951692623543,0.7275027627665309,9.121862944795657e-05,8;26;34;35;36,False,0,0.0,0.6789006493212651,-47.655256054616515
0.1,nq_43,15,5,0.005308951692623543,0.7275027627665309,0.00018243725889591315,8;26;34;35;36,False,0,0.0,0.6789006493212651,-47.65463677074888
0.25,nq_43,15,5,0.005308951692623543,0.7275027627665309,0.00045609314723978284,8;26;34;35;36,False,0,0.0,0.6789006493212651,-47.652778919146016
0.5,nq_43,15,5,0.005308951692623543,0.7275027627665309,0.0009121862944795657,8;26;34;35;36,False,0,0.0,0.6789006493212651,-47.6496824998079
1.0,nq_43,15,5,0.005308951692623543,0.7275027627665309,0.0018243725889591314,8;26;34;35;36,False,0,0.0,0.6789006493212651,-47.64348966113166
2.0,nq_43,15,5,0.005308951692623543,0.7275027627665309,0.0036487451779182627,8;26;34;35;36,False,0,0.0,0.6789006493212651,-47.63110398377918
4.0,nq_43,15,5,0.005308951692623543,0.7275027627665309,0.007297490355836525,8;26;34;35;36,False,0,0.0,0.6789006493212651,-47.6063326290742
0.0,nq_44,15,5,0.0006084397517114037,0.8905559376230472,0.0,0;5;25;41;44,True,0,0.0,0.85913875443638,-47.87199862079253
0.05,nq_44,15,5,0.0006084397517114037,0.8905559376230472,8.540157933856649e-06,0;5;25;41;44,True,0,0.0,0.85913875443638,-47.871925248986045
0.1,nq_44,15,5,0.0006084397517114037,0.8905559376230472,1.7080315867713298e-05,0;5;25;41;44,True,0,0.0,0.85913875443638,-47.87185187717954
0.25,nq_44,15,5,0.0006084397517114037,0.8905559376230472,4.270078966928324e-05,0;5;25;41;44,True,0,0.0,0.85913875443638,-47.87163176176003
0.5,nq_44,15,5,0.0006084397517114037,0.8905559376230472,8.540157933856648e-05,0;5;25;41;44,True,0,0.0,0.85913875443638,-47.871264902727546
1.0,nq_44,15,5,0.0006084397517114037,0.8905559376230472,0.00017080315867713295,0;5;25;41;44,True,0,0.0,0.85913875443638,-47.870531184662546
2.0,nq_44,15,5,0.0006084397517114037,0.8905559376230472,0.0003416063173542659,0;5;25;41;44,True,0,0.0,0.85913875443638,-47.86906374853255
4.0,nq_44,15,5,0.0006084397517114037,0.8905559376230472,0.0006832126347085318,0;5;25;41;44,True,0,0.0,0.85913875443638,-47.866128876272555
0.0,nq_45,15,5,2.0027666645661135e-05,0.8965673873950654,0.0,6;11;35;40;49,True,5,0.11904761904761904,0.8518551726209791,-50.73678446836253
0.05,nq_45,15,5,2.0027666645661135e-05,0.8965673873950654,2.79226701041882e-07,6;11;35;40;49,True,5,0.11904761904761904,0.8518551726209791,-50.73678208975543
0.1,nq_45,15,5,2.0027666645661135e-05,0.8965673873950654,5.58453402083764e-07,6;11;35;40;49,True,5,0.11904761904761904,0.8518551726209791,-50.73677971114833
0.25,nq_45,15,5,2.0027666645661135e-05,0.8965673873950654,1.3961335052094102e-06,6;11;35;40;49,True,5,0.11904761904761904,0.8518551726209791,-50.73677257532704
0.5,nq_45,15,5,2.0027666645661135e-05,0.8965673873950654,2.7922670104188204e-06,6;11;35;40;49,True,5,0.11904761904761904,0.8518551726209791,-50.73676068229156
1.0,nq_45,15,5,2.0027666645661135e-05,0.8965673873950654,5.584534020837641e-06,6;11;35;40;49,True,5,0.11904761904761904,0.8518551726209791,-50.73673689622059
2.0,nq_45,15,5,2.0027666645661135e-05,0.8965673873950654,1.1169068041675282e-05,6;11;35;40;49,True,5,0.11904761904761904,0.8518551726209791,-50.73668932407868
4.0,nq_45,15,5,2.0027666645661135e-05,0.8965673873950654,2.2338136083350563e-05,6;11;35;40;49,True,5,0.11904761904761904,0.8518551726209791,-50.736594179794835
0.0,nq_46,15,5,3.8150815291349005e-06,0.8883264192005226,0.0,10;20;22;28;29,True,0,0.0,0.8462928316981531,-50.71507355416402
0.05,nq_46,15,5,3.8150815291349005e-06,0.8883264192005226,5.368349336453557e-08,10;20;22;28;29,True,0,0.0,0.8462928316981531,-50.715073099844474
0.1,nq_46,15,5,3.8150815291349005e-06,0.8883264192005226,1.0736698672907114e-07,10;20;22;28;29,True,0,0.0,0.8462928316981531,-50.71507264552491
0.25,nq_46,15,5,3.8150815291349005e-06,0.8883264192005226,2.684174668226778e-07,10;20;22;28;29,True,0,0.0,0.8462928316981531,-50.71507128256626
0.5,nq_46,15,5,3.8150815291349005e-06,0.8883264192005226,5.368349336453556e-07,10;20;22;28;29,True,0,0.0,0.8462928316981531,-50.71506901096848
1.0,nq_46,15,5,3.8150815291349005e-06,0.8883264192005226,1.0736698672907113e-06,10;20;22;28;29,True,0,0.0,0.8462928316981531,-50.715064467772905
2.0,nq_46,15,5,3.8150815291349005e-06,0.8883264192005226,2.1473397345814226e-06,10;20;22;28;29,True,0,0.0,0.8462928316981531,-50.71505538138178
4.0,nq_46,15,5,3.8150815291349005e-06,0.8883264192005226,4.294679469162845e-06,10;20;22;28;29,True,0,0.0,0.8462928316981531,-50.715037208599526
0.0,nq_47,15,5,0.05318663827621173,0.8867764846553408,0.0,2;16;19;29;36,True,2,0.25,0.8723644402056744,-49.73731328876545
0.05,nq_47,15,5,0.05318663827621173,0.8867764846553408,0.0007497179280674271,2;16;19;29;36,True,2,0.25,0.8723644402056744,-49.73077301615914
0.1,nq_47,15,5,0.05318663827621173,0.8867764846553408,0.0014994358561348541,2;16;19;29;36,True,2,0.25,0.8723644402056744,-49.72423274355284
0.25,nq_47,15,5,0.05318663827621173,0.8867764846553408,0.003748589640337135,2;16;19;29;36,True,2,0.25,0.8723644402056744,-49.704611925733914
0.5,nq_47,15,5,0.05318663827621173,0.8867764846553408,0.00749717928067427,2;16;19;29;36,True,2,0.25,0.8723644402056744,-49.67191056270238
1.0,nq_47,15,5,0.05318663827621173,0.8867764846553408,0.01499435856134854,2;16;19;29;36,True,2,0.25,0.8723644402056744,-49.60650783663931
2.0,nq_47,15,5,0.05318663827621173,0.8867764846553408,0.02998871712269708,2;16;19;29;36,True,2,0.25,0.8723644402056744,-49.47570238451317
4.0,nq_47,15,5,0.05318663827621173,0.8867764846553408,0.05997743424539416,2;16;19;29;36,True,2,0.25,0.8723644402056744,-49.21409148026089
0.0,nq_48,15,5,0.13038179968117414,0.7819894069464378,0.0,1;2;3;25;34,True,2,0.18181818181818182,0.7677023478348123,-50.85493360684558
0.05,nq_48,15,5,0.13038179968117414,0.7819894069464378,0.0020841336179285223,1;2;3;25;34,True,2,0.18181818181818182,0.7677023478348123,-50.838933664128724
0.1,nq_48,15,5,0.13038179968117414,0.7819894069464378,0.004168267235857045,1;2;3;25;34,True,2,0.18181818181818182,0.7677023478348123,-50.82293372141187
0.25,nq_48,15,5,0.13038179968117414,0.7819894069464378,0.01042066808964261,1;2;3;25;34,True,2,0.18181818181818182,0.7677023478348123,-50.77493389326132
0.5,nq_48,15,5,0.13038179968117414,0.7819894069464378,0.02084133617928522,1;2;3;25;34,True,2,0.18181818181818182,0.7677023478348123,-50.69493417967706
1.0,nq_48,15,5,0.13038179968117414,0.7819894069464378,0.04168267235857044,1;2;3;25;34,True,2,0.18181818181818182,0.7677023478348123,-50.53493475250854
2.0,nq_48,15,5,0.13038179968117414,0.7819894069464378,0.08336534471714088,1;2;3;25;34,True,2,0.18181818181818182,0.7677023478348123,-50.2149358981715
4.0,nq_48,15,5,0.13038179968117414,0.7819894069464378,0.16673068943428176,1;2;3;25;34,True,2,0.18181818181818182,0.7677023478348123,-49.57493818949743
0.0,nq_49,15,5,0.08703686777880516,0.8208419753260272,0.0,1;6;35;41;45,True,1,0.3333333333333333,0.7955556703109785,-47.51442201325118
0.05,nq_49,15,5,0.08703686777880516,0.8208419753260272,0.0013254189655493391,1;6;35;41;45,True,1,0.3333333333333333,0.7955556703109785,-47.50387756751536
0.1,nq_49,15,5,0.08703686777880516,0.8208419753260272,0.0026508379310986783,1;6;35;41;45,True,1,0.3333333333333333,0.7955556703109785,-47.49333312177957
0.25,nq_49,15,5,0.08703686777880516,0.8208419753260272,0.006627094827746694,1;6;35;41;45,True,1,0.3333333333333333,0.7955556703109785,-47.46169978457215
0.5,nq_49,15,5,0.08703686777880516,0.8208419753260272,0.013254189655493388,1;6;35;41;45,True,1,0.3333333333333333,0.7955556703109785,-47.40897755589313
1.0,nq_49,15,5,0.08703686777880516,0.8208419753260272,0.026508379310986777,1;6;20;41;45,True,1,0.3333333333333333,0.7771856230505068,-47.30424809385204
2.0,nq_49,15,5,0.08703686777880516,0.8208419753260272,0.05301675862197355,1;6;20;41;45,True,1,0.3333333333333333,0.7771856230505068,-47.09822878094336
4.0,nq_49,15,5,0.08703686777880516,0.8208419753260272,0.1060335172439471,1;6;20;41;45,True,1,0.3333333333333333,0.7771856230505068,-46.686190155125985
0.0,nq_5,15,5,0.230133363729565,0.8577232414320027,0.0,0;5;8;10;21,True,0,0.0,0.8888063393982742,-49.20222557486737
0.05,nq_5,15,5,0.230133363729565,0.8577232414320027,0.003353836708423746,0;5;8;10;21,True,0,0.0,0.8888063393982742,-49.17241646158983
0.1,nq_5,15,5,0.230133363729565,0.8577232414320027,0.006707673416847492,0;5;8;10;21,True,0,0.0,0.8888063393982742,-49.142607348312296
0.25,nq_5,15,5,0.230133363729565,0.8577232414320027,0.01676918354211873,0;5;8;10;21,True,0,0.0,0.8888063393982742,-49.05318000847969
0.5,nq_5,15,5,0.230133363729565,0.8577232414320027,0.03353836708423746,0;5;8;10;21,True,0,0.0,0.8888063393982742,-48.90413444209201
1.0,nq_5,15,5,0.230133363729565,0.8577232414320027,0.06707673416847491,0;5;8;10;21,True,0,0.0,0.8888063393982742,-48.60604330931665
2.0,nq_5,15,5,0.230133363729565,0.8577232414320027,0.13415346833694983,0;5;8;10;21,True,0,0.0,0.8888063393982742,-48.00986104376591
4.0,nq_5,15,5,0.230133363729565,0.8577232414320027,0.26830693667389965,0;5;8;10;21,True,0,0.0,0.8888063393982742,-46.817496512664434
0.0,nq_50,15,5,0.11751828933311045,0.8188306649843569,0.0,3;12;17;28;29,False,0,0.0,0.7594973493197578,-48.757623172875974
0.05,nq_50,15,5,0.11751828933311045,0.8188306649843569,0.0017939934170620336,3;12;17;28;29,False,0,0.0,0.7594973493197578,-48.743997840426424
0.1,nq_50,15,5,0.11751828933311045,0.8188306649843569,0.003587986834124067,3;12;17;28;29,False,0,0.0,0.7594973493197578,-48.73037250797685
0.25,nq_50,15,5,0.11751828933311045,0.8188306649843569,0.008969967085310167,3;12;17;28;29,False,0,0.0,0.7594973493197578,-48.689496510628196
0.5,nq_50,15,5,0.11751828933311045,0.8188306649843569,0.017939934170620335,3;12;17;28;29,False,0,0.0,0.7594973493197578,-48.621369848380404
1.0,nq_50,15,5,0.11751828933311045,0.8188306649843569,0.03587986834124067,3;12;17;28;29,False,0,0.0,0.7594973493197578,-48.48511652388484
2.0,nq_50,15,5,0.11751828933311045,0.8188306649843569,0.07175973668248134,3;12;17;28;29,False,0,0.0,0.7594973493197578,-48.212609874893694
4.0,nq_50,15,5,0.11751828933311045,0.8188306649843569,0.14351947336496268,3;12;17;28;29,False,0,0.0,0.7594973493197578,-47.66759657691141
0.0,nq_51,15,5,0.03694055216365655,0.862697379280991,0.0,31;34;42;43;49,True,2,0.09523809523809523,0.841789576007506,-50.682681371180635
0.05,nq_51,15,5,0.03694055216365655,0.862697379280991,0.0005352472116970411,31;34;42;43;49,True,2,0.09523809523809523,0.841789576007506,-50.67817571594669
0.1,nq_51,15,5,0.03694055216365655,0.862697379280991,0.0010704944233940821,31;34;42;43;49,True,2,0.09523809523809523,0.841789576007506,-50.67367006071276
0.25,nq_51,15,5,0.03694055216365655,0.862697379280991,0.0026762360584852056,31;34;42;43;49,True,2,0.09523809523809523,0.841789576007506,-50.660153095010955
0.5,nq_51,15,5,0.03694055216365655,0.862697379280991,0.005352472116970411,31;34;42;43;49,True,2,0.09523809523809523,0.841789576007506,-50.63762481884126
1.0,nq_51,15,5,0.03694055216365655,0.862697379280991,0.010704944233940823,31;34;42;43;49,True,2,0.09523809523809523,0.841789576007506,-50.5925682665019
2.0,nq_51,15,5,0.03694055216365655,0.862697379280991,0.021409888467881645,31;34;42;43;49,True,2,0.09523809523809523,0.841789576007506,-50.50245516182317
4.0,nq_51,15,5,0.03694055216365655,0.862697379280991,0.04281977693576329,31;34;42;43;49,True,2,0.09523809523809523,0.841789576007506,-50.322228952465714
0.0,nq_52,15,5,0.034467458192634734,0.7191150369243071,0.0,11;23;26;34;39,False,0,0.0,0.6580139092928324,-48.10676264487502
0.05,nq_52,15,5,0.034467458192634734,0.7191150369243071,0.0005991289378702647,11;23;26;34;39,False,0,0.0,0.6580139092928324,-48.102820293129234
0.1,nq_52,15,5,0.034467458192634734,0.7191150369243071,0.0011982578757405295,11;23;26;34;39,False,0,0.0,0.6580139092928324,-48.09887794138345
0.25,nq_52,15,5,0.034467458192634734,0.7191150369243071,0.0029956446893513234,11;23;26;34;39,False,0,0.0,0.6580139092928324,-48.087050886146095
0.5,nq_52,15,5,0.034467458192634734,0.7191150369243071,0.005991289378702647,11;23;26;34;39,False,0,0.0,0.6580139092928324,-48.067339127417185
1.0,nq_52,15,5,0.034467458192634734,0.7191150369243071,0.011982578757405294,11;23;26;34;39,False,0,0.0,0.6580139092928324,-48.02791560995932
2.0,nq_52,15,5,0.034467458192634734,0.7191150369243071,0.023965157514810587,11;23;26;34;39,False,0,0.0,0.6580139092928324,-47.94906857504363
4.0,nq_52,15,5,0.034467458192634734,0.7191150369243071,0.047930315029621175,11;23;26;34;39,False,0,0.0,0.6580139092928324,-47.79137450521223
0.0,nq_53,15,5,0.004575875686280664,0.7741979642051647,0.0,16;17;41;43;44,True,3,0.17647058823529413,0.7091926641087196,-47.6286601070323
0.05,nq_53,15,5,0.004575875686280664,0.7741979642051647,7.388080935658623e-05,16;17;41;43;44,True,3,0.17647058823529413,0.7091926641087196,-47.62813614975215
0.1,nq_53,15,5,0.004575875686280664,0.7741979642051647,0.00014776161871317246,16;17;41;43;44,True,3,0.17647058823529413,0.7091926641087196,-47.62761219247201
0.25,nq_53,15,5,0.004575875686280664,0.7741979642051647,0.00036940404678293114,16;17;41;43;44,True,3,0.17647058823529413,0.7091926641087196,-47.62604032063159
0.5,nq_53,15,5,0.004575875686280664,0.7741979642051647,0.0007388080935658623,16;17;41;43;44,True,3,0.17647058823529413,0.7091926641087196,-47.62342053423089
1.0,nq_53,15,5,0.004575875686280664,0.7741979642051647,0.0014776161871317246,16;17;41;43;44,True,3,0.17647058823529413,0.7091926641087196,-47.61818096142947
2.0,nq_53,15,5,0.004575875686280664,0.7741979642051647,0.002955232374263449,16;17;41;43;44,True,3,0.17647058823529413,0.7091926641087196,-47.60770181582665
4.0,nq_53,15,5,0.004575875686280664,0.7741979642051647,0.005910464748526898,16;17;41;43;44,True,3,0.17647058823529413,0.7091926641087196,-47.58674352462101
0.0,nq_54,15,5,0.0003561931483839209,0.875669080625096,0.0,2;21;22;40;42,True,1,0.2,0.8342245564672472,-47.33539761873941
0.05,nq_54,15,5,0.0003561931483839209,0.875669080625096,5.084579744486258e-06,2;21;22;40;42,True,1,0.2,0.8342245564672472,-47.33535520192659
0.1,nq_54,15,5,0.0003561931483839209,0.875669080625096,1.0169159488972515e-05,2;21;22;40;42,True,1,0.2,0.8342245564672472,-47.335312785113764
0.25,nq_54,15,5,0.0003561931483839209,0.875669080625096,2.542289872243129e-05,2;21;22;40;42,True,1,0.2,0.8342245564672472,-47.335185534675304
0.5,nq_54,15,5,0.0003561931483839209,0.875669080625096,5.084579744486258e-05,2;21;22;40;42,True,1,0.2,0.8342245564672472,-47.334973450611194
1.0,nq_54,15,5,0.0003561931483839209,0.875669080625096,0.00010169159488972515,2;21;22;40;42,True,1,0.2,0.8342245564672472,-47.334549282482975
2.0,nq_54,15,5,0.0003561931483839209,0.875669080625096,0.0002033831897794503,2;21;22;40;42,True,1,0.2,0.8342245564672472,-47.333700946226536
4.0,nq_54,15,5,0.0003561931483839209,0.875669080625096,0.0004067663795589006,2;21;22;40;42,True,1,0.2,0.8342245564672472,-47.33200427371368
0.0,nq_55,15,5,0.0017874669454216834,0.8362296314787702,0.0,3;15;27;46;47,True,2,0.3333333333333333,0.7929647419852627,-47.3812875379751
0.05,nq_55,15,5,0.0017874669454216834,0.8362296314787702,2.671910831376701e-05,3;15;27;46;47,True,2,0.3333333333333333,0.7929647419852627,-47.381075664866785
0.1,nq_55,15,5,0.0017874669454216834,0.8362296314787702,5.343821662753402e-05,3;15;27;46;47,True,2,0.3333333333333333,0.7929647419852627,-47.3808637917585
0.25,nq_55,15,5,0.0017874669454216834,0.8362296314787702,0.00013359554156883502,3;15;27;46;47,True,2,0.3333333333333333,0.7929647419852627,-47.38022817243359
0.5,nq_55,15,5,0.0017874669454216834,0.8362296314787702,0.00026719108313767004,3;15;27;46;47,True,2,0.3333333333333333,0.7929647419852627,-47.37916880689208
1.0,nq_55,15,5,0.0017874669454216834,0.8362296314787702,0.0005343821662753401,3;15;27;46;47,True,2,0.3333333333333333,0.7929647419852627,-47.377050075809066
2.0,nq_55,15,5,0.0017874669454216834,0.8362296314787702,0.0010687643325506802,3;15;27;46;47,True,2,0.3333333333333333,0.7929647419852627,-47.372812613643056
4.0,nq_55,15,5,0.0017874669454216834,0.8362296314787702,0.0021375286651013604,3;15;27;46;47,True,2,0.3333333333333333,0.7929647419852627,-47.364337689311014
0.0,nq_56,15,5,0.00021237426098252854,0.7801170865830731,0.0,26;28;36;40;48,False,0,0.0,0.7388401911112722,-51.184587701603895
0.05,nq_56,15,5,0.00021237426098252854,0.7801170865830731,3.4029184913647247e-06,26;28;36;40;48,False,0,0.0,0.7388401911112722,-51.18456255947442
0.1,nq_56,15,5,0.00021237426098252854,0.7801170865830731,6.805836982729449e-06,26;28;36;40;48,False,0,0.0,0.7388401911112722,-51.18453741734493
0.25,nq_56,15,5,0.00021237426098252854,0.7801170865830731,1.701459245682362e-05,26;28;36;40;48,False,0,0.0,0.7388401911112722,-51.18446199095649
0.5,nq_56,15,5,0.00021237426098252854,0.7801170865830731,3.402918491364724e-05,26;28;36;40;48,False,0,0.0,0.7388401911112722,-51.184336280309054
1.0,nq_56,15,5,0.00021237426098252854,0.7801170865830731,6.805836982729448e-05,26;28;36;40;48,False,0,0.0,0.7388401911112722,-51.184084859014206
2.0,nq_56,15,5,0.00021237426098252854,0.7801170865830731,0.00013611673965458897,26;28;36;40;48,False,0,0.0,0.7388401911112722,-51.1835820164245
4.0,nq_56,15,5,0.00021237426098252854,0.7801170865830731,0.00027223347930917794,26;28;36;40;48,False,0,0.0,0.7388401911112722,-51.1825763312451
0.0,nq_57,15,5,0.10642533524710868,0.7457573293022316,0.0,0;1;2;4;6,True,4,0.6666666666666666,0.8261734202623845,-50.16440599770709
0.05,nq_57,15,5,0.10642533524710868,0.7457573293022316,0.0017838442271688316,0;1;2;4;6,True,4,0.6666666666666666,0.8261734202623845,-50.14966835084334
0.1,nq_57,15,5,0.10642533524710868,0.7457573293022316,0.0035676884543376633,0;1;2;4;6,True,4,0.6666666666666666,0.8261734202623845,-50.13493070397959
0.25,nq_57,15,5,0.10642533524710868,0.7457573293022316,0.008919221135844159,0;1;2;4;6,True,4,0.6666666666666666,0.8261734202623845,-50.090717763388334
0.5,nq_57,15,5,0.10642533524710868,0.7457573293022316,0.017838442271688317,0;1;2;4;6,True,4,0.6666666666666666,0.8261734202623845,-50.01702952906955
1.0,nq_57,15,5,0.10642533524710868,0.7457573293022316,0.035676884543376634,0;1;2;4;6,True,4,0.6666666666666666,0.8261734202623845,-49.86965306043203
2.0,nq_57,15,5,0.10642533524710868,0.7457573293022316,0.07135376908675327,0;1;2;4;6,True,4,0.6666666666666666,0.8261734202623845,-49.57490012315694
4.0,nq_57,15,5,0.10642533524710868,0.7457573293022316,0.14270753817350654,0;1;2;4;6,True,4,0.6666666666666666,0.8261734202623845,-48.98539424860678
0.0,nq_58,15,5,0.0001948261130564283,0.6559633152437443,0.0,0;1;19;34;45,False,0,0.0,0.6135741339489021,-48.56197661900046
0.05,nq_58,15,5,0.0001948261130564283,0.6559633152437443,3.7125897805895604e-06,0;1;19;34;45,False,0,0.0,0.6135741339489021,-48.56195383950987
0.1,nq_58,15,5,0.0001948261130564283,0.6559633152437443,7.425179561179121e-06,0;1;19;34;45,False,0,0.0,0.6135741339489021,-48.56193106001926
0.25,nq_58,15,5,0.0001948261130564283,0.6559633152437443,1.85629489029478e-05,0;1;19;34;45,False,0,0.0,0.6135741339489021,-48.56186272154749
0.5,nq_58,15,5,0.0001948261130564283,0.6559633152437443,3.71258978058956e-05,0;1;19;34;45,False,0,0.0,0.6135741339489021,-48.56174882409452
1.0,nq_58,15,5,0.0001948261130564283,0.6559633152437443,7.42517956117912e-05,0;1;19;34;45,False,0,0.0,0.6135741339489021,-48.56152102918859
2.0,nq_58,15,5,0.0001948261130564283,0.6559633152437443,0.0001485035912235824,0;1;19;34;45,False,0,0.0,0.6135741339489021,-48.56106543937673
4.0,nq_58,15,5,0.0001948261130564283,0.6559633152437443,0.0002970071824471648,0;1;19;34;45,False,0,0.0,0.6135741339489021,-48.56015425975299
0.0,nq_59,15,5,0.0064120579819225,0.6889816111741398,0.0,4;21;32;33;35,False,0,0.0,0.6484230710338081,-48.318100877873064
0.05,nq_59,15,5,0.0064120579819225,0.6889816111741398,0.00011633199949334168,4;21;32;33;35,False,0,0.0,0.6484230710338081,-48.317346554349356
0.1,nq_59,15,5,0.0064120579819225,0.6889816111741398,0.00023266399898668337,4;21;32;33;35,False,0,0.0,0.6484230710338081,-48.31659223082565
0.25,nq_59,15,5,0.0064120579819225,0.6889816111741398,0.0005816599974667083,4;21;32;33;35,False,0,0.0,0.6484230710338081,-48.31432926025452
0.5,nq_59,15,5,0.0064120579819225,0.6889816111741398,0.0011633199949334166,4;21;32;33;35,False,0,0.0,0.6484230710338081,-48.31055764263597
1.0,nq_59,15,5,0.0064120579819225,0.6889816111741398,0.002326639989866833,4;21;32;33;35,False,0,0.0,0.6484230710338081,-48.30301440739887
2.0,nq_59,15,5,0.0064120579819225,0.6889816111741398,0.004653279979733666,4;21;32;33;35,False,0,0.0,0.6484230710338081,-48.28792793692468
4.0,nq_59,15,5,0.0064120579819225,0.6889816111741398,0.009306559959467333,4;21;32;33;35,False,0,0.0,0.6484230710338081,-48.257754995976285
0.0,nq_6,15,5,0.09917902991557669,0.8869005734734969,0.0,0;3;5;11;12,True,0,0.0,0.9058967500802557,-48.261558566294056
0.05,nq_6,15,5,0.09917902991557669,0.8869005734734969,0.001397830279057178,0;3;5;11;12,True,0,0.0,0.9058967500802557,-48.24889566722443
0.1,nq_6,15,5,0.09917902991557669,0.8869005734734969,0.002795660558114356,0;3;5;11;12,True,0,0.0,0.9058967500802557,-48.23623276815482
0.25,nq_6,15,5,0.09917902991557669,0.8869005734734969,0.006989151395285891,0;3;5;11;12,True,0,0.0,0.9058967500802557,-48.198244070945975
0.5,nq_6,15,5,0.09917902991557669,0.8869005734734969,0.013978302790571781,0;3;5;11;12,True,0,0.0,0.9058967500802557,-48.134929575597894
1.0,nq_6,15,5,0.09917902991557669,0.8869005734734969,0.027956605581143563,0;3;5;11;12,True,0,0.0,0.9058967500802557,-48.00830058490172
2.0,nq_6,15,5,0.09917902991557669,0.8869005734734969,0.055913211162287126,0;3;5;11;12,True,0,0.0,0.9058967500802557,-47.755042603509395
4.0,nq_6,15,5,0.09917902991557669,0.8869005734734969,0.11182642232457425,0;3;5;11;12,True,0,0.0,0.9058967500802557,-47.24852664072472
0.0,nq_60,15,5,0.21976270251236663,0.774001375739864,0.0,1;3;17;30;35,True,4,0.36363636363636365,0.7980892725757035,-50.092618125742135
0.05,nq_60,15,5,0.21976270251236663,0.774001375739864,0.0035491283586548557,1;3;17;30;35,True,4,0.36363636363636365,0.7980892725757035,-50.06429291304177
0.1,nq_60,15,5,0.21976270251236663,0.774001375739864,0.0070982567173097115,1;3;17;30;35,True,4,0.36363636363636365,0.7980892725757035,-50.0359677003414
0.25,nq_60,15,5,0.21976270251236663,0.774001375739864,0.01774564179327428,1;3;17;30;35,True,4,0.36363636363636365,0.7980892725757035,-49.9509920622403
0.5,nq_60,15,5,0.21976270251236663,0.774001375739864,0.03549128358654856,1;3;17;30;35,True,4,0.36363636363636365,0.7980892725757035,-49.80936599873846
1.0,nq_60,15,5,0.21976270251236663,0.774001375739864,0.07098256717309712,1;3;17;30;35,True,4,0.36363636363636365,0.7980892725757035,-49.52611387173481
2.0,nq_60,15,5,0.21976270251236663,0.774001375739864,0.14196513434619423,1;3;17;30;35,True,4,0.36363636363636365,0.7980892725757035,-48.95960961772747
4.0,nq_60,15,5,0.21976270251236663,0.774001375739864,0.28393026869238847,1;3;17;30;35,True,4,0.36363636363636365,0.7980892725757035,-47.82660110971281
0.0,nq_61,15,5,0.03469851392896284,0.7840019399605378,0.0,4;7;17;36;47,True,4,0.5,0.7562575560518631,-51.041856469190634
0.05,nq_61,15,5,0.03469851392896284,0.7840019399605378,0.0005532267827131707,4;7;17;36;47,True,4,0.5,0.7562575560518631,-51.037672649844254
0.1,nq_61,15,5,0.03469851392896284,0.7840019399605378,0.0011064535654263415,4;7;17;36;47,True,4,0.5,0.7562575560518631,-51.03348883049789
0.25,nq_61,15,5,0.03469851392896284,0.7840019399605378,0.0027661339135658537,4;7;17;36;47,True,4,0.5,0.7562575560518631,-51.02093737245877
0.5,nq_61,15,5,0.03469851392896284,0.7840019399605378,0.005532267827131707,4;7;17;36;47,True,4,0.5,0.7562575560518631,-51.000018275726916
1.0,nq_61,15,5,0.03469851392896284,0.7840019399605378,0.011064535654263415,4;7;17;36;47,True,4,0.5,0.7562575560518631,-50.95818008226321
2.0,nq_61,15,5,0.03469851392896284,0.7840019399605378,0.02212907130852683,4;7;17;36;47,True,4,0.5,0.7562575560518631,-50.87450369533579
4.0,nq_61,15,5,0.03469851392896284,0.7840019399605378,0.04425814261705366,4;7;17;36;47,True,4,0.5,0.7562575560518631,-50.707150921480945
0.0,nq_62,15,5,0.051496740612274716,0.8438524276840391,0.0,6;11;14;19;20,True,3,0.75,0.8016470547823156,-50.468366260854395
0.05,nq_62,15,5,0.051496740612274716,0.8438524276840391,0.0007628211683871427,6;11;14;19;20,True,3,0.75,0.8016470547823156,-50.462251127424764
0.1,nq_62,15,5,0.051496740612274716,0.8438524276840391,0.0015256423367742853,6;11;14;19;20,True,3,0.75,0.8016470547823156,-50.45613599399515
0.25,nq_62,15,5,0.051496740612274716,0.8438524276840391,0.0038141058419357133,6;11;14;19;20,True,3,0.75,0.8016470547823156,-50.43779059370625
0.5,nq_62,15,5,0.051496740612274716,0.8438524276840391,0.007628211683871427,6;11;14;19;20,True,3,0.75,0.8016470547823156,-50.40721492655808
1.0,nq_62,15,5,0.051496740612274716,0.8438524276840391,0.015256423367742853,6;11;14;19;20,True,3,0.75,0.8016470547823156,-50.34606359226178
2.0,nq_62,15,5,0.051496740612274716,0.8438524276840391,0.030512846735485707,6;11;14;19;20,True,3,0.75,0.8016470547823156,-50.22376092366915
4.0,nq_62,15,5,0.051496740612274716,0.8438524276840391,0.061025693470971414,6;11;14;19;20,True,3,0.75,0.8016470547823156,-49.979155586483884
0.0,nq_63,15,5,0.1810583948000275,0.824489022810576,0.0,0;4;12;13;15,True,1,0.3333333333333333,0.814030960665535,-49.30413831445267
0.05,nq_63,15,5,0.1810583948000275,0.824489022810576,0.0027450058489310717,0;4;12;13;15,True,1,0.3333333333333333,0.814030960665535,-49.28179311697029
0.1,nq_63,15,5,0.1810583948000275,0.824489022810576,0.0054900116978621434,0;4;12;13;15,True,1,0.3333333333333333,0.814030960665535,-49.25944791948792
0.25,nq_63,15,5,0.1810583948000275,0.824489022810576,0.013725029244655356,0;4;12;13;15,True,1,0.3333333333333333,0.814030960665535,-49.192412327040785
0.5,nq_63,15,5,0.1810583948000275,0.824489022810576,0.027450058489310713,0;4;12;13;15,True,1,0.3333333333333333,0.814030960665535,-49.08068633962888
1.0,nq_63,15,5,0.1810583948000275,0.824489022810576,0.054900116978621426,0;4;12;13;15,True,1,0.3333333333333333,0.814030960665535,-48.8572343648051
2.0,nq_63,15,5,0.1810583948000275,0.824489022810576,0.10980023395724285,0;4;12;13;15,True,1,0.3333333333333333,0.814030960665535,-48.41033041515753
4.0,nq_63,15,5,0.1810583948000275,0.824489022810576,0.2196004679144857,0;4;12;13;15,True,1,0.3333333333333333,0.814030960665535,-47.51652251586238
0.0,nq_64,15,5,0.031092840985825654,0.843917273969167,0.0,0;12;25;36;47,True,3,0.2727272727272727,0.8371888670370181,-50.64356191111776
0.05,nq_64,15,5,0.031092840985825654,0.843917273969167,0.0004605428325361996,0;12;25;36;47,True,3,0.2727272727272727,0.8371888670370181,-50.63970629779585
0.1,nq_64,15,5,0.031092840985825654,0.843917273969167,0.0009210856650723992,0;12;25;36;47,True,3,0.2727272727272727,0.8371888670370181,-50.63585068447391
0.25,nq_64,15,5,0.031092840985825654,0.843917273969167,0.0023027141626809976,0;12;25;36;47,True,3,0.2727272727272727,0.8371888670370181,-50.62428384450813
0.5,nq_64,15,5,0.031092840985825654,0.843917273969167,0.004605428325361995,0;12;25;36;47,True,3,0.2727272727272727,0.8371888670370181,-50.60500577789847
1.0,nq_64,15,5,0.031092840985825654,0.843917273969167,0.00921085665072399,0;12;25;36;47,True,3,0.2727272727272727,0.8371888670370181,-50.56644964467917
2.0,nq_64,15,5,0.031092840985825654,0.843917273969167,0.01842171330144798,0;12;25;36;47,True,3,0.2727272727272727,0.8371888670370181,-50.48933737824057
4.0,nq_64,15,5,0.031092840985825654,0.843917273969167,0.03684342660289596,0;12;25;36;47,True,3,0.2727272727272727,0.8371888670370181,-50.33511284536337
0.0,nq_65,15,5,0.11246005789191349,0.8867563658459126,0.0,0;3;6;9;37,True,5,0.625,0.9032599662622462,-50.29313605528548
0.05,nq_65,15,5,0.11246005789191349,0.8867563658459126,0.001585270985945426,0;3;6;9;37,True,5,0.625,0.9032599662622462,-50.27881693711265
0.1,nq_65,15,5,0.11246005789191349,0.8867563658459126,0.003170541971890852,0;3;6;9;37,True,5,0.625,0.9032599662622462,-50.26449781893983
0.25,nq_65,15,5,0.11246005789191349,0.8867563658459126,0.00792635492972713,0;3;6;9;37,True,5,0.625,0.9032599662622462,-50.221540464421395
0.5,nq_65,15,5,0.11246005789191349,0.8867563658459126,0.01585270985945426,0;3;6;9;37,True,5,0.625,0.9032599662622462,-50.1499448735573
1.0,nq_65,15,5,0.11246005789191349,0.8867563658459126,0.03170541971890852,0;3;6;9;37,True,5,0.625,0.9032599662622462,-50.00675369182916
2.0,nq_65,15,5,0.11246005789191349,0.8867563658459126,0.06341083943781704,0;3;6;9;37,True,5,0.625,0.9032599662622462,-49.72037132837284
4.0,nq_65,15,5,0.11246005789191349,0.8867563658459126,0.1268216788756341,0;3;6;9;37,True,5,0.625,0.9032599662622462,-49.14760660146021
0.0,nq_66,15,5,0.045750285710307814,0.8313791651486733,0.0,9;13;16;20;26,True,4,0.36363636363636365,0.7807348065027467,-50.691047732479
0.05,nq_66,15,5,0.045750285710307814,0.8313791651486733,0.0006878665084300878,9;13;16;20;26,True,4,0.36363636363636365,0.7807348065027467,-50.685677319225405
0.1,nq_66,15,5,0.045750285710307814,0.8313791651486733,0.0013757330168601757,9;13;16;20;26,True,4,0.36363636363636365,0.7807348065027467,-50.68030690597182
0.25,nq_66,15,5,0.045750285710307814,0.8313791651486733,0.003439332542150439,9;13;16;20;26,True,4,0.36363636363636365,0.7807348065027467,-50.66419566621105
0.5,nq_66,15,5,0.045750285710307814,0.8313791651486733,0.006878665084300878,9;13;16;20;26,True,4,0.36363636363636365,0.7807348065027467,-50.63734359994311
1.0,nq_66,15,5,0.045750285710307814,0.8313791651486733,0.013757330168601756,9;13;16;20;26,True,4,0.36363636363636365,0.7807348065027467,-50.583639467407224
2.0,nq_66,15,5,0.045750285710307814,0.8313791651486733,0.02751466033720351,9;13;16;20;26,True,4,0.36363636363636365,0.7807348065027467,-50.47623120233544
4.0,nq_66,15,5,0.045750285710307814,0.8313791651486733,0.05502932067440702,9;13;16;20;26,True,4,0.36363636363636365,0.7807348065027467,-50.2614146721919
0.0,nq_67,15,5,0.027351294015205686,0.7206528362302829,0.0,1;6;7;9;31,False,0,0.0,0.7000849449073352,-48.222416708451014
0.05,nq_67,15,5,0.027351294015205686,0.7206528362302829,0.0004744180326278326,1;6;7;9;31,False,0,0.0,0.7000849449073352,-48.21909537922866
0.1,nq_67,15,5,0.027351294015205686,0.7206528362302829,0.0009488360652556652,1;6;7;9;31,False,0,0.0,0.7000849449073352,-48.21577405000632
0.25,nq_67,15,5,0.027351294015205686,0.7206528362302829,0.002372090163139163,1;6;7;9;31,False,0,0.0,0.7000849449073352,-48.205810062339246
0.5,nq_67,15,5,0.027351294015205686,0.7206528362302829,0.004744180326278326,1;6;7;9;31,False,0,0.0,0.7000849449073352,-48.189203416227485
1.0,nq_67,15,5,0.027351294015205686,0.7206528362302829,0.009488360652556652,1;6;7;9;31,False,0,0.0,0.7000849449073352,-48.15599012400396
2.0,nq_67,15,5,0.027351294015205686,0.7206528362302829,0.018976721305113305,1;6;7;9;31,False,0,0.0,0.7000849449073352,-48.0895635395569
4.0,nq_67,15,5,0.027351294015205686,0.7206528362302829,0.03795344261022661,1;6;7;9;31,False,0,0.0,0.7000849449073352,-47.95671037066277
0.0,nq_68,15,5,3.9983776429927675e-05,0.8544596726620374,0.0,0;2;16;33;47,True,0,0.0,0.8462476448964228,-47.2463997243413
0.05,nq_68,15,5,3.9983776429927675e-05,0.8544596726620374,5.849271023989884e-07,0;2;16;33;47,True,0,0.0,0.8462476448964228,-47.24639477440948
0.1,nq_68,15,5,3.9983776429927675e-05,0.8544596726620374,1.1698542047979767e-06,0;2;16;33;47,True,0,0.0,0.8462476448964228,-47.24638982447765
0.25,nq_68,15,5,3.9983776429927675e-05,0.8544596726620374,2.9246355119949415e-06,0;2;16;33;47,True,0,0.0,0.8462476448964228,-47.24637497468217
0.5,nq_68,15,5,3.9983776429927675e-05,0.8544596726620374,5.849271023989883e-06,0;2;16;33;47,True,0,0.0,0.8462476448964228,-47.24635022502302
1.0,nq_68,15,5,3.9983776429927675e-05,0.8544596726620374,1.1698542047979766e-05,0;2;16;33;47,True,0,0.0,0.8462476448964228,-47.24630072570474
2.0,nq_68,15,5,3.9983776429927675e-05,0.8544596726620374,2.3397084095959532e-05,0;2;16;33;47,True,0,0.0,0.8462476448964228,-47.246201727068176
4.0,nq_68,15,5,3.9983776429927675e-05,0.8544596726620374,4.6794168191919064e-05,0;2;16;33;47,True,0,0.0,0.8462476448964228,-47.246003729795035
0.0,nq_69,15,5,0.13588243633685693,0.6845476034281823,0.0,3;8;9;23;34,False,0,0.0,0.6787632268143693,-49.537088306245295
0.05,nq_69,15,5,0.13588243633685693,0.6845476034281823,0.0024812415739431256,3;8;9;23;34,False,0,0.0,0.6787632268143693,-49.520246550872955
0.1,nq_69,15,5,0.13588243633685693,0.6845476034281823,0.004962483147886251,3;8;9;23;34,False,0,0.0,0.6787632268143693,-49.5034047955006
0.25,nq_69,15,5,0.13588243633685693,0.6845476034281823,0.012406207869715627,3;8;9;23;34,False,0,0.0,0.6787632268143693,-49.45287952938352
0.5,nq_69,15,5,0.13588243633685693,0.6845476034281823,0.024812415739431253,3;8;9;23;34,False,0,0.0,0.6787632268143693,-49.368670752521744
1.0,nq_69,15,5,0.13588243633685693,0.6845476034281823,0.049624831478862506,3;8;9;23;34,False,0,0.0,0.6787632268143693,-49.20025319879818
2.0,nq_69,15,5,0.13588243633685693,0.6845476034281823,0.09924966295772501,8;9;23;32;34,False,0,0.0,0.6469218963159634,-48.877174985412736
4.0,nq_69,15,5,0.13588243633685693,0.6845476034281823,0.19849932591545003,8;9;23;32;34,False,0,0.0,0.6469218963159634,-48.23510718371941
0.0,nq_7,15,5,0.17072352311702538,0.9020283108241354,0.0,4;9;34;42;49,False,0,0.0,0.9030805196519799,-48.883982869178865
0.05,nq_7,15,5,0.17072352311702538,0.9020283108241354,0.002365825603841029,4;9;34;42;49,False,0,0.0,0.9030805196519799,-48.862617559021636
0.1,nq_7,15,5,0.17072352311702538,0.9020283108241354,0.004731651207682058,4;9;34;42;49,False,0,0.0,0.9030805196519799,-48.84125224886441
0.25,nq_7,15,5,0.17072352311702538,0.9020283108241354,0.011829128019205144,4;9;34;42;49,False,0,0.0,0.9030805196519799,-48.777156318392734
0.5,nq_7,15,5,0.17072352311702538,0.9020283108241354,0.023658256038410288,4;9;34;42;49,False,0,0.0,0.9030805196519799,-48.67032976760659
1.0,nq_7,15,5,0.17072352311702538,0.9020283108241354,0.047316512076820576,4;9;34;42;49,False,0,0.0,0.9030805196519799,-48.456676666034326
2.0,nq_7,15,5,0.17072352311702538,0.9020283108241354,0.09463302415364115,4;9;34;42;49,False,0,0.0,0.9030805196519799,-48.02937046288979
4.0,nq_7,15,5,0.17072352311702538,0.9020283108241354,0.1892660483072823,4;9;34;42;49,False,0,0.0,0.9030805196519799,-47.17475805660069
0.0,nq_70,15,5,0.00650993555138199,0.7693154302058377,0.0,2;40;42;43;45,True,0,0.0,0.7029385790640857,-48.26770204728909
0.05,nq_70,15,5,0.00650993555138199,0.7693154302058377,0.00010577467371976244,2;40;42;43;45,True,0,0.0,0.7029385790640857,-48.26695851630063
0.1,nq_70,15,5,0.00650993555138199,0.7693154302058377,0.00021154934743952488,2;40;42;43;45,True,0,0.0,0.7029385790640857,-48.266214985312175
0.25,nq_70,15,5,0.00650993555138199,0.7693154302058377,0.0005288733685988122,2;40;42;43;45,True,0,0.0,0.7029385790640857,-48.26398439234681
0.5,nq_70,15,5,0.00650993555138199,0.7693154302058377,0.0010577467371976244,2;40;42;43;45,True,0,0.0,0.7029385790640857,-48.260266737404535
1.0,nq_70,15,5,0.00650993555138199,0.7693154302058377,0.0021154934743952488,2;40;42;43;45,True,0,0.0,0.7029385790640857,-48.25283142751998
2.0,nq_70,15,5,0.00650993555138199,0.7693154302058377,0.0042309869487904975,2;40;42;43;45,True,0,0.0,0.7029385790640857,-48.23796080775087
4.0,nq_70,15,5,0.00650993555138199,0.7693154302058377,0.008461973897580995,2;40;42;43;45,True,0,0.0,0.7029385790640857,-48.208219568212655
0.0,nq_71,15,5,0.10966538923669633,0.8934424353513876,0.0,2;23;29;31;39,True,2,0.2222222222222222,0.8704958373298914,-48.628380381519094
0.05,nq_71,15,5,0.10966538923669633,0.8934424353513876,0.0015343079496908133,2;23;29;31;39,True,2,0.2222222222222222,0.8704958373298914,-48.615024294685206
0.1,nq_71,15,5,0.10966538923669633,0.8934424353513876,0.0030686158993816267,2;23;29;31;39,True,2,0.2222222222222222,0.8704958373298914,-48.601668207851326
0.25,nq_71,15,5,0.10966538923669633,0.8934424353513876,0.007671539748454066,2;23;29;31;39,True,2,0.2222222222222222,0.8704958373298914,-48.56159994734969
0.5,nq_71,15,5,0.10966538923669633,0.8934424353513876,0.015343079496908132,2;23;29;31;39,True,2,0.2222222222222222,0.8704958373298914,-48.49481951318028
1.0,nq_71,15,5,0.10966538923669633,0.8934424353513876,0.030686158993816263,2;23;29;31;39,True,2,0.2222222222222222,0.8704958373298914,-48.36125864484148
2.0,nq_71,15,5,0.10966538923669633,0.8934424353513876,0.06137231798763253,2;23;29;31;39,True,2,0.2222222222222222,0.8704958373298914,-48.09413690816389
4.0,nq_71,15,5,0.10966538923669633,0.8934424353513876,0.12274463597526505,2;23;29;31;39,True,2,0.2222222222222222,0.8704958373298914,-47.55989343480868
0.0,nq_72,15,5,0.01395306983244862,0.7442388257562881,0.0,0;1;10;17;43,True,3,0.375,0.740126821149777,-48.668836191705225
0.05,nq_72,15,5,0.01395306983244862,0.7442388257562881,0.00023435103426287468,0;1;10;17;43,True,3,0.375,0.740126821149777,-48.667101696845
0.1,nq_72,15,5,0.01395306983244862,0.7442388257562881,0.00046870206852574935,0;1;10;17;43,True,3,0.375,0.740126821149777,-48.665367201984786
0.25,nq_72,15,5,0.01395306983244862,0.7442388257562881,0.0011717551713143735,0;1;10;17;43,True,3,0.375,0.740126821149777,-48.66016371740412
0.5,nq_72,15,5,0.01395306983244862,0.7442388257562881,0.002343510342628747,0;1;10;17;43,True,3,0.375,0.740126821149777,-48.65149124310301
1.0,nq_72,15,5,0.01395306983244862,0.7442388257562881,0.004687020685257494,0;1;10;17;43,True,3,0.375,0.740126821149777,-48.634146294500795
2.0,nq_72,15,5,0.01395306983244862,0.7442388257562881,0.009374041370514988,0;1;10;17;43,True,3,0.375,0.740126821149777,-48.599456397296365
4.0,nq_72,15,5,0.01395306983244862,0.7442388257562881,0.018748082741029976,0;1;10;17;43,True,3,0.375,0.740126821149777,-48.530076602887505
0.0,nq_73,15,5,0.0068684796660865854,0.6950555412447774,0.0,0;1;4;12;43,True,3,1.0,0.736322536899798,-49.63165165527647
0.05,nq_73,15,5,0.0068684796660865854,0.6950555412447774,0.0001235237577540422,0;1;4;12;43,True,3,1.0,0.736322536899798,-49.63074212200969
0.1,nq_73,15,5,0.0068684796660865854,0.6950555412447774,0.0002470475155080844,0;1;4;12;43,True,3,1.0,0.736322536899798,-49.62983258874293
0.25,nq_73,15,5,0.0068684796660865854,0.6950555412447774,0.0006176187887702109,0;1;4;12;43,True,3,1.0,0.736322536899798,-49.62710398894262
0.5,nq_73,15,5,0.0068684796660865854,0.6950555412447774,0.0012352375775404219,0;1;4;12;43,True,3,1.0,0.736322536899798,-49.62255632260879
1.0,nq_73,15,5,0.0068684796660865854,0.6950555412447774,0.0024704751550808438,0;1;4;12;43,True,3,1.0,0.736322536899798,-49.6134609899411
2.0,nq_73,15,5,0.0068684796660865854,0.6950555412447774,0.0049409503101616875,0;1;4;12;43,True,3,1.0,0.736322536899798,-49.59527032460573
4.0,nq_73,15,5,0.0068684796660865854,0.6950555412447774,0.009881900620323375,0;1;4;12;43,True,3,1.0,0.736322536899798,-49.55888899393499
0.0,nq_74,15,5,0.018625876880431047,0.7805476346822244,0.0,4;9;11;40;47,True,2,0.6666666666666666,0.8103143524869306,-50.60231643578675
0.05,nq_74,15,5,0.018625876880431047,0.7805476346822244,0.0002982818118696406,4;9;11;40;47,True,2,0.6666666666666666,0.8103143524869306,-50.59989941545432
0.1,nq_74,15,5,0.018625876880431047,0.7805476346822244,0.0005965636237392812,4;9;11;40;47,True,2,0.6666666666666666,0.8103143524869306,-50.59748239512188
0.25,nq_74,15,5,0.018625876880431047,0.7805476346822244,0.001491409059348203,4;9;11;40;47,True,2,0.6666666666666666,0.8103143524869306,-50.59023133412456
0.5,nq_74,15,5,0.018625876880431047,0.7805476346822244,0.002982818118696406,4;9;11;40;47,True,2,0.6666666666666666,0.8103143524869306,-50.57814623246238
1.0,nq_74,15,5,0.018625876880431047,0.7805476346822244,0.005965636237392812,4;9;11;40;47,True,2,0.6666666666666666,0.8103143524869306,-50.553976029138
2.0,nq_74,15,5,0.018625876880431047,0.7805476346822244,0.011931272474785624,4;9;11;40;47,True,2,0.6666666666666666,0.8103143524869306,-50.50563562248924
4.0,nq_74,15,5,0.018625876880431047,0.7805476346822244,0.023862544949571247,4;9;11;40;47,True,2,0.6666666666666666,0.8103143524869306,-50.408954809191734
0.0,nq_75,15,5,0.08770304523403745,0.7538870370376015,0.0,0;1;2;10;24,True,4,1.0,0.7895018737987642,-50.184307396600445
0.05,nq_75,15,5,0.08770304523403745,0.7538870370376015,0.0014541788854129129,0;1;2;10;24,True,4,1.0,0.7895018737987642,-50.172826627051734
0.1,nq_75,15,5,0.08770304523403745,0.7538870370376015,0.0029083577708258258,0;1;2;10;24,True,4,1.0,0.7895018737987642,-50.16134585750301
0.25,nq_75,15,5,0.08770304523403745,0.7538870370376015,0.007270894427064564,0;1;2;10;24,True,4,1.0,0.7895018737987642,-50.12690354885684
0.5,nq_75,15,5,0.08770304523403745,0.7538870370376015,0.014541788854129128,0;1;2;10;24,True,4,1.0,0.7895018737987642,-50.069499701113244
1.0,nq_75,15,5,0.08770304523403745,0.7538870370376015,0.029083577708258257,0;1;2;10;24,True,4,1.0,0.7895018737987642,-49.954692005626036
2.0,nq_75,15,5,0.08770304523403745,0.7538870370376015,0.058167155416516514,0;1;2;10;24,True,4,1.0,0.7895018737987642,-49.72507661465161
4.0,nq_75,15,5,0.08770304523403745,0.7538870370376015,0.11633431083303303,0;1;2;10;24,True,4,1.0,0.7895018737987642,-49.26584583270278
0.0,nq_76,15,5,0.37493440361697905,0.7369783551136985,0.0,0;1;3;7;10,True,4,1.0,0.8914460782209618,-49.7032502321763
0.05,nq_76,15,5,0.37493440361697905,0.7369783551136985,0.006359309813351819,0;1;3;7;10,True,4,1.0,0.8914460782209618,-49.64656041424325
0.1,nq_76,15,5,0.37493440361697905,0.7369783551136985,0.012718619626703637,0;1;3;7;10,True,4,1.0,0.8914460782209618,-49.589870596310206
0.25,nq_76,15,5,0.37493440361697905,0.7369783551136985,0.0317965490667591,0;1;3;7;10,True,4,1.0,0.8914460782209618,-49.41980114251106
0.5,nq_76,15,5,0.37493440361697905,0.7369783551136985,0.0635930981335182,0;1;3;7;25,True,3,0.75,0.8226150292695822,-49.14183426426658
1.0,nq_76,15,5,0.37493440361697905,0.7369783551136985,0.1271861962670364,0;1;3;7;25,True,3,0.75,0.8226150292695822,-48.61870788144211
2.0,nq_76,15,5,0.37493440361697905,0.7369783551136985,0.2543723925340728,0;1;3;7;25,True,3,0.75,0.8226150292695822,-47.57245511579316
4.0,nq_76,15,5,0.37493440361697905,0.7369783551136985,0.5087447850681456,0;1;3;7;25,True,3,0.75,0.8226150292695822,-45.47994958449527
0.0,nq_77,15,5,7.585306786589267e-05,0.7031597433977556,0.0,10;18;32;44;47,False,0,0.0,0.6263210278858169,-47.871981472778515
0.05,nq_77,15,5,7.585306786589267e-05,0.7031597433977556,1.3484304367476793e-06,10;18;32;44;47,False,0,0.0,0.6263210278858169,-47.87197302727516
0.1,nq_77,15,5,7.585306786589267e-05,0.7031597433977556,2.6968608734953586e-06,10;18;32;44;47,False,0,0.0,0.6263210278858169,-47.87196458177178
0.25,nq_77,15,5,7.585306786589267e-05,0.7031597433977556,6.742152183738396e-06,10;18;32;44;47,False,0,0.0,0.6263210278858169,-47.87193924526166
0.5,nq_77,15,5,7.585306786589267e-05,0.7031597433977556,1.3484304367476792e-05,10;18;32;44;47,False,0,0.0,0.6263210278858169,-47.87189701774481
1.0,nq_77,15,5,7.585306786589267e-05,0.7031597433977556,2.6968608734953585e-05,10;18;32;44;47,False,0,0.0,0.6263210278858169,-47.871812562711085
2.0,nq_77,15,5,7.585306786589267e-05,0.7031597433977556,5.393721746990717e-05,10;18;32;44;47,False,0,0.0,0.6263210278858169,-47.871643652643655
4.0,nq_77,15,5,7.585306786589267e-05,0.7031597433977556,0.00010787443493981434,10;18;32;44;47,False,0,0.0,0.6263210278858169,-47.87130583250878
0.0,nq_78,15,5,0.18183816931565305,0.8128695239824947,0.0,0;13;23;28;38,True,2,0.4,0.8174135103336928,-49.95536603351336
0.05,nq_78,15,5,0.18183816931565305,0.8128695239824947,0.002796235131407732,0;13;23;28;38,True,2,0.4,0.8174135103336928,-49.932509229768534
0.1,nq_78,15,5,0.18183816931565305,0.8128695239824947,0.005592470262815464,0;13;23;28;38,True,2,0.4,0.8174135103336928,-49.9096524260237
0.25,nq_78,15,5,0.18183816931565305,0.8128695239824947,0.013981175657038662,0;13;23;28;38,True,2,0.4,0.8174135103336928,-49.841082014789244
0.5,nq_78,15,5,0.18183816931565305,0.8128695239824947,0.027962351314077323,0;13;23;28;38,True,2,0.4,0.8174135103336928,-49.726797996065116
1.0,nq_78,15,5,0.18183816931565305,0.8128695239824947,0.055924702628154646,0;13;23;28;38,True,2,0.4,0.8174135103336928,-49.498229958616875
2.0,nq_78,15,5,0.18183816931565305,0.8128695239824947,0.11184940525630929,0;13;23;28;38,True,2,0.4,0.8174135103336928,-49.04109388372041
4.0,nq_78,15,5,0.18183816931565305,0.8128695239824947,0.22369881051261858,0;13;23;28;38,True,2,0.4,0.8174135103336928,-48.12682173392743
0.0,nq_79,15,5,0.02268988276647349,0.7919932949480413,0.0,0;1;9;21;45,True,2,0.5,0.8260598644210682,-49.23304154502371
0.05,nq_79,15,5,0.02268988276647349,0.7919932949480413,0.00035811310307421563,0;1;9;21;45,True,2,0.5,0.8260598644210682,-49.23008331640999
0.1,nq_79,15,5,0.02268988276647349,0.7919932949480413,0.0007162262061484313,0;1;9;21;45,True,2,0.5,0.8260598644210682,-49.22712508779627
0.25,nq_79,15,5,0.02268988276647349,0.7919932949480413,0.001790565515371078,0;1;9;21;45,True,2,0.5,0.8260598644210682,-49.218250401955075
0.5,nq_79,15,5,0.02268988276647349,0.7919932949480413,0.003581131030742156,0;1;9;21;45,True,2,0.5,0.8260598644210682,-49.20345925888643
1.0,nq_79,15,5,0.02268988276647349,0.7919932949480413,0.007162262061484312,0;1;9;21;45,True,2,0.5,0.8260598644210682,-49.17387697274914
2.0,nq_79,15,5,0.02268988276647349,0.7919932949480413,0.014324524122968625,0;1;9;21;45,True,2,0.5,0.8260598644210682,-49.11471240047455
4.0,nq_79,15,5,0.02268988276647349,0.7919932949480413,0.02864904824593725,0;1;9;21;45,True,2,0.5,0.8260598644210682,-48.996383255925394
0.0,nq_8,15,5,0.010877336579654933,0.7152330948852282,0.0,1;7;18;39;43,False,0,0.0,0.6252202546025151,-48.15268685542385
0.05,nq_8,15,5,0.010877336579654933,0.7152330948852282,0.00019010098682097206,1;7;18;39;43,False,0,0.0,0.6252202546025151,-48.15149830555005
0.1,nq_8,15,5,0.010877336579654933,0.7152330948852282,0.00038020197364194413,1;7;18;39;43,False,0,0.0,0.6252202546025151,-48.15030975567625
0.25,nq_8,15,5,0.010877336579654933,0.7152330948852282,0.0009505049341048603,1;7;18;39;43,False,0,0.0,0.6252202546025151,-48.14674410605484
0.5,nq_8,15,5,0.010877336579654933,0.7152330948852282,0.0019010098682097206,1;7;18;39;43,False,0,0.0,0.6252202546025151,-48.14080135668581
1.0,nq_8,15,5,0.010877336579654933,0.7152330948852282,0.0038020197364194413,1;7;18;39;43,False,0,0.0,0.6252202546025151,-48.128915857947774
2.0,nq_8,15,5,0.010877336579654933,0.7152330948852282,0.007604039472838883,1;7;18;39;43,False,0,0.0,0.6252202546025151,-48.1051448604717
4.0,nq_8,15,5,0.010877336579654933,0.7152330948852282,0.015208078945677765,1;7;18;39;43,False,0,0.0,0.6252202546025151,-48.057602865519534
0.0,nq_80,15,5,0.0006537729703846029,0.8039183760078268,0.0,3;4;8;13;31,True,4,0.5,0.8094359123819027,-50.76847201794983
0.05,nq_80,15,5,0.0006537729703846029,0.8039183760078268,1.016540013053246e-05,3;4;8;13;31,True,4,0.5,0.8094359123819027,-50.76838973555053
0.1,nq_80,15,5,0.0006537729703846029,0.8039183760078268,2.033080026106492e-05,3;4;8;13;31,True,4,0.5,0.8094359123819027,-50.76830745315124
0.25,nq_80,15,5,0.0006537729703846029,0.8039183760078268,5.08270006526623e-05,3;4;8;13;31,True,4,0.5,0.8094359123819027,-50.768060605953366
0.5,nq_80,15,5,0.0006537729703846029,0.8039183760078268,0.0001016540013053246,3;4;8;13;31,True,4,0.5,0.8094359123819027,-50.767649193956885
1.0,nq_80,15,5,0.0006537729703846029,0.8039183760078268,0.0002033080026106492,3;4;8;13;31,True,4,0.5,0.8094359123819027,-50.76682636996395
2.0,nq_80,15,5,0.0006537729703846029,0.8039183760078268,0.0004066160052212984,3;4;8;13;31,True,4,0.5,0.8094359123819027,-50.765180721978076
4.0,nq_80,15,5,0.0006537729703846029,0.8039183760078268,0.0008132320104425968,3;4;8;13;31,True,4,0.5,0.8094359123819027,-50.76188942600632
0.0,nq_81,15,5,7.712879529164773e-06,0.8572666963609442,0.0,5;8;14;32;47,True,3,0.0967741935483871,0.8295594145236377,-50.764018227497615
0.05,nq_81,15,5,7.712879529164773e-06,0.8572666963609442,1.1246311335866173e-07,5;8;14;32;47,True,3,0.0967741935483871,0.8295594145236377,-50.76401729454927
0.1,nq_81,15,5,7.712879529164773e-06,0.8572666963609442,2.2492622671732347e-07,5;8;14;32;47,True,3,0.0967741935483871,0.8295594145236377,-50.76401636160092
0.25,nq_81,15,5,7.712879529164773e-06,0.8572666963609442,5.623155667933086e-07,5;8;14;32;47,True,3,0.0967741935483871,0.8295594145236377,-50.764013562755885
0.5,nq_81,15,5,7.712879529164773e-06,0.8572666963609442,1.1246311335866173e-06,5;8;14;32;47,True,3,0.0967741935483871,0.8295594145236377,-50.76400889801416
1.0,nq_81,15,5,7.712879529164773e-06,0.8572666963609442,2.2492622671732346e-06,5;8;14;32;47,True,3,0.0967741935483871,0.8295594145236377,-50.76399956853072
2.0,nq_81,15,5,7.712879529164773e-06,0.8572666963609442,4.498524534346469e-06,5;8;14;32;47,True,3,0.0967741935483871,0.8295594145236377,-50.76398090956383
4.0,nq_81,15,5,7.712879529164773e-06,0.8572666963609442,8.997049068692938e-06,5;8;14;32;47,True,3,0.0967741935483871,0.8295594145236377,-50.76394359163004
0.0,nq_82,15,5,0.07605293672441718,0.7964309358553798,0.0,3;12;18;27;44,True,1,0.3333333333333333,0.7609242606668383,-48.424528390543045
0.05,nq_82,15,5,0.07605293672441718,0.7964309358553798,0.001193650915108257,3;12;18;27;44,True,1,0.3333333333333333,0.7609242606668383,-48.41544561114232
0.1,nq_82,15,5,0.07605293672441718,0.7964309358553798,0.002387301830216514,3;12;18;27;44,True,1,0.3333333333333333,0.7609242606668383,-48.40636283174158
0.25,nq_82,15,5,0.07605293672441718,0.7964309358553798,0.005968254575541285,3;12;18;27;44,True,1,0.3333333333333333,0.7609242606668383,-48.37911449353939
0.5,nq_82,15,5,0.07605293672441718,0.7964309358553798,0.01193650915108257,3;12;18;27;44,True,1,0.3333333333333333,0.7609242606668383,-48.333700596535735
1.0,nq_82,15,5,0.07605293672441718,0.7964309358553798,0.02387301830216514,3;12;18;27;44,True,1,0.3333333333333333,0.7609242606668383,-48.242872802528424
2.0,nq_82,15,5,0.07605293672441718,0.7964309358553798,0.04774603660433028,3;12;18;27;44,True,1,0.3333333333333333,0.7609242606668383,-48.061217214513825
4.0,nq_82,15,5,0.07605293672441718,0.7964309358553798,0.09549207320866056,3;12;18;27;44,True,1,0.3333333333333333,0.7609242606668383,-47.69790603848461
0.0,nq_83,15,5,0.03282242355043766,0.798630678677825,0.0,6;25;40;41;46,False,0,0.0,0.7450482060652505,-48.60497079227757
0.05,nq_83,15,5,0.03282242355043766,0.798630678677825,0.0005137290509934573,6;25;40;41;46,False,0,0.0,0.7450482060652505,-48.60114326319912
0.1,nq_83,15,5,0.03282242355043766,0.798630678677825,0.0010274581019869145,6;25;40;41;46,False,0,0.0,0.7450482060652505,-48.597315734120656
0.25,nq_83,15,5,0.03282242355043766,0.798630678677825,0.002568645254967286,6;25;40;41;46,False,0,0.0,0.7450482060652505,-48.58583314688527
0.5,nq_83,15,5,0.03282242355043766,0.798630678677825,0.005137290509934572,6;25;40;41;46,False,0,0.0,0.7450482060652505,-48.566695501492944
1.0,nq_83,15,5,0.03282242355043766,0.798630678677825,0.010274581019869144,6;25;40;41;46,False,0,0.0,0.7450482060652505,-48.52842021070832
2.0,nq_83,15,5,0.03282242355043766,0.798630678677825,0.02054916203973829,6;25;40;41;46,False,0,0.0,0.7450482060652505,-48.45186962913907
4.0,nq_83,15,5,0.03282242355043766,0.798630678677825,0.04109832407947658,6;25;40;41;46,False,0,0.0,0.7450482060652505,-48.29876846600055
0.0,nq_84,15,5,0.0008592744125168802,0.7894621795582722,0.0,28;30;35;36;42,True,0,0.0,0.7135132356946623,-47.43443096454848
0.05,nq_84,15,5,0.0008592744125168802,0.7894621795582722,1.3605359229636102e-05,28;30;35;36;42,True,0,0.0,0.7135132356946623,-47.43433388850961
0.1,nq_84,15,5,0.0008592744125168802,0.7894621795582722,2.7210718459272204e-05,28;30;35;36;42,True,0,0.0,0.7135132356946623,-47.43423681247075
0.25,nq_84,15,5,0.0008592744125168802,0.7894621795582722,6.80267961481805e-05,28;30;35;36;42,True,0,0.0,0.7135132356946623,-47.43394558435414
0.5,nq_84,15,5,0.0008592744125168802,0.7894621795582722,0.000136053592296361,28;30;35;36;42,True,0,0.0,0.7135132356946623,-47.433460204159815
1.0,nq_84,15,5,0.0008592744125168802,0.7894621795582722,0.000272107184592722,28;30;35;36;42,True,0,0.0,0.7135132356946623,-47.432489443771146
2.0,nq_84,15,5,0.0008592744125168802,0.7894621795582722,0.000544214369185444,28;30;35;36;42,True,0,0.0,0.7135132356946623,-47.430547922993796
4.0,nq_84,15,5,0.0008592744125168802,0.7894621795582722,0.001088428738370888,28;30;35;36;42,True,0,0.0,0.7135132356946623,-47.42666488143911
0.0,nq_85,15,5,0.16184917469801186,0.8353978242713452,0.0,4;7;18;35;37,True,1,0.2,0.8338389629969738,-50.58867512013727
0.05,nq_85,15,5,0.16184917469801186,0.8353978242713452,0.0024217351341016755,4;7;18;35;37,True,1,0.2,0.8338389629969738,-50.56848174900854
0.1,nq_85,15,5,0.16184917469801186,0.8353978242713452,0.004843470268203351,4;7;18;35;37,True,1,0.2,0.8338389629969738,-50.54828837787981
0.25,nq_85,15,5,0.16184917469801186,0.8353978242713452,0.012108675670508377,4;7;18;35;37,True,1,0.2,0.8338389629969738,-50.48770826449363
0.5,nq_85,15,5,0.16184917469801186,0.8353978242713452,0.024217351341016755,4;7;18;35;37,True,1,0.2,0.8338389629969738,-50.38674140885
1.0,nq_85,15,5,0.16184917469801186,0.8353978242713452,0.04843470268203351,4;7;18;35;37,True,1,0.2,0.8338389629969738,-50.184807697562725
2.0,nq_85,15,5,0.16184917469801186,0.8353978242713452,0.09686940536406702,4;7;18;35;37,True,1,0.2,0.8338389629969738,-49.7809402749882
4.0,nq_85,15,5,0.16184917469801186,0.8353978242713452,0.19373881072813404,4;7;18;35;37,True,1,0.2,0.8338389629969738,-48.97320542983913
0.0,nq_86,15,5,0.0019342571299608494,0.7096300453051817,0.0,0;11;17;39;45,True,2,0.2857142857142857,0.6870064431662728,-47.777577660244305
0.05,nq_86,15,5,0.0019342571299608494,0.7096300453051817,3.4071528133486054e-05,0;11;17;39;45,True,2,0.2857142857142857,0.6870064431662728,-47.777343586650744
0.1,nq_86,15,5,0.0019342571299608494,0.7096300453051817,6.814305626697211e-05,0;11;17;39;45,True,2,0.2857142857142857,0.6870064431662728,-47.77710951305718
0.25,nq_86,15,5,0.0019342571299608494,0.7096300453051817,0.0001703576406674303,0;11;17;39;45,True,2,0.2857142857142857,0.6870064431662728,-47.77640729227649
0.5,nq_86,15,5,0.0019342571299608494,0.7096300453051817,0.0003407152813348606,0;11;17;39;45,True,2,0.2857142857142857,0.6870064431662728,-47.77523692430867
1.0,nq_86,15,5,0.0019342571299608494,0.7096300453051817,0.0006814305626697212,0;11;17;39;45,True,2,0.2857142857142857,0.6870064431662728,-47.77289618837305
2.0,nq_86,15,5,0.0019342571299608494,0.7096300453051817,0.0013628611253394423,0;11;17;39;45,True,2,0.2857142857142857,0.6870064431662728,-47.76821471650182
4.0,nq_86,15,5,0.0019342571299608494,0.7096300453051817,0.0027257222506788846,0;11;17;39;45,True,2,0.2857142857142857,0.6870064431662728,-47.758851772759314
0.0,nq_87,15,5,0.02580353774984452,0.7380659413004786,0.0,0;1;4;37;49,True,3,0.6,0.7217692124377784,-49.41119811512965
0.05,nq_87,15,5,0.02580353774984452,0.7380659413004786,0.0004370121513703507,0;1;4;37;49,True,3,0.6,0.7217692124377784,-49.40804389596645
0.1,nq_87,15,5,0.02580353774984452,0.7380659413004786,0.0008740243027407014,0;1;4;37;49,True,3,0.6,0.7217692124377784,-49.40488967680324
0.25,nq_87,15,5,0.02580353774984452,0.7380659413004786,0.0021850607568517535,0;1;4;37;49,True,3,0.6,0.7217692124377784,-49.39542701931363
0.5,nq_87,15,5,0.02580353774984452,0.7380659413004786,0.004370121513703507,0;1;4;37;49,True,3,0.6,0.7217692124377784,-49.379655923497616
1.0,nq_87,15,5,0.02580353774984452,0.7380659413004786,0.008740243027407014,0;1;4;37;49,True,3,0.6,0.7217692124377784,-49.34811373186559
2.0,nq_87,15,5,0.02580353774984452,0.7380659413004786,0.017480486054814028,0;1;4;37;49,True,3,0.6,0.7217692124377784,-49.285029348601526
4.0,nq_87,15,5,0.02580353774984452,0.7380659413004786,0.034960972109628057,0;1;4;37;49,True,3,0.6,0.7217692124377784,-49.1588605820734
0.0,nq_88,15,5,0.042925616669266184,0.9020234126641985,0.0,2;4;11;13;15,True,2,0.6666666666666666,0.9009832539235971,-47.5349550469067
0.05,nq_88,15,5,0.042925616669266184,0.9020234126641985,0.0005948510936428271,2;4;11;13;15,True,2,0.6666666666666666,0.9009832539235971,-47.5295955381672
0.1,nq_88,15,5,0.042925616669266184,0.9020234126641985,0.0011897021872856542,2;4;11;13;15,True,2,0.6666666666666666,0.9009832539235971,-47.5242360294277
0.25,nq_88,15,5,0.042925616669266184,0.9020234126641985,0.0029742554682141357,2;4;11;13;15,True,2,0.6666666666666666,0.9009832539235971,-47.508157503209176
0.5,nq_88,15,5,0.042925616669266184,0.9020234126641985,0.0059485109364282715,2;4;11;13;15,True,2,0.6666666666666666,0.9009832539235971,-47.48135995951168
1.0,nq_88,15,5,0.042925616669266184,0.9020234126641985,0.011897021872856543,2;4;11;13;15,True,2,0.6666666666666666,0.9009832539235971,-47.42776487211664
2.0,nq_88,15,5,0.042925616669266184,0.9020234126641985,0.023794043745713086,2;4;5;13;15,True,2,0.6666666666666666,0.8886994540073048,-47.32148833601888
4.0,nq_88,15,5,0.042925616669266184,0.9020234126641985,0.04758808749142617,2;4;5;13;15,True,2,0.6666666666666666,0.8886994540073048,-47.11003079916448
0.0,nq_89,15,5,0.2143181227689015,0.8409754050248993,0.0,6;20;27;30;35,True,0,0.0,0.8466505197747969,-49.430280037413766
0.05,nq_89,15,5,0.2143181227689015,0.8409754050248993,0.003185554931867501,6;20;27;30;35,True,0,0.0,0.8466505197747969,-49.4033095200254
0.1,nq_89,15,5,0.2143181227689015,0.8409754050248993,0.006371109863735002,6;20;27;30;35,True,0,0.0,0.8466505197747969,-49.37633900263704
0.25,nq_89,15,5,0.2143181227689015,0.8409754050248993,0.015927774659337503,6;20;27;30;35,True,0,0.0,0.8466505197747969,-49.295427450471934
0.5,nq_89,15,5,0.2143181227689015,0.8409754050248993,0.03185554931867501,6;20;27;30;35,True,0,0.0,0.8466505197747969,-49.1605748635301
1.0,nq_89,15,5,0.2143181227689015,0.8409754050248993,0.06371109863735001,6;20;27;30;35,True,0,0.0,0.8466505197747969,-48.89086968964641
2.0,nq_89,15,5,0.2143181227689015,0.8409754050248993,0.12742219727470003,6;20;27;30;35,True,0,0.0,0.8466505197747969,-48.35145934187906
4.0,nq_89,15,5,0.2143181227689015,0.8409754050248993,0.25484439454940006,6;20;27;30;35,True,0,0.0,0.8466505197747969,-47.27263864634434
0.0,nq_9,15,5,0.08628617698082619,0.8028197967143824,0.0,15;19;34;43;48,False,0,0.0,0.8074523201595352,-49.50504685548147
0.05,nq_9,15,5,0.08628617698082619,0.8028197967143824,0.0013434843948668287,15;19;34;43;48,False,0,0.0,0.8074523201595352,-49.49419885956412
0.1,nq_9,15,5,0.08628617698082619,0.8028197967143824,0.0026869687897336575,15;19;34;43;48,False,0,0.0,0.8074523201595352,-49.4833508636468
0.25,nq_9,15,5,0.08628617698082619,0.8028197967143824,0.006717421974334143,15;19;34;43;48,False,0,0.0,0.8074523201595352,-49.450806875894784
0.5,nq_9,15,5,0.08628617698082619,0.8028197967143824,0.013434843948668286,15;19;34;43;48,False,0,0.0,0.8074523201595352,-49.39656689630813
1.0,nq_9,15,5,0.08628617698082619,0.8028197967143824,0.026869687897336573,15;19;34;43;48,False,0,0.0,0.8074523201595352,-49.28808693713479
2.0,nq_9,15,5,0.08628617698082619,0.8028197967143824,0.053739375794673146,15;19;34;43;48,False,0,0.0,0.8074523201595352,-49.07112701878812
4.0,nq_9,15,5,0.08628617698082619,0.8028197967143824,0.10747875158934629,15;19;34;43;48,False,0,0.0,0.8074523201595352,-48.637207182094784
0.0,nq_90,15,5,0.011050058230350782,0.629304068449633,0.0,0;3;17;37;40,True,2,0.6666666666666666,0.6479646335455794,-48.9403299439882
0.05,nq_90,15,5,0.011050058230350782,0.629304068449633,0.0002194892982821094,0;3;17;37;40,True,2,0.6666666666666666,0.6479646335455794,-48.93890773096092
0.1,nq_90,15,5,0.011050058230350782,0.629304068449633,0.0004389785965642188,0;3;17;37;40,True,2,0.6666666666666666,0.6479646335455794,-48.937485517933645
0.25,nq_90,15,5,0.011050058230350782,0.629304068449633,0.0010974464914105468,0;3;17;37;40,True,2,0.6666666666666666,0.6479646335455794,-48.93321887885178
0.5,nq_90,15,5,0.011050058230350782,0.629304068449633,0.0021948929828210935,0;3;17;37;40,True,2,0.6666666666666666,0.6479646335455794,-48.92610781371535
1.0,nq_90,15,5,0.011050058230350782,0.629304068449633,0.004389785965642187,0;3;17;37;40,True,2,0.6666666666666666,0.6479646335455794,-48.91188568344249
2.0,nq_90,15,5,0.011050058230350782,0.629304068449633,0.008779571931284374,0;3;17;37;40,True,2,0.6666666666666666,0.6479646335455794,-48.88344142289679
4.0,nq_90,15,5,0.011050058230350782,0.629304068449633,0.01755914386256875,0;3;17;37;40,True,2,0.6666666666666666,0.6479646335455794,-48.82655290180537
0.0,nq_91,15,5,0.006231259662799339,0.7841991045297707,0.0,0;5;7;9;42,False,0,0.0,0.8367339007437036,-49.82911067557167
0.05,nq_91,15,5,0.006231259662799339,0.7841991045297707,9.932508977628524e-05,0;5;7;9;42,False,0,0.0,0.8367339007437036,-49.82827958887357
0.1,nq_91,15,5,0.006231259662799339,0.7841991045297707,0.0001986501795525705,0;5;7;9;42,False,0,0.0,0.8367339007437036,-49.82744850217546
0.25,nq_91,15,5,0.006231259662799339,0.7841991045297707,0.0004966254488814262,0;5;7;9;42,False,0,0.0,0.8367339007437036,-49.82495524208116
0.5,nq_91,15,5,0.006231259662799339,0.7841991045297707,0.0009932508977628523,0;5;7;9;42,False,0,0.0,0.8367339007437036,-49.82079980859064
1.0,nq_91,15,5,0.006231259662799339,0.7841991045297707,0.0019865017955257047,0;5;7;9;42,False,0,0.0,0.8367339007437036,-49.81248894160962
2.0,nq_91,15,5,0.006231259662799339,0.7841991045297707,0.003973003591051409,0;5;7;9;42,False,0,0.0,0.8367339007437036,-49.795867207647575
4.0,nq_91,15,5,0.006231259662799339,0.7841991045297707,0.007946007182102819,0;5;7;9;42,False,0,0.0,0.8367339007437036,-49.76262373972349
0.0,nq_92,15,5,3.584976982518723e-05,0.8631957414701328,0.0,0;6;14;15;20,False,0,0.0,0.7839237658246303,-47.61078684508895
0.05,nq_92,15,5,3.584976982518723e-05,0.8631957414701328,5.191425097963553e-07,0;6;14;15;20,False,0,0.0,0.7839237658246303,-47.61078277540743
0.1,nq_92,15,5,3.584976982518723e-05,0.8631957414701328,1.0382850195927105e-06,0;6;14;15;20,False,0,0.0,0.7839237658246303,-47.61077870572592
0.25,nq_92,15,5,3.584976982518723e-05,0.8631957414701328,2.595712548981776e-06,0;6;14;15;20,False,0,0.0,0.7839237658246303,-47.61076649668138
0.5,nq_92,15,5,3.584976982518723e-05,0.8631957414701328,5.191425097963552e-06,0;6;14;15;20,False,0,0.0,0.7839237658246303,-47.61074614827382
1.0,nq_92,15,5,3.584976982518723e-05,0.8631957414701328,1.0382850195927105e-05,0;6;14;15;20,False,0,0.0,0.7839237658246303,-47.610705451458685
2.0,nq_92,15,5,3.584976982518723e-05,0.8631957414701328,2.076570039185421e-05,0;6;14;15;20,False,0,0.0,0.7839237658246303,-47.61062405782843
4.0,nq_92,15,5,3.584976982518723e-05,0.8631957414701328,4.153140078370842e-05,0;6;14;15;20,False,0,0.0,0.7839237658246303,-47.61046127056791
0.0,nq_93,15,5,3.7616957179377073e-05,0.695599331023633,0.0,0;3;14;31;39,False,0,0.0,0.6628492892941422,-47.69135318622624
0.05,nq_93,15,5,3.7616957179377073e-05,0.695599331023633,6.75980076159909e-07,0;3;14;31;39,False,0,0.0,0.6628492892941422,-47.691348705497106
0.1,nq_93,15,5,3.7616957179377073e-05,0.695599331023633,1.351960152319818e-06,0;3;14;31;39,False,0,0.0,0.6628492892941422,-47.691344224767974
0.25,nq_93,15,5,3.7616957179377073e-05,0.695599331023633,3.379900380799545e-06,0;3;14;31;39,False,0,0.0,0.6628492892941422,-47.69133078258058
0.5,nq_93,15,5,3.7616957179377073e-05,0.695599331023633,6.75980076159909e-06,0;3;14;31;39,False,0,0.0,0.6628492892941422,-47.69130837893492
1.0,nq_93,15,5,3.7616957179377073e-05,0.695599331023633,1.351960152319818e-05,0;3;14;31;39,False,0,0.0,0.6628492892941422,-47.69126357164363
2.0,nq_93,15,5,3.7616957179377073e-05,0.695599331023633,2.703920304639636e-05,0;3;14;31;39,False,0,0.0,0.6628492892941422,-47.69117395706102
4.0,nq_93,15,5,3.7616957179377073e-05,0.695599331023633,5.407840609279272e-05,0;3;14;31;39,False,0,0.0,0.6628492892941422,-47.69099472789579
0.0,nq_94,15,5,0.02340540982126422,0.7748833417374595,0.0,0;2;19;22;42,True,2,1.0,0.7324300789918518,-47.61055943137404
0.05,nq_94,15,5,0.02340540982126422,0.7748833417374595,0.00037756295618234117,0;2;19;22;42,True,2,1.0,0.7324300789918518,-47.607794046715824
0.1,nq_94,15,5,0.02340540982126422,0.7748833417374595,0.0007551259123646823,0;2;19;22;42,True,2,1.0,0.7324300789918518,-47.60502866205762
0.25,nq_94,15,5,0.02340540982126422,0.7748833417374595,0.0018878147809117058,0;2;19;22;42,True,2,1.0,0.7324300789918518,-47.59673250808299
0.5,nq_94,15,5,0.02340540982126422,0.7748833417374595,0.0037756295618234115,0;2;19;22;42,True,2,1.0,0.7324300789918518,-47.58290558479194
1.0,nq_94,15,5,0.02340540982126422,0.7748833417374595,0.007551259123646823,0;2;19;22;42,True,2,1.0,0.7324300789918518,-47.55525173820983
2.0,nq_94,15,5,0.02340540982126422,0.7748833417374595,0.015102518247293646,0;2;19;22;42,True,2,1.0,0.7324300789918518,-47.49994404504562
4.0,nq_94,15,5,0.02340540982126422,0.7748833417374595,0.030205036494587292,0;2;19;22;42,True,2,1.0,0.7324300789918518,-47.38932865871722
0.0,nq_95,15,5,0.04770583511349957,0.8718118059685196,0.0,0;3;4;8;26,True,5,0.45454545454545453,0.9343623713911284,-50.12904956207731
0.05,nq_95,15,5,0.04770583511349957,0.8718118059685196,0.0006840034177477744,0;3;4;8;26,True,5,0.45454545454545453,0.9343623713911284,-50.12265849152285
0.1,nq_95,15,5,0.04770583511349957,0.8718118059685196,0.0013680068354955488,0;3;4;8;26,True,5,0.45454545454545453,0.9343623713911284,-50.11626742096837
0.25,nq_95,15,5,0.04770583511349957,0.8718118059685196,0.0034200170887388717,0;3;4;8;26,True,5,0.45454545454545453,0.9343623713911284,-50.09709420930499
0.5,nq_95,15,5,0.04770583511349957,0.8718118059685196,0.0068400341774777435,0;3;4;8;26,True,5,0.45454545454545453,0.9343623713911284,-50.06513885653267
1.0,nq_95,15,5,0.04770583511349957,0.8718118059685196,0.013680068354955487,0;3;4;8;26,True,5,0.45454545454545453,0.9343623713911284,-50.00122815098802
2.0,nq_95,15,5,0.04770583511349957,0.8718118059685196,0.027360136709910974,0;3;4;8;26,True,5,0.45454545454545453,0.9343623713911284,-49.87340673989873
4.0,nq_95,15,5,0.04770583511349957,0.8718118059685196,0.05472027341982195,0;3;4;8;26,True,5,0.45454545454545453,0.9343623713911284,-49.617763917720154
0.0,nq_96,15,5,0.03061379972220679,0.7804162595005537,0.0,1;8;10;25;36,True,3,0.75,0.7630188293349176,-51.021909300071194
0.05,nq_96,15,5,0.03061379972220679,0.7804162595005537,0.000490343456489526,1;8;10;25;36,True,3,0.75,0.7630188293349176,-51.018167887169774
0.1,nq_96,15,5,0.03061379972220679,0.7804162595005537,0.000980686912979052,1;8;10;25;36,True,3,0.75,0.7630188293349176,-51.01442647426835
0.25,nq_96,15,5,0.03061379972220679,0.7804162595005537,0.00245171728244763,1;8;10;25;36,True,3,0.75,0.7630188293349176,-51.00320223556405
0.5,nq_96,15,5,0.03061379972220679,0.7804162595005537,0.00490343456489526,1;8;10;25;36,True,3,0.75,0.7630188293349176,-50.98449517105692
1.0,nq_96,15,5,0.03061379972220679,0.7804162595005537,0.00980686912979052,1;8;10;25;36,True,3,0.75,0.7630188293349176,-50.94708104204266
2.0,nq_96,15,5,0.03061379972220679,0.7804162595005537,0.01961373825958104,1;8;10;25;36,True,3,0.75,0.7630188293349176,-50.87225278401412
4.0,nq_96,15,5,0.03061379972220679,0.7804162595005537,0.03922747651916208,1;8;10;25;36,True,3,0.75,0.7630188293349176,-50.72259626795706
0.0,nq_97,15,5,0.020129224501582277,0.8052104378904669,0.0,25;29;35;47;49,True,1,0.3333333333333333,0.826671142596369,-50.658126526811735
0.05,nq_97,15,5,0.020129224501582277,0.8052104378904669,0.00031248352225220845,25;29;35;47;49,True,1,0.3333333333333333,0.826671142596369,-50.6555433157079
0.1,nq_97,15,5,0.020129224501582277,0.8052104378904669,0.0006249670445044169,25;29;35;47;49,True,1,0.3333333333333333,0.826671142596369,-50.65296010460408
0.25,nq_97,15,5,0.020129224501582277,0.8052104378904669,0.0015624176112610422,25;29;35;47;49,True,1,0.3333333333333333,0.826671142596369,-50.6452104712926
0.5,nq_97,15,5,0.020129224501582277,0.8052104378904669,0.0031248352225220844,25;29;35;47;49,True,1,0.3333333333333333,0.826671142596369,-50.632294415773444
1.0,nq_97,15,5,0.020129224501582277,0.8052104378904669,0.006249670445044169,25;29;35;47;49,True,1,0.3333333333333333,0.826671142596369,-50.606462304735174
2.0,nq_97,15,5,0.020129224501582277,0.8052104378904669,0.012499340890088338,25;29;35;47;49,True,1,0.3333333333333333,0.826671142596369,-50.55479808265862
4.0,nq_97,15,5,0.020129224501582277,0.8052104378904669,0.024998681780176675,25;29;35;47;49,True,1,0.3333333333333333,0.826671142596369,-50.45146963850552
0.0,nq_98,15,5,0.03147818380645695,0.8473783222547717,0.0,0;2;33;47;48,True,2,0.16666666666666666,0.8701348965660698,-50.41366257654676
0.05,nq_98,15,5,0.03147818380645695,0.8473783222547717,0.00046434611660539155,0;2;33;47;48,True,2,0.16666666666666666,0.8701348965660698,-50.40962213894533
0.1,nq_98,15,5,0.03147818380645695,0.8473783222547717,0.0009286922332107831,0;2;33;47;48,True,2,0.16666666666666666,0.8701348965660698,-50.4055817013439
0.25,nq_98,15,5,0.03147818380645695,0.8473783222547717,0.0023217305830269576,0;2;33;47;48,True,2,0.16666666666666666,0.8701348965660698,-50.3934603885396
0.5,nq_98,15,5,0.03147818380645695,0.8473783222547717,0.004643461166053915,0;2;33;47;48,True,2,0.16666666666666666,0.8701348965660698,-50.37325820053244
1.0,nq_98,15,5,0.03147818380645695,0.8473783222547717,0.00928692233210783,0;2;33;47;48,True,2,0.16666666666666666,0.8701348965660698,-50.332853824518104
2.0,nq_98,15,5,0.03147818380645695,0.8473783222547717,0.01857384466421566,0;2;33;47;48,True,2,0.16666666666666666,0.8701348965660698,-50.252045072489445
4.0,nq_98,15,5,0.03147818380645695,0.8473783222547717,0.03714768932843132,0;2;33;47;48,True,2,0.16666666666666666,0.8701348965660698,-50.09042756843214
0.0,nq_99,15,5,0.0026483105174347488,0.7930932110649731,0.0,0;3;4;5;19,True,2,1.0,0.800688057073935,-50.93620261383353
0.05,nq_99,15,5,0.0026483105174347488,0.7930932110649731,4.174016277773886e-05,0;3;4;5;19,True,2,1.0,0.800688057073935,-50.93586840533517
0.1,nq_99,15,5,0.0026483105174347488,0.7930932110649731,8.348032555547772e-05,0;3;4;5;19,True,2,1.0,0.800688057073935,-50.9355341968368
0.25,nq_99,15,5,0.0026483105174347488,0.7930932110649731,0.00020870081388869432,0;3;4;5;19,True,2,1.0,0.800688057073935,-50.93453157134171
0.5,nq_99,15,5,0.0026483105174347488,0.7930932110649731,0.00041740162777738864,0;3;4;5;19,True,2,1.0,0.800688057073935,-50.93286052884988
1.0,nq_99,15,5,0.0026483105174347488,0.7930932110649731,0.0008348032555547773,0;3;4;5;19,True,2,1.0,0.800688057073935,-50.92951844386624
2.0,nq_99,15,5,0.0026483105174347488,0.7930932110649731,0.0016696065111095545,0;3;4;5;19,True,2,1.0,0.800688057073935,-50.92283427389895
4.0,nq_99,15,5,0.0026483105174347488,0.7930932110649731,0.003339213022219109,0;3;4;5;19,True,2,1.0,0.800688057073935,-50.909465933964356
