configuration,question_id,recall,precision,redundancy,diversity,em,f1,selection_time_ms,generation_time_ms,retrieval_hit,selected_ranks,gold_ranks,plugin_timing_available,plugin_timing_ms
qore_as_control,nq_0,0.5,0.4,0.8541128623045979,0.14588713769540207,0.0,0.8571428571428571,25.78768399985165,699.9219430001631,True,0;1;25;32;37,0;1;4;38,True,baseline:0.959017
qore_as_control,nq_1,0.3333333333333333,0.4,0.7231898500225278,0.2768101499774722,0.0,0.5714285714285715,11.381819999996878,233.2905870000559,True,1;12;30;43;48,0;1;7;9;14;30,True,baseline:0.178114
qore_as_control,nq_2,0.23076923076923078,0.6,0.6961108830999511,0.30388911690004894,1.0,1.0,11.374161000048844,171.6763809999975,True,0;1;32;37;47,0;1;6;7;16;19;22;23;32;33;35;38;45,True,baseline:0.164559
qore_as_control,nq_3,0.625,1.0,0.8856787463091609,0.11432125369083912,0.0,0.0,11.23286699998971,272.5635060000968,True,4;29;37;45;49,4;6;24;29;37;45;47;49,True,baseline:0.153478
qore_as_control,nq_4,0.4,0.8,0.8538989055969182,0.14610109440308183,0.0,0.8,11.27837100011675,192.22026600004938,True,0;16;26;29;40,0;3;7;16;24;26;27;33;40;47,True,baseline:0.158027
qore_as_control,nq_5,0.0,0.0,0.8888063393982742,0.11119366060172575,0.0,0.0,11.316305000036664,248.91503700018802,True,0;5;8;10;21,19;44,True,baseline:0.154136
qore_as_control,nq_6,0.0,0.0,0.9058967500802556,0.09410324991974439,0.0,0.0,11.240802999964217,252.2451639999872,True,0;3;5;11;12,9;33,True,baseline:0.155122
qore_as_control,nq_7,,0.0,0.9030805196519799,0.09691948034802012,0.0,0.6666666666666666,11.208232000171847,193.29359000016666,False,4;9;34;42;49,,True,baseline:0.150333
qore_as_control,nq_8,,0.0,0.625220254602515,0.37477974539748504,0.0,0.28571428571428575,11.273292999931073,231.53640900000028,False,1;7;18;39;43,,True,baseline:0.153563
qore_as_control,nq_9,,0.0,0.8074523201595352,0.19254767984046484,0.0,0.5,11.22540599999411,174.65672000002996,False,15;19;34;43;48,,True,baseline:0.154760
qore_as_control,nq_10,0.2857142857142857,0.8,0.7949576893064805,0.20504231069351952,1.0,1.0,11.163672999828123,192.75762600000235,True,5;8;11;42;46,0;1;2;3;5;8;9;11;14;17;23;36;39;42,True,baseline:0.153377
qore_as_control,nq_11,0.75,0.6,0.7769646693458949,0.22303533065410508,1.0,1.0,11.151031999816041,214.25760399984028,True,0;3;14;32;37,3;7;14;37,True,baseline:0.150002
qore_as_control,nq_12,0.3333333333333333,0.2,0.7706736545523188,0.22932634544768116,0.0,0.0,11.220307999792567,212.59301400004915,True,0;14;21;29;39,0;1;41,True,baseline:0.148292
qore_as_control,nq_13,0.7142857142857143,1.0,0.8473733470427754,0.15262665295722455,1.0,1.0,11.176376000094024,192.26826299995992,True,0;1;4;5;31,0;1;3;4;5;16;31,True,baseline:0.152510
qore_as_control,nq_14,0.2,0.2,0.7280395526872177,0.27196044731278235,0.0,0.5,11.117359000081706,376.7055050000181,True,10;11;28;31;45,0;1;2;9;11,True,baseline:0.148129
qore_as_control,nq_15,,0.0,0.6727730841400221,0.3272269158599779,0.0,0.0,11.197023000022455,194.32966299996224,False,15;17;18;36;49,,True,baseline:0.160781
qore_as_control,nq_16,0.5,0.2,0.7973541831371616,0.20264581686283845,0.0,0.7499999999999999,11.225057000046945,232.3376649999318,True,5;7;27;43;46,4;27,True,baseline:0.152363
qore_as_control,nq_17,0.2,0.2,0.8234791843263715,0.17652081567362854,1.0,1.0,11.235604000148669,191.48474200005694,True,1;13;20;22;29,8;12;22;27;28,True,baseline:0.163538
qore_as_control,nq_18,0.05263157894736842,0.2,0.8053153524811634,0.19468464751883663,0.0,0.5,11.268400000062684,191.23805100002755,True,3;10;18;34;41,0;1;2;4;5;6;7;10;16;17;20;22;25;27;33;36;37;43;49,True,baseline:0.145852
qore_as_control,nq_19,0.2,1.0,0.7832095675627189,0.21679043243728113,0.0,0.0,11.31985100005295,197.85091499988994,True,0;9;11;18;27,0;1;2;3;4;5;6;8;9;11;12;13;15;17;18;21;23;27;31;32;36;43;45;47;49,True,baseline:0.145551
qore_as_control,nq_20,0.5,0.4,0.8389580345605078,0.16104196543949223,0.0,0.0,11.270039000010001,235.10680599997613,True,0;6;9;30;42,0;21;42;48,True,baseline:0.147418
qore_as_control,nq_21,0.75,0.6,0.6604867223791132,0.3395132776208868,0.0,0.33333333333333337,11.373253999863664,300.14762399991923,True,0;1;3;25;48,0;1;3;16,True,baseline:0.179875
qore_as_control,nq_22,0.3333333333333333,0.8,0.7779250985182056,0.22207490148179443,0.0,0.6666666666666666,11.539859999857072,172.44854800014764,True,0;3;5;26;30,0;3;5;12;17;22;24;26;28;31;34;48,True,baseline:0.149354
qore_as_control,nq_23,0.75,0.6,0.8251881144429756,0.17481188555702443,1.0,1.0,11.459378999916225,173.85795600011988,True,5;7;8;33;34,5;8;31;33,True,baseline:0.163925
qore_as_control,nq_24,1.0,0.8,0.9102010331457286,0.08979896685427136,1.0,1.0,11.429921999933867,214.8453459999473,True,0;1;2;4;7,0;2;4;7,True,baseline:0.169990
qore_as_control,nq_25,0.3333333333333333,0.8,0.7718850651428916,0.22811493485710843,0.0,0.5,11.325894000037806,212.847389999979,True,7;15;19;24;43,0;3;5;15;19;24;34;37;41;42;43;45,True,baseline:0.148702
qore_as_control,nq_26,,0.0,0.6727415658000853,0.32725843419991474,0.0,0.0,11.441323999861197,237.07632900004683,False,8;23;29;45;46,,True,baseline:0.151043
qore_as_control,nq_27,1.0,0.2,0.6411275353263264,0.3588724646736736,0.0,0.8,11.432881000018824,275.02077400004055,True,0;13;14;20;29,0,True,baseline:0.154014
qore_as_control,nq_28,0.35714285714285715,1.0,0.8423135163671047,0.15768648363289528,0.0,0.6666666666666666,11.361128000089593,193.18579000014324,True,14;31;32;35;40,0;1;3;11;14;15;18;25;28;31;32;35;40;45,True,baseline:0.155590
qore_as_control,nq_29,0.5,0.2,0.8546793899849771,0.14532061001502294,0.0,1.0,11.242713000001459,255.26979200003552,True,2;4;9;10;22,1;2,True,baseline:0.162915
qore_as_control,nq_30,0.5,0.8,0.7933957345585538,0.20660426544144617,1.0,1.0,11.268679000068005,274.66488100003517,True,0;1;25;27;33,0;1;3;6;10;25;27;29,True,baseline:0.148251
qore_as_control,nq_31,1.0,0.2,0.8118790882970668,0.1881209117029332,1.0,1.0,11.218657999961579,171.51812399993105,True,0;3;5;6;44,0,True,baseline:0.149951
qore_as_control,nq_32,,0.0,0.78840390451779,0.21159609548221003,0.0,0.5,11.443226999972467,172.20011700010218,False,3;5;15;19;32,,True,baseline:0.154525
qore_as_control,nq_33,0.0,0.0,0.6037403700293253,0.39625962997067465,0.0,0.8,11.253295999949842,213.2715120001194,True,5;28;31;39;47,0;6,True,baseline:0.163807
qore_as_control,nq_34,0.4,0.4,0.8244662323566813,0.17553376764331874,0.0,0.0,11.324218000027031,280.1746689999618,True,2;6;7;8;31,1;4;8;13;31,True,baseline:0.156989
qore_as_control,nq_35,1.0,0.6,0.900795916497173,0.09920408350282695,1.0,1.0,11.306694000040807,265.05132500005857,True,3;5;6;11;15,3;5;6,True,baseline:0.185248
qore_as_control,nq_36,0.0,0.0,0.7486184147000069,0.2513815852999931,0.0,0.0,11.268104999999196,197.83789000007346,True,3;17;20;27;31,5;7,True,baseline:0.175746
qore_as_control,nq_37,0.75,0.6,0.7393257980810525,0.2606742019189475,1.0,1.0,11.206298000161041,263.2870190000176,True,0;3;17;30;33,0;3;23;30,True,baseline:0.172845
qore_as_control,nq_38,0.2777777777777778,1.0,0.8587860043478145,0.1412139956521855,0.0,0.8,11.239678000038111,351.8224059998829,True,0;5;6;8;11,0;1;2;3;4;5;6;7;8;11;17;19;25;26;31;33;45;47,True,baseline:0.167426
qore_as_control,nq_39,0.05555555555555555,0.2,0.8500325287756467,0.14996747122435328,0.0,0.5,11.514554000086719,202.80034999996133,True,0;1;27;41;47,2;3;4;6;8;10;11;15;16;19;23;33;38;40;43;44;45;47,True,baseline:0.163453
qore_as_control,nq_40,,0.0,0.8863373361045189,0.11366266389548108,0.0,0.0,11.318285000015749,449.1519690000132,False,1;6;13;30;34,,True,baseline:0.183159
qore_as_control,nq_41,,0.0,0.8029609282684909,0.19703907173150914,0.0,0.0,11.370065999926737,383.66104400006407,False,8;12;17;31;42,,True,baseline:0.192816
qore_as_control,nq_42,0.75,0.6,0.8090624904723966,0.19093750952760336,1.0,1.0,11.67796400000043,192.56767100000616,True,0;13;14;17;21,0;14;21;29,True,baseline:0.169171
qore_as_control,nq_43,,0.0,0.6789006493212651,0.32109935067873485,0.0,0.0,11.373567999953593,234.68326700003672,False,8;26;34;35;36,,True,baseline:0.173861
qore_as_control,nq_44,0.0,0.0,0.8591387544363798,0.14086124556362023,0.0,0.0,11.262921999787068,193.11012599996502,True,0;5;25;41;44,47,True,baseline:0.166733
qore_as_control,nq_45,0.11904761904761904,1.0,0.8518551726209793,0.14814482737902068,0.0,0.5,11.416360999874087,215.9261230001448,True,6;11;35;40;49,0;1;2;3;4;5;6;7;8;10;11;13;14;15;16;17;19;20;23;24;25;26;27;28;29;30;31;32;33;35;36;37;39;40;41;43;44;45;46;47;48;49,True,baseline:0.164070
qore_as_control,nq_46,0.0,0.0,0.8462928316981531,0.15370716830184694,0.0,0.0,11.208252000187713,277.8184750000037,True,10;20;22;28;29,8;9;12,True,baseline:0.159520
qore_as_control,nq_47,0.25,0.4,0.8723644402056744,0.12763555979432561,0.0,0.5,11.247844000081386,255.79938999999285,True,2;16;19;29;36,2;6;9;22;36;38;40;43,True,baseline:0.155802
qore_as_control,nq_48,0.18181818181818182,0.4,0.7677023478348122,0.23229765216518783,0.0,0.0,11.330380999879708,253.76261700012037,True,1;2;3;25;34,0;1;2;4;6;7;9;16;18;41;47,True,baseline:0.162085
qore_as_control,nq_49,0.3333333333333333,0.2,0.7955556703109785,0.2044443296890215,0.0,0.5,11.274723000042286,215.77186300009998,True,1;6;35;41;45,10;21;45,True,baseline:0.152448
qore_as_control,nq_50,,0.0,0.7594973493197579,0.24050265068024212,0.0,0.28571428571428575,11.274512999989383,214.26810299999488,False,3;12;17;28;29,,True,baseline:0.160984
qore_as_control,nq_51,0.09523809523809523,0.4,0.8417895760075063,0.15821042399249374,1.0,1.0,11.344714999950156,171.9693830000324,True,31;34;42;43;49,2;3;4;5;6;15;17;19;20;21;22;25;26;28;29;37;38;40;42;43;45,True,baseline:0.159330
qore_as_control,nq_52,,0.0,0.6580139092928325,0.34198609070716746,0.0,0.0,11.20848899995508,172.51601400016625,False,11;23;26;34;39,,True,baseline:0.159403
qore_as_control,nq_53,0.17647058823529413,0.6,0.7091926641087198,0.29080733589128016,0.0,0.6666666666666666,11.262451999982659,232.64271600010034,True,16;17;41;43;44,0;3;4;7;9;11;13;14;22;28;34;37;41;43;44;45;46,True,baseline:0.158591
qore_as_control,nq_54,0.2,0.2,0.8342245564672475,0.16577544353275253,0.0,0.0,11.143783999841617,234.5949450000262,True,2;21;22;40;42,1;13;34;42;47,True,baseline:0.167407
qore_as_control,nq_55,0.3333333333333333,0.4,0.7929647419852625,0.20703525801473754,1.0,1.0,11.090693999904033,213.3147629999712,True,3;15;27;46;47,3;13;15;18;26;37,True,baseline:0.152872
qore_as_control,nq_56,,0.0,0.7388401911112723,0.2611598088887277,0.0,0.0,11.134520000041448,172.9977989998588,False,26;28;36;40;48,,True,baseline:0.163699
qore_as_control,nq_57,0.6666666666666666,0.8,0.8261734202623845,0.1738265797376155,1.0,1.0,11.224153000057413,185.50513100012722,True,0;1;2;4;6,0;1;2;4;5;38,True,baseline:0.153684
qore_as_control,nq_58,,0.0,0.6135741339489021,0.38642586605109785,0.0,0.0,11.283931999969354,254.39414400011628,False,0;1;19;34;45,,True,baseline:0.151860
qore_as_control,nq_59,,0.0,0.6484230710338081,0.35157692896619186,0.0,0.28571428571428575,11.2781579998682,234.94226200000412,False,4;21;32;33;35,,True,baseline:0.178056
qore_as_control,nq_60,0.36363636363636365,0.8,0.7980892725757036,0.2019107274242964,0.0,0.5,11.389276000045356,240.70953399996142,True,1;3;17;30;35,1;3;4;5;6;17;18;22;28;35;37,True,baseline:0.212796
qore_as_control,nq_61,0.5,0.8,0.7562575560518632,0.24374244394813682,0.0,0.6666666666666666,11.216401999945447,305.2764879998904,True,4;7;17;36;47,3;4;7;10;24;34;36;47,True,baseline:0.176681
qore_as_control,nq_62,0.75,0.6,0.8016470547823153,0.19835294521768465,0.0,0.4,11.22309800007315,196.2606140000389,True,6;11;14;19;20,2;11;19;20,True,baseline:0.154357
qore_as_control,nq_63,0.3333333333333333,0.2,0.8140309606655348,0.18596903933446518,0.0,0.6666666666666666,11.39640600013081,213.12519000002794,True,0;4;12;13;15,0;18;49,True,baseline:0.176239
qore_as_control,nq_64,0.2727272727272727,0.6,0.8371888670370181,0.16281113296298189,0.0,0.6666666666666666,11.292225000033795,191.92202299996097,True,0;12;25;36;47,0;1;3;4;7;9;10;12;29;32;36,True,baseline:0.182660
qore_as_control,nq_65,0.625,1.0,0.9032599662622462,0.09674003373775375,0.0,0.6666666666666666,11.170120999850042,191.5451810000377,True,0;3;6;9;37,0;3;4;5;6;7;9;37,True,baseline:0.171887
qore_as_control,nq_66,0.36363636363636365,0.8,0.7807348065027465,0.21926519349725349,1.0,1.0,11.241901999937909,275.3247499999816,True,9;13;16;20;26,0;3;9;11;13;16;24;26;31;34;38,True,baseline:0.171352
qore_as_control,nq_67,,0.0,0.7000849449073352,0.2999150550926648,1.0,1.0,11.34286600017731,193.9482410000437,False,1;6;7;9;31,,True,baseline:0.173298
qore_as_control,nq_68,0.0,0.0,0.8462476448964228,0.1537523551035772,0.0,0.5,11.346618000061426,195.68438700002844,True,0;2;16;33;47,4;11,True,baseline:0.156216
qore_as_control,nq_69,,0.0,0.6787632268143693,0.3212367731856307,0.0,0.0,11.467510999864317,257.53417000009904,False,3;8;9;23;34,,True,baseline:0.149964
qore_as_control,nq_70,0.0,0.0,0.7029385790640859,0.29706142093591414,0.0,0.0,11.350909999919168,193.22503300008975,True,2;40;42;43;45,7;24,True,baseline:0.182542
qore_as_control,nq_71,0.2222222222222222,0.4,0.8704958373298914,0.12950416267010856,0.0,0.6666666666666666,11.458042999947793,197.97858899983112,True,2;23;29;31;39,0;3;5;12;14;18;22;23;29,True,baseline:0.196975
qore_as_control,nq_72,0.375,0.6,0.7401268211497769,0.2598731788502231,0.0,0.5714285714285715,11.398217000078148,235.48906699988947,True,0;1;10;17;43,0;1;2;3;4;11;14;43,True,baseline:0.187253
qore_as_control,nq_73,1.0,0.6,0.7363225368997981,0.2636774631002019,1.0,1.0,11.434258000008413,173.73285000007854,True,0;1;4;12;43,0;1;4,True,baseline:0.172218
qore_as_control,nq_74,0.6666666666666666,0.4,0.8103143524869306,0.18968564751306938,0.0,0.5,11.61890699995638,256.4375489998838,True,4;9;11;40;47,9;40;41,True,baseline:0.162904
qore_as_control,nq_75,1.0,0.8,0.7895018737987641,0.21049812620123587,1.0,1.0,11.461084000075061,215.89347899998756,True,0;1;2;10;24,0;1;2;24,True,baseline:0.161802
qore_as_control,nq_76,1.0,0.8,0.8914460782209618,0.10855392177903822,0.0,0.6666666666666666,11.551817000054143,278.3922039998288,True,0;1;3;7;10,0;1;3;10,True,baseline:0.155319
qore_as_control,nq_77,,0.0,0.6263210278858169,0.3736789721141831,0.0,0.4,11.524484000119628,215.50185799992505,False,10;18;32;44;47,,True,baseline:0.156762
qore_as_control,nq_78,0.4,0.4,0.8174135103336926,0.18258648966630742,1.0,1.0,11.464251000006698,257.95215199991617,True,0;13;23;28;38,0;16;19;25;28,True,baseline:0.159354
qore_as_control,nq_79,0.5,0.4,0.8260598644210682,0.17394013557893184,0.0,0.6666666666666666,11.593695000101434,297.29865099989183,True,0;1;9;21;45,0;1;2;37,True,baseline:0.162078
qore_as_control,nq_80,0.5,0.8,0.8094359123819028,0.19056408761809718,1.0,1.0,11.437684999918929,237.28462899998704,True,3;4;8;13;31,0;2;3;4;7;8;13;14,True,baseline:0.156531
qore_as_control,nq_81,0.0967741935483871,0.6,0.8295594145236377,0.17044058547636232,1.0,1.0,11.27872600000046,153.70203399993443,True,5;8;14;32;47,0;1;2;3;4;5;7;8;9;10;11;12;13;15;18;23;25;26;27;28;29;31;33;35;36;37;39;41;43;45;47,True,baseline:0.158417
qore_as_control,nq_82,0.3333333333333333,0.2,0.7609242606668382,0.23907573933316184,0.0,0.5,11.423267000054693,175.11172100012118,True,3;12;18;27;44,3;5;35,True,baseline:0.162435
qore_as_control,nq_83,,0.0,0.7450482060652505,0.25495179393474954,0.0,0.0,11.317852000047424,214.18877199994313,False,6;25;40;41;46,,True,baseline:0.154599
qore_as_control,nq_84,0.0,0.0,0.7135132356946624,0.2864867643053376,0.0,0.28571428571428575,11.548870999831706,208.03247799995006,True,28;30;35;36;42,25,True,baseline:0.150093
qore_as_control,nq_85,0.2,0.2,0.8338389629969738,0.1661610370030262,0.0,0.0,11.504985999863493,215.0849009999547,True,4;7;18;35;37,1;3;8;37;39,True,baseline:0.168742
qore_as_control,nq_86,0.2857142857142857,0.4,0.6870064431662728,0.3129935568337272,0.0,0.6666666666666666,11.53019299999869,153.92265500008762,True,0;11;17;39;45,0;12;14;16;31;35;39,True,baseline:0.163453
qore_as_control,nq_87,0.6,0.6,0.7217692124377784,0.27823078756222164,1.0,1.0,11.400706000131322,259.91368199993303,True,0;1;4;37;49,0;1;4;12;30,True,baseline:0.162089
qore_as_control,nq_88,0.6666666666666666,0.4,0.9009832539235971,0.09901674607640287,0.0,0.3333333333333333,11.150169000075039,191.7015089998131,True,2;4;11;13;15,2;4;31,True,baseline:0.171887
qore_as_control,nq_89,0.0,0.0,0.8466505197747969,0.15334948022520312,0.0,0.0,11.196619999964241,151.42841399983809,True,6;20;27;30;35,14;22;23;25;40,True,baseline:0.166768
qore_as_control,nq_90,0.6666666666666666,0.4,0.6479646335455793,0.3520353664544207,0.0,0.6666666666666666,11.187757000016063,212.90722300000198,True,0;3;17;37;40,0;10;17,True,baseline:0.154908
qore_as_control,nq_91,,0.0,0.8367339007437036,0.16326609925629643,0.0,0.6666666666666666,11.229106999962823,255.40577700007816,False,0;5;7;9;42,,True,baseline:0.154239
qore_as_control,nq_92,,0.0,0.7839237658246304,0.21607623417536959,0.0,0.0,11.256489999823316,195.26008200000433,False,0;6;14;15;20,,True,baseline:0.169928
qore_as_control,nq_93,,0.0,0.6628492892941423,0.33715071070585767,0.0,0.3333333333333333,11.152306999974826,213.73631999995268,False,0;3;14;31;39,,True,baseline:0.159509
qore_as_control,nq_94,1.0,0.4,0.7324300789918518,0.26756992100814825,0.0,0.3333333333333333,11.191141999915999,275.3942140000163,True,0;2;19;22;42,0;2,True,baseline:0.165738
qore_as_control,nq_95,0.45454545454545453,1.0,0.9343623713911284,0.06563762860887157,0.0,0.0,11.41708699992705,192.48231000005944,True,0;3;4;8;26,0;3;4;8;23;26;29;35;38;43;49,True,baseline:0.146251
qore_as_control,nq_96,0.75,0.6,0.7630188293349178,0.23698117066508217,1.0,1.0,11.147757000117053,174.05215400003726,True,1;8;10;25;36,0;1;25;36,True,baseline:0.151000
qore_as_control,nq_97,0.3333333333333333,0.2,0.8266711425963689,0.17332885740363113,1.0,1.0,19.467504999965968,201.73343500005103,True,25;29;35;47;49,8;13;47,True,baseline:0.223526
qore_as_control,nq_98,0.16666666666666666,0.4,0.8701348965660696,0.12986510343393043,0.0,0.0,11.219474999961676,356.810674000144,True,0;2;33;47;48,0;1;7;10;11;18;24;25;26;28;36;48,True,baseline:0.171553
qore_as_control,nq_99,1.0,0.4,0.800688057073935,0.19931194292606502,0.0,0.4444444444444445,11.369602999820927,258.54269900014515,True,0;3;4;5;19,0;4,True,baseline:0.154522
qore_as_control,nq_100,0.42857142857142855,0.6,0.8360494764035818,0.16395052359641815,0.0,0.0,11.47697600003994,176.1852000001909,True,5;7;17;32;45,0;2;5;17;39;43;45,True,baseline:0.153190
qore_as_control,nq_101,0.2222222222222222,0.4,0.7539550120356822,0.24604498796431784,0.0,0.7499999999999999,11.41006600005312,248.74019300000327,True,1;2;10;20;32,1;2;13;23;24;26;31;40;45,True,baseline:0.157602
qore_as_control,nq_102,0.42857142857142855,0.6,0.7597615634251296,0.24023843657487043,1.0,1.0,11.19788700020763,171.1299770001915,True,2;6;24;26;44,0;2;6;16;17;26;29,True,baseline:0.160337
qore_as_control,nq_103,0.0,0.0,0.7577268664444702,0.24227313355552982,0.0,0.0,11.344925000003059,296.370152999998,True,4;5;19;24;27,10,True,baseline:0.157636
qore_as_control,nq_104,1.0,0.2,0.8686048803550268,0.1313951196449732,0.0,0.6666666666666665,11.212616999955571,253.06354300005296,True,1;20;21;29;40,1,True,baseline:0.157878
qore_as_control,nq_105,0.125,1.0,0.793148969370737,0.20685103062926302,0.0,0.6666666666666666,11.334394999948927,256.46736599992437,True,14;30;32;46;48,0;1;2;3;4;5;6;7;8;12;13;14;15;16;17;18;19;20;22;23;25;26;27;28;29;30;32;35;36;37;38;40;41;42;44;45;46;47;48;49,True,baseline:0.150231
qore_as_control,nq_106,,0.0,0.7688059856294476,0.23119401437055243,0.0,0.0,11.466967999922417,192.00178999994932,False,9;14;19;34;46,,True,baseline:0.151449
qore_as_control,nq_107,,0.0,0.8576747965199193,0.1423252034800807,0.0,0.0,11.433869000029517,276.29095799989045,False,0;1;2;5;8,,True,baseline:0.150401
qore_as_control,nq_108,0.25,0.6,0.8449188994420638,0.15508110055793622,1.0,1.0,11.218539000083183,171.6269700000339,True,2;3;36;47;48,2;3;5;6;12;14;24;29;36;40;42;43,True,baseline:0.158282
qore_as_control,nq_109,,0.0,0.7007157105963577,0.29928428940364227,0.0,0.0,11.34458300020924,193.31013999999413,False,8;32;39;46;47,,True,baseline:0.147705
qore_as_control,nq_110,,0.0,0.735735644299725,0.26426435570027496,0.0,0.4,11.298114000055648,233.2142620000468,False,4;9;17;34;46,,True,baseline:0.155008
qore_as_control,nq_111,,0.0,0.8901095037365003,0.10989049626349967,0.0,0.0,11.24520999997003,213.75386599993362,False,0;13;26;27;45,,True,baseline:0.164710
qore_as_control,nq_112,0.25,1.0,0.8449998608077905,0.15500013919220945,0.0,0.5,11.247206000007282,236.17804700006673,True,8;17;24;26;33,0;1;2;3;4;5;6;7;8;9;13;15;17;24;26;29;33;38;44;49,True,baseline:0.154251
qore_as_control,nq_113,0.5,0.4,0.7254196632761263,0.2745803367238737,0.0,0.4,11.353941999914241,277.738103000047,True,0;1;4;16;27,0;1;6;40,True,baseline:0.179933
qore_as_control,nq_114,1.0,0.2,0.8434680062672809,0.1565319937327191,0.0,0.28571428571428575,11.362952999888876,244.14735200002724,True,13;19;23;30;37,37,True,baseline:0.200318
qore_as_control,nq_115,0.5,0.2,0.7047744556625268,0.29522554433747317,1.0,1.0,11.265948000072967,219.67236499995124,True,0;23;25;28;33,0;7,True,baseline:0.181109
qore_as_control,nq_116,0.22727272727272727,1.0,0.9464443923215111,0.05355560767848888,0.0,0.6666666666666666,11.225022999951761,178.67346299999554,True,0;1;2;5;8,0;1;2;3;5;8;10;12;13;23;26;27;28;29;31;33;37;39;41;42;44;47,True,baseline:0.173860
qore_as_control,nq_117,0.0,0.0,0.842361266390849,0.15763873360915104,0.0,0.0,11.20294800011834,197.45349700019688,True,10;34;38;40;49,3;4,True,baseline:0.158874
qore_as_control,nq_118,,0.0,0.7283334528893339,0.27166654711066607,0.0,0.0,11.191276000090511,415.5289889999949,False,4;6;17;29;45,,True,baseline:0.160207
qore_as_control,nq_119,0.2,0.2,0.8427755450798046,0.15722445492019543,1.0,1.0,11.315717999877961,197.4193999999443,True,5;10;11;22;43,0;8;11;15;19,True,baseline:0.163277
qore_as_control,nq_120,0.5,0.4,0.7455943281907123,0.25440567180928775,1.0,1.0,11.23980100010158,176.48203499993542,True,0;4;11;16;21,0;2;4;5,True,baseline:0.163807
qore_as_control,nq_121,0.23076923076923078,0.6,0.7792417385228149,0.22075826147718514,0.0,0.5714285714285715,11.224879000110377,286.22179699982553,True,10;18;29;34;40,0;7;10;12;17;18;26;28;29;45;46;48;49,True,baseline:0.167723
qore_as_control,nq_122,,0.0,0.7727713726849235,0.22722862731507654,0.0,0.6666666666666666,11.23866500006443,221.8092630000683,False,4;12;15;43;48,,True,baseline:0.143962
qore_as_control,nq_123,0.16666666666666666,0.2,0.7669353862106378,0.23306461378936216,1.0,1.0,11.228716000005079,218.21799400004238,True,4;33;41;45;47,1;2;4;6;7;12,True,baseline:0.151630
qore_as_control,nq_124,1.0,0.2,0.6442077852313124,0.3557922147686876,1.0,1.0,11.45665499984716,202.45395100005226,True,3;4;34;42;47,4,True,baseline:0.149606
qore_as_control,nq_125,0.25,0.6,0.7352406580159325,0.2647593419840675,0.0,0.6666666666666666,11.351071000035517,179.95146500015835,True,0;1;4;26;36,0;1;2;4;5;6;7;8;10;21;40;47,True,baseline:0.159507
qore_as_control,nq_126,0.3333333333333333,0.2,0.6652558434274194,0.3347441565725806,1.0,1.0,11.846472000115682,156.95384499986176,True,4;7;13;34;42,0;1;4,True,baseline:0.151983
qore_as_control,nq_127,0.5,0.4,0.7377998458095565,0.2622001541904435,1.0,1.0,11.18433500005267,176.06280599989077,True,0;1;4;24;39,0;1;3;7,True,baseline:0.155585
qore_as_control,nq_128,0.375,0.6,0.8123191957317971,0.18768080426820288,1.0,1.0,11.15673100002823,154.84808899987001,True,0;4;10;24;35,0;4;9;15;28;33;35;44,True,baseline:0.165248
qore_as_control,nq_129,0.2222222222222222,0.4,0.7370344831346168,0.26296551686538316,0.0,0.0,11.136510999904203,177.0171940002001,True,10;25;28;29;33,0;1;5;6;9;10;33;37;48,True,baseline:0.144609
qore_as_control,nq_130,,0.0,0.7940226502470022,0.20597734975299775,1.0,1.0,11.370367000154147,215.52088799990088,False,4;12;13;14;26,,True,baseline:0.179178
qore_as_control,nq_131,0.14285714285714285,0.2,0.8652190216258504,0.1347809783741496,0.0,0.0,11.219686999993428,235.412530000076,True,4;5;11;34;41,0;4;15;20;23;43;46,True,baseline:0.173757
qore_as_control,nq_132,0.0,0.0,0.8171247351908736,0.18287526480912641,0.0,0.0,11.357374999988679,196.93404899999223,True,0;5;6;20;33,9;18;19;28,True,baseline:0.169876
qore_as_control,nq_133,0.2,0.2,0.8272279140830274,0.17277208591697257,0.0,0.4,11.194570000043313,194.25779900007,True,22;26;28;35;47,2;5;9;31;47,True,baseline:0.163045
qore_as_control,nq_134,0.5,0.4,0.773066629656953,0.22693337034304695,0.0,0.0,11.1836220000896,253.46410000020114,True,3;6;19;32;48,0;3;5;6,True,baseline:0.168378
qore_as_control,nq_135,0.0,0.0,0.6389181590582893,0.3610818409417107,0.0,0.0,11.14153499997883,193.72541000007004,True,4;27;32;43;47,0;20;28;38,True,baseline:0.147756
qore_as_control,nq_136,1.0,0.2,0.6164406131801936,0.3835593868198064,0.0,0.6666666666666666,11.21333100013544,364.04162000008,True,7;16;18;21;35,21,True,baseline:0.157988
qore_as_control,nq_137,0.5,0.2,0.7618146121140696,0.23818538788593036,0.0,0.2857142857142857,11.192046000132905,685.7839480001076,True,0;4;8;43;47,0;3,True,baseline:0.153225
qore_as_control,nq_138,,0.0,0.777208464312489,0.22279153568751098,0.0,0.0,11.225343999967663,297.5774619999356,False,5;18;25;26;37,,True,baseline:0.163551
qore_as_control,nq_139,,0.0,0.656647186732284,0.34335281326771605,0.0,0.0,11.132026999803202,152.46420399989802,False,0;3;4;6;31,,True,baseline:0.182280
qore_as_control,nq_140,1.0,0.4,0.8715623286380101,0.1284376713619899,1.0,1.0,11.36061600004723,248.79665600019507,True,1;6;7;16;21,1;6,True,baseline:0.155375
qore_as_control,nq_141,0.15625,1.0,0.8469424092156383,0.15305759078436165,0.0,0.0,11.172323999971923,193.7180630000057,True,14;24;33;35;45,2;3;5;7;11;13;14;16;18;19;20;21;22;23;24;25;26;29;30;31;32;33;34;35;36;37;39;44;45;46;47;48,True,baseline:0.156714
qore_as_control,nq_142,0.125,1.0,0.8491524205466202,0.1508475794533798,0.0,0.0,11.108963999959087,275.97414899992145,True,4;6;10;37;41,0;1;2;3;4;5;6;7;8;9;10;11;12;13;14;15;16;17;18;19;20;21;22;23;24;25;26;28;30;31;36;37;39;41;42;43;44;45;47;49,True,baseline:0.154139
qore_as_control,nq_143,0.6666666666666666,0.4,0.7396299247987199,0.2603700752012801,1.0,1.0,11.195794999821373,280.18358700001045,True,15;26;34;45;47,6;26;47,True,baseline:0.158455
qore_as_control,nq_144,0.23809523809523808,1.0,0.8813945156728407,0.11860548432715934,0.0,0.8,11.148103000095944,192.87466100013262,True,5;28;36;39;43,0;1;3;4;5;6;8;11;12;20;21;22;28;29;36;39;40;41;43;45;48,True,baseline:0.166686
qore_as_control,nq_145,0.0,0.0,0.7651819965285324,0.23481800347146764,0.0,0.0,11.196001999906002,234.04733500001385,True,17;18;25;30;33,8,True,baseline:0.167760
qore_as_control,nq_146,0.42857142857142855,0.6,0.7660852427250855,0.2339147572749145,1.0,1.0,11.124304000077245,214.37704700019822,True,9;14;22;27;46,2;6;8;9;14;22;33,True,baseline:0.166010
qore_as_control,nq_147,0.6,0.6,0.7291558225464201,0.2708441774535799,1.0,1.0,11.177429000099437,275.41553399987606,True,6;11;16;40;44,0;6;8;11;40,True,baseline:0.175871
qore_as_control,nq_148,0.6666666666666666,0.8,0.888906527348183,0.11109347265181702,0.0,0.5714285714285715,11.326648000022033,276.1890479998783,True,0;1;6;11;22,0;1;4;6;17;22,True,baseline:0.154809
qore_as_control,nq_149,1.0,0.4,0.8490293243660301,0.15097067563396993,0.0,0.28571428571428575,11.234579000074518,295.5810539999675,True,2;4;6;12;38,2;4,True,baseline:0.158224
qore_as_control,nq_150,,0.0,0.7100675979290155,0.2899324020709845,0.0,0.0,11.38604600009785,234.2655160000504,False,9;16;29;31;36,,True,baseline:0.163518
qore_as_control,nq_151,0.3333333333333333,0.4,0.8791730666282416,0.12082693337175843,0.0,0.5,11.238346000027377,255.92003400015528,True,0;1;4;10;22,4;6;18;22;28;38,True,baseline:0.164098
qore_as_control,nq_152,1.0,0.4,0.8571879021623257,0.14281209783767435,0.0,0.8,11.307249000083175,195.73717899993426,True,0;1;2;6;20,0;1,True,baseline:0.165653
qore_as_control,nq_153,0.3333333333333333,0.2,0.714457457785393,0.28554254221460695,1.0,1.0,11.233777000143164,192.1489600001678,True,2;11;12;30;46,0;1;46,True,baseline:0.161545
qore_as_control,nq_154,,0.0,0.8810327436942466,0.11896725630575344,0.0,0.0,11.245849000033559,233.41004999997494,False,2;9;10;15;42,,True,baseline:0.166170
qore_as_control,nq_155,,0.0,0.6725530340256641,0.32744696597433587,0.0,0.0,11.353573999940636,212.0923979998679,False,7;18;22;33;42,,True,baseline:0.151488
qore_as_control,nq_156,0.1875,0.6,0.8825600566606789,0.11743994333932106,0.0,0.6666666666666666,11.22292600007313,192.9028140000355,True,1;3;7;9;16,0;3;4;5;6;7;8;14;16;17;24;27;39;42;43;49,True,baseline:0.159060
qore_as_control,nq_157,1.0,0.6,0.7270359531888193,0.2729640468111807,0.0,0.5,11.23744100004842,215.04448399991816,True,0;1;10;31;49,0;1;49,True,baseline:0.161013
qore_as_control,nq_158,,0.0,0.666841262445353,0.333158737554647,0.0,0.0,11.288989999911792,253.77722500002164,False,14;22;25;45;47,,True,baseline:0.185114
qore_as_control,nq_159,0.0,0.0,0.7145377569418242,0.2854622430581758,0.0,0.0,11.225795999962429,174.93865500000538,True,15;17;25;27;40,32;49,True,baseline:0.163534
qore_as_control,nq_160,1.0,0.2,0.7405512967891585,0.25944870321084146,0.0,0.0,11.333216999901197,234.82213500005855,True,4;12;25;41;48,4,True,baseline:0.160649
qore_as_control,nq_161,0.2,0.2,0.8251619575527271,0.17483804244727286,0.0,0.0,11.193682000111949,253.6078290002024,True,2;27;39;42;46,2;12;21;25;32,True,baseline:0.191076
qore_as_control,nq_162,1.0,0.8,0.7827820481251692,0.21721795187483084,1.0,1.0,11.372055000038017,237.25624899998365,True,1;4;6;17;46,1;4;17;46,True,baseline:0.159002
qore_as_control,nq_163,,0.0,0.7001609607152997,0.29983903928470035,0.0,0.8,11.293045000002166,192.43462800000088,False,1;2;4;30;34,,True,baseline:0.157334
qore_as_control,nq_164,1.0,0.4,0.7277034887488416,0.2722965112511584,0.0,0.0,11.310836000120617,214.7726819998752,True,4;30;32;40;49,4;32,True,baseline:0.153359
qore_as_control,nq_165,0.75,0.6,0.721467143240701,0.27853285675929895,1.0,1.0,11.383247000139818,217.1972899998309,True,3;5;6;12;17,0;3;5;12,True,baseline:0.154296
qore_as_control,nq_166,0.3333333333333333,0.2,0.802017314591497,0.19798268540850295,1.0,1.0,11.322128999836423,279.52805700010686,True,0;4;11;12;16,0;1;2,True,baseline:0.163969
qore_as_control,nq_167,0.6666666666666666,0.4,0.8129930450157558,0.18700695498424424,1.0,1.0,11.326967000059085,214.3514409999625,True,2;4;24;26;27,4;5;24,True,baseline:0.170354
qore_as_control,nq_168,0.2,0.2,0.811975466054936,0.18802453394506402,0.0,0.3333333333333333,11.323195999921154,278.49318800008405,True,4;5;14;21;31,0;4;17;19;39,True,baseline:0.171345
qore_as_control,nq_169,0.058823529411764705,0.2,0.8388943975212303,0.1611056024787697,0.0,0.0,11.353551999945921,216.02918700000373,True,10;14;22;28;48,0;1;4;6;8;15;17;18;19;20;22;25;31;33;41;44;46,True,baseline:0.182003
qore_as_control,nq_170,0.16666666666666666,0.2,0.8395563012593872,0.16044369874061282,0.0,0.4,11.300438000034774,256.1766080000325,True,0;2;4;7;30,0;1;5;8;21;45,True,baseline:0.178666
qore_as_control,nq_171,0.375,0.6,0.8652156225826886,0.13478437741731142,0.0,0.8,11.282481000080224,212.25092999998196,True,2;16;24;27;32,2;4;6;15;24;32;42;44,True,baseline:0.163329
qore_as_control,nq_172,,0.0,0.6488765919871285,0.35112340801287145,0.0,0.0,11.279576000106317,187.97313300001406,False,8;34;46;47;49,,True,baseline:0.163159
qore_as_control,nq_173,1.0,0.4,0.8904616751255251,0.1095383248744749,1.0,1.0,11.461090000011609,173.25012399987827,True,0;1;2;3;29,0;1,True,baseline:0.179942
qore_as_control,nq_174,0.3333333333333333,0.6,0.8105775755463419,0.1894224244536581,1.0,1.0,11.556788000007145,254.89929399986977,True,0;3;6;10;12,0;2;6;8;9;12;17;28;45,True,baseline:0.151725
qore_as_control,nq_175,0.25,0.6,0.7173403260561949,0.2826596739438051,0.0,0.6,11.299442000108684,400.61257399997885,True,8;13;17;22;25,0;1;2;3;4;5;6;8;17;22;23;44,True,baseline:0.173842
qore_as_control,nq_176,,0.0,0.7713437931181257,0.22865620688187427,0.0,0.0,12.605418000021018,216.24613500011947,False,0;2;8;36;47,,True,baseline:0.194994
qore_as_control,nq_177,0.07692307692307693,0.2,0.802719988864865,0.19728001113513505,0.0,0.0,11.230621000095198,254.6866879999925,True,8;12;15;17;36,5;7;12;13;18;20;21;31;34;37;39;43;47,True,baseline:0.162599
qore_as_control,nq_178,0.3333333333333333,0.6,0.832698252625508,0.167301747374492,0.0,0.4,11.126070000045729,214.18538900002204,True,2;24;37;40;46,2;5;17;21;24;26;28;34;46,True,baseline:0.161922
qore_as_control,nq_179,,0.0,0.6667270105069406,0.3332729894930594,0.0,0.0,11.33351299995411,233.55301900005543,False,3;20;28;29;36,,True,baseline:0.179010
qore_as_control,nq_180,0.25,0.2,0.8274921466995517,0.17250785330044827,0.0,0.6666666666666666,11.123484999870925,338.2178340000337,True,10;13;14;38;42,1;5;13;41,True,baseline:0.152541
qore_as_control,nq_181,1.0,0.4,0.7808408263231523,0.21915917367684767,1.0,1.0,11.30228400006672,234.42279599998983,True,5;17;30;42;48,17;30,True,baseline:0.156653
qore_as_control,nq_182,,0.0,0.680650005088031,0.319349994911969,0.0,0.0,11.222069000041301,279.63631400007216,False,1;3;35;36;39,,True,baseline:0.157939
qore_as_control,nq_183,0.0,0.0,0.6278008647688829,0.37219913523111714,0.0,0.3333333333333333,11.394439000014245,235.02130900010343,True,2;17;21;38;43,12;27;29;49,True,baseline:0.177172
qore_as_control,nq_184,0.5,0.4,0.8289451448847498,0.1710548551152502,0.0,0.25,11.282728999958636,235.79734200006897,True,0;2;15;28;36,0;2;4;9,True,baseline:0.161803
qore_as_control,nq_185,,0.0,0.6993636784822674,0.30063632151773256,0.0,0.0,11.361094999983834,269.0872449998096,False,20;25;37;43;48,,True,baseline:0.196162
qore_as_control,nq_186,0.36363636363636365,0.8,0.8177049319897998,0.18229506801020023,1.0,1.0,11.505922000196733,199.90813499998694,True,2;6;7;22;23,0;2;6;7;13;15;18;22;34;38;49,True,baseline:0.188424
qore_as_control,nq_187,0.3333333333333333,0.2,0.7784468621893893,0.2215531378106107,1.0,1.0,11.320607000016025,197.60379600006672,True,0;2;9;12;30,0;5;17,True,baseline:0.176419
qore_as_control,nq_188,1.0,0.2,0.6682250384102588,0.3317749615897412,1.0,1.0,11.252497999976185,214.6265169999424,True,8;25;33;38;40,40,True,baseline:0.170078
qore_as_control,nq_189,,0.0,0.6510085577313012,0.3489914422686988,0.0,0.0,11.503542000127709,174.3567080000048,False,0;1;2;19;29,,True,baseline:0.169562
qore_as_control,nq_190,0.75,0.6,0.8298663797050783,0.17013362029492174,1.0,1.0,11.276533999989624,195.75823300010597,True,0;3;15;19;41,0;3;15;17,True,baseline:0.171044
qore_as_control,nq_191,0.4444444444444444,0.8,0.7913629567748725,0.20863704322512755,1.0,1.0,11.236268000175187,234.94937799978288,True,0;8;29;36;47,0;2;6;8;9;30;35;36;47,True,baseline:0.155415
qore_as_control,nq_192,0.3333333333333333,0.2,0.7762841816988371,0.22371581830116294,0.0,0.0,11.140363999857072,193.0660689999968,True,0;3;6;13;37,3;11;22,True,baseline:0.187360
qore_as_control,nq_193,,0.0,0.7972534296949242,0.2027465703050758,0.0,0.0,11.221262999924875,155.33029500011253,False,5;8;29;31;41,,True,baseline:0.155023
qore_as_control,nq_194,1.0,0.6,0.7197537680083782,0.2802462319916218,1.0,1.0,11.262263999924471,275.23198699987006,True,0;1;15;19;40,0;1;19,True,baseline:0.155791
qore_as_control,nq_195,,0.0,0.9412237308935343,0.05877626910646572,0.0,0.0,11.261546000014278,296.4422839997951,False,8;10;22;30;40,,True,baseline:0.167240
qore_as_control,nq_196,0.2857142857142857,0.8,0.7703895960752085,0.22961040392479148,0.0,0.4444444444444445,11.21767900008308,695.472466000183,True,0;11;12;16;46,0;1;5;6;10;12;15;16;22;26;37;38;45;46,True,baseline:0.163230
qore_as_control,nq_197,1.0,0.2,0.8366675199396593,0.16333248006034073,0.0,0.7499999999999999,11.348894000093424,194.14569100013068,True,1;3;4;12;32,1,True,baseline:0.181874
qore_as_control,nq_198,0.35714285714285715,1.0,0.8340737711705757,0.16592622882942432,0.0,0.0,11.495069999909902,213.37490999985675,True,4;20;21;37;45,0;1;4;5;11;12;15;16;18;20;21;37;45;48,True,baseline:0.167206
qore_as_control,nq_199,0.25,0.4,0.778359619071723,0.22164038092827698,1.0,1.0,11.20480999998108,216.25844099980895,True,7;10;19;29;34,1;7;9;11;16;17;19;45,True,baseline:0.155499
cohesion_fixed,nq_0,0.5,0.4,0.8541128623045979,0.14588713769540207,0.0,0.8571428571428571,11.99913799996466,508.37916799991945,True,0;1;25;32;37,0;1;4;38,True,baseline:0.228622;cohesion:0.294031
cohesion_fixed,nq_1,0.3333333333333333,0.4,0.7231898500225278,0.2768101499774722,0.0,0.5714285714285715,11.578338999925109,240.2791800000159,True,1;12;30;43;48,0;1;7;9;14;30,True,baseline:0.201377;cohesion:0.260718
cohesion_fixed,nq_2,0.23076923076923078,0.6,0.6961108830999511,0.30388911690004894,1.0,1.0,11.429532999954972,175.8476069999233,True,0;1;32;37;47,0;1;6;7;16;19;22;23;32;33;35;38;45,True,baseline:0.192609;cohesion:0.268359
cohesion_fixed,nq_3,0.625,1.0,0.8856787463091609,0.11432125369083912,0.0,0.0,11.429381999960242,283.0533460000879,True,4;29;37;45;49,4;6;24;29;37;45;47;49,True,baseline:0.151522;cohesion:0.222493
cohesion_fixed,nq_4,0.4,0.8,0.8538989055969182,0.14610109440308183,0.0,0.8,11.436539000214907,197.20985699996163,True,0;16;26;29;40,0;3;7;16;24;26;27;33;40;47,True,baseline:0.162290;cohesion:0.233562
cohesion_fixed,nq_5,0.0,0.0,0.8888063393982742,0.11119366060172575,0.0,0.0,11.69294200008153,241.58569600012925,True,0;5;8;10;21,19;44,True,baseline:0.202246;cohesion:0.266493
cohesion_fixed,nq_6,0.0,0.0,0.9058967500802556,0.09410324991974439,0.0,0.0,11.45836099999542,260.9250120001434,True,0;3;5;11;12,9;33,True,baseline:0.188499;cohesion:0.256297
cohesion_fixed,nq_7,,0.0,0.9030805196519799,0.09691948034802012,0.0,0.6666666666666666,11.355977999983224,199.41713100001834,False,4;9;34;42;49,,True,baseline:0.166740;cohesion:0.237255
cohesion_fixed,nq_8,,0.0,0.625220254602515,0.37477974539748504,0.0,0.28571428571428575,11.423774999911984,239.20163000002503,False,1;7;18;39;43,,True,baseline:0.157071;cohesion:0.231477
cohesion_fixed,nq_9,,0.0,0.8074523201595352,0.19254767984046484,0.0,0.5,11.50623200010159,177.9943500000627,False,15;19;34;43;48,,True,baseline:0.150816;cohesion:0.221297
cohesion_fixed,nq_10,0.2857142857142857,0.8,0.7949576893064805,0.20504231069351952,1.0,1.0,11.309375999871918,198.06223099999443,True,5;8;11;42;46,0;1;2;3;5;8;9;11;14;17;23;36;39;42,True,baseline:0.149614;cohesion:0.215281
cohesion_fixed,nq_11,0.75,0.6,0.7769646693458949,0.22303533065410508,1.0,1.0,11.313710999957038,220.08806400003778,True,0;3;14;32;37,3;7;14;37,True,baseline:0.150639;cohesion:0.219117
cohesion_fixed,nq_12,0.3333333333333333,0.2,0.7706736545523188,0.22932634544768116,0.0,0.0,11.556036000001768,219.44859300015196,True,0;14;21;29;39,0;1;41,True,baseline:0.168766;cohesion:0.222610
cohesion_fixed,nq_13,0.7142857142857143,1.0,0.8473733470427754,0.15262665295722455,1.0,1.0,11.432995999939521,197.5156060000245,True,0;1;4;5;31,0;1;3;4;5;16;31,True,baseline:0.148771;cohesion:0.222235
cohesion_fixed,nq_14,0.2,0.2,0.7280395526872177,0.27196044731278235,0.0,0.5,11.362296000015704,393.84023899992826,True,10;11;28;31;45,0;1;2;9;11,True,baseline:0.153924;cohesion:0.221554
cohesion_fixed,nq_15,,0.0,0.6727730841400221,0.3272269158599779,0.0,0.0,11.315170999978363,199.47576499998831,False,15;17;18;36;49,,True,baseline:0.153100;cohesion:0.219554
cohesion_fixed,nq_16,0.5,0.2,0.7973541831371616,0.20264581686283845,0.0,0.7499999999999999,11.41548700002204,240.8446780000304,True,5;7;27;43;46,4;27,True,baseline:0.146211;cohesion:0.213085
cohesion_fixed,nq_17,0.2,0.2,0.8234791843263715,0.17652081567362854,1.0,1.0,11.334382000086407,197.08220000006804,True,1;13;20;22;29,8;12;22;27;28,True,baseline:0.154812;cohesion:0.223039
cohesion_fixed,nq_18,0.05263157894736842,0.2,0.8053153524811634,0.19468464751883663,0.0,0.5,11.41069499999503,196.47527799997988,True,3;10;18;34;41,0;1;2;4;5;6;7;10;16;17;20;22;25;27;33;36;37;43;49,True,baseline:0.146288;cohesion:0.216860
cohesion_fixed,nq_19,0.2,1.0,0.7832095675627189,0.21679043243728113,0.0,0.0,11.355671000046641,200.4175669999313,True,0;9;11;18;27,0;1;2;3;4;5;6;8;9;11;12;13;15;17;18;21;23;27;31;32;36;43;45;47;49,True,baseline:0.149443;cohesion:0.215608
cohesion_fixed,nq_20,0.5,0.4,0.8389580345605078,0.16104196543949223,0.0,0.0,11.361023000063142,242.2788420001325,True,0;6;9;30;42,0;21;42;48,True,baseline:0.149713;cohesion:0.231196
cohesion_fixed,nq_21,0.5,0.4,0.6364021472600682,0.36359785273993184,0.0,0.33333333333333337,11.290044999896054,308.7275549999049,True,0;1;23;25;30,0;1;3;16,True,baseline:0.149032;cohesion:0.217446
cohesion_fixed,nq_22,0.3333333333333333,0.8,0.7779250985182056,0.22207490148179443,0.0,0.6666666666666666,11.44708099991476,175.462078999999,True,0;3;5;26;30,0;3;5;12;17;22;24;26;28;31;34;48,True,baseline:0.153659;cohesion:0.220642
cohesion_fixed,nq_23,0.75,0.6,0.8251881144429756,0.17481188555702443,1.0,1.0,11.402702000168574,176.36532999995325,True,5;7;8;33;34,5;8;31;33,True,baseline:0.156430;cohesion:0.225089
cohesion_fixed,nq_24,1.0,0.8,0.9102010331457286,0.08979896685427136,1.0,1.0,11.350307999919096,221.54664899994714,True,0;1;2;4;7,0;2;4;7,True,baseline:0.158759;cohesion:0.230244
cohesion_fixed,nq_25,0.3333333333333333,0.8,0.7718850651428916,0.22811493485710843,0.0,0.5,11.350851000088369,218.54920700002367,True,7;15;19;24;43,0;3;5;15;19;24;34;37;41;42;43;45,True,baseline:0.154781;cohesion:0.225243
cohesion_fixed,nq_26,,0.0,0.6727415658000853,0.32725843419991474,0.0,0.0,11.486932000025263,242.13590699991983,False,8;23;29;45;46,,True,baseline:0.151733;cohesion:0.258200
cohesion_fixed,nq_27,1.0,0.2,0.6411275353263264,0.3588724646736736,0.0,0.8,11.283178999974552,283.88520800012884,True,0;13;14;20;29,0,True,baseline:0.168281;cohesion:0.223663
cohesion_fixed,nq_28,0.35714285714285715,1.0,0.8423135163671047,0.15768648363289528,0.0,0.6666666666666666,11.3527299999987,200.04272400001355,True,14;31;32;35;40,0;1;3;11;14;15;18;25;28;31;32;35;40;45,True,baseline:0.151160;cohesion:0.219097
cohesion_fixed,nq_29,0.5,0.2,0.8546793899849771,0.14532061001502294,0.0,1.0,11.517071999833206,265.2458359998491,True,2;4;9;10;22,1;2,True,baseline:0.147951;cohesion:0.219398
cohesion_fixed,nq_30,0.5,0.8,0.7933957345585538,0.20660426544144617,1.0,1.0,11.269130000073346,285.1537819999521,True,0;1;25;27;33,0;1;3;6;10;25;27;29,True,baseline:0.148274;cohesion:0.233090
cohesion_fixed,nq_31,1.0,0.2,0.8118790882970668,0.1881209117029332,1.0,1.0,11.409467000021323,175.06983599992054,True,0;3;5;6;44,0,True,baseline:0.152554;cohesion:0.239092
cohesion_fixed,nq_32,,0.0,0.78840390451779,0.21159609548221003,0.0,0.5,11.428787999875567,175.60031400012122,False,3;5;15;19;32,,True,baseline:0.161764;cohesion:0.228753
cohesion_fixed,nq_33,0.0,0.0,0.6037403700293253,0.39625962997067465,0.0,0.8,11.427290000028734,221.87411100003374,True,5;28;31;39;47,0;6,True,baseline:0.157239;cohesion:0.229571
cohesion_fixed,nq_34,0.4,0.4,0.8244662323566813,0.17553376764331874,0.0,0.0,11.604214000044522,284.0032970000266,True,2;6;7;8;31,1;4;8;13;31,True,baseline:0.161429;cohesion:0.232518
cohesion_fixed,nq_35,1.0,0.6,0.900795916497173,0.09920408350282695,1.0,1.0,11.393893000104072,263.350274000004,True,3;5;6;11;15,3;5;6,True,baseline:0.151967;cohesion:0.235940
cohesion_fixed,nq_36,0.0,0.0,0.7486184147000069,0.2513815852999931,0.0,0.0,11.329525000064677,197.19111300014447,True,3;17;20;27;31,5;7,True,baseline:0.149777;cohesion:0.237006
cohesion_fixed,nq_37,0.75,0.6,0.7393257980810525,0.2606742019189475,1.0,1.0,11.303905999966446,262.6252879999811,True,0;3;17;30;33,0;3;23;30,True,baseline:0.166628;cohesion:0.226558
cohesion_fixed,nq_38,0.2777777777777778,1.0,0.8587860043478145,0.1412139956521855,0.0,0.8,11.381184000128997,349.3833980001,True,0;5;6;8;11,0;1;2;3;4;5;6;7;8;11;17;19;25;26;31;33;45;47,True,baseline:0.152366;cohesion:0.221542
cohesion_fixed,nq_39,0.05555555555555555,0.2,0.8500325287756467,0.14996747122435328,0.0,0.5,11.352427000019816,200.12616400003935,True,0;1;27;41;47,2;3;4;6;8;10;11;15;16;19;23;33;38;40;43;44;45;47,True,baseline:0.154075;cohesion:0.227487
cohesion_fixed,nq_40,,0.0,0.8863373361045189,0.11366266389548108,0.0,0.0,11.426381000092078,462.26026399995135,False,1;6;13;30;34,,True,baseline:0.182110;cohesion:0.226826
cohesion_fixed,nq_41,,0.0,0.8029609282684909,0.19703907173150914,0.0,0.0,11.83084800004508,394.9785590000374,False,8;12;17;31;42,,True,baseline:0.152566;cohesion:0.255069
cohesion_fixed,nq_42,0.75,0.6,0.8090624904723966,0.19093750952760336,1.0,1.0,11.506763999932446,199.35768699997425,True,0;13;14;17;21,0;14;21;29,True,baseline:0.145658;cohesion:0.262221
cohesion_fixed,nq_43,,0.0,0.6789006493212651,0.32109935067873485,0.0,0.0,11.425744000007398,243.60971800001607,False,8;26;34;35;36,,True,baseline:0.146413;cohesion:0.239097
cohesion_fixed,nq_44,0.0,0.0,0.8591387544363798,0.14086124556362023,0.0,0.0,11.396074000003864,199.5326070000374,True,0;5;25;41;44,47,True,baseline:0.149069;cohesion:0.228009
cohesion_fixed,nq_45,0.11904761904761904,1.0,0.8518551726209793,0.14814482737902068,0.0,0.5,11.490553000157888,225.41231000013795,True,6;11;35;40;49,0;1;2;3;4;5;6;7;8;10;11;13;14;15;16;17;19;20;23;24;25;26;27;28;29;30;31;32;33;35;36;37;39;40;41;43;44;45;46;47;48;49,True,baseline:0.153537;cohesion:0.234569
cohesion_fixed,nq_46,0.0,0.0,0.8462928316981531,0.15370716830184694,0.0,0.0,11.416269000164903,289.8489060000884,True,10;20;22;28;29,8;9;12,True,baseline:0.143868;cohesion:0.226359
cohesion_fixed,nq_47,0.25,0.4,0.8723644402056744,0.12763555979432561,0.0,0.5,11.525911000035194,266.3690479998877,True,2;16;19;29;36,2;6;9;22;36;38;40;43,True,baseline:0.147946;cohesion:0.221500
cohesion_fixed,nq_48,0.18181818181818182,0.4,0.7677023478348122,0.23229765216518783,0.0,0.0,11.4984800000002,264.8244900001373,True,1;2;3;25;34,0;1;2;4;6;7;9;16;18;41;47,True,baseline:0.148602;cohesion:0.244320
cohesion_fixed,nq_49,0.3333333333333333,0.2,0.7771856230505068,0.22281437694949324,0.0,0.0,11.419238000144105,264.9004840000089,True,1;6;20;41;45,10;21;45,True,baseline:0.144969;cohesion:0.234764
cohesion_fixed,nq_50,,0.0,0.7594973493197579,0.24050265068024212,0.0,0.28571428571428575,11.63112600011118,221.65633600002366,False,3;12;17;28;29,,True,baseline:0.173861;cohesion:0.236786
cohesion_fixed,nq_51,0.09523809523809523,0.4,0.8417895760075063,0.15821042399249374,1.0,1.0,11.627610000005006,172.84951099986756,True,31;34;42;43;49,2;3;4;5;6;15;17;19;20;21;22;25;26;28;29;37;38;40;42;43;45,True,baseline:0.187330;cohesion:0.251937
cohesion_fixed,nq_52,,0.0,0.6580139092928325,0.34198609070716746,0.0,0.0,11.375809000128356,173.98046200014505,False,11;23;26;34;39,,True,baseline:0.189531;cohesion:0.228365
cohesion_fixed,nq_53,0.17647058823529413,0.6,0.7091926641087198,0.29080733589128016,0.0,0.6666666666666666,11.372344999927009,232.9901810001047,True,16;17;41;43;44,0;3;4;7;9;11;13;14;22;28;34;37;41;43;44;45;46,True,baseline:0.148095;cohesion:0.222367
cohesion_fixed,nq_54,0.2,0.2,0.8342245564672475,0.16577544353275253,0.0,0.0,11.366292000047906,234.7948130000077,True,2;21;22;40;42,1;13;34;42;47,True,baseline:0.150030;cohesion:0.219590
cohesion_fixed,nq_55,0.3333333333333333,0.4,0.7929647419852625,0.20703525801473754,1.0,1.0,11.404121999930794,212.29793399993468,True,3;15;27;46;47,3;13;15;18;26;37,True,baseline:0.150056;cohesion:0.216190
cohesion_fixed,nq_56,,0.0,0.7388401911112723,0.2611598088887277,0.0,0.0,11.438596000061807,172.7702760001648,False,26;28;36;40;48,,True,baseline:0.148848;cohesion:0.219898
cohesion_fixed,nq_57,0.6666666666666666,0.8,0.8261734202623845,0.1738265797376155,1.0,1.0,11.414120999916122,173.44183800014434,True,0;1;2;4;6,0;1;2;4;5;38,True,baseline:0.147691;cohesion:0.252638
cohesion_fixed,nq_58,,0.0,0.6135741339489021,0.38642586605109785,0.0,0.0,11.334906000001865,254.9234810001053,False,0;1;19;34;45,,True,baseline:0.152986;cohesion:0.222587
cohesion_fixed,nq_59,,0.0,0.6484230710338081,0.35157692896619186,0.0,0.28571428571428575,11.403666999967754,235.10618199998135,False,4;21;32;33;35,,True,baseline:0.148150;cohesion:0.216457
cohesion_fixed,nq_60,0.36363636363636365,0.8,0.7980892725757036,0.2019107274242964,0.0,0.5,11.288607000096818,232.83532499999637,True,1;3;17;30;35,1;3;4;5;6;17;18;22;28;35;37,True,baseline:0.163315;cohesion:0.216268
cohesion_fixed,nq_61,0.5,0.8,0.7562575560518632,0.24374244394813682,0.0,0.6666666666666666,11.629817000084586,294.6488339998723,True,4;7;17;36;47,3;4;7;10;24;34;36;47,True,baseline:0.158377;cohesion:0.223124
cohesion_fixed,nq_62,0.75,0.6,0.8016470547823153,0.19835294521768465,0.0,0.4,11.557625000023108,192.22391199991762,True,6;11;14;19;20,2;11;19;20,True,baseline:0.179781;cohesion:0.271793
cohesion_fixed,nq_63,0.3333333333333333,0.2,0.8140309606655348,0.18596903933446518,0.0,0.6666666666666666,11.517793999928472,213.21413200007555,True,0;4;12;13;15,0;18;49,True,baseline:0.170263;cohesion:0.233687
cohesion_fixed,nq_64,0.2727272727272727,0.6,0.8371888670370181,0.16281113296298189,0.0,0.6666666666666666,11.630817999957799,193.06006099986917,True,0;12;25;36;47,0;1;3;4;7;9;10;12;29;32;36,True,baseline:0.178654;cohesion:0.280543
cohesion_fixed,nq_65,0.625,1.0,0.9032599662622462,0.09674003373775375,0.0,0.6666666666666666,11.571286999924268,193.61380700001973,True,0;3;6;9;37,0;3;4;5;6;7;9;37,True,baseline:0.176154;cohesion:0.250058
cohesion_fixed,nq_66,0.36363636363636365,0.8,0.7807348065027465,0.21926519349725349,1.0,1.0,11.642474999916885,274.69300899997506,True,9;13;16;20;26,0;3;9;11;13;16;24;26;31;34;38,True,baseline:0.189895;cohesion:0.239384
cohesion_fixed,nq_67,,0.0,0.7000849449073352,0.2999150550926648,1.0,1.0,11.479327999950328,192.87884499999564,False,1;6;7;9;31,,True,baseline:0.173355;cohesion:0.239036
cohesion_fixed,nq_68,0.0,0.0,0.8462476448964228,0.1537523551035772,0.0,0.5,11.537699000200519,195.57405399996242,True,0;2;16;33;47,4;11,True,baseline:0.166682;cohesion:0.225807
cohesion_fixed,nq_69,,0.0,0.6787632268143693,0.3212367731856307,0.0,0.0,11.47142900003928,255.3767509998579,False,3;8;9;23;34,,True,baseline:0.177240;cohesion:0.229958
cohesion_fixed,nq_70,0.0,0.0,0.7029385790640859,0.29706142093591414,0.0,0.0,11.46127499987415,191.79643500001475,True,2;40;42;43;45,7;24,True,baseline:0.155956;cohesion:0.220138
cohesion_fixed,nq_71,0.2222222222222222,0.4,0.8704958373298914,0.12950416267010856,0.0,0.6666666666666666,11.33529699995961,193.26378400000976,True,2;23;29;31;39,0;3;5;12;14;18;22;23;29,True,baseline:0.151569;cohesion:0.218963
cohesion_fixed,nq_72,0.375,0.6,0.7401268211497769,0.2598731788502231,0.0,0.5714285714285715,11.425716000076136,232.81199300004118,True,0;1;10;17;43,0;1;2;3;4;11;14;43,True,baseline:0.150968;cohesion:0.220244
cohesion_fixed,nq_73,1.0,0.6,0.7363225368997981,0.2636774631002019,1.0,1.0,11.520615000108592,175.55271700007324,True,0;1;4;12;43,0;1;4,True,baseline:0.184891;cohesion:0.220556
cohesion_fixed,nq_74,0.6666666666666666,0.4,0.8103143524869306,0.18968564751306938,0.0,0.5,11.405285000137155,254.63751900019815,True,4;9;11;40;47,9;40;41,True,baseline:0.153260;cohesion:0.218497
cohesion_fixed,nq_75,1.0,0.8,0.7895018737987641,0.21049812620123587,1.0,1.0,11.310768999919674,214.04923499994766,True,0;1;2;10;24,0;1;2;24,True,baseline:0.146201;cohesion:0.230886
cohesion_fixed,nq_76,1.0,0.8,0.8914460782209618,0.10855392177903822,0.0,0.6666666666666666,11.362782999867704,274.46103299985225,True,0;1;3;7;10,0;1;3;10,True,baseline:0.147063;cohesion:0.212665
cohesion_fixed,nq_77,,0.0,0.6263210278858169,0.3736789721141831,0.0,0.4,11.309892999861404,213.9392130000033,False,10;18;32;44;47,,True,baseline:0.145095;cohesion:0.229331
cohesion_fixed,nq_78,0.4,0.4,0.8174135103336926,0.18258648966630742,1.0,1.0,11.33547099993848,256.3196680000601,True,0;13;23;28;38,0;16;19;25;28,True,baseline:0.151597;cohesion:0.220884
cohesion_fixed,nq_79,0.5,0.4,0.8260598644210682,0.17394013557893184,0.0,0.6666666666666666,11.413059999995312,294.4612409999081,True,0;1;9;21;45,0;1;2;37,True,baseline:0.162549;cohesion:0.220070
cohesion_fixed,nq_80,0.5,0.8,0.8094359123819028,0.19056408761809718,1.0,1.0,11.510472000054506,234.59424600014245,True,3;4;8;13;31,0;2;3;4;7;8;13;14,True,baseline:0.147681;cohesion:0.232133
cohesion_fixed,nq_81,0.0967741935483871,0.6,0.8295594145236377,0.17044058547636232,1.0,1.0,11.672616999931051,152.77244700018855,True,5;8;14;32;47,0;1;2;3;4;5;7;8;9;10;11;12;13;15;18;23;25;26;27;28;29;31;33;35;36;37;39;41;43;45;47,True,baseline:0.146296;cohesion:0.234000
cohesion_fixed,nq_82,0.3333333333333333,0.2,0.7609242606668382,0.23907573933316184,0.0,0.5,11.409110000158762,174.3405619999976,True,3;12;18;27;44,3;5;35,True,baseline:0.147622;cohesion:0.212508
cohesion_fixed,nq_83,,0.0,0.7450482060652505,0.25495179393474954,0.0,0.0,11.350073000130578,213.159289000032,False,6;25;40;41;46,,True,baseline:0.159814;cohesion:0.215750
cohesion_fixed,nq_84,0.0,0.0,0.7135132356946624,0.2864867643053376,0.0,0.28571428571428575,11.429623000140055,193.8550639999903,True,28;30;35;36;42,25,True,baseline:0.145379;cohesion:0.233911
cohesion_fixed,nq_85,0.2,0.2,0.8338389629969738,0.1661610370030262,0.0,0.0,11.383892999901946,212.50861799990162,True,4;7;18;35;37,1;3;8;37;39,True,baseline:0.142897;cohesion:0.215450
cohesion_fixed,nq_86,0.2857142857142857,0.4,0.6870064431662728,0.3129935568337272,0.0,0.6666666666666666,11.52174499998182,152.68808699988767,True,0;11;17;39;45,0;12;14;16;31;35;39,True,baseline:0.144430;cohesion:0.229691
cohesion_fixed,nq_87,0.6,0.6,0.7217692124377784,0.27823078756222164,1.0,1.0,11.362979000068663,257.37102900006903,True,0;1;4;37;49,0;1;4;12;30,True,baseline:0.145642;cohesion:0.221437
cohesion_fixed,nq_88,0.6666666666666666,0.4,0.8886994540073048,0.11130054599269523,0.0,0.3333333333333333,11.51965700000801,191.79403899988756,True,2;4;5;13;15,2;4;31,True,baseline:0.146600;cohesion:0.247244
cohesion_fixed,nq_89,0.0,0.0,0.8466505197747969,0.15334948022520312,0.0,0.0,11.638999000069816,151.95948599989606,True,6;20;27;30;35,14;22;23;25;40,True,baseline:0.142055;cohesion:0.214277
cohesion_fixed,nq_90,0.6666666666666666,0.4,0.6479646335455793,0.3520353664544207,0.0,0.6666666666666666,11.399426000025414,212.43990500011023,True,0;3;17;37;40,0;10;17,True,baseline:0.146894;cohesion:0.215402
cohesion_fixed,nq_91,,0.0,0.8367339007437036,0.16326609925629643,0.0,0.6666666666666666,11.358506999840756,256.28750700002456,False,0;5;7;9;42,,True,baseline:0.142533;cohesion:0.215804
cohesion_fixed,nq_92,,0.0,0.7839237658246304,0.21607623417536959,0.0,0.0,11.407229999804258,196.03936500016061,False,0;6;14;15;20,,True,baseline:0.146078;cohesion:0.218012
cohesion_fixed,nq_93,,0.0,0.6628492892941423,0.33715071070585767,0.0,0.3333333333333333,11.356083000009676,213.8053389999186,False,0;3;14;31;39,,True,baseline:0.149735;cohesion:0.224507
cohesion_fixed,nq_94,1.0,0.4,0.7324300789918518,0.26756992100814825,0.0,0.3333333333333333,11.411915000053341,275.844933000144,True,0;2;19;22;42,0;2,True,baseline:0.146320;cohesion:0.256936
cohesion_fixed,nq_95,0.45454545454545453,1.0,0.9343623713911284,0.06563762860887157,0.0,0.0,11.359784999967815,191.99092899998504,True,0;3;4;8;26,0;3;4;8;23;26;29;35;38;43;49,True,baseline:0.159220;cohesion:0.214214
cohesion_fixed,nq_96,0.75,0.6,0.7630188293349178,0.23698117066508217,1.0,1.0,11.34379700010868,174.52410299983967,True,1;8;10;25;36,0;1;25;36,True,baseline:0.152957;cohesion:0.223240
cohesion_fixed,nq_97,0.3333333333333333,0.2,0.8266711425963689,0.17332885740363113,1.0,1.0,11.545988000079888,192.95371800012617,True,25;29;35;47;49,8;13;47,True,baseline:0.149060;cohesion:0.218089
cohesion_fixed,nq_98,0.16666666666666666,0.4,0.8701348965660696,0.12986510343393043,0.0,0.0,11.395004999940284,357.66451299991786,True,0;2;33;47;48,0;1;7;10;11;18;24;25;26;28;36;48,True,baseline:0.145543;cohesion:0.214360
cohesion_fixed,nq_99,1.0,0.4,0.800688057073935,0.19931194292606502,0.0,0.4444444444444445,11.446468000031018,255.58338199994068,True,0;3;4;5;19,0;4,True,baseline:0.153937;cohesion:0.243376
cohesion_fixed,nq_100,0.42857142857142855,0.6,0.8360494764035818,0.16395052359641815,0.0,0.0,11.493420000078913,175.06309800000963,True,5;7;17;32;45,0;2;5;17;39;43;45,True,baseline:0.151547;cohesion:0.221750
cohesion_fixed,nq_101,0.2222222222222222,0.4,0.7539550120356822,0.24604498796431784,0.0,0.7499999999999999,11.48466500012546,235.29919499992502,True,1;2;10;20;32,1;2;13;23;24;26;31;40;45,True,baseline:0.155175;cohesion:0.235774
cohesion_fixed,nq_102,0.42857142857142855,0.6,0.7597615634251296,0.24023843657487043,1.0,1.0,13.272622999920713,171.67088400015018,True,2;6;24;26;44,0;2;6;16;17;26;29,True,baseline:0.151927;cohesion:0.260290
cohesion_fixed,nq_103,0.0,0.0,0.7577268664444702,0.24227313355552982,0.0,0.0,11.413155999889568,295.8618430000115,True,4;5;19;24;27,10,True,baseline:0.171415;cohesion:0.227891
cohesion_fixed,nq_104,1.0,0.2,0.8686048803550268,0.1313951196449732,0.0,0.6666666666666665,11.490444000173738,264.8784670000168,True,1;20;21;29;40,1,True,baseline:0.156108;cohesion:0.224872
cohesion_fixed,nq_105,0.125,1.0,0.793148969370737,0.20685103062926302,0.0,0.6666666666666666,11.503286999868578,256.1751789999107,True,14;30;32;46;48,0;1;2;3;4;5;6;7;8;12;13;14;15;16;17;18;19;20;22;23;25;26;27;28;29;30;32;35;36;37;38;40;41;42;44;45;46;47;48;49,True,baseline:0.160371;cohesion:0.225471
cohesion_fixed,nq_106,,0.0,0.7688059856294476,0.23119401437055243,0.0,0.0,11.478573000204051,192.1985419999146,False,9;14;19;34;46,,True,baseline:0.153614;cohesion:0.223068
cohesion_fixed,nq_107,,0.0,0.8576747965199193,0.1423252034800807,0.0,0.0,11.435294000193608,276.360158999978,False,0;1;2;5;8,,True,baseline:0.165876;cohesion:0.219063
cohesion_fixed,nq_108,0.25,0.6,0.8257430318469797,0.17425696815302028,1.0,1.0,11.400241000046663,177.50854499990965,True,2;3;22;36;47,2;3;5;6;12;14;24;29;36;40;42;43,True,baseline:0.153818;cohesion:0.223264
cohesion_fixed,nq_109,,0.0,0.7007157105963577,0.29928428940364227,0.0,0.0,11.488940999925035,200.39428900008716,False,8;32;39;46;47,,True,baseline:0.184295;cohesion:0.266763
cohesion_fixed,nq_110,,0.0,0.735735644299725,0.26426435570027496,0.0,0.4,11.33217399979003,241.02208799990876,False,4;9;17;34;46,,True,baseline:0.151678;cohesion:0.260677
cohesion_fixed,nq_111,,0.0,0.8901095037365003,0.10989049626349967,0.0,0.0,11.378244000070481,219.77925299984236,False,0;13;26;27;45,,True,baseline:0.150917;cohesion:0.218285
cohesion_fixed,nq_112,0.25,1.0,0.8449998608077905,0.15500013919220945,0.0,0.5,11.4401790001466,242.58826899995256,True,8;17;24;26;33,0;1;2;3;4;5;6;7;8;9;13;15;17;24;26;29;33;38;44;49,True,baseline:0.146154;cohesion:0.236493
cohesion_fixed,nq_113,0.5,0.4,0.7254196632761263,0.2745803367238737,0.0,0.4,11.301476999960869,285.2644340000552,True,0;1;4;16;27,0;1;6;40,True,baseline:0.150748;cohesion:0.220303
cohesion_fixed,nq_114,1.0,0.2,0.8434680062672809,0.1565319937327191,0.0,0.28571428571428575,11.405266000110714,244.14736300013828,True,13;19;23;30;37,37,True,baseline:0.151269;cohesion:0.223065
cohesion_fixed,nq_115,0.5,0.2,0.7047744556625268,0.29522554433747317,1.0,1.0,11.404151000078855,219.65621999993346,True,0;23;25;28;33,0;7,True,baseline:0.167290;cohesion:0.220722
cohesion_fixed,nq_116,0.22727272727272727,1.0,0.9464443923215111,0.05355560767848888,0.0,0.6666666666666666,11.368228999799612,178.2372770001075,True,0;1;2;5;8,0;1;2;3;5;8;10;12;13;23;26;27;28;29;31;33;37;39;41;42;44;47,True,baseline:0.146771;cohesion:0.214168
cohesion_fixed,nq_117,0.0,0.0,0.842361266390849,0.15763873360915104,0.0,0.0,11.292957000023307,196.74412099993788,True,10;34;38;40;49,3;4,True,baseline:0.149723;cohesion:0.230669
cohesion_fixed,nq_118,,0.0,0.7283334528893339,0.27166654711066607,0.0,0.0,11.312588999999207,415.91300499999306,False,4;6;17;29;45,,True,baseline:0.145772;cohesion:0.216036
cohesion_fixed,nq_119,0.2,0.2,0.8427755450798046,0.15722445492019543,1.0,1.0,11.396996000030413,197.59162300010757,True,5;10;11;22;43,0;8;11;15;19,True,baseline:0.146692;cohesion:0.238440
cohesion_fixed,nq_120,0.5,0.4,0.7455943281907123,0.25440567180928775,1.0,1.0,11.489148999999088,176.14146300002176,True,0;4;11;16;21,0;2;4;5,True,baseline:0.150201;cohesion:0.238615
cohesion_fixed,nq_121,0.23076923076923078,0.6,0.7792417385228149,0.22075826147718514,0.0,0.5714285714285715,11.459542000011425,287.0342989999699,True,10;18;29;34;40,0;7;10;12;17;18;26;28;29;45;46;48;49,True,baseline:0.169972;cohesion:0.238272
cohesion_fixed,nq_122,,0.0,0.7727713726849235,0.22722862731507654,0.0,0.6666666666666666,11.443320000125823,221.65429999995467,False,4;12;15;43;48,,True,baseline:0.153340;cohesion:0.221784
cohesion_fixed,nq_123,0.16666666666666666,0.2,0.7669353862106378,0.23306461378936216,1.0,1.0,11.723142000164444,215.50750400001562,True,4;33;41;45;47,1;2;4;6;7;12,True,baseline:0.174937;cohesion:0.243932
cohesion_fixed,nq_124,1.0,0.2,0.6442077852313124,0.3557922147686876,1.0,1.0,11.556059999975332,196.59154300006776,True,3;4;34;42;47,4,True,baseline:0.165299;cohesion:0.225581
cohesion_fixed,nq_125,0.25,0.6,0.6875554601778899,0.31244453982211007,0.0,0.6666666666666666,11.522959000103583,174.73158100006003,True,0;1;26;36;47,0;1;2;4;5;6;7;8;10;21;40;47,True,baseline:0.148844;cohesion:0.221033
cohesion_fixed,nq_126,0.3333333333333333,0.2,0.6652558434274194,0.3347441565725806,1.0,1.0,11.547486000154095,153.35535599979266,True,4;7;13;34;42,0;1;4,True,baseline:0.156064;cohesion:0.247655
cohesion_fixed,nq_127,0.5,0.4,0.7377998458095565,0.2622001541904435,1.0,1.0,11.411218999910488,172.6424319999751,True,0;1;4;24;39,0;1;3;7,True,baseline:0.153056;cohesion:0.224535
cohesion_fixed,nq_128,0.375,0.6,0.8123191957317971,0.18768080426820288,1.0,1.0,11.412786999926539,152.93060099998002,True,0;4;10;24;35,0;4;9;15;28;33;35;44,True,baseline:0.186664;cohesion:0.216369
cohesion_fixed,nq_129,0.2222222222222222,0.4,0.7370344831346168,0.26296551686538316,0.0,0.0,11.448319999999512,173.07814100013275,True,10;25;28;29;33,0;1;5;6;9;10;33;37;48,True,baseline:0.150073;cohesion:0.221494
cohesion_fixed,nq_130,,0.0,0.7940226502470022,0.20597734975299775,1.0,1.0,11.495874000047479,218.2515979998243,False,4;12;13;14;26,,True,baseline:0.150064;cohesion:0.236347
cohesion_fixed,nq_131,0.14285714285714285,0.2,0.8652190216258504,0.1347809783741496,0.0,0.0,11.595925999927204,237.95121800003471,True,4;5;11;34;41,0;4;15;20;23;43;46,True,baseline:0.163585;cohesion:0.236148
cohesion_fixed,nq_132,0.0,0.0,0.8171247351908736,0.18287526480912641,0.0,0.0,11.49094199990941,196.5045919998829,True,0;5;6;20;33,9;18;19;28,True,baseline:0.151895;cohesion:0.237340
cohesion_fixed,nq_133,0.2,0.2,0.8272279140830274,0.17277208591697257,0.0,0.4,11.628644999973403,194.55597000001035,True,22;26;28;35;47,2;5;9;31;47,True,baseline:0.151012;cohesion:0.218453
cohesion_fixed,nq_134,0.5,0.4,0.773066629656953,0.22693337034304695,0.0,0.0,11.417464000032851,253.5828219999985,True,3;6;19;32;48,0;3;5;6,True,baseline:0.150337;cohesion:0.220331
cohesion_fixed,nq_135,0.0,0.0,0.6389181590582893,0.3610818409417107,0.0,0.0,11.485906999951112,194.1403809998974,True,4;27;32;43;47,0;20;28;38,True,baseline:0.160121;cohesion:0.247614
cohesion_fixed,nq_136,0.0,0.0,0.5952318129450059,0.40476818705499407,0.0,0.0,11.385316000087187,174.50272600012795,True,11;16;18;27;35,21,True,baseline:0.158798;cohesion:0.221429
cohesion_fixed,nq_137,0.5,0.2,0.7618146121140696,0.23818538788593036,0.0,0.2857142857142857,11.326505999932124,684.2642490000799,True,0;4;8;43;47,0;3,True,baseline:0.172419;cohesion:0.239471
cohesion_fixed,nq_138,,0.0,0.777208464312489,0.22279153568751098,0.0,0.0,11.410823999995046,297.86412100020243,False,5;18;25;26;37,,True,baseline:0.161278;cohesion:0.230708
cohesion_fixed,nq_139,,0.0,0.656647186732284,0.34335281326771605,0.0,0.0,11.621528999967268,152.5502790000246,False,0;3;4;6;31,,True,baseline:0.156629;cohesion:0.247340
cohesion_fixed,nq_140,1.0,0.4,0.8715623286380101,0.1284376713619899,1.0,1.0,11.403809000057663,234.45981500003654,True,1;6;7;16;21,1;6,True,baseline:0.157348;cohesion:0.236733
cohesion_fixed,nq_141,0.15625,1.0,0.8469424092156383,0.15305759078436165,0.0,0.0,11.346174999971481,192.4068419998548,True,14;24;33;35;45,2;3;5;7;11;13;14;16;18;19;20;21;22;23;24;25;26;29;30;31;32;33;34;35;36;37;39;44;45;46;47;48,True,baseline:0.157433;cohesion:0.241726
cohesion_fixed,nq_142,0.125,1.0,0.8491524205466202,0.1508475794533798,0.0,0.0,11.338449000049877,275.7262349998655,True,4;6;10;37;41,0;1;2;3;4;5;6;7;8;9;10;11;12;13;14;15;16;17;18;19;20;21;22;23;24;25;26;28;30;31;36;37;39;41;42;43;44;45;47;49,True,baseline:0.156307;cohesion:0.221292
cohesion_fixed,nq_143,0.6666666666666666,0.4,0.7396299247987199,0.2603700752012801,1.0,1.0,11.306476000072507,276.21601399982865,True,15;26;34;45;47,6;26;47,True,baseline:0.154597;cohesion:0.221435
cohesion_fixed,nq_144,0.23809523809523808,1.0,0.8813945156728407,0.11860548432715934,0.0,0.8,11.345482000024276,195.41841299997031,True,5;28;36;39;43,0;1;3;4;5;6;8;11;12;20;21;22;28;29;36;39;40;41;43;45;48,True,baseline:0.163604;cohesion:0.230362
cohesion_fixed,nq_145,0.0,0.0,0.7651819965285324,0.23481800347146764,0.0,0.0,11.326871000164829,232.87584399986372,True,17;18;25;30;33,8,True,baseline:0.150200;cohesion:0.232404
cohesion_fixed,nq_146,0.42857142857142855,0.6,0.7660852427250855,0.2339147572749145,1.0,1.0,11.36542900007953,213.97085499984314,True,9;14;22;27;46,2;6;8;9;14;22;33,True,baseline:0.148673;cohesion:0.240559
cohesion_fixed,nq_147,0.6,0.6,0.7291558225464201,0.2708441774535799,1.0,1.0,11.274017000005188,275.4244949999247,True,6;11;16;40;44,0;6;8;11;40,True,baseline:0.150674;cohesion:0.214239
cohesion_fixed,nq_148,0.6666666666666666,0.8,0.888906527348183,0.11109347265181702,0.0,0.5714285714285715,11.31829399992057,273.8119390000975,True,0;1;6;11;22,0;1;4;6;17;22,True,baseline:0.143322;cohesion:0.214279
cohesion_fixed,nq_149,1.0,0.4,0.8490293243660301,0.15097067563396993,0.0,0.28571428571428575,11.367792999863013,295.31566700006806,True,2;4;6;12;38,2;4,True,baseline:0.146737;cohesion:0.243666
cohesion_fixed,nq_150,,0.0,0.7100675979290155,0.2899324020709845,0.0,0.0,11.448147000010067,232.961117999821,False,9;16;29;31;36,,True,baseline:0.162896;cohesion:0.220623
cohesion_fixed,nq_151,0.3333333333333333,0.4,0.8791730666282416,0.12082693337175843,0.0,0.5,11.427312000023448,255.28202800001054,True,0;1;4;10;22,4;6;18;22;28;38,True,baseline:0.145528;cohesion:0.217021
cohesion_fixed,nq_152,1.0,0.4,0.8571879021623257,0.14281209783767435,0.0,0.8,11.370155999884446,194.72057799998765,True,0;1;2;6;20,0;1,True,baseline:0.163057;cohesion:0.217379
cohesion_fixed,nq_153,0.3333333333333333,0.2,0.714457457785393,0.28554254221460695,1.0,1.0,11.32635199996912,192.9906799998662,True,2;11;12;30;46,0;1;46,True,baseline:0.146773;cohesion:0.215142
cohesion_fixed,nq_154,,0.0,0.8770677776844178,0.1229322223155822,0.0,0.0,11.348500999929456,233.26176699993084,False,2;9;15;27;42,,True,baseline:0.144256;cohesion:0.233271
cohesion_fixed,nq_155,,0.0,0.6725530340256641,0.32744696597433587,0.0,0.0,11.189533000106167,211.94267099986064,False,7;18;22;33;42,,True,baseline:0.141387;cohesion:0.214071
cohesion_fixed,nq_156,0.1875,0.6,0.8825600566606789,0.11743994333932106,0.0,0.6666666666666666,11.387158000161435,192.31591900006606,True,1;3;7;9;16,0;3;4;5;6;7;8;14;16;17;24;27;39;42;43;49,True,baseline:0.142922;cohesion:0.215758
cohesion_fixed,nq_157,1.0,0.6,0.7270359531888193,0.2729640468111807,0.0,0.5,11.35821599996234,211.85906699997759,True,0;1;10;31;49,0;1;49,True,baseline:0.146744;cohesion:0.219752
cohesion_fixed,nq_158,,0.0,0.666841262445353,0.333158737554647,0.0,0.0,11.296971999854577,260.8665210000254,False,14;22;25;45;47,,True,baseline:0.143480;cohesion:0.227937
cohesion_fixed,nq_159,0.0,0.0,0.7145377569418242,0.2854622430581758,0.0,0.0,11.490288999993936,177.74714400002267,True,15;17;25;27;40,32;49,True,baseline:0.195263;cohesion:0.247803
cohesion_fixed,nq_160,1.0,0.2,0.7405512967891585,0.25944870321084146,0.0,0.0,11.566614999992453,243.59477699999843,True,4;12;25;41;48,4,True,baseline:0.177568;cohesion:0.243383
cohesion_fixed,nq_161,0.2,0.2,0.8251619575527271,0.17483804244727286,0.0,0.0,11.457379000148649,263.1658000000243,True,2;27;39;42;46,2;12;21;25;32,True,baseline:0.171362;cohesion:0.240914
cohesion_fixed,nq_162,1.0,0.8,0.7827820481251692,0.21721795187483084,1.0,1.0,11.62280199991983,244.3622119999418,True,1;4;6;17;46,1;4;17;46,True,baseline:0.194870;cohesion:0.245774
cohesion_fixed,nq_163,,0.0,0.7001609607152997,0.29983903928470035,0.0,0.8,11.76605900013783,195.55030399988027,False,1;2;4;30;34,,True,baseline:0.181074;cohesion:0.262799
cohesion_fixed,nq_164,1.0,0.4,0.7277034887488416,0.2722965112511584,0.0,0.0,11.392781000040486,215.47391800004334,True,4;30;32;40;49,4;32,True,baseline:0.167191;cohesion:0.219451
cohesion_fixed,nq_165,0.75,0.6,0.721467143240701,0.27853285675929895,1.0,1.0,11.373860000048808,226.10413600000356,True,3;5;6;12;17,0;3;5;12,True,baseline:0.148560;cohesion:0.229926
cohesion_fixed,nq_166,0.3333333333333333,0.2,0.802017314591497,0.19798268540850295,1.0,1.0,11.349997000024814,274.596775000191,True,0;4;11;12;16,0;1;2,True,baseline:0.168661;cohesion:0.217819
cohesion_fixed,nq_167,0.6666666666666666,0.4,0.8129930450157558,0.18700695498424424,1.0,1.0,11.43777099991894,213.65260200013836,True,2;4;24;26;27,4;5;24,True,baseline:0.161111;cohesion:0.215625
cohesion_fixed,nq_168,0.2,0.2,0.811975466054936,0.18802453394506402,0.0,0.3333333333333333,11.655816000029517,280.72804599992196,True,4;5;14;21;31,0;4;17;19;39,True,baseline:0.152134;cohesion:0.219803
cohesion_fixed,nq_169,0.058823529411764705,0.2,0.8388943975212303,0.1611056024787697,0.0,0.0,11.356519000173648,214.5780119999472,True,10;14;22;28;48,0;1;4;6;8;15;17;18;19;20;22;25;31;33;41;44;46,True,baseline:0.141892;cohesion:0.212321
cohesion_fixed,nq_170,0.16666666666666666,0.2,0.8395563012593872,0.16044369874061282,0.0,0.4,11.391606000188403,255.42545400003291,True,0;2;4;7;30,0;1;5;8;21;45,True,baseline:0.146149;cohesion:0.213636
cohesion_fixed,nq_171,0.375,0.6,0.8652156225826886,0.13478437741731142,0.0,0.8,11.32751900013318,211.97184600009678,True,2;16;24;27;32,2;4;6;15;24;32;42;44,True,baseline:0.167914;cohesion:0.220032
cohesion_fixed,nq_172,,0.0,0.6488765919871285,0.35112340801287145,0.0,0.0,11.615765999977157,173.1169569998201,False,8;34;46;47;49,,True,baseline:0.159383;cohesion:0.214589
cohesion_fixed,nq_173,1.0,0.4,0.7611273559523232,0.23887264404767683,1.0,1.0,11.395915999855788,173.85595999985526,True,0;1;2;26;29,0;1,True,baseline:0.148877;cohesion:0.234600
cohesion_fixed,nq_174,0.3333333333333333,0.6,0.8105775755463419,0.1894224244536581,1.0,1.0,11.40740599998935,254.53201200002695,True,0;3;6;10;12,0;2;6;8;9;12;17;28;45,True,baseline:0.167253;cohesion:0.219259
cohesion_fixed,nq_175,0.25,0.6,0.7173403260561949,0.2826596739438051,0.0,0.6,11.336102999848663,398.9492440000504,True,8;13;17;22;25,0;1;2;3;4;5;6;8;17;22;23;44,True,baseline:0.164488;cohesion:0.216589
cohesion_fixed,nq_176,,0.0,0.7713437931181257,0.22865620688187427,0.0,0.0,11.279379000143308,214.46667400005026,False,0;2;8;36;47,,True,baseline:0.142666;cohesion:0.218722
cohesion_fixed,nq_177,0.07692307692307693,0.2,0.802719988864865,0.19728001113513505,0.0,0.0,11.582160999978441,258.34456699999464,True,8;12;15;17;36,5;7;12;13;18;20;21;31;34;37;39;43;47,True,baseline:0.201019;cohesion:0.250453
cohesion_fixed,nq_178,0.3333333333333333,0.6,0.832698252625508,0.167301747374492,0.0,0.4,11.641875999885087,216.05084500015437,True,2;24;37;40;46,2;5;17;21;24;26;28;34;46,True,baseline:0.166728;cohesion:0.278704
cohesion_fixed,nq_179,,0.0,0.6667270105069406,0.3332729894930594,0.0,0.0,11.483763000114777,235.7444949998353,False,3;20;28;29;36,,True,baseline:0.158115;cohesion:0.247780
cohesion_fixed,nq_180,0.25,0.2,0.8274921466995517,0.17250785330044827,0.0,0.6666666666666666,11.627033000195297,341.91672500014647,True,10;13;14;38;42,1;5;13;41,True,baseline:0.154648;cohesion:0.222930
cohesion_fixed,nq_181,1.0,0.4,0.7808408263231523,0.21915917367684767,1.0,1.0,11.519432000113738,240.8222270000806,True,5;17;30;42;48,17;30,True,baseline:0.158662;cohesion:0.225139
cohesion_fixed,nq_182,,0.0,0.680650005088031,0.319349994911969,0.0,0.0,11.43549899984464,287.1462099999462,False,1;3;35;36;39,,True,baseline:0.179277;cohesion:0.262793
cohesion_fixed,nq_183,0.0,0.0,0.6278008647688829,0.37219913523111714,0.0,0.3333333333333333,11.893839999856937,242.0310550000977,True,2;17;21;38;43,12;27;29;49,True,baseline:0.163847;cohesion:0.230626
cohesion_fixed,nq_184,0.5,0.4,0.8289451448847498,0.1710548551152502,0.0,0.25,11.287891000165473,242.87173699985942,True,0;2;15;28;36,0;2;4;9,True,baseline:0.148376;cohesion:0.237266
cohesion_fixed,nq_185,,0.0,0.6993636784822674,0.30063632151773256,0.0,0.0,11.319285999888962,265.48080799989293,False,20;25;37;43;48,,True,baseline:0.151618;cohesion:0.239823
cohesion_fixed,nq_186,0.36363636363636365,0.8,0.8177049319897998,0.18229506801020023,1.0,1.0,11.379443000123501,197.69767399998273,True,2;6;7;22;23,0;2;6;7;13;15;18;22;34;38;49,True,baseline:0.168501;cohesion:0.222006
cohesion_fixed,nq_187,0.3333333333333333,0.2,0.7784468621893893,0.2215531378106107,1.0,1.0,11.365620000105991,202.2571949999019,True,0;2;9;12;30,0;5;17,True,baseline:0.153028;cohesion:0.242019
cohesion_fixed,nq_188,1.0,0.2,0.6682250384102588,0.3317749615897412,1.0,1.0,11.289170999816633,219.3038450000131,True,8;25;33;38;40,40,True,baseline:0.165956;cohesion:0.221797
cohesion_fixed,nq_189,,0.0,0.6510085577313012,0.3489914422686988,0.0,0.0,11.387824999928853,177.21564699991177,False,0;1;2;19;29,,True,baseline:0.152478;cohesion:0.239249
cohesion_fixed,nq_190,0.75,0.6,0.8298663797050783,0.17013362029492174,1.0,1.0,11.359881000089445,199.71736200000123,True,0;3;15;19;41,0;3;15;17,True,baseline:0.150990;cohesion:0.233670
cohesion_fixed,nq_191,0.4444444444444444,0.8,0.7913629567748725,0.20863704322512755,1.0,1.0,11.3055730000724,243.58102000019244,True,0;8;29;36;47,0;2;6;8;9;30;35;36;47,True,baseline:0.140592;cohesion:0.229541
cohesion_fixed,nq_192,0.3333333333333333,0.2,0.7569858425902918,0.24301415740970822,0.0,0.0,11.40788199995768,197.67281800000092,True,0;3;13;25;37,3;11;22,True,baseline:0.148586;cohesion:0.218354
cohesion_fixed,nq_193,,0.0,0.7972534296949242,0.2027465703050758,0.0,0.0,11.395176999940304,157.94166000000587,False,5;8;29;31;41,,True,baseline:0.164014;cohesion:0.222650
cohesion_fixed,nq_194,1.0,0.6,0.7197537680083782,0.2802462319916218,1.0,1.0,11.326482999947984,285.8387109999967,True,0;1;15;19;40,0;1;19,True,baseline:0.144068;cohesion:0.216016
cohesion_fixed,nq_195,,0.0,0.9412237308935343,0.05877626910646572,0.0,0.0,11.314564000031169,307.0809430000736,False,8;10;22;30;40,,True,baseline:0.163519;cohesion:0.218690
cohesion_fixed,nq_196,0.2857142857142857,0.8,0.7703895960752085,0.22961040392479148,0.0,0.4444444444444445,11.564465999981621,692.919589999974,True,0;11;12;16;46,0;1;5;6;10;12;15;16;22;26;37;38;45;46,True,baseline:0.180234;cohesion:0.240834
cohesion_fixed,nq_197,1.0,0.2,0.8366675199396593,0.16333248006034073,0.0,0.7499999999999999,11.493207000057737,193.65534899998238,True,1;3;4;12;32,1,True,baseline:0.189752;cohesion:0.242023
cohesion_fixed,nq_198,0.35714285714285715,1.0,0.8340737711705757,0.16592622882942432,0.0,0.0,11.499082999989696,212.5926559999698,True,4;20;21;37;45,0;1;4;5;11;12;15;16;18;20;21;37;45;48,True,baseline:0.169351;cohesion:0.235998
cohesion_fixed,nq_199,0.25,0.4,0.778359619071723,0.22164038092827698,1.0,1.0,11.358084999983475,229.0910049998729,True,7;10;19;29;34,1;7;9;11;16;17;19;45,True,baseline:0.158902;cohesion:0.242366
cohesion_calibrated,nq_0,0.5,0.4,0.8541128623045979,0.14588713769540207,0.0,0.8571428571428571,12.087473999827125,501.75058499985425,True,0;1;25;32;37,0;1;4;38,True,baseline:0.234724;cohesion:0.293817
cohesion_calibrated,nq_1,0.3333333333333333,0.4,0.7231898500225278,0.2768101499774722,0.0,0.5714285714285715,11.487328999919555,240.62414699983492,True,1;12;30;43;48,0;1;7;9;14;30,True,baseline:0.210444;cohesion:0.283006
cohesion_calibrated,nq_2,0.23076923076923078,0.6,0.6961108830999511,0.30388911690004894,1.0,1.0,11.473279000028924,175.1567569999679,True,0;1;32;37;47,0;1;6;7;16;19;22;23;32;33;35;38;45,True,baseline:0.172611;cohesion:0.241801
cohesion_calibrated,nq_3,0.625,1.0,0.8856787463091609,0.11432125369083912,0.0,0.0,11.365221000005477,282.86951399991267,True,4;29;37;45;49,4;6;24;29;37;45;47;49,True,baseline:0.151323;cohesion:0.222172
cohesion_calibrated,nq_4,0.4,0.8,0.8538989055969182,0.14610109440308183,0.0,0.8,11.296096000023681,197.41284500014444,True,0;16;26;29;40,0;3;7;16;24;26;27;33;40;47,True,baseline:0.148317;cohesion:0.221077
cohesion_calibrated,nq_5,0.0,0.0,0.8888063393982742,0.11119366060172575,0.0,0.0,11.401429999978063,240.095250999957,True,0;5;8;10;21,19;44,True,baseline:0.161155;cohesion:0.219878
cohesion_calibrated,nq_6,0.0,0.0,0.9058967500802556,0.09410324991974439,0.0,0.0,11.391422000087914,268.651489000149,True,0;3;5;11;12,9;33,True,baseline:0.147855;cohesion:0.216852
cohesion_calibrated,nq_7,,0.0,0.9030805196519799,0.09691948034802012,0.0,0.6666666666666666,11.548933000085526,199.6643759998733,False,4;9;34;42;49,,True,baseline:0.192034;cohesion:0.269943
cohesion_calibrated,nq_8,,0.0,0.625220254602515,0.37477974539748504,0.0,0.28571428571428575,11.517009000044709,239.1704590002064,False,1;7;18;39;43,,True,baseline:0.182281;cohesion:0.243559
cohesion_calibrated,nq_9,,0.0,0.8074523201595352,0.19254767984046484,0.0,0.5,11.383878000060577,177.33534000012696,False,15;19;34;43;48,,True,baseline:0.155433;cohesion:0.224285
cohesion_calibrated,nq_10,0.2857142857142857,0.8,0.7949576893064805,0.20504231069351952,1.0,1.0,11.372454000138532,197.8155050001078,True,5;8;11;42;46,0;1;2;3;5;8;9;11;14;17;23;36;39;42,True,baseline:0.150033;cohesion:0.236908
cohesion_calibrated,nq_11,0.75,0.6,0.7769646693458949,0.22303533065410508,1.0,1.0,11.41574500002207,219.33924400013893,True,0;3;14;32;37,3;7;14;37,True,baseline:0.162511;cohesion:0.221747
cohesion_calibrated,nq_12,0.3333333333333333,0.2,0.7706736545523188,0.22932634544768116,0.0,0.0,11.534622999988642,219.3822790000013,True,0;14;21;29;39,0;1;41,True,baseline:0.148888;cohesion:0.220841
cohesion_calibrated,nq_13,0.7142857142857143,1.0,0.8473733470427754,0.15262665295722455,1.0,1.0,11.453498000037143,197.51454800007195,True,0;1;4;5;31,0;1;3;4;5;16;31,True,baseline:0.145247;cohesion:0.217713
cohesion_calibrated,nq_14,0.2,0.2,0.7280395526872177,0.27196044731278235,0.0,0.5,11.348339000051055,394.90006999994876,True,10;11;28;31;45,0;1;2;9;11,True,baseline:0.146523;cohesion:0.222329
cohesion_calibrated,nq_15,,0.0,0.6727730841400221,0.3272269158599779,0.0,0.0,11.326213000074858,199.65093400014666,False,15;17;18;36;49,,True,baseline:0.147531;cohesion:0.235917
cohesion_calibrated,nq_16,0.5,0.2,0.7973541831371616,0.20264581686283845,0.0,0.7499999999999999,11.385434999965582,241.3559300000543,True,5;7;27;43;46,4;27,True,baseline:0.147184;cohesion:0.217523
cohesion_calibrated,nq_17,0.2,0.2,0.8234791843263715,0.17652081567362854,1.0,1.0,11.477287999923647,197.7381649999188,True,1;13;20;22;29,8;12;22;27;28,True,baseline:0.144010;cohesion:0.215772
cohesion_calibrated,nq_18,0.05263157894736842,0.2,0.8053153524811634,0.19468464751883663,0.0,0.5,11.379582000017763,196.2932760000058,True,3;10;18;34;41,0;1;2;4;5;6;7;10;16;17;20;22;25;27;33;36;37;43;49,True,baseline:0.144292;cohesion:0.231245
cohesion_calibrated,nq_19,0.2,1.0,0.7832095675627189,0.21679043243728113,0.0,0.0,11.310761000004277,200.3981330001352,True,0;9;11;18;27,0;1;2;3;4;5;6;8;9;11;12;13;15;17;18;21;23;27;31;32;36;43;45;47;49,True,baseline:0.161760;cohesion:0.213330
cohesion_calibrated,nq_20,0.5,0.4,0.8389580345605078,0.16104196543949223,0.0,0.0,11.419821999879787,242.26832699991974,True,0;6;9;30;42,0;21;42;48,True,baseline:0.161725;cohesion:0.217416
cohesion_calibrated,nq_21,0.75,0.6,0.6604867223791132,0.3395132776208868,0.0,0.33333333333333337,11.245490000192149,308.007747000147,True,0;1;3;25;48,0;1;3;16,True,baseline:0.160269;cohesion:0.217912
cohesion_calibrated,nq_22,0.3333333333333333,0.8,0.7779250985182056,0.22207490148179443,0.0,0.6666666666666666,11.360727999999654,175.5144260000634,True,0;3;5;26;30,0;3;5;12;17;22;24;26;28;31;34;48,True,baseline:0.146440;cohesion:0.234197
cohesion_calibrated,nq_23,0.75,0.6,0.8251881144429756,0.17481188555702443,1.0,1.0,11.267174000067826,176.28798600003392,True,5;7;8;33;34,5;8;31;33,True,baseline:0.142683;cohesion:0.230677
cohesion_calibrated,nq_24,1.0,0.8,0.9102010331457286,0.08979896685427136,1.0,1.0,11.392310000019279,221.44829199987726,True,0;1;2;4;7,0;2;4;7,True,baseline:0.158654;cohesion:0.215048
cohesion_calibrated,nq_25,0.3333333333333333,0.8,0.7718850651428916,0.22811493485710843,0.0,0.5,11.42744000003404,218.7046440001268,True,7;15;19;24;43,0;3;5;15;19;24;34;37;41;42;43;45,True,baseline:0.145447;cohesion:0.216447
cohesion_calibrated,nq_26,,0.0,0.6727415658000853,0.32725843419991474,0.0,0.0,11.434215000008408,243.2144529998368,False,8;23;29;45;46,,True,baseline:0.148523;cohesion:0.255342
cohesion_calibrated,nq_27,1.0,0.2,0.6411275353263264,0.3588724646736736,0.0,0.8,11.460324999916338,285.11122899999464,True,0;13;14;20;29,0,True,baseline:0.150957;cohesion:0.219785
cohesion_calibrated,nq_28,0.35714285714285715,1.0,0.8423135163671047,0.15768648363289528,0.0,0.6666666666666666,11.4784160000454,199.01017899996987,True,14;31;32;35;40,0;1;3;11;14;15;18;25;28;31;32;35;40;45,True,baseline:0.187102;cohesion:0.253759
cohesion_calibrated,nq_29,0.5,0.2,0.8546793899849771,0.14532061001502294,0.0,1.0,11.514222000187146,266.06982899988907,True,2;4;9;10;22,1;2,True,baseline:0.174081;cohesion:0.240384
cohesion_calibrated,nq_30,0.5,0.8,0.7933957345585538,0.20660426544144617,1.0,1.0,11.485974000152055,285.22999300002994,True,0;1;25;27;33,0;1;3;6;10;25;27;29,True,baseline:0.164919;cohesion:0.240696
cohesion_calibrated,nq_31,1.0,0.2,0.8118790882970668,0.1881209117029332,1.0,1.0,11.395891999882224,175.49962599991886,True,0;3;5;6;44,0,True,baseline:0.149836;cohesion:0.219263
cohesion_calibrated,nq_32,,0.0,0.78840390451779,0.21159609548221003,0.0,0.5,11.390893000225333,175.81209199988734,False,3;5;15;19;32,,True,baseline:0.147573;cohesion:0.217998
cohesion_calibrated,nq_33,0.0,0.0,0.6037403700293253,0.39625962997067465,0.0,0.8,11.397895000072822,219.9011509999309,True,5;28;31;39;47,0;6,True,baseline:0.150208;cohesion:0.219440
cohesion_calibrated,nq_34,0.4,0.4,0.8244662323566813,0.17553376764331874,0.0,0.0,11.294392000081643,285.31715200006147,True,2;6;7;8;31,1;4;8;13;31,True,baseline:0.148129;cohesion:0.234787
cohesion_calibrated,nq_35,1.0,0.6,0.900795916497173,0.09920408350282695,1.0,1.0,11.436384000035105,265.53863599997385,True,3;5;6;11;15,3;5;6,True,baseline:0.151431;cohesion:0.219179
cohesion_calibrated,nq_36,0.0,0.0,0.7486184147000069,0.2513815852999931,0.0,0.0,11.363938000158669,197.71569299996372,True,3;17;20;27;31,5;7,True,baseline:0.152062;cohesion:0.237882
cohesion_calibrated,nq_37,0.75,0.6,0.7393257980810525,0.2606742019189475,1.0,1.0,11.245731999906639,263.89499200013233,True,0;3;17;30;33,0;3;23;30,True,baseline:0.147129;cohesion:0.214314
cohesion_calibrated,nq_38,0.2777777777777778,1.0,0.8587860043478145,0.1412139956521855,0.0,0.8,11.267583000062587,352.9730739999195,True,0;5;6;8;11,0;1;2;3;4;5;6;7;8;11;17;19;25;26;31;33;45;47,True,baseline:0.147752;cohesion:0.221379
cohesion_calibrated,nq_39,0.05555555555555555,0.2,0.8500325287756467,0.14996747122435328,0.0,0.5,11.359076999951867,200.51377799995862,True,0;1;27;41;47,2;3;4;6;8;10;11;15;16;19;23;33;38;40;43;44;45;47,True,baseline:0.146600;cohesion:0.240716
cohesion_calibrated,nq_40,,0.0,0.8863373361045189,0.11366266389548108,0.0,0.0,11.543856000116648,463.8124859998243,False,1;6;13;30;34,,True,baseline:0.150168;cohesion:0.220489
cohesion_calibrated,nq_41,,0.0,0.8029609282684909,0.19703907173150914,0.0,0.0,11.531216000093991,399.1342590002205,False,8;12;17;31;42,,True,baseline:0.154213;cohesion:0.223023
cohesion_calibrated,nq_42,0.75,0.6,0.8090624904723966,0.19093750952760336,1.0,1.0,11.525227999982235,197.86135100002866,True,0;13;14;17;21,0;14;21;29,True,baseline:0.150526;cohesion:0.242384
cohesion_calibrated,nq_43,,0.0,0.6789006493212651,0.32109935067873485,0.0,0.0,11.571097000114605,242.49470400013706,False,8;26;34;35;36,,True,baseline:0.167671;cohesion:0.263274
cohesion_calibrated,nq_44,0.0,0.0,0.8591387544363798,0.14086124556362023,0.0,0.0,11.447305000046981,198.7990400000399,True,0;5;25;41;44,47,True,baseline:0.157062;cohesion:0.241218
cohesion_calibrated,nq_45,0.11904761904761904,1.0,0.8518551726209793,0.14814482737902068,0.0,0.5,11.395090999940294,223.41184199990494,True,6;11;35;40;49,0;1;2;3;4;5;6;7;8;10;11;13;14;15;16;17;19;20;23;24;25;26;27;28;29;30;31;32;33;35;36;37;39;40;41;43;44;45;46;47;48;49,True,baseline:0.153747;cohesion:0.217168
cohesion_calibrated,nq_46,0.0,0.0,0.8462928316981531,0.15370716830184694,0.0,0.0,11.423338999975385,288.5793969999213,True,10;20;22;28;29,8;9;12,True,baseline:0.151056;cohesion:0.221670
cohesion_calibrated,nq_47,0.25,0.4,0.8723644402056744,0.12763555979432561,0.0,0.5,11.417018999964057,264.479252000001,True,2;16;19;29;36,2;6;9;22;36;38;40;43,True,baseline:0.148740;cohesion:0.243779
cohesion_calibrated,nq_48,0.18181818181818182,0.4,0.7677023478348122,0.23229765216518783,0.0,0.0,11.346886999945127,270.08916199997657,True,1;2;3;25;34,0;1;2;4;6;7;9;16;18;41;47,True,baseline:0.160086;cohesion:0.237437
cohesion_calibrated,nq_49,0.3333333333333333,0.2,0.7955556703109785,0.2044443296890215,0.0,0.5,11.576282000078209,228.45417000007728,True,1;6;35;41;45,10;21;45,True,baseline:0.146173;cohesion:0.234356
cohesion_calibrated,nq_50,,0.0,0.7594973493197579,0.24050265068024212,0.0,0.28571428571428575,11.597940000001472,219.9082700001327,False,3;12;17;28;29,,True,baseline:0.146873;cohesion:0.219303
cohesion_calibrated,nq_51,0.09523809523809523,0.4,0.8417895760075063,0.15821042399249374,1.0,1.0,11.409848000084821,175.21360299997468,True,31;34;42;43;49,2;3;4;5;6;15;17;19;20;21;22;25;26;28;29;37;38;40;42;43;45,True,baseline:0.164650;cohesion:0.216989
cohesion_calibrated,nq_52,,0.0,0.6580139092928325,0.34198609070716746,0.0,0.0,11.382847000049878,176.78655100007745,False,11;23;26;34;39,,True,baseline:0.144846;cohesion:0.218252
cohesion_calibrated,nq_53,0.17647058823529413,0.6,0.7091926641087198,0.29080733589128016,0.0,0.6666666666666666,11.269480000009935,241.01874999996653,True,16;17;41;43;44,0;3;4;7;9;11;13;14;22;28;34;37;41;43;44;45;46,True,baseline:0.145804;cohesion:0.215758
cohesion_calibrated,nq_54,0.2,0.2,0.8342245564672475,0.16577544353275253,0.0,0.0,11.38675700008207,244.80577999997877,True,2;21;22;40;42,1;13;34;42;47,True,baseline:0.144345;cohesion:0.214075
cohesion_calibrated,nq_55,0.3333333333333333,0.4,0.7929647419852625,0.20703525801473754,1.0,1.0,11.433512999929007,219.16053700010707,True,3;15;27;46;47,3;13;15;18;26;37,True,baseline:0.160552;cohesion:0.230838
cohesion_calibrated,nq_56,,0.0,0.7388401911112723,0.2611598088887277,0.0,0.0,11.366460000090228,176.3998100000208,False,26;28;36;40;48,,True,baseline:0.146651;cohesion:0.221680
cohesion_calibrated,nq_57,0.6666666666666666,0.8,0.8261734202623845,0.1738265797376155,1.0,1.0,11.326921000090806,177.02510000003713,True,0;1;2;4;6,0;1;2;4;5;38,True,baseline:0.171830;cohesion:0.238200
cohesion_calibrated,nq_58,,0.0,0.6135741339489021,0.38642586605109785,0.0,0.0,11.397533000035764,264.4713050001428,False,0;1;19;34;45,,True,baseline:0.146830;cohesion:0.223840
cohesion_calibrated,nq_59,,0.0,0.6484230710338081,0.35157692896619186,0.0,0.28571428571428575,11.436967000008735,242.63355600010073,False,4;21;32;33;35,,True,baseline:0.147841;cohesion:0.216728
cohesion_calibrated,nq_60,0.36363636363636365,0.8,0.7980892725757036,0.2019107274242964,0.0,0.5,11.255345000108719,241.3668700000926,True,1;3;17;30;35,1;3;4;5;6;17;18;22;28;35;37,True,baseline:0.151929;cohesion:0.220235
cohesion_calibrated,nq_61,0.5,0.8,0.7562575560518632,0.24374244394813682,0.0,0.6666666666666666,11.395788999834622,308.0632990001959,True,4;7;17;36;47,3;4;7;10;24;34;36;47,True,baseline:0.148110;cohesion:0.217137
cohesion_calibrated,nq_62,0.75,0.6,0.8016470547823153,0.19835294521768465,0.0,0.4,11.408418999963033,197.00890900003287,True,6;11;14;19;20,2;11;19;20,True,baseline:0.149668;cohesion:0.214453
cohesion_calibrated,nq_63,0.3333333333333333,0.2,0.8140309606655348,0.18596903933446518,0.0,0.6666666666666666,11.468811999975514,220.115068000041,True,0;4;12;13;15,0;18;49,True,baseline:0.148031;cohesion:0.235874
cohesion_calibrated,nq_64,0.2727272727272727,0.6,0.8371888670370181,0.16281113296298189,0.0,0.6666666666666666,11.423568000054729,197.24650000011934,True,0;12;25;36;47,0;1;3;4;7;9;10;12;29;32;36,True,baseline:0.148776;cohesion:0.217904
cohesion_calibrated,nq_65,0.625,1.0,0.9032599662622462,0.09674003373775375,0.0,0.6666666666666666,11.429465999981403,197.13820699985263,True,0;3;6;9;37,0;3;4;5;6;7;9;37,True,baseline:0.152841;cohesion:0.235255
cohesion_calibrated,nq_66,0.36363636363636365,0.8,0.7807348065027465,0.21926519349725349,1.0,1.0,11.487374999887834,285.2809650000836,True,9;13;16;20;26,0;3;9;11;13;16;24;26;31;34;38,True,baseline:0.158435;cohesion:0.227068
cohesion_calibrated,nq_67,,0.0,0.7000849449073352,0.2999150550926648,1.0,1.0,11.469305999980861,199.51911299995118,False,1;6;7;9;31,,True,baseline:0.157287;cohesion:0.242828
cohesion_calibrated,nq_68,0.0,0.0,0.8462476448964228,0.1537523551035772,0.0,0.5,11.443984999914392,202.82986600000186,True,0;2;16;33;47,4;11,True,baseline:0.169189;cohesion:0.222522
cohesion_calibrated,nq_69,,0.0,0.6787632268143693,0.3212367731856307,0.0,0.0,11.520822999955271,266.36384399989765,False,3;8;9;23;34,,True,baseline:0.150026;cohesion:0.218609
cohesion_calibrated,nq_70,0.0,0.0,0.7029385790640859,0.29706142093591414,0.0,0.0,13.500871000132975,199.94733200019255,True,2;40;42;43;45,7;24,True,baseline:0.145558;cohesion:0.217786
cohesion_calibrated,nq_71,0.2222222222222222,0.4,0.8704958373298914,0.12950416267010856,0.0,0.6666666666666666,11.303531000066869,199.69088999982887,True,2;23;29;31;39,0;3;5;12;14;18;22;23;29,True,baseline:0.148112;cohesion:0.235377
cohesion_calibrated,nq_72,0.375,0.6,0.7401268211497769,0.2598731788502231,0.0,0.5714285714285715,11.429037999960201,241.79353599993192,True,0;1;10;17;43,0;1;2;3;4;11;14;43,True,baseline:0.147412;cohesion:0.214277
cohesion_calibrated,nq_73,1.0,0.6,0.7363225368997981,0.2636774631002019,1.0,1.0,11.512333999917246,177.0857320000232,True,0;1;4;12;43,0;1;4,True,baseline:0.153546;cohesion:0.217201
cohesion_calibrated,nq_74,0.6666666666666666,0.4,0.8103143524869306,0.18968564751306938,0.0,0.5,11.782069999981104,265.36863699993773,True,4;9;11;40;47,9;40;41,True,baseline:0.148337;cohesion:0.218287
cohesion_calibrated,nq_75,1.0,0.8,0.7895018737987641,0.21049812620123587,1.0,1.0,11.427746999970623,221.4000929998292,True,0;1;2;10;24,0;1;2;24,True,baseline:0.157242;cohesion:0.226707
cohesion_calibrated,nq_76,1.0,0.8,0.8914460782209618,0.10855392177903822,0.0,0.6666666666666666,11.362284000142608,287.1290329999283,True,0;1;3;7;10,0;1;3;10,True,baseline:0.155489;cohesion:0.241201
cohesion_calibrated,nq_77,,0.0,0.6263210278858169,0.3736789721141831,0.0,0.4,11.507903000165243,221.8040180000571,False,10;18;32;44;47,,True,baseline:0.162263;cohesion:0.223239
cohesion_calibrated,nq_78,0.4,0.4,0.8174135103336926,0.18258648966630742,1.0,1.0,11.451721000184989,267.63664800000697,True,0;13;23;28;38,0;16;19;25;28,True,baseline:0.146562;cohesion:0.215875
cohesion_calibrated,nq_79,0.5,0.4,0.8260598644210682,0.17394013557893184,0.0,0.6666666666666666,11.475698999902306,309.33522200007246,True,0;1;9;21;45,0;1;2;37,True,baseline:0.150164;cohesion:0.219294
cohesion_calibrated,nq_80,0.5,0.8,0.8094359123819028,0.19056408761809718,1.0,1.0,11.528767000072548,246.84705499998927,True,3;4;8;13;31,0;2;3;4;7;8;13;14,True,baseline:0.152863;cohesion:0.245451
cohesion_calibrated,nq_81,0.0967741935483871,0.6,0.8295594145236377,0.17044058547636232,1.0,1.0,11.507639999990715,157.88231800001995,True,5;8;14;32;47,0;1;2;3;4;5;7;8;9;10;11;12;13;15;18;23;25;26;27;28;29;31;33;35;36;37;39;41;43;45;47,True,baseline:0.154730;cohesion:0.245745
cohesion_calibrated,nq_82,0.3333333333333333,0.2,0.7609242606668382,0.23907573933316184,0.0,0.5,11.486100000183797,178.9487300000019,True,3;12;18;27;44,3;5;35,True,baseline:0.150319;cohesion:0.222668
cohesion_calibrated,nq_83,,0.0,0.7450482060652505,0.25495179393474954,0.0,0.0,11.394018000146389,220.66787600010684,False,6;25;40;41;46,,True,baseline:0.150365;cohesion:0.216087
cohesion_calibrated,nq_84,0.0,0.0,0.7135132356946624,0.2864867643053376,0.0,0.28571428571428575,11.410802999989755,202.9676820000077,True,28;30;35;36;42,25,True,baseline:0.152702;cohesion:0.226147
cohesion_calibrated,nq_85,0.2,0.2,0.8338389629969738,0.1661610370030262,0.0,0.0,11.714147000020603,219.24573900014366,True,4;7;18;35;37,1;3;8;37;39,True,baseline:0.149734;cohesion:0.234715
cohesion_calibrated,nq_86,0.2857142857142857,0.4,0.6870064431662728,0.3129935568337272,0.0,0.6666666666666666,11.419251000006625,154.8097790000611,True,0;11;17;39;45,0;12;14;16;31;35;39,True,baseline:0.152182;cohesion:0.227866
cohesion_calibrated,nq_87,0.6,0.6,0.7217692124377784,0.27823078756222164,1.0,1.0,11.41509500007487,266.8799630000649,True,0;1;4;37;49,0;1;4;12;30,True,baseline:0.169248;cohesion:0.226046
cohesion_calibrated,nq_88,0.6666666666666666,0.4,0.9009832539235971,0.09901674607640287,0.0,0.3333333333333333,11.464273000001413,197.25552899990362,True,2;4;11;13;15,2;4;31,True,baseline:0.149927;cohesion:0.223106
cohesion_calibrated,nq_89,0.0,0.0,0.8466505197747969,0.15334948022520312,0.0,0.0,11.488052000004245,153.90861499986386,True,6;20;27;30;35,14;22;23;25;40,True,baseline:0.163553;cohesion:0.223706
cohesion_calibrated,nq_90,0.6666666666666666,0.4,0.6479646335455793,0.3520353664544207,0.0,0.6666666666666666,11.37189899986879,221.0103390000313,True,0;3;17;37;40,0;10;17,True,baseline:0.146794;cohesion:0.215315
cohesion_calibrated,nq_91,,0.0,0.8367339007437036,0.16326609925629643,0.0,0.6666666666666666,11.386614000002737,271.1003729998538,False,0;5;7;9;42,,True,baseline:0.159279;cohesion:0.219205
cohesion_calibrated,nq_92,,0.0,0.7839237658246304,0.21607623417536959,0.0,0.0,11.563313000124253,204.25295999984883,False,0;6;14;15;20,,True,baseline:0.150019;cohesion:0.215571
cohesion_calibrated,nq_93,,0.0,0.6628492892941423,0.33715071070585767,0.0,0.3333333333333333,11.38924500014582,225.1740389999668,False,0;3;14;31;39,,True,baseline:0.151940;cohesion:0.222262
cohesion_calibrated,nq_94,1.0,0.4,0.7324300789918518,0.26756992100814825,0.0,0.3333333333333333,11.559789999864734,294.042410999964,True,0;2;19;22;42,0;2,True,baseline:0.149985;cohesion:0.232541
cohesion_calibrated,nq_95,0.45454545454545453,1.0,0.9343623713911284,0.06563762860887157,0.0,0.0,11.323707999963517,197.29637899990848,True,0;3;4;8;26,0;3;4;8;23;26;29;35;38;43;49,True,baseline:0.145037;cohesion:0.232201
cohesion_calibrated,nq_96,0.75,0.6,0.7630188293349178,0.23698117066508217,1.0,1.0,11.416198000006261,179.32463200008897,True,1;8;10;25;36,0;1;25;36,True,baseline:0.158630;cohesion:0.216444
cohesion_calibrated,nq_97,0.3333333333333333,0.2,0.8266711425963689,0.17332885740363113,1.0,1.0,11.561710000023595,202.01088499993602,True,25;29;35;47;49,8;13;47,True,baseline:0.149370;cohesion:0.245673
cohesion_calibrated,nq_98,0.16666666666666666,0.4,0.8701348965660696,0.12986510343393043,0.0,0.0,11.55412800017075,385.56426500008456,True,0;2;33;47;48,0;1;7;10;11;18;24;25;26;28;36;48,True,baseline:0.146825;cohesion:0.215070
cohesion_calibrated,nq_99,1.0,0.4,0.800688057073935,0.19931194292606502,0.0,0.4444444444444445,11.5646750000451,275.1216319998093,True,0;3;4;5;19,0;4,True,baseline:0.177337;cohesion:0.224758
cohesion_calibrated,nq_100,0.42857142857142855,0.6,0.8360494764035818,0.16395052359641815,0.0,0.0,11.56178699989141,179.98073800004022,True,5;7;17;32;45,0;2;5;17;39;43;45,True,baseline:0.184646;cohesion:0.236963
cohesion_calibrated,nq_101,0.2222222222222222,0.4,0.7539550120356822,0.24604498796431784,0.0,0.7499999999999999,11.492282000062914,259.0847460000987,True,1;2;10;20;32,1;2;13;23;24;26;31;40;45,True,baseline:0.155046;cohesion:0.239211
cohesion_calibrated,nq_102,0.42857142857142855,0.6,0.7597615634251296,0.24023843657487043,1.0,1.0,11.749461999897903,175.68083700007264,True,2;6;24;26;44,0;2;6;16;17;26;29,True,baseline:0.154911;cohesion:0.222594
cohesion_calibrated,nq_103,0.0,0.0,0.7577268664444702,0.24227313355552982,0.0,0.0,11.555907999991177,317.32190299999274,True,4;5;19;24;27,10,True,baseline:0.153390;cohesion:0.236841
cohesion_calibrated,nq_104,1.0,0.2,0.8686048803550268,0.1313951196449732,0.0,0.6666666666666665,11.684370000011768,273.14289700007066,True,1;20;21;29;40,1,True,baseline:0.150918;cohesion:0.239878
cohesion_calibrated,nq_105,0.125,1.0,0.793148969370737,0.20685103062926302,0.0,0.6666666666666666,11.399236999977802,264.1582200001267,True,14;30;32;46;48,0;1;2;3;4;5;6;7;8;12;13;14;15;16;17;18;19;20;22;23;25;26;27;28;29;30;32;35;36;37;38;40;41;42;44;45;46;47;48;49,True,baseline:0.155729;cohesion:0.222735
cohesion_calibrated,nq_106,,0.0,0.7688059856294476,0.23119401437055243,0.0,0.0,11.788127000045279,197.56970499997806,False,9;14;19;34;46,,True,baseline:0.149960;cohesion:0.218890
cohesion_calibrated,nq_107,,0.0,0.8576747965199193,0.1423252034800807,0.0,0.0,11.351577999903384,286.68091400004414,False,0;1;2;5;8,,True,baseline:0.146746;cohesion:0.232404
cohesion_calibrated,nq_108,0.25,0.6,0.8449188994420638,0.15508110055793622,1.0,1.0,11.36319299985189,175.83122499991077,True,2;3;36;47;48,2;3;5;6;12;14;24;29;36;40;42;43,True,baseline:0.151141;cohesion:0.215690
cohesion_calibrated,nq_109,,0.0,0.7007157105963577,0.29928428940364227,0.0,0.0,11.480157999812945,199.36313900007008,False,8;32;39;46;47,,True,baseline:0.164666;cohesion:0.214246
cohesion_calibrated,nq_110,,0.0,0.735735644299725,0.26426435570027496,0.0,0.4,11.42366299995956,241.36555800009774,False,4;9;17;34;46,,True,baseline:0.149443;cohesion:0.221213
cohesion_calibrated,nq_111,,0.0,0.8901095037365003,0.10989049626349967,0.0,0.0,11.366504000079658,221.0851800000455,False,0;13;26;27;45,,True,baseline:0.149923;cohesion:0.217346
cohesion_calibrated,nq_112,0.25,1.0,0.8449998608077905,0.15500013919220945,0.0,0.5,11.381548000144903,242.28557299989006,True,8;17;24;26;33,0;1;2;3;4;5;6;7;8;9;13;15;17;24;26;29;33;38;44;49,True,baseline:0.147557;cohesion:0.216258
cohesion_calibrated,nq_113,0.5,0.4,0.7254196632761263,0.2745803367238737,0.0,0.4,11.489748000030886,286.1234950000835,True,0;1;4;16;27,0;1;6;40,True,baseline:0.150580;cohesion:0.240402
cohesion_calibrated,nq_114,1.0,0.2,0.8434680062672809,0.1565319937327191,0.0,0.28571428571428575,11.354449000009481,245.5503220000992,True,13;19;23;30;37,37,True,baseline:0.147997;cohesion:0.216186
cohesion_calibrated,nq_115,0.5,0.2,0.7047744556625268,0.29522554433747317,1.0,1.0,11.340294000092399,222.82830399990416,True,0;23;25;28;33,0;7,True,baseline:0.142383;cohesion:0.231021
cohesion_calibrated,nq_116,0.22727272727272727,1.0,0.9464443923215111,0.05355560767848888,0.0,0.6666666666666666,11.411580999947546,178.53833499998473,True,0;1;2;5;8,0;1;2;3;5;8;10;12;13;23;26;27;28;29;31;33;37;39;41;42;44;47,True,baseline:0.147051;cohesion:0.229214
cohesion_calibrated,nq_117,0.0,0.0,0.842361266390849,0.15763873360915104,0.0,0.0,11.350240999945527,198.55486500000552,True,10;34;38;40;49,3;4,True,baseline:0.154169;cohesion:0.244526
cohesion_calibrated,nq_118,,0.0,0.7283334528893339,0.27166654711066607,0.0,0.0,11.422718999938297,421.7076770000858,False,4;6;17;29;45,,True,baseline:0.170444;cohesion:0.218910
cohesion_calibrated,nq_119,0.2,0.2,0.8427755450798046,0.15722445492019543,1.0,1.0,11.523796000119546,199.7183319999749,True,5;10;11;22;43,0;8;11;15;19,True,baseline:0.155445;cohesion:0.219823
cohesion_calibrated,nq_120,0.5,0.4,0.7455943281907123,0.25440567180928775,1.0,1.0,11.499201999868092,177.4374980000175,True,0;4;11;16;21,0;2;4;5,True,baseline:0.158181;cohesion:0.225508
cohesion_calibrated,nq_121,0.23076923076923078,0.6,0.7792417385228149,0.22075826147718514,0.0,0.5714285714285715,11.488846000020203,289.4170210001903,True,10;18;29;34;40,0;7;10;12;17;18;26;28;29;45;46;48;49,True,baseline:0.151737;cohesion:0.219255
cohesion_calibrated,nq_122,,0.0,0.7727713726849235,0.22722862731507654,0.0,0.6666666666666666,11.435885999844686,223.84050299979208,False,4;12;15;43;48,,True,baseline:0.156921;cohesion:0.232241
cohesion_calibrated,nq_123,0.16666666666666666,0.2,0.7669353862106378,0.23306461378936216,1.0,1.0,11.402988000099867,219.81671699995786,True,4;33;41;45;47,1;2;4;6;7;12,True,baseline:0.148555;cohesion:0.232832
cohesion_calibrated,nq_124,1.0,0.2,0.6442077852313124,0.3557922147686876,1.0,1.0,11.371791000101439,199.51958699994066,True,3;4;34;42;47,4,True,baseline:0.151384;cohesion:0.219450
cohesion_calibrated,nq_125,0.25,0.6,0.7352406580159325,0.2647593419840675,0.0,0.6666666666666666,11.349101999940103,177.45224600002985,True,0;1;4;26;36,0;1;2;4;5;6;7;8;10;21;40;47,True,baseline:0.148254;cohesion:0.211333
cohesion_calibrated,nq_126,0.3333333333333333,0.2,0.6652558434274194,0.3347441565725806,1.0,1.0,11.396944999887637,155.1631360000556,True,4;7;13;34;42,0;1;4,True,baseline:0.147282;cohesion:0.219325
cohesion_calibrated,nq_127,0.5,0.4,0.7377998458095565,0.2622001541904435,1.0,1.0,11.44982699997854,176.74520000014127,True,0;1;4;24;39,0;1;3;7,True,baseline:0.148069;cohesion:0.218228
cohesion_calibrated,nq_128,0.375,0.6,0.8123191957317971,0.18768080426820288,1.0,1.0,11.472676000039428,155.27755500011153,True,0;4;10;24;35,0;4;9;15;28;33;35;44,True,baseline:0.152080;cohesion:0.239969
cohesion_calibrated,nq_129,0.2222222222222222,0.4,0.7370344831346168,0.26296551686538316,0.0,0.0,11.54992199985827,177.10073400007786,True,10;25;28;29;33,0;1;5;6;9;10;33;37;48,True,baseline:0.163613;cohesion:0.218329
cohesion_calibrated,nq_130,,0.0,0.7940226502470022,0.20597734975299775,1.0,1.0,11.457369000027029,221.50930599991625,False,4;12;13;14;26,,True,baseline:0.159572;cohesion:0.215293
cohesion_calibrated,nq_131,0.14285714285714285,0.2,0.8652190216258504,0.1347809783741496,0.0,0.0,11.416291999921668,243.42820200013193,True,4;5;11;34;41,0;4;15;20;23;43;46,True,baseline:0.143258;cohesion:0.230530
cohesion_calibrated,nq_132,0.0,0.0,0.8171247351908736,0.18287526480912641,0.0,0.0,11.531831999946007,202.40037300004587,True,0;5;6;20;33,9;18;19;28,True,baseline:0.148987;cohesion:0.219775
cohesion_calibrated,nq_133,0.2,0.2,0.8272279140830274,0.17277208591697257,0.0,0.4,11.493441999846254,202.64872999996442,True,22;26;28;35;47,2;5;9;31;47,True,baseline:0.149204;cohesion:0.220120
cohesion_calibrated,nq_134,0.5,0.4,0.773066629656953,0.22693337034304695,0.0,0.0,11.436109999976907,264.008252999929,True,3;6;19;32;48,0;3;5;6,True,baseline:0.154118;cohesion:0.220688
cohesion_calibrated,nq_135,0.0,0.0,0.6389181590582893,0.3610818409417107,0.0,0.0,11.520149000034507,199.00518300005388,True,4;27;32;43;47,0;20;28;38,True,baseline:0.164162;cohesion:0.221553
cohesion_calibrated,nq_136,1.0,0.2,0.6164406131801936,0.3835593868198064,0.0,0.6666666666666666,11.470667999901707,365.6747110001106,True,7;16;18;21;35,21,True,baseline:0.158279;cohesion:0.220046
cohesion_calibrated,nq_137,0.5,0.2,0.7618146121140696,0.23818538788593036,0.0,0.2857142857142857,11.63624300011179,685.9760429999824,True,0;4;8;43;47,0;3,True,baseline:0.195577;cohesion:0.249057
cohesion_calibrated,nq_138,,0.0,0.777208464312489,0.22279153568751098,0.0,0.0,11.707568000019819,297.5147760000709,False,5;18;25;26;37,,True,baseline:0.190711;cohesion:0.274265
cohesion_calibrated,nq_139,,0.0,0.656647186732284,0.34335281326771605,0.0,0.0,11.720280999952593,152.58702899996024,False,0;3;4;6;31,,True,baseline:0.169234;cohesion:0.234948
cohesion_calibrated,nq_140,1.0,0.4,0.8715623286380101,0.1284376713619899,1.0,1.0,11.504748000106702,234.63445500010494,True,1;6;7;16;21,1;6,True,baseline:0.173597;cohesion:0.225952
cohesion_calibrated,nq_141,0.15625,1.0,0.8469424092156383,0.15305759078436165,0.0,0.0,11.455141999931584,192.2287200000028,True,14;24;33;35;45,2;3;5;7;11;13;14;16;18;19;20;21;22;23;24;25;26;29;30;31;32;33;34;35;36;37;39;44;45;46;47;48,True,baseline:0.150259;cohesion:0.215035
cohesion_calibrated,nq_142,0.125,1.0,0.8491524205466202,0.1508475794533798,0.0,0.0,11.501532000011139,275.85133399998085,True,4;6;10;37;41,0;1;2;3;4;5;6;7;8;9;10;11;12;13;14;15;16;17;18;19;20;21;22;23;24;25;26;28;30;31;36;37;39;41;42;43;44;45;47;49,True,baseline:0.155219;cohesion:0.224910
cohesion_calibrated,nq_143,0.6666666666666666,0.4,0.7396299247987199,0.2603700752012801,1.0,1.0,11.50845200004369,276.1645770001451,True,15;26;34;45;47,6;26;47,True,baseline:0.161369;cohesion:0.228173
cohesion_calibrated,nq_144,0.23809523809523808,1.0,0.8813945156728407,0.11860548432715934,0.0,0.8,11.447235999867189,192.5484889998188,True,5;28;36;39;43,0;1;3;4;5;6;8;11;12;20;21;22;28;29;36;39;40;41;43;45;48,True,baseline:0.168392;cohesion:0.231005
cohesion_calibrated,nq_145,0.0,0.0,0.7651819965285324,0.23481800347146764,0.0,0.0,11.489993000168397,233.92252100006772,True,17;18;25;30;33,8,True,baseline:0.158613;cohesion:0.225219
cohesion_calibrated,nq_146,0.42857142857142855,0.6,0.7660852427250855,0.2339147572749145,1.0,1.0,11.437730000125157,213.9267799998379,True,9;14;22;27;46,2;6;8;9;14;22;33,True,baseline:0.151720;cohesion:0.221740
cohesion_calibrated,nq_147,0.6,0.6,0.7291558225464201,0.2708441774535799,1.0,1.0,11.459550999916246,275.30355099997905,True,6;11;16;40;44,0;6;8;11;40,True,baseline:0.147040;cohesion:0.220403
cohesion_calibrated,nq_148,0.6666666666666666,0.8,0.888906527348183,0.11109347265181702,0.0,0.5714285714285715,11.602828000150112,283.3701790000305,True,0;1;6;11;22,0;1;4;6;17;22,True,baseline:0.164576;cohesion:0.221379
cohesion_calibrated,nq_149,1.0,0.4,0.8490293243660301,0.15097067563396993,0.0,0.28571428571428575,11.588086999836378,295.11497599992254,True,2;4;6;12;38,2;4,True,baseline:0.184990;cohesion:0.236079
cohesion_calibrated,nq_150,,0.0,0.7100675979290155,0.2899324020709845,0.0,0.0,11.539398999957484,233.0383600001369,False,9;16;29;31;36,,True,baseline:0.165624;cohesion:0.247931
cohesion_calibrated,nq_151,0.3333333333333333,0.4,0.8791730666282416,0.12082693337175843,0.0,0.5,11.558828000033827,254.7288739999658,True,0;1;4;10;22,4;6;18;22;28;38,True,baseline:0.157894;cohesion:0.230349
cohesion_calibrated,nq_152,1.0,0.4,0.8571879021623257,0.14281209783767435,0.0,0.8,11.245875999975397,195.01554199996463,True,0;1;2;6;20,0;1,True,baseline:0.147561;cohesion:0.233576
cohesion_calibrated,nq_153,0.3333333333333333,0.2,0.714457457785393,0.28554254221460695,1.0,1.0,11.45469200014304,192.15314300004138,True,2;11;12;30;46,0;1;46,True,baseline:0.148038;cohesion:0.217785
cohesion_calibrated,nq_154,,0.0,0.8810327436942466,0.11896725630575344,0.0,0.0,11.33718999994926,233.53379599984692,False,2;9;10;15;42,,True,baseline:0.146162;cohesion:0.233756
cohesion_calibrated,nq_155,,0.0,0.6725530340256641,0.32744696597433587,0.0,0.0,11.426471000049787,212.09312900009536,False,7;18;22;33;42,,True,baseline:0.152601;cohesion:0.219645
cohesion_calibrated,nq_156,0.1875,0.6,0.8825600566606789,0.11743994333932106,0.0,0.6666666666666666,11.409475000164093,192.65347200007454,True,1;3;7;9;16,0;3;4;5;6;7;8;14;16;17;24;27;39;42;43;49,True,baseline:0.151244;cohesion:0.218573
cohesion_calibrated,nq_157,1.0,0.6,0.7270359531888193,0.2729640468111807,0.0,0.5,11.38475700008712,212.29973799995605,True,0;1;10;31;49,0;1;49,True,baseline:0.146111;cohesion:0.233141
cohesion_calibrated,nq_158,,0.0,0.666841262445353,0.333158737554647,0.0,0.0,11.429187999965507,253.63658700007363,False,14;22;25;45;47,,True,baseline:0.149605;cohesion:0.253744
cohesion_calibrated,nq_159,0.0,0.0,0.7145377569418242,0.2854622430581758,0.0,0.0,11.405047999915041,173.49089799995454,True,15;17;25;27;40,32;49,True,baseline:0.151936;cohesion:0.222688
cohesion_calibrated,nq_160,1.0,0.2,0.7405512967891585,0.25944870321084146,0.0,0.0,11.411666999947556,235.52669300011075,True,4;12;25;41;48,4,True,baseline:0.144461;cohesion:0.230821
cohesion_calibrated,nq_161,0.2,0.2,0.8251619575527271,0.17483804244727286,0.0,0.0,11.49857400014298,255.76985399993646,True,2;27;39;42;46,2;12;21;25;32,True,baseline:0.147303;cohesion:0.220923
cohesion_calibrated,nq_162,1.0,0.8,0.7827820481251692,0.21721795187483084,1.0,1.0,11.436816000014005,236.60123700005897,True,1;4;6;17;46,1;4;17;46,True,baseline:0.147910;cohesion:0.218092
cohesion_calibrated,nq_163,,0.0,0.7001609607152997,0.29983903928470035,0.0,0.8,11.457717999974193,192.96983899994302,False,1;2;4;30;34,,True,baseline:0.148950;cohesion:0.221149
cohesion_calibrated,nq_164,1.0,0.4,0.7277034887488416,0.2722965112511584,0.0,0.0,11.48868199993558,214.72207500005425,True,4;30;32;40;49,4;32,True,baseline:0.153965;cohesion:0.224012
cohesion_calibrated,nq_165,0.75,0.6,0.721467143240701,0.27853285675929895,1.0,1.0,11.490997000009884,229.11346699993373,True,3;5;6;12;17,0;3;5;12,True,baseline:0.156833;cohesion:0.220830
cohesion_calibrated,nq_166,0.3333333333333333,0.2,0.802017314591497,0.19798268540850295,1.0,1.0,11.544966999963435,275.57636400001684,True,0;4;11;12;16,0;1;2,True,baseline:0.160076;cohesion:0.228798
cohesion_calibrated,nq_167,0.6666666666666666,0.4,0.8129930450157558,0.18700695498424424,1.0,1.0,11.615603999871382,214.2971849998503,True,2;4;24;26;27,4;5;24,True,baseline:0.176197;cohesion:0.238661
cohesion_calibrated,nq_168,0.2,0.2,0.811975466054936,0.18802453394506402,0.0,0.3333333333333333,11.658377999992808,279.46436000001995,True,4;5;14;21;31,0;4;17;19;39,True,baseline:0.181617;cohesion:0.242491
cohesion_calibrated,nq_169,0.058823529411764705,0.2,0.8388943975212303,0.1611056024787697,0.0,0.0,11.72005800003717,216.80221299993718,True,10;14;22;28;48,0;1;4;6;8;15;17;18;19;20;22;25;31;33;41;44;46,True,baseline:0.180154;cohesion:0.248914
cohesion_calibrated,nq_170,0.16666666666666666,0.2,0.8395563012593872,0.16044369874061282,0.0,0.4,11.524583999971583,256.9092169999294,True,0;2;4;7;30,0;1;5;8;21;45,True,baseline:0.193488;cohesion:0.244665
cohesion_calibrated,nq_171,0.375,0.6,0.8652156225826886,0.13478437741731142,0.0,0.8,11.54972899985296,213.7043810000705,True,2;16;24;27;32,2;4;6;15;24;32;42;44,True,baseline:0.172860;cohesion:0.260554
cohesion_calibrated,nq_172,,0.0,0.6488765919871285,0.35112340801287145,0.0,0.0,11.514082000076087,173.0181770001309,False,8;34;46;47;49,,True,baseline:0.162615;cohesion:0.234960
cohesion_calibrated,nq_173,1.0,0.4,0.8904616751255251,0.1095383248744749,1.0,1.0,11.37665500004914,173.9703869998266,True,0;1;2;3;29,0;1,True,baseline:0.150603;cohesion:0.238026
cohesion_calibrated,nq_174,0.3333333333333333,0.6,0.8105775755463419,0.1894224244536581,1.0,1.0,11.333735000107481,255.02266100011184,True,0;3;6;10;12,0;2;6;8;9;12;17;28;45,True,baseline:0.149690;cohesion:0.235757
cohesion_calibrated,nq_175,0.25,0.6,0.7173403260561949,0.2826596739438051,0.0,0.6,11.437329000045793,399.2715119998138,True,8;13;17;22;25,0;1;2;3;4;5;6;8;17;22;23;44,True,baseline:0.154320;cohesion:0.222911
cohesion_calibrated,nq_176,,0.0,0.7713437931181257,0.22865620688187427,0.0,0.0,11.511655000049359,214.7233809998852,False,0;2;8;36;47,,True,baseline:0.163169;cohesion:0.232756
cohesion_calibrated,nq_177,0.07692307692307693,0.2,0.802719988864865,0.19728001113513505,0.0,0.0,11.461676000180887,257.24548900006994,True,8;12;15;17;36,5;7;12;13;18;20;21;31;34;37;39;43;47,True,baseline:0.160276;cohesion:0.229085
cohesion_calibrated,nq_178,0.3333333333333333,0.6,0.832698252625508,0.167301747374492,0.0,0.4,11.360445000036634,212.43961300001502,True,2;24;37;40;46,2;5;17;21;24;26;28;34;46,True,baseline:0.150530;cohesion:0.219079
cohesion_calibrated,nq_179,,0.0,0.6667270105069406,0.3332729894930594,0.0,0.0,11.317440000084389,233.4355539999251,False,3;20;28;29;36,,True,baseline:0.148909;cohesion:0.222088
cohesion_calibrated,nq_180,0.25,0.2,0.8274921466995517,0.17250785330044827,0.0,0.6666666666666666,11.236209000117015,337.61546899995665,True,10;13;14;38;42,1;5;13;41,True,baseline:0.167245;cohesion:0.218637
cohesion_calibrated,nq_181,1.0,0.4,0.7808408263231523,0.21915917367684767,1.0,1.0,11.440752999988035,236.69969899992793,True,5;17;30;42;48,17;30,True,baseline:0.170460;cohesion:0.242094
cohesion_calibrated,nq_182,,0.0,0.680650005088031,0.319349994911969,0.0,0.0,11.464748999969743,278.3945030000723,False,1;3;35;36;39,,True,baseline:0.172980;cohesion:0.257714
cohesion_calibrated,nq_183,0.0,0.0,0.6278008647688829,0.37219913523111714,0.0,0.3333333333333333,11.432698999897184,234.5708340001238,True,2;17;21;38;43,12;27;29;49,True,baseline:0.181081;cohesion:0.239539
cohesion_calibrated,nq_184,0.5,0.4,0.8289451448847498,0.1710548551152502,0.0,0.25,11.38200900004449,235.8646709999448,True,0;2;15;28;36,0;2;4;9,True,baseline:0.158279;cohesion:0.227114
cohesion_calibrated,nq_185,,0.0,0.6993636784822674,0.30063632151773256,0.0,0.0,11.38195699991229,257.16841899998144,False,20;25;37;43;48,,True,baseline:0.186209;cohesion:0.224913
cohesion_calibrated,nq_186,0.36363636363636365,0.8,0.8177049319897998,0.18229506801020023,1.0,1.0,11.288927000123294,192.62353499993878,True,2;6;7;22;23,0;2;6;7;13;15;18;22;34;38;49,True,baseline:0.149538;cohesion:0.235660
cohesion_calibrated,nq_187,0.3333333333333333,0.2,0.7784468621893893,0.2215531378106107,1.0,1.0,11.378478999858999,195.66439699997318,True,0;2;9;12;30,0;5;17,True,baseline:0.154131;cohesion:0.225233
cohesion_calibrated,nq_188,1.0,0.2,0.6682250384102588,0.3317749615897412,1.0,1.0,11.306617999935042,215.8708970000589,True,8;25;33;38;40,40,True,baseline:0.150465;cohesion:0.219187
cohesion_calibrated,nq_189,,0.0,0.6510085577313012,0.3489914422686988,0.0,0.0,11.428395999928398,173.42108000002554,False,0;1;2;19;29,,True,baseline:0.150841;cohesion:0.235744
cohesion_calibrated,nq_190,0.75,0.6,0.8298663797050783,0.17013362029492174,1.0,1.0,11.432537000018783,195.45382399996925,True,0;3;15;19;41,0;3;15;17,True,baseline:0.152874;cohesion:0.237785
cohesion_calibrated,nq_191,0.4444444444444444,0.8,0.7913629567748725,0.20863704322512755,1.0,1.0,11.348307000162094,236.0433810001723,True,0;8;29;36;47,0;2;6;8;9;30;35;36;47,True,baseline:0.153984;cohesion:0.219604
cohesion_calibrated,nq_192,0.3333333333333333,0.2,0.7762841816988371,0.22371581830116294,0.0,0.0,11.343738999812558,192.42661799989946,True,0;3;6;13;37,3;11;22,True,baseline:0.167271;cohesion:0.221762
cohesion_calibrated,nq_193,,0.0,0.7972534296949242,0.2027465703050758,0.0,0.0,11.299507999865455,154.41269799998736,False,5;8;29;31;41,,True,baseline:0.148442;cohesion:0.218562
cohesion_calibrated,nq_194,1.0,0.6,0.7197537680083782,0.2802462319916218,1.0,1.0,11.37389600012284,274.76707499999975,True,0;1;15;19;40,0;1;19,True,baseline:0.151779;cohesion:0.241440
cohesion_calibrated,nq_195,,0.0,0.9412237308935343,0.05877626910646572,0.0,0.0,11.550995000106923,304.68400700010534,False,8;10;22;30;40,,True,baseline:0.150531;cohesion:0.259538
cohesion_calibrated,nq_196,0.2857142857142857,0.8,0.7703895960752085,0.22961040392479148,0.0,0.4444444444444445,11.611338999955478,697.5212350000675,True,0;11;12;16;46,0;1;5;6;10;12;15;16;22;26;37;38;45;46,True,baseline:0.172703;cohesion:0.235231
cohesion_calibrated,nq_197,1.0,0.2,0.8366675199396593,0.16333248006034073,0.0,0.7499999999999999,11.481966000019384,194.07390800006397,True,1;3;4;12;32,1,True,baseline:0.153615;cohesion:0.237600
cohesion_calibrated,nq_198,0.35714285714285715,1.0,0.8340737711705757,0.16592622882942432,0.0,0.0,11.390099999971426,212.9476350000914,True,4;20;21;37;45,0;1;4;5;11;12;15;16;18;20;21;37;45;48,True,baseline:0.153954;cohesion:0.222895
cohesion_calibrated,nq_199,0.25,0.4,0.778359619071723,0.22164038092827698,1.0,1.0,11.272547000089617,229.686638999965,True,7;10;19;29;34,1;7;9;11;16;17;19;45,True,baseline:0.151764;cohesion:0.239047
cohesion_disabled,nq_0,0.5,0.4,0.8541128623045979,0.14588713769540207,0.0,0.8571428571428571,11.943377000079636,494.0492210000684,True,0;1;25;32;37,0;1;4;38,True,baseline:0.207578;cohesion:0.094817
cohesion_disabled,nq_1,0.3333333333333333,0.4,0.7231898500225278,0.2768101499774722,0.0,0.5714285714285715,11.532093000141685,243.61745199985307,True,1;12;30;43;48,0;1;7;9;14;30,True,baseline:0.183041;cohesion:0.094867
cohesion_disabled,nq_2,0.23076923076923078,0.6,0.6961108830999511,0.30388911690004894,1.0,1.0,12.5738189999538,172.42648599994936,True,0;1;32;37;47,0;1;6;7;16;19;22;23;32;33;35;38;45,True,baseline:0.178955;cohesion:0.092221
cohesion_disabled,nq_3,0.625,1.0,0.8856787463091609,0.11432125369083912,0.0,0.0,11.747070999945208,333.9867739998681,True,4;29;37;45;49,4;6;24;29;37;45;47;49,True,baseline:0.181957;cohesion:0.095968
cohesion_disabled,nq_4,0.4,0.8,0.8538989055969182,0.14610109440308183,0.0,0.8,11.825860000044486,197.1715449999465,True,0;16;26;29;40,0;3;7;16;24;26;27;33;40;47,True,baseline:0.200081;cohesion:0.093419
cohesion_disabled,nq_5,0.0,0.0,0.8888063393982742,0.11119366060172575,0.0,0.0,11.827146000086941,240.65039399988564,True,0;5;8;10;21,19;44,True,baseline:0.183059;cohesion:0.094531
cohesion_disabled,nq_6,0.0,0.0,0.9058967500802556,0.09410324991974439,0.0,0.0,11.906965999969543,259.72641100020155,True,0;3;5;11;12,9;33,True,baseline:0.190338;cohesion:0.094687
cohesion_disabled,nq_7,,0.0,0.9030805196519799,0.09691948034802012,0.0,0.6666666666666666,12.101118999908067,198.46280699994168,False,4;9;34;42;49,,True,baseline:0.187947;cohesion:0.094290
cohesion_disabled,nq_8,,0.0,0.625220254602515,0.37477974539748504,0.0,0.28571428571428575,11.80637199990997,238.3857969998644,False,1;7;18;39;43,,True,baseline:0.184580;cohesion:0.095935
cohesion_disabled,nq_9,,0.0,0.8074523201595352,0.19254767984046484,0.0,0.5,11.747039000056247,177.1596099999897,False,15;19;34;43;48,,True,baseline:0.169229;cohesion:0.099372
cohesion_disabled,nq_10,0.2857142857142857,0.8,0.7949576893064805,0.20504231069351952,1.0,1.0,11.316064000084225,193.62419000003683,True,5;8;11;42;46,0;1;2;3;5;8;9;11;14;17;23;36;39;42,True,baseline:0.176007;cohesion:0.106827
cohesion_disabled,nq_11,0.75,0.6,0.7769646693458949,0.22303533065410508,1.0,1.0,11.449225999967894,213.63077799992425,True,0;3;14;32;37,3;7;14;37,True,baseline:0.176648;cohesion:0.095536
cohesion_disabled,nq_12,0.3333333333333333,0.2,0.7706736545523188,0.22932634544768116,0.0,0.0,11.489497999946252,213.29945499996938,True,0;14;21;29;39,0;1;41,True,baseline:0.168611;cohesion:0.091314
cohesion_disabled,nq_13,0.7142857142857143,1.0,0.8473733470427754,0.15262665295722455,1.0,1.0,11.372360999985176,191.85300799995275,True,0;1;4;5;31,0;1;3;4;5;16;31,True,baseline:0.165045;cohesion:0.093945
cohesion_disabled,nq_14,0.2,0.2,0.7280395526872177,0.27196044731278235,0.0,0.5,11.369319000095857,376.99776799991014,True,10;11;28;31;45,0;1;2;9;11,True,baseline:0.161300;cohesion:0.096526
cohesion_disabled,nq_15,,0.0,0.6727730841400221,0.3272269158599779,0.0,0.0,11.41129000006913,194.87365300005877,False,15;17;18;36;49,,True,baseline:0.160943;cohesion:0.089238
cohesion_disabled,nq_16,0.5,0.2,0.7973541831371616,0.20264581686283845,0.0,0.7499999999999999,11.389001999987158,232.65604700009135,True,5;7;27;43;46,4;27,True,baseline:0.158156;cohesion:0.093472
cohesion_disabled,nq_17,0.2,0.2,0.8234791843263715,0.17652081567362854,1.0,1.0,11.286140000038358,191.6476540000076,True,1;13;20;22;29,8;12;22;27;28,True,baseline:0.153885;cohesion:0.092057
cohesion_disabled,nq_18,0.05263157894736842,0.2,0.8053153524811634,0.19468464751883663,0.0,0.5,11.357420999956958,191.47285700000793,True,3;10;18;34;41,0;1;2;4;5;6;7;10;16;17;20;22;25;27;33;36;37;43;49,True,baseline:0.156933;cohesion:0.094582
cohesion_disabled,nq_19,0.2,1.0,0.7832095675627189,0.21679043243728113,0.0,0.0,11.30195099995035,193.56767299996136,True,0;9;11;18;27,0;1;2;3;4;5;6;8;9;11;12;13;15;17;18;21;23;27;31;32;36;43;45;47;49,True,baseline:0.151748;cohesion:0.090974
cohesion_disabled,nq_20,0.5,0.4,0.8389580345605078,0.16104196543949223,0.0,0.0,11.303620000035153,250.96607899990886,True,0;6;9;30;42,0;21;42;48,True,baseline:0.148161;cohesion:0.089697
cohesion_disabled,nq_21,0.75,0.6,0.6604867223791132,0.3395132776208868,0.0,0.33333333333333337,11.380298999938532,309.95598000004065,True,0;1;3;25;48,0;1;3;16,True,baseline:0.188130;cohesion:0.093651
cohesion_disabled,nq_22,0.3333333333333333,0.8,0.7779250985182056,0.22207490148179443,0.0,0.6666666666666666,11.777982000012344,177.57154900004934,True,0;3;5;26;30,0;3;5;12;17;22;24;26;28;31;34;48,True,baseline:0.189958;cohesion:0.094278
cohesion_disabled,nq_23,0.75,0.6,0.8251881144429756,0.17481188555702443,1.0,1.0,11.920998000050531,181.1484830000154,True,5;7;8;33;34,5;8;31;33,True,baseline:0.199706;cohesion:0.094727
cohesion_disabled,nq_24,1.0,0.8,0.9102010331457286,0.08979896685427136,1.0,1.0,11.639226999932362,217.19705500004238,True,0;1;2;4;7,0;2;4;7,True,baseline:0.179005;cohesion:0.128390
cohesion_disabled,nq_25,0.3333333333333333,0.8,0.7718850651428916,0.22811493485710843,0.0,0.5,11.522578000040085,213.7419040000168,True,7;15;19;24;43,0;3;5;15;19;24;34;37;41;42;43;45,True,baseline:0.163456;cohesion:0.117995
cohesion_disabled,nq_26,,0.0,0.6727415658000853,0.32725843419991474,0.0,0.0,11.448145000031218,238.04621899989797,False,8;23;29;45;46,,True,baseline:0.159208;cohesion:0.091175
cohesion_disabled,nq_27,1.0,0.2,0.6411275353263264,0.3588724646736736,0.0,0.8,11.570613000003505,277.31972099991253,True,0;13;14;20;29,0,True,baseline:0.215815;cohesion:0.094934
cohesion_disabled,nq_28,0.35714285714285715,1.0,0.8423135163671047,0.15768648363289528,0.0,0.6666666666666666,11.770232999879227,195.23554000011245,True,14;31;32;35;40,0;1;3;11;14;15;18;25;28;31;32;35;40;45,True,baseline:0.179961;cohesion:0.096037
cohesion_disabled,nq_29,0.5,0.2,0.8546793899849771,0.14532061001502294,0.0,1.0,11.624525999877733,258.1206370000473,True,2;4;9;10;22,1;2,True,baseline:0.203722;cohesion:0.093278
cohesion_disabled,nq_30,0.5,0.8,0.7933957345585538,0.20660426544144617,1.0,1.0,11.652072999822849,276.43328999988626,True,0;1;25;27;33,0;1;3;6;10;25;27;29,True,baseline:0.201758;cohesion:0.092699
cohesion_disabled,nq_31,1.0,0.2,0.8118790882970668,0.1881209117029332,1.0,1.0,11.571214000014152,172.868704999928,True,0;3;5;6;44,0,True,baseline:0.179651;cohesion:0.095349
cohesion_disabled,nq_32,,0.0,0.78840390451779,0.21159609548221003,0.0,0.5,11.50712100002238,173.96829800009073,False,3;5;15;19;32,,True,baseline:0.172034;cohesion:0.097057
cohesion_disabled,nq_33,0.0,0.0,0.6037403700293253,0.39625962997067465,0.0,0.8,11.301007999918511,212.6030350000292,True,5;28;31;39;47,0;6,True,baseline:0.178101;cohesion:0.095974
cohesion_disabled,nq_34,0.4,0.4,0.8244662323566813,0.17553376764331874,0.0,0.0,11.33962199992311,274.45647299987286,True,2;6;7;8;31,1;4;8;13;31,True,baseline:0.177908;cohesion:0.093410
cohesion_disabled,nq_35,1.0,0.6,0.900795916497173,0.09920408350282695,1.0,1.0,11.277794000079666,255.52229100003387,True,3;5;6;11;15,3;5;6,True,baseline:0.171230;cohesion:0.113013
cohesion_disabled,nq_36,0.0,0.0,0.7486184147000069,0.2513815852999931,0.0,0.0,11.342356999875847,192.01288399995065,True,3;17;20;27;31,5;7,True,baseline:0.168465;cohesion:0.091027
cohesion_disabled,nq_37,0.75,0.6,0.7393257980810525,0.2606742019189475,1.0,1.0,11.590959999921324,264.53585300009763,True,0;3;17;30;33,0;3;23;30,True,baseline:0.163463;cohesion:0.110092
cohesion_disabled,nq_38,0.2777777777777778,1.0,0.8587860043478145,0.1412139956521855,0.0,0.8,11.699953000061214,345.41628200008745,True,0;5;6;8;11,0;1;2;3;4;5;6;7;8;11;17;19;25;26;31;33;45;47,True,baseline:0.167792;cohesion:0.092084
cohesion_disabled,nq_39,0.05555555555555555,0.2,0.8500325287756467,0.14996747122435328,0.0,0.5,11.923648999982106,197.03022599992437,True,0;1;27;41;47,2;3;4;6;8;10;11;15;16;19;23;33;38;40;43;44;45;47,True,baseline:0.170941;cohesion:0.094537
cohesion_disabled,nq_40,,0.0,0.8863373361045189,0.11366266389548108,0.0,0.0,11.53445499994632,474.289563000184,False,1;6;13;30;34,,True,baseline:0.199034;cohesion:0.096360
cohesion_disabled,nq_41,,0.0,0.8029609282684909,0.19703907173150914,0.0,0.0,11.66601099998843,398.2490119999511,False,8;12;17;31;42,,True,baseline:0.202705;cohesion:0.091699
cohesion_disabled,nq_42,0.75,0.6,0.8090624904723966,0.19093750952760336,1.0,1.0,11.637942999868756,197.915637000051,True,0;13;14;17;21,0;14;21;29,True,baseline:0.219364;cohesion:0.100429
cohesion_disabled,nq_43,,0.0,0.6789006493212651,0.32109935067873485,0.0,0.0,11.576926999850912,244.24651900017125,False,8;26;34;35;36,,True,baseline:0.203898;cohesion:0.095601
cohesion_disabled,nq_44,0.0,0.0,0.8591387544363798,0.14086124556362023,0.0,0.0,11.570778000077553,199.9526419999711,True,0;5;25;41;44,47,True,baseline:0.205931;cohesion:0.094162
cohesion_disabled,nq_45,0.11904761904761904,1.0,0.8518551726209793,0.14814482737902068,0.0,0.5,11.605582000129289,226.52468299997963,True,6;11;35;40;49,0;1;2;3;4;5;6;7;8;10;11;13;14;15;16;17;19;20;23;24;25;26;27;28;29;30;31;32;33;35;36;37;39;40;41;43;44;45;46;47;48;49,True,baseline:0.205951;cohesion:0.094233
cohesion_disabled,nq_46,0.0,0.0,0.8462928316981531,0.15370716830184694,0.0,0.0,11.680688000069495,291.33770199996434,True,10;20;22;28;29,8;9;12,True,baseline:0.210111;cohesion:0.092952
cohesion_disabled,nq_47,0.25,0.4,0.8723644402056744,0.12763555979432561,0.0,0.5,11.64409800003341,266.99553299999934,True,2;16;19;29;36,2;6;9;22;36;38;40;43,True,baseline:0.206175;cohesion:0.096427
cohesion_disabled,nq_48,0.18181818181818182,0.4,0.7677023478348122,0.23229765216518783,0.0,0.0,11.562302999891472,264.96345700002166,True,1;2;3;25;34,0;1;2;4;6;7;9;16;18;41;47,True,baseline:0.201294;cohesion:0.095139
cohesion_disabled,nq_49,0.3333333333333333,0.2,0.7955556703109785,0.2044443296890215,0.0,0.5,11.585025999920617,224.6582259999741,True,1;6;35;41;45,10;21;45,True,baseline:0.205151;cohesion:0.095386
cohesion_disabled,nq_50,,0.0,0.7594973493197579,0.24050265068024212,0.0,0.28571428571428575,11.640046000138682,221.69544700000188,False,3;12;17;28;29,,True,baseline:0.209077;cohesion:0.093971
cohesion_disabled,nq_51,0.09523809523809523,0.4,0.8417895760075063,0.15821042399249374,1.0,1.0,11.520520999965811,177.19163799984017,True,31;34;42;43;49,2;3;4;5;6;15;17;19;20;21;22;25;26;28;29;37;38;40;42;43;45,True,baseline:0.219804;cohesion:0.098183
cohesion_disabled,nq_52,,0.0,0.6580139092928325,0.34198609070716746,0.0,0.0,11.359880999862071,178.00802400006432,False,11;23;26;34;39,,True,baseline:0.187766;cohesion:0.092639
cohesion_disabled,nq_53,0.17647058823529413,0.6,0.7091926641087198,0.29080733589128016,0.0,0.6666666666666666,11.412633000190908,241.97551499992187,True,16;17;41;43;44,0;3;4;7;9;11;13;14;22;28;34;37;41;43;44;45;46,True,baseline:0.193592;cohesion:0.092368
cohesion_disabled,nq_54,0.2,0.2,0.8342245564672475,0.16577544353275253,0.0,0.0,11.4475330001369,245.11697899993123,True,2;21;22;40;42,1;13;34;42;47,True,baseline:0.189938;cohesion:0.092780
cohesion_disabled,nq_55,0.3333333333333333,0.4,0.7929647419852625,0.20703525801473754,1.0,1.0,11.412397999947643,220.36322899998595,True,3;15;27;46;47,3;13;15;18;26;37,True,baseline:0.185602;cohesion:0.090915
cohesion_disabled,nq_56,,0.0,0.7388401911112723,0.2611598088887277,0.0,0.0,11.455963000116753,176.75282300001527,False,26;28;36;40;48,,True,baseline:0.201533;cohesion:0.093805
cohesion_disabled,nq_57,0.6666666666666666,0.8,0.8261734202623845,0.1738265797376155,1.0,1.0,11.415502999852833,177.60494399999516,True,0;1;2;4;6,0;1;2;4;5;38,True,baseline:0.187944;cohesion:0.096619
cohesion_disabled,nq_58,,0.0,0.6135741339489021,0.38642586605109785,0.0,0.0,11.4011880000362,277.29042600003595,False,0;1;19;34;45,,True,baseline:0.196541;cohesion:0.097857
cohesion_disabled,nq_59,,0.0,0.6484230710338081,0.35157692896619186,0.0,0.28571428571428575,11.417773999937708,244.2416989999856,False,4;21;32;33;35,,True,baseline:0.196150;cohesion:0.099464
cohesion_disabled,nq_60,0.36363636363636365,0.8,0.7980892725757036,0.2019107274242964,0.0,0.5,11.444941999798175,243.15416200010986,True,1;3;17;30;35,1;3;4;5;6;17;18;22;28;35;37,True,baseline:0.204350;cohesion:0.093627
cohesion_disabled,nq_61,0.5,0.8,0.7562575560518632,0.24374244394813682,0.0,0.6666666666666666,11.419508000017231,308.50048999991486,True,4;7;17;36;47,3;4;7;10;24;34;36;47,True,baseline:0.182997;cohesion:0.094506
cohesion_disabled,nq_62,0.75,0.6,0.8016470547823153,0.19835294521768465,0.0,0.4,11.429200000065975,197.75478900010057,True,6;11;14;19;20,2;11;19;20,True,baseline:0.192568;cohesion:0.094362
cohesion_disabled,nq_63,0.3333333333333333,0.2,0.8140309606655348,0.18596903933446518,0.0,0.6666666666666666,11.303148999786572,219.64155700015908,True,0;4;12;13;15,0;18;49,True,baseline:0.157125;cohesion:0.091074
cohesion_disabled,nq_64,0.2727272727272727,0.6,0.8371888670370181,0.16281113296298189,0.0,0.6666666666666666,11.29664700010835,197.62893000006443,True,0;12;25;36;47,0;1;3;4;7;9;10;12;29;32;36,True,baseline:0.151782;cohesion:0.091263
cohesion_disabled,nq_65,0.625,1.0,0.9032599662622462,0.09674003373775375,0.0,0.6666666666666666,11.413455000138129,198.0302249999113,True,0;3;6;9;37,0;3;4;5;6;7;9;37,True,baseline:0.163601;cohesion:0.094866
cohesion_disabled,nq_66,0.36363636363636365,0.8,0.7807348065027465,0.21926519349725349,1.0,1.0,11.46485100002792,286.0476749999634,True,9;13;16;20;26,0;3;9;11;13;16;24;26;31;34;38,True,baseline:0.172670;cohesion:0.110064
cohesion_disabled,nq_67,,0.0,0.7000849449073352,0.2999150550926648,1.0,1.0,11.37196599984236,192.99727499992514,False,1;6;7;9;31,,True,baseline:0.184666;cohesion:0.093730
cohesion_disabled,nq_68,0.0,0.0,0.8462476448964228,0.1537523551035772,0.0,0.5,11.497827000084726,194.1139650000423,True,0;2;16;33;47,4;11,True,baseline:0.183460;cohesion:0.094153
cohesion_disabled,nq_69,,0.0,0.6787632268143693,0.3212367731856307,0.0,0.0,11.428991999991922,256.5690100000211,False,3;8;9;23;34,,True,baseline:0.179111;cohesion:0.095456
cohesion_disabled,nq_70,0.0,0.0,0.7029385790640859,0.29706142093591414,0.0,0.0,11.40030100009426,193.45376299997952,True,2;40;42;43;45,7;24,True,baseline:0.195988;cohesion:0.095195
cohesion_disabled,nq_71,0.2222222222222222,0.4,0.8704958373298914,0.12950416267010856,0.0,0.6666666666666666,11.759468000036577,196.50836899995738,True,2;23;29;31;39,0;3;5;12;14;18;22;23;29,True,baseline:0.172071;cohesion:0.096256
cohesion_disabled,nq_72,0.375,0.6,0.7401268211497769,0.2598731788502231,0.0,0.5714285714285715,11.684502999969482,236.27209599999333,True,0;1;10;17;43,0;1;2;3;4;11;14;43,True,baseline:0.193580;cohesion:0.091617
cohesion_disabled,nq_73,1.0,0.6,0.7363225368997981,0.2636774631002019,1.0,1.0,11.667585999930452,174.0651610000441,True,0;1;4;12;43,0;1;4,True,baseline:0.175791;cohesion:0.112922
cohesion_disabled,nq_74,0.6666666666666666,0.4,0.8103143524869306,0.18968564751306938,0.0,0.5,11.650626000118791,260.8291100000315,True,4;9;11;40;47,9;40;41,True,baseline:0.191670;cohesion:0.096052
cohesion_disabled,nq_75,1.0,0.8,0.7895018737987641,0.21049812620123587,1.0,1.0,11.68556799984799,218.6300239998218,True,0;1;2;10;24,0;1;2;24,True,baseline:0.203356;cohesion:0.094749
cohesion_disabled,nq_76,1.0,0.8,0.8914460782209618,0.10855392177903822,0.0,0.6666666666666666,11.648883999896498,280.74048200005564,True,0;1;3;7;10,0;1;3;10,True,baseline:0.182850;cohesion:0.090795
cohesion_disabled,nq_77,,0.0,0.6263210278858169,0.3736789721141831,0.0,0.4,11.677343999963341,217.05773899998348,False,10;18;32;44;47,,True,baseline:0.185420;cohesion:0.095858
cohesion_disabled,nq_78,0.4,0.4,0.8174135103336926,0.18258648966630742,1.0,1.0,11.581636000073559,258.6791329999869,True,0;13;23;28;38,0;16;19;25;28,True,baseline:0.160740;cohesion:0.091349
cohesion_disabled,nq_79,0.5,0.4,0.8260598644210682,0.17394013557893184,0.0,0.6666666666666666,11.464036999996097,298.4524899998178,True,0;1;9;21;45,0;1;2;37,True,baseline:0.164758;cohesion:0.096594
cohesion_disabled,nq_80,0.5,0.8,0.8094359123819028,0.19056408761809718,1.0,1.0,11.499185000047873,237.03952200003187,True,3;4;8;13;31,0;2;3;4;7;8;13;14,True,baseline:0.159048;cohesion:0.101669
cohesion_disabled,nq_81,0.0967741935483871,0.6,0.8295594145236377,0.17044058547636232,1.0,1.0,11.573777999956292,155.55575899998075,True,5;8;14;32;47,0;1;2;3;4;5;7;8;9;10;11;12;13;15;18;23;25;26;27;28;29;31;33;35;36;37;39;41;43;45;47,True,baseline:0.160324;cohesion:0.092001
cohesion_disabled,nq_82,0.3333333333333333,0.2,0.7609242606668382,0.23907573933316184,0.0,0.5,11.609173000124429,174.45979900003294,True,3;12;18;27;44,3;5;35,True,baseline:0.174261;cohesion:0.094972
cohesion_disabled,nq_83,,0.0,0.7450482060652505,0.25495179393474954,0.0,0.0,11.634516999947664,225.04897999988316,False,6;25;40;41;46,,True,baseline:0.170585;cohesion:0.107922
cohesion_disabled,nq_84,0.0,0.0,0.7135132356946624,0.2864867643053376,0.0,0.28571428571428575,11.869751999938671,200.7461929999863,True,28;30;35;36;42,25,True,baseline:0.185350;cohesion:0.107088
cohesion_disabled,nq_85,0.2,0.2,0.8338389629969738,0.1661610370030262,0.0,0.0,11.794172000008984,214.59163700001227,True,4;7;18;35;37,1;3;8;37;39,True,baseline:0.162200;cohesion:0.097367
cohesion_disabled,nq_86,0.2857142857142857,0.4,0.6870064431662728,0.3129935568337272,0.0,0.6666666666666666,11.606485000129396,153.2650270000886,True,0;11;17;39;45,0;12;14;16;31;35;39,True,baseline:0.160738;cohesion:0.101126
cohesion_disabled,nq_87,0.6,0.6,0.7217692124377784,0.27823078756222164,1.0,1.0,11.52528199986591,261.279161000175,True,0;1;4;37;49,0;1;4;12;30,True,baseline:0.176386;cohesion:0.097684
cohesion_disabled,nq_88,0.6666666666666666,0.4,0.9009832539235971,0.09901674607640287,0.0,0.3333333333333333,11.549727000101484,194.72803400003613,True,2;4;11;13;15,2;4;31,True,baseline:0.177601;cohesion:0.091327
cohesion_disabled,nq_89,0.0,0.0,0.8466505197747969,0.15334948022520312,0.0,0.0,11.538015000041923,153.5355549999622,True,6;20;27;30;35,14;22;23;25;40,True,baseline:0.181773;cohesion:0.103333
cohesion_disabled,nq_90,0.6666666666666666,0.4,0.6479646335455793,0.3520353664544207,0.0,0.6666666666666666,11.704453999982434,214.3376700000772,True,0;3;17;37;40,0;10;17,True,baseline:0.178681;cohesion:0.106274
cohesion_disabled,nq_91,,0.0,0.8367339007437036,0.16326609925629643,0.0,0.6666666666666666,11.742908999849533,258.26588500012804,False,0;5;7;9;42,,True,baseline:0.179329;cohesion:0.097119
cohesion_disabled,nq_92,,0.0,0.7839237658246304,0.21607623417536959,0.0,0.0,11.587287000111246,197.185189000038,False,0;6;14;15;20,,True,baseline:0.207625;cohesion:0.099970
cohesion_disabled,nq_93,,0.0,0.6628492892941423,0.33715071070585767,0.0,0.3333333333333333,11.577069999930245,215.95915500006413,False,0;3;14;31;39,,True,baseline:0.220143;cohesion:0.097257
cohesion_disabled,nq_94,1.0,0.4,0.7324300789918518,0.26756992100814825,0.0,0.3333333333333333,11.42881100008708,277.6026770000044,True,0;2;19;22;42,0;2,True,baseline:0.169979;cohesion:0.093040
cohesion_disabled,nq_95,0.45454545454545453,1.0,0.9343623713911284,0.06563762860887157,0.0,0.0,11.445102999914525,193.00491800004238,True,0;3;4;8;26,0;3;4;8;23;26;29;35;38;43;49,True,baseline:0.163075;cohesion:0.095127
cohesion_disabled,nq_96,0.75,0.6,0.7630188293349178,0.23698117066508217,1.0,1.0,11.475556000050346,176.17046000009395,True,1;8;10;25;36,0;1;25;36,True,baseline:0.159996;cohesion:0.091632
cohesion_disabled,nq_97,0.3333333333333333,0.2,0.8266711425963689,0.17332885740363113,1.0,1.0,11.654262000092785,195.5408260000695,True,25;29;35;47;49,8;13;47,True,baseline:0.178092;cohesion:0.121920
cohesion_disabled,nq_98,0.16666666666666666,0.4,0.8701348965660696,0.12986510343393043,0.0,0.0,11.656383000172355,361.41260599993075,True,0;2;33;47;48,0;1;7;10;11;18;24;25;26;28;36;48,True,baseline:0.194427;cohesion:0.122444
cohesion_disabled,nq_99,1.0,0.4,0.800688057073935,0.19931194292606502,0.0,0.4444444444444445,11.512132999996538,258.6547320001955,True,0;3;4;5;19,0;4,True,baseline:0.199886;cohesion:0.094894
cohesion_disabled,nq_100,0.42857142857142855,0.6,0.8360494764035818,0.16395052359641815,0.0,0.0,11.599466000006942,177.05288299998756,True,5;7;17;32;45,0;2;5;17;39;43;45,True,baseline:0.181832;cohesion:0.094892
cohesion_disabled,nq_101,0.2222222222222222,0.4,0.7539550120356822,0.24604498796431784,0.0,0.7499999999999999,11.643407000065054,237.55826100000377,True,1;2;10;20;32,1;2;13;23;24;26;31;40;45,True,baseline:0.179005;cohesion:0.095395
cohesion_disabled,nq_102,0.42857142857142855,0.6,0.7597615634251296,0.24023843657487043,1.0,1.0,11.683068000138519,173.4884160000547,True,2;6;24;26;44,0;2;6;16;17;26;29,True,baseline:0.178132;cohesion:0.092697
cohesion_disabled,nq_103,0.0,0.0,0.7577268664444702,0.24227313355552982,0.0,0.0,11.903955999969185,298.8350559999162,True,4;5;19;24;27,10,True,baseline:0.198732;cohesion:0.093263
cohesion_disabled,nq_104,1.0,0.2,0.8686048803550268,0.1313951196449732,0.0,0.6666666666666665,11.596166000117591,257.9677080000238,True,1;20;21;29;40,1,True,baseline:0.180716;cohesion:0.097984
cohesion_disabled,nq_105,0.125,1.0,0.793148969370737,0.20685103062926302,0.0,0.6666666666666666,11.946585000032428,258.36222699990685,True,14;30;32;46;48,0;1;2;3;4;5;6;7;8;12;13;14;15;16;17;18;19;20;22;23;25;26;27;28;29;30;32;35;36;37;38;40;41;42;44;45;46;47;48;49,True,baseline:0.172344;cohesion:0.098495
cohesion_disabled,nq_106,,0.0,0.7688059856294476,0.23119401437055243,0.0,0.0,11.642740000070262,196.29655100015952,False,9;14;19;34;46,,True,baseline:0.191726;cohesion:0.096603
cohesion_disabled,nq_107,,0.0,0.8576747965199193,0.1423252034800807,0.0,0.0,11.318700999936482,276.9470299999739,False,0;1;2;5;8,,True,baseline:0.179346;cohesion:0.092093
cohesion_disabled,nq_108,0.25,0.6,0.8449188994420638,0.15508110055793622,1.0,1.0,11.595485000043482,171.92714699990574,True,2;3;36;47;48,2;3;5;6;12;14;24;29;36;40;42;43,True,baseline:0.174678;cohesion:0.116104
cohesion_disabled,nq_109,,0.0,0.7007157105963577,0.29928428940364227,0.0,0.0,11.430946000018594,194.014468999967,False,8;32;39;46;47,,True,baseline:0.181156;cohesion:0.095394
cohesion_disabled,nq_110,,0.0,0.735735644299725,0.26426435570027496,0.0,0.4,11.466036999991047,234.12757599999168,False,4;9;17;34;46,,True,baseline:0.183875;cohesion:0.116233
cohesion_disabled,nq_111,,0.0,0.8901095037365003,0.10989049626349967,0.0,0.0,11.555324000028122,222.47996499982037,False,0;13;26;27;45,,True,baseline:0.221164;cohesion:0.096254
cohesion_disabled,nq_112,0.25,1.0,0.8449998608077905,0.15500013919220945,0.0,0.5,11.438019000024724,242.81812300000638,True,8;17;24;26;33,0;1;2;3;4;5;6;7;8;9;13;15;17;24;26;29;33;38;44;49,True,baseline:0.188377;cohesion:0.109167
cohesion_disabled,nq_113,0.5,0.4,0.7254196632761263,0.2745803367238737,0.0,0.4,11.358169000004636,285.9555289999207,True,0;1;4;16;27,0;1;6;40,True,baseline:0.182630;cohesion:0.093540
cohesion_disabled,nq_114,1.0,0.2,0.8434680062672809,0.1565319937327191,0.0,0.28571428571428575,11.362448999989283,243.49113199991734,True,13;19;23;30;37,37,True,baseline:0.187073;cohesion:0.093787
cohesion_disabled,nq_115,0.5,0.2,0.7047744556625268,0.29522554433747317,1.0,1.0,11.29390100004457,219.50683399995796,True,0;23;25;28;33,0;7,True,baseline:0.185314;cohesion:0.092770
cohesion_disabled,nq_116,0.22727272727272727,1.0,0.9464443923215111,0.05355560767848888,0.0,0.6666666666666666,11.33956900002886,178.24531199994453,True,0;1;2;5;8,0;1;2;3;5;8;10;12;13;23;26;27;28;29;31;33;37;39;41;42;44;47,True,baseline:0.164590;cohesion:0.092643
cohesion_disabled,nq_117,0.0,0.0,0.842361266390849,0.15763873360915104,0.0,0.0,11.335146000192253,196.72650999996222,True,10;34;38;40;49,3;4,True,baseline:0.156412;cohesion:0.094728
cohesion_disabled,nq_118,,0.0,0.7283334528893339,0.27166654711066607,0.0,0.0,11.340258000018366,415.1623370000834,False,4;6;17;29;45,,True,baseline:0.169266;cohesion:0.089442
cohesion_disabled,nq_119,0.2,0.2,0.8427755450798046,0.15722445492019543,1.0,1.0,11.351523000030284,196.9928329999675,True,5;10;11;22;43,0;8;11;15;19,True,baseline:0.157106;cohesion:0.090578
cohesion_disabled,nq_120,0.5,0.4,0.7455943281907123,0.25440567180928775,1.0,1.0,11.409022999941953,176.4732990000084,True,0;4;11;16;21,0;2;4;5,True,baseline:0.176816;cohesion:0.095303
cohesion_disabled,nq_121,0.23076923076923078,0.6,0.7792417385228149,0.22075826147718514,0.0,0.5714285714285715,11.30804900003568,291.14929499996833,True,10;18;29;34;40,0;7;10;12;17;18;26;28;29;45;46;48;49,True,baseline:0.162468;cohesion:0.092433
cohesion_disabled,nq_122,,0.0,0.7727713726849235,0.22722862731507654,0.0,0.6666666666666666,11.333234999938213,222.3199489999388,False,4;12;15;43;48,,True,baseline:0.179169;cohesion:0.090874
cohesion_disabled,nq_123,0.16666666666666666,0.2,0.7669353862106378,0.23306461378936216,1.0,1.0,11.271909000015512,219.08870299989758,True,4;33;41;45;47,1;2;4;6;7;12,True,baseline:0.181148;cohesion:0.094354
cohesion_disabled,nq_124,1.0,0.2,0.6442077852313124,0.3557922147686876,1.0,1.0,11.280563000127586,197.90588199998638,True,3;4;34;42;47,4,True,baseline:0.163329;cohesion:0.091326
cohesion_disabled,nq_125,0.25,0.6,0.7352406580159325,0.2647593419840675,0.0,0.6666666666666666,11.25418600008743,176.2705039998309,True,0;1;4;26;36,0;1;2;4;5;6;7;8;10;21;40;47,True,baseline:0.162367;cohesion:0.092128
cohesion_disabled,nq_126,0.3333333333333333,0.2,0.6652558434274194,0.3347441565725806,1.0,1.0,11.34535699998196,155.09427000006326,True,4;7;13;34;42,0;1;4,True,baseline:0.171438;cohesion:0.096850
cohesion_disabled,nq_127,0.5,0.4,0.7377998458095565,0.2622001541904435,1.0,1.0,11.312637000173709,175.86582100011583,True,0;1;4;24;39,0;1;3;7,True,baseline:0.154969;cohesion:0.095133
cohesion_disabled,nq_128,0.375,0.6,0.8123191957317971,0.18768080426820288,1.0,1.0,11.304483999992954,155.6030459998965,True,0;4;10;24;35,0;4;9;15;28;33;35;44,True,baseline:0.146195;cohesion:0.108086
cohesion_disabled,nq_129,0.2222222222222222,0.4,0.7370344831346168,0.26296551686538316,0.0,0.0,11.231777999910264,175.6373639998401,True,10;25;28;29;33,0;1;5;6;9;10;33;37;48,True,baseline:0.147600;cohesion:0.091452
cohesion_disabled,nq_130,,0.0,0.7940226502470022,0.20597734975299775,1.0,1.0,11.385195000002568,220.1014510001187,False,4;12;13;14;26,,True,baseline:0.159900;cohesion:0.113985
cohesion_disabled,nq_131,0.14285714285714285,0.2,0.8652190216258504,0.1347809783741496,0.0,0.0,11.402432999830125,244.8551980000957,True,4;5;11;34;41,0;4;15;20;23;43;46,True,baseline:0.167340;cohesion:0.092007
cohesion_disabled,nq_132,0.0,0.0,0.8171247351908736,0.18287526480912641,0.0,0.0,11.414972000011403,203.59799600009865,True,0;5;6;20;33,9;18;19;28,True,baseline:0.166508;cohesion:0.091157
cohesion_disabled,nq_133,0.2,0.2,0.8272279140830274,0.17277208591697257,0.0,0.4,11.51177299993833,205.73078199981865,True,22;26;28;35;47,2;5;9;31;47,True,baseline:0.180594;cohesion:0.111920
cohesion_disabled,nq_134,0.5,0.4,0.773066629656953,0.22693337034304695,0.0,0.0,11.399987999993755,270.01840599996285,True,3;6;19;32;48,0;3;5;6,True,baseline:0.159378;cohesion:0.089258
cohesion_disabled,nq_135,0.0,0.0,0.6389181590582893,0.3610818409417107,0.0,0.0,11.438270999860833,202.98331499998312,True,4;27;32;43;47,0;20;28;38,True,baseline:0.176935;cohesion:0.095397
cohesion_disabled,nq_136,1.0,0.2,0.6164406131801936,0.3835593868198064,0.0,0.6666666666666666,11.898775000190653,385.7684040001459,True,7;16;18;21;35,21,True,baseline:0.164746;cohesion:0.120761
cohesion_disabled,nq_137,0.5,0.2,0.7618146121140696,0.23818538788593036,0.0,0.2857142857142857,11.471652999944126,749.2451099999471,True,0;4;8;43;47,0;3,True,baseline:0.163002;cohesion:0.092479
cohesion_disabled,nq_138,,0.0,0.777208464312489,0.22279153568751098,0.0,0.0,11.451793999867732,318.494494000106,False,5;18;25;26;37,,True,baseline:0.157243;cohesion:0.089398
cohesion_disabled,nq_139,,0.0,0.656647186732284,0.34335281326771605,0.0,0.0,11.585652000121627,156.8410899999435,False,0;3;4;6;31,,True,baseline:0.187638;cohesion:0.091958
cohesion_disabled,nq_140,1.0,0.4,0.8715623286380101,0.1284376713619899,1.0,1.0,11.427795999907175,243.082799999911,True,1;6;7;16;21,1;6,True,baseline:0.183876;cohesion:0.091209
cohesion_disabled,nq_141,0.15625,1.0,0.8469424092156383,0.15305759078436165,0.0,0.0,11.647595999875193,198.84854899987658,True,14;24;33;35;45,2;3;5;7;11;13;14;16;18;19;20;21;22;23;24;25;26;29;30;31;32;33;34;35;36;37;39;44;45;46;47;48,True,baseline:0.202040;cohesion:0.093788
cohesion_disabled,nq_142,0.125,1.0,0.8491524205466202,0.1508475794533798,0.0,0.0,11.399942000025476,286.3352469998972,True,4;6;10;37;41,0;1;2;3;4;5;6;7;8;9;10;11;12;13;14;15;16;17;18;19;20;21;22;23;24;25;26;28;30;31;36;37;39;41;42;43;44;45;47;49,True,baseline:0.201447;cohesion:0.094738
cohesion_disabled,nq_143,0.6666666666666666,0.4,0.7396299247987199,0.2603700752012801,1.0,1.0,11.539007000010315,289.34925799990197,True,15;26;34;45;47,6;26;47,True,baseline:0.181321;cohesion:0.093270
cohesion_disabled,nq_144,0.23809523809523808,1.0,0.8813945156728407,0.11860548432715934,0.0,0.8,11.414400999910868,198.27598200004104,True,5;28;36;39;43,0;1;3;4;5;6;8;11;12;20;21;22;28;29;36;39;40;41;43;45;48,True,baseline:0.189893;cohesion:0.093015
cohesion_disabled,nq_145,0.0,0.0,0.7651819965285324,0.23481800347146764,0.0,0.0,11.420849999922211,241.7234230001668,True,17;18;25;30;33,8,True,baseline:0.207685;cohesion:0.093232
cohesion_disabled,nq_146,0.42857142857142855,0.6,0.7660852427250855,0.2339147572749145,1.0,1.0,11.556532999975389,220.80364499993266,True,9;14;22;27;46,2;6;8;9;14;22;33,True,baseline:0.205246;cohesion:0.091718
cohesion_disabled,nq_147,0.6,0.6,0.7291558225464201,0.2708441774535799,1.0,1.0,11.515877999954682,285.83466700001736,True,6;11;16;40;44,0;6;8;11;40,True,baseline:0.176831;cohesion:0.093837
cohesion_disabled,nq_148,0.6666666666666666,0.8,0.888906527348183,0.11109347265181702,0.0,0.5714285714285715,11.403740999867296,284.06800499988094,True,0;1;6;11;22,0;1;4;6;17;22,True,baseline:0.157496;cohesion:0.093332
cohesion_disabled,nq_149,1.0,0.4,0.8490293243660301,0.15097067563396993,0.0,0.28571428571428575,11.562266999817439,307.3552099999688,True,2;4;6;12;38,2;4,True,baseline:0.164462;cohesion:0.091881
cohesion_disabled,nq_150,,0.0,0.7100675979290155,0.2899324020709845,0.0,0.0,11.521179000055781,240.90165800021168,False,9;16;29;31;36,,True,baseline:0.176957;cohesion:0.090643
cohesion_disabled,nq_151,0.3333333333333333,0.4,0.8791730666282416,0.12082693337175843,0.0,0.5,11.518192000039562,262.99517799998284,True,0;1;4;10;22,4;6;18;22;28;38,True,baseline:0.186331;cohesion:0.091970
cohesion_disabled,nq_152,1.0,0.4,0.8571879021623257,0.14281209783767435,0.0,0.8,11.446382000031008,198.8819670000339,True,0;1;2;6;20,0;1,True,baseline:0.189892;cohesion:0.091097
cohesion_disabled,nq_153,0.3333333333333333,0.2,0.714457457785393,0.28554254221460695,1.0,1.0,11.467686000059985,197.16947200004142,True,2;11;12;30;46,0;1;46,True,baseline:0.203269;cohesion:0.094889
cohesion_disabled,nq_154,,0.0,0.8810327436942466,0.11896725630575344,0.0,0.0,11.328281000032803,241.62091499988492,False,2;9;10;15;42,,True,baseline:0.177160;cohesion:0.094612
cohesion_disabled,nq_155,,0.0,0.6725530340256641,0.32744696597433587,0.0,0.0,11.359009999978298,218.3703080002033,False,7;18;22;33;42,,True,baseline:0.171067;cohesion:0.089532
cohesion_disabled,nq_156,0.1875,0.6,0.8825600566606789,0.11743994333932106,0.0,0.6666666666666666,11.481122000077448,197.98034899986305,True,1;3;7;9;16,0;3;4;5;6;7;8;14;16;17;24;27;39;42;43;49,True,baseline:0.175605;cohesion:0.090749
cohesion_disabled,nq_157,1.0,0.6,0.7270359531888193,0.2729640468111807,0.0,0.5,11.35801000009451,218.61837899996317,True,0;1;10;31;49,0;1;49,True,baseline:0.154438;cohesion:0.090054
cohesion_disabled,nq_158,,0.0,0.666841262445353,0.333158737554647,0.0,0.0,11.24202799996965,261.78217400001813,False,14;22;25;45;47,,True,baseline:0.146758;cohesion:0.090158
cohesion_disabled,nq_159,0.0,0.0,0.7145377569418242,0.2854622430581758,0.0,0.0,11.431912000034572,177.8218410001955,True,15;17;25;27;40,32;49,True,baseline:0.150921;cohesion:0.089883
cohesion_disabled,nq_160,1.0,0.2,0.7405512967891585,0.25944870321084146,0.0,0.0,11.408776000052967,241.37678400006735,True,4;12;25;41;48,4,True,baseline:0.150147;cohesion:0.092982
cohesion_disabled,nq_161,0.2,0.2,0.8251619575527271,0.17483804244727286,0.0,0.0,11.481809000088106,261.44571700001507,True,2;27;39;42;46,2;12;21;25;32,True,baseline:0.189290;cohesion:0.092089
cohesion_disabled,nq_162,1.0,0.8,0.7827820481251692,0.21721795187483084,1.0,1.0,11.531396000009408,243.4155319999718,True,1;4;6;17;46,1;4;17;46,True,baseline:0.174248;cohesion:0.091873
cohesion_disabled,nq_163,,0.0,0.7001609607152997,0.29983903928470035,0.0,0.8,11.652059000198278,197.48503999994682,False,1;2;4;30;34,,True,baseline:0.179363;cohesion:0.093431
cohesion_disabled,nq_164,1.0,0.4,0.7277034887488416,0.2722965112511584,0.0,0.0,11.505753000164987,221.12093100008678,True,4;30;32;40;49,4;32,True,baseline:0.172425;cohesion:0.090155
cohesion_disabled,nq_165,0.75,0.6,0.721467143240701,0.27853285675929895,1.0,1.0,11.462756999890189,221.3550280000618,True,3;5;6;12;17,0;3;5;12,True,baseline:0.179488;cohesion:0.092963
cohesion_disabled,nq_166,0.3333333333333333,0.2,0.802017314591497,0.19798268540850295,1.0,1.0,11.499923999963357,286.85107000001153,True,0;4;11;12;16,0;1;2,True,baseline:0.182260;cohesion:0.090651
cohesion_disabled,nq_167,0.6666666666666666,0.4,0.8129930450157558,0.18700695498424424,1.0,1.0,11.448591000089436,218.6830519999603,True,2;4;24;26;27,4;5;24,True,baseline:0.184122;cohesion:0.096105
cohesion_disabled,nq_168,0.2,0.2,0.811975466054936,0.18802453394506402,0.0,0.3333333333333333,11.582797000073697,287.49967099997775,True,4;5;14;21;31,0;4;17;19;39,True,baseline:0.174368;cohesion:0.089454
cohesion_disabled,nq_169,0.058823529411764705,0.2,0.8388943975212303,0.1611056024787697,0.0,0.0,11.591800999894986,233.68179399994915,True,10;14;22;28;48,0;1;4;6;8;15;17;18;19;20;22;25;31;33;41;44;46,True,baseline:0.157883;cohesion:0.091939
cohesion_disabled,nq_170,0.16666666666666666,0.2,0.8395563012593872,0.16044369874061282,0.0,0.4,11.803888000031293,263.75110699996185,True,0;2;4;7;30,0;1;5;8;21;45,True,baseline:0.191401;cohesion:0.093443
cohesion_disabled,nq_171,0.375,0.6,0.8652156225826886,0.13478437741731142,0.0,0.8,11.499130999936824,219.17602700000316,True,2;16;24;27;32,2;4;6;15;24;32;42;44,True,baseline:0.173587;cohesion:0.110513
cohesion_disabled,nq_172,,0.0,0.6488765919871285,0.35112340801287145,0.0,0.0,11.40706199998931,178.21679399980894,False,8;34;46;47;49,,True,baseline:0.173647;cohesion:0.090264
cohesion_disabled,nq_173,1.0,0.4,0.8904616751255251,0.1095383248744749,1.0,1.0,11.556762000054732,177.18117800018263,True,0;1;2;3;29,0;1,True,baseline:0.167399;cohesion:0.092014
cohesion_disabled,nq_174,0.3333333333333333,0.6,0.8105775755463419,0.1894224244536581,1.0,1.0,11.45136799982538,263.8221249999333,True,0;3;6;10;12,0;2;6;8;9;12;17;28;45,True,baseline:0.170161;cohesion:0.110616
cohesion_disabled,nq_175,0.25,0.6,0.7173403260561949,0.2826596739438051,0.0,0.6,18.692294999937076,419.2777630000819,True,8;13;17;22;25,0;1;2;3;4;5;6;8;17;22;23;44,True,baseline:0.218233;cohesion:0.134970
cohesion_disabled,nq_176,,0.0,0.7713437931181257,0.22865620688187427,0.0,0.0,11.418264999974781,221.17613300019912,False,0;2;8;36;47,,True,baseline:0.180542;cohesion:0.097109
cohesion_disabled,nq_177,0.07692307692307693,0.2,0.802719988864865,0.19728001113513505,0.0,0.0,11.302827999998044,263.29401200018765,True,8;12;15;17;36,5;7;12;13;18;20;21;31;34;37;39;43;47,True,baseline:0.182475;cohesion:0.095021
cohesion_disabled,nq_178,0.3333333333333333,0.6,0.832698252625508,0.167301747374492,0.0,0.4,11.400265000020227,219.31992800000444,True,2;24;37;40;46,2;5;17;21;24;26;28;34;46,True,baseline:0.182433;cohesion:0.095195
cohesion_disabled,nq_179,,0.0,0.6667270105069406,0.3332729894930594,0.0,0.0,11.31536900015817,240.94987800003764,False,3;20;28;29;36,,True,baseline:0.163170;cohesion:0.094902
cohesion_disabled,nq_180,0.25,0.2,0.8274921466995517,0.17250785330044827,0.0,0.6666666666666666,11.170107999987522,352.7229040000748,True,10;13;14;38;42,1;5;13;41,True,baseline:0.166744;cohesion:0.092505
cohesion_disabled,nq_181,1.0,0.4,0.7808408263231523,0.21915917367684767,1.0,1.0,11.320292999926096,240.7597789999727,True,5;17;30;42;48,17;30,True,baseline:0.157655;cohesion:0.093726
cohesion_disabled,nq_182,,0.0,0.680650005088031,0.319349994911969,0.0,0.0,11.337917999981073,287.01501799992,False,1;3;35;36;39,,True,baseline:0.179674;cohesion:0.096549
cohesion_disabled,nq_183,0.0,0.0,0.6278008647688829,0.37219913523111714,0.0,0.3333333333333333,11.378742000033526,243.15695299992512,True,2;17;21;38;43,12;27;29;49,True,baseline:0.167562;cohesion:0.092786
cohesion_disabled,nq_184,0.5,0.4,0.8289451448847498,0.1710548551152502,0.0,0.25,11.401664999993955,242.08572400016237,True,0;2;15;28;36,0;2;4;9,True,baseline:0.181318;cohesion:0.094021
cohesion_disabled,nq_185,,0.0,0.6993636784822674,0.30063632151773256,0.0,0.0,11.376470999948651,266.21589899991704,False,20;25;37;43;48,,True,baseline:0.175358;cohesion:0.090492
cohesion_disabled,nq_186,0.36363636363636365,0.8,0.8177049319897998,0.18229506801020023,1.0,1.0,11.55634400015515,199.8270459998821,True,2;6;7;22;23,0;2;6;7;13;15;18;22;34;38;49,True,baseline:0.192099;cohesion:0.096584
cohesion_disabled,nq_187,0.3333333333333333,0.2,0.7784468621893893,0.2215531378106107,1.0,1.0,11.399752999977864,204.8095390000526,True,0;2;9;12;30,0;5;17,True,baseline:0.190794;cohesion:0.091765
cohesion_disabled,nq_188,1.0,0.2,0.6682250384102588,0.3317749615897412,1.0,1.0,11.402263999798379,220.06121399999756,True,8;25;33;38;40,40,True,baseline:0.165419;cohesion:0.106437
cohesion_disabled,nq_189,,0.0,0.6510085577313012,0.3489914422686988,0.0,0.0,11.475188000076741,178.23464399998556,False,0;1;2;19;29,,True,baseline:0.175148;cohesion:0.090283
cohesion_disabled,nq_190,0.75,0.6,0.8298663797050783,0.17013362029492174,1.0,1.0,11.303251000072123,199.28998699992917,True,0;3;15;19;41,0;3;15;17,True,baseline:0.175374;cohesion:0.093177
cohesion_disabled,nq_191,0.4444444444444444,0.8,0.7913629567748725,0.20863704322512755,1.0,1.0,11.414246999947864,244.45322999986274,True,0;8;29;36;47,0;2;6;8;9;30;35;36;47,True,baseline:0.171231;cohesion:0.100352
cohesion_disabled,nq_192,0.3333333333333333,0.2,0.7762841816988371,0.22371581830116294,0.0,0.0,11.363077999931193,198.66373899981227,True,0;3;6;13;37,3;11;22,True,baseline:0.174919;cohesion:0.112831
cohesion_disabled,nq_193,,0.0,0.7972534296949242,0.2027465703050758,0.0,0.0,11.285582000027716,157.3595170000317,False,5;8;29;31;41,,True,baseline:0.167455;cohesion:0.092366
cohesion_disabled,nq_194,1.0,0.6,0.7197537680083782,0.2802462319916218,1.0,1.0,11.247698000033779,285.7979230000183,True,0;1;15;19;40,0;1;19,True,baseline:0.165964;cohesion:0.088438
cohesion_disabled,nq_195,,0.0,0.9412237308935343,0.05877626910646572,0.0,0.0,11.383281000007628,309.2359719998967,False,8;10;22;30;40,,True,baseline:0.175864;cohesion:0.106549
cohesion_disabled,nq_196,0.2857142857142857,0.8,0.7703895960752085,0.22961040392479148,0.0,0.4444444444444445,11.379110000007131,728.1984119999834,True,0;11;12;16;46,0;1;5;6;10;12;15;16;22;26;37;38;45;46,True,baseline:0.185684;cohesion:0.093350
cohesion_disabled,nq_197,1.0,0.2,0.8366675199396593,0.16333248006034073,0.0,0.7499999999999999,11.450321999973312,200.71792399994592,True,1;3;4;12;32,1,True,baseline:0.168615;cohesion:0.091890
cohesion_disabled,nq_198,0.35714285714285715,1.0,0.8340737711705757,0.16592622882942432,0.0,0.0,11.375376000160031,220.34574999997858,True,4;20;21;37;45,0;1;4;5;11;12;15;16;18;20;21;37;45;48,True,baseline:0.162561;cohesion:0.091573
cohesion_disabled,nq_199,0.25,0.4,0.778359619071723,0.22164038092827698,1.0,1.0,11.344452000003002,222.70825599980526,True,7;10;19;29;34,1;7;9;11;16;17;19;45,True,baseline:0.154342;cohesion:0.105682
