configuration,question_id,plugin,mode,elapsed_ms,input_norm,output_norm,delta_norm
qore_as_control,nq_0,baseline,replace,0.9590170000137732,0.0,6.135808830193063,6.135808830193063
qore_as_control,nq_1,baseline,replace,0.17811399993661325,0.0,5.8207139294233725,5.8207139294233725
qore_as_control,nq_2,baseline,replace,0.16455900004075374,0.0,4.985848299416998,4.985848299416998
qore_as_control,nq_3,baseline,replace,0.153477999901952,0.0,6.366249080164166,6.366249080164166
qore_as_control,nq_4,baseline,replace,0.15802699999767356,0.0,6.257234247101976,6.257234247101976
qore_as_control,nq_5,baseline,replace,0.1541359999919223,0.0,6.2221211342846585,6.2221211342846585
qore_as_control,nq_6,baseline,replace,0.1551220000237663,0.0,6.429793569840613,6.429793569840613
qore_as_control,nq_7,baseline,replace,0.15033299996503047,0.0,6.5417899531358,6.5417899531358
qore_as_control,nq_8,baseline,replace,0.15356299991253763,0.0,5.248143031930132,5.248143031930132
qore_as_control,nq_9,baseline,replace,0.15475999998670886,0.0,5.830538597290635,5.830538597290635
qore_as_control,nq_10,baseline,replace,0.15337700006057275,0.0,5.61350215180187,5.61350215180187
qore_as_control,nq_11,baseline,replace,0.15000200005488296,0.0,5.445326270857907,5.445326270857907
qore_as_control,nq_12,baseline,replace,0.14829199994892406,0.0,5.7230596058062995,5.7230596058062995
qore_as_control,nq_13,baseline,replace,0.1525100001344981,0.0,5.38532500493756,5.38532500493756
qore_as_control,nq_14,baseline,replace,0.14812900008109864,0.0,5.922827625359093,5.922827625359093
qore_as_control,nq_15,baseline,replace,0.16078099997685058,0.0,5.047601970788997,5.047601970788997
qore_as_control,nq_16,baseline,replace,0.15236300009746628,0.0,5.896591290936628,5.896591290936628
qore_as_control,nq_17,baseline,replace,0.1635379999243014,0.0,5.8548127858504815,5.8548127858504815
qore_as_control,nq_18,baseline,replace,0.14585200005967636,0.0,5.912317829364883,5.912317829364883
qore_as_control,nq_19,baseline,replace,0.14555099983226683,0.0,5.840914612997901,5.840914612997901
qore_as_control,nq_20,baseline,replace,0.14741800009687722,0.0,6.226407562629137,6.226407562629137
qore_as_control,nq_21,baseline,replace,0.17987499995797407,0.0,4.885628708346163,4.885628708346163
qore_as_control,nq_22,baseline,replace,0.14935399985915865,0.0,5.620821355351026,5.620821355351026
qore_as_control,nq_23,baseline,replace,0.16392500015172118,0.0,6.068042958769134,6.068042958769134
qore_as_control,nq_24,baseline,replace,0.16998999990391894,0.0,5.893169056342089,5.893169056342089
qore_as_control,nq_25,baseline,replace,0.14870199993310962,0.0,5.848764153441528,5.848764153441528
qore_as_control,nq_26,baseline,replace,0.15104299995982728,0.0,4.986708096822563,4.986708096822563
qore_as_control,nq_27,baseline,replace,0.15401399991787912,0.0,4.915882879307239,4.915882879307239
qore_as_control,nq_28,baseline,replace,0.15559000007669965,0.0,6.204271475393632,6.204271475393632
qore_as_control,nq_29,baseline,replace,0.16291499991893943,0.0,6.285324306884681,6.285324306884681
qore_as_control,nq_30,baseline,replace,0.1482510001551418,0.0,5.809781813109233,5.809781813109233
qore_as_control,nq_31,baseline,replace,0.14995099991210736,0.0,5.524472587342014,5.524472587342014
qore_as_control,nq_32,baseline,replace,0.1545249999708176,0.0,5.862571017357121,5.862571017357121
qore_as_control,nq_33,baseline,replace,0.16380699980800273,0.0,4.867174175356701,4.867174175356701
qore_as_control,nq_34,baseline,replace,0.15698900006100303,0.0,6.024542786201981,6.024542786201981
qore_as_control,nq_35,baseline,replace,0.18524799997976515,0.0,5.934870435840898,5.934870435840898
qore_as_control,nq_36,baseline,replace,0.17574599996805773,0.0,5.9710915868958025,5.9710915868958025
qore_as_control,nq_37,baseline,replace,0.17284499995184888,0.0,5.310261010857203,5.310261010857203
qore_as_control,nq_38,baseline,replace,0.16742599996177887,0.0,6.1879849319810445,6.1879849319810445
qore_as_control,nq_39,baseline,replace,0.16345299991371576,0.0,6.259572322917376,6.259572322917376
qore_as_control,nq_40,baseline,replace,0.18315900001653063,0.0,6.329407904109478,6.329407904109478
qore_as_control,nq_41,baseline,replace,0.19281599998066667,0.0,5.956386929958668,5.956386929958668
qore_as_control,nq_42,baseline,replace,0.16917099992497242,0.0,5.977592187833619,5.977592187833619
qore_as_control,nq_43,baseline,replace,0.17386100012117822,0.0,5.284580059143323,5.284580059143323
qore_as_control,nq_44,baseline,replace,0.16673300001457392,0.0,6.459046566808221,6.459046566808221
qore_as_control,nq_45,baseline,replace,0.16406999998253013,0.0,6.500309157820785,6.500309157820785
qore_as_control,nq_46,baseline,replace,0.15951999989738397,0.0,6.440333425710759,6.440333425710759
qore_as_control,nq_47,baseline,replace,0.1558019998810778,0.0,6.43050661302621,6.43050661302621
qore_as_control,nq_48,baseline,replace,0.16208499982894864,0.0,5.689040768553662,5.689040768553662
qore_as_control,nq_49,baseline,replace,0.15244799988067825,0.0,5.965389555261214,5.965389555261214
qore_as_control,nq_50,baseline,replace,0.16098399987640732,0.0,5.95899262124213,5.95899262124213
qore_as_control,nq_51,baseline,replace,0.1593300000877207,0.0,6.2589058593588005,6.2589058593588005
qore_as_control,nq_52,baseline,replace,0.15940299999783747,0.0,5.232513582918393,5.232513582918393
qore_as_control,nq_53,baseline,replace,0.15859099994486314,0.0,5.628307831702974,5.628307831702974
qore_as_control,nq_54,baseline,replace,0.1674069999353378,0.0,6.359158170915616,6.359158170915616
qore_as_control,nq_55,baseline,replace,0.15287200017155556,0.0,6.073268305575337,6.073268305575337
qore_as_control,nq_56,baseline,replace,0.16369899981327762,0.0,5.667359552098026,5.667359552098026
qore_as_control,nq_57,baseline,replace,0.1536839999971562,0.0,5.451666440727039,5.451666440727039
qore_as_control,nq_58,baseline,replace,0.1518599999599246,0.0,4.7917350813490485,4.7917350813490485
qore_as_control,nq_59,baseline,replace,0.17805599986786547,0.0,5.0192777604843375,5.0192777604843375
qore_as_control,nq_60,baseline,replace,0.21279600014167954,0.0,5.621649036526739,5.621649036526739
qore_as_control,nq_61,baseline,replace,0.17668099985712615,0.0,5.733022785103862,5.733022785103862
qore_as_control,nq_62,baseline,replace,0.1543569999284955,0.0,6.130161899853848,6.130161899853848
qore_as_control,nq_63,baseline,replace,0.17623899998397974,0.0,5.991376511662055,5.991376511662055
qore_as_control,nq_64,baseline,replace,0.18265999983668735,0.0,6.124354648432591,6.124354648432591
qore_as_control,nq_65,baseline,replace,0.17188699985126732,0.0,6.430030214288235,6.430030214288235
qore_as_control,nq_66,baseline,replace,0.1713519998247648,0.0,6.0519748753747376,6.0519748753747376
qore_as_control,nq_67,baseline,replace,0.17329800016341323,0.0,5.267053446905721,5.267053446905721
qore_as_control,nq_68,baseline,replace,0.15621600005033542,0.0,6.198715389050904,6.198715389050904
qore_as_control,nq_69,baseline,replace,0.14996400000200083,0.0,5.001311938666666,5.001311938666666
qore_as_control,nq_70,baseline,replace,0.18254199994771625,0.0,5.609079097793744,5.609079097793744
qore_as_control,nq_71,baseline,replace,0.19697500010806834,0.0,6.488059884595345,6.488059884595345
qore_as_control,nq_72,baseline,replace,0.1872530001492123,0.0,5.423475086890199,5.423475086890199
qore_as_control,nq_73,baseline,replace,0.17221800021616218,0.0,5.053347710062351,5.053347710062351
qore_as_control,nq_74,baseline,replace,0.16290400003526884,0.0,5.68440543372787,5.68440543372787
qore_as_control,nq_75,baseline,replace,0.16180199986592925,0.0,5.490448801502913,5.490448801502913
qore_as_control,nq_76,baseline,replace,0.15531899998677545,0.0,5.370778748020805,5.370778748020805
qore_as_control,nq_77,baseline,replace,0.15676199996050855,0.0,5.11649297477017,5.11649297477017
qore_as_control,nq_78,baseline,replace,0.15935400006128475,0.0,5.906344261613483,5.906344261613483
qore_as_control,nq_79,baseline,replace,0.16207799990297644,0.0,5.766559683838349,5.766559683838349
qore_as_control,nq_80,baseline,replace,0.15653100012968935,0.0,5.849487929800339,5.849487929800339
qore_as_control,nq_81,baseline,replace,0.15841699996599345,0.0,6.219252857160766,6.219252857160766
qore_as_control,nq_82,baseline,replace,0.1624349999929109,0.0,5.785210140629268,5.785210140629268
qore_as_control,nq_83,baseline,replace,0.15459900009773264,0.0,5.803692346090959,5.803692346090959
qore_as_control,nq_84,baseline,replace,0.1500930000020162,0.0,5.750007405121267,5.750007405121267
qore_as_control,nq_85,baseline,replace,0.1687419999143458,0.0,6.061192188578822,6.061192188578822
qore_as_control,nq_86,baseline,replace,0.16345299991371576,0.0,5.156379486912358,5.156379486912358
qore_as_control,nq_87,baseline,replace,0.1620890000140207,0.0,5.381827591443935,5.381827591443935
qore_as_control,nq_88,baseline,replace,0.171887000078641,0.0,6.538143037884897,6.538143037884897
qore_as_control,nq_89,baseline,replace,0.16676800009918225,0.0,6.099889264932702,6.099889264932702
qore_as_control,nq_90,baseline,replace,0.1549080000131653,0.0,4.583366391454099,4.583366391454099
qore_as_control,nq_91,baseline,replace,0.1542390000395244,0.0,5.70674611032091,5.70674611032091
qore_as_control,nq_92,baseline,replace,0.16992800010484643,0.0,6.2857185732302305,6.2857185732302305
qore_as_control,nq_93,baseline,replace,0.15950900001371338,0.0,5.0667927610257335,5.0667927610257335
qore_as_control,nq_94,baseline,replace,0.1657380000779085,0.0,5.633233700040121,5.633233700040121
qore_as_control,nq_95,baseline,replace,0.14625100016019132,0.0,6.324875880775702,6.324875880775702
qore_as_control,nq_96,baseline,replace,0.15100000018719584,0.0,5.686347402441447,5.686347402441447
qore_as_control,nq_97,baseline,replace,0.22352599989972077,0.0,5.849134052558073,5.849134052558073
qore_as_control,nq_98,baseline,replace,0.171552999972846,0.0,6.157436866043193,6.157436866043193
qore_as_control,nq_99,baseline,replace,0.1545220000025438,0.0,5.7678485582426795,5.7678485582426795
qore_as_control,nq_100,baseline,replace,0.1531899999918096,0.0,5.8370757251266685,5.8370757251266685
qore_as_control,nq_101,baseline,replace,0.15760199994474533,0.0,5.563670360721109,5.563670360721109
qore_as_control,nq_102,baseline,replace,0.1603369998974813,0.0,5.631518285743192,5.631518285743192
qore_as_control,nq_103,baseline,replace,0.15763600003992906,0.0,5.627528866355362,5.627528866355362
qore_as_control,nq_104,baseline,replace,0.15787799998179253,0.0,6.470924494403475,6.470924494403475
qore_as_control,nq_105,baseline,replace,0.15023099990685296,0.0,5.860353055464232,5.860353055464232
qore_as_control,nq_106,baseline,replace,0.15144899998631445,0.0,5.860220240683469,5.860220240683469
qore_as_control,nq_107,baseline,replace,0.15040099992802425,0.0,5.6452552741674475,5.6452552741674475
qore_as_control,nq_108,baseline,replace,0.1582820000294305,0.0,5.900434515241386,5.900434515241386
qore_as_control,nq_109,baseline,replace,0.147705000017595,0.0,5.431032230756602,5.431032230756602
qore_as_control,nq_110,baseline,replace,0.15500799986511993,0.0,5.830294945692953,5.830294945692953
qore_as_control,nq_111,baseline,replace,0.16471000003548397,0.0,6.5283183313144155,6.5283183313144155
qore_as_control,nq_112,baseline,replace,0.1542509999126196,0.0,6.35230396054689,6.35230396054689
qore_as_control,nq_113,baseline,replace,0.17993300002672186,0.0,5.132083564583571,5.132083564583571
qore_as_control,nq_114,baseline,replace,0.2003179999974236,0.0,6.16133456069944,6.16133456069944
qore_as_control,nq_115,baseline,replace,0.18110900009560282,0.0,5.528210141143213,5.528210141143213
qore_as_control,nq_116,baseline,replace,0.17386000013175362,0.0,6.350153693677467,6.350153693677467
qore_as_control,nq_117,baseline,replace,0.15887399990788253,0.0,6.390835199650775,6.390835199650775
qore_as_control,nq_118,baseline,replace,0.16020699990804133,0.0,5.318257179123883,5.318257179123883
qore_as_control,nq_119,baseline,replace,0.16327699995599687,0.0,6.007831329873967,6.007831329873967
qore_as_control,nq_120,baseline,replace,0.16380699980800273,0.0,5.4089148134645715,5.4089148134645715
qore_as_control,nq_121,baseline,replace,0.16772300000411633,0.0,5.865565066742187,5.865565066742187
qore_as_control,nq_122,baseline,replace,0.14396200003830018,0.0,5.749629324697858,5.749629324697858
qore_as_control,nq_123,baseline,replace,0.15162999989115633,0.0,5.875222295083746,5.875222295083746
qore_as_control,nq_124,baseline,replace,0.14960599992264179,0.0,5.197482551899888,5.197482551899888
qore_as_control,nq_125,baseline,replace,0.15950700003486418,0.0,5.960190670773323,5.960190670773323
qore_as_control,nq_126,baseline,replace,0.1519829997960187,0.0,5.147728864754875,5.147728864754875
qore_as_control,nq_127,baseline,replace,0.15558500012957666,0.0,5.600850238536994,5.600850238536994
qore_as_control,nq_128,baseline,replace,0.1652480000302603,0.0,5.941487765171843,5.941487765171843
qore_as_control,nq_129,baseline,replace,0.1446090000172262,0.0,5.736876838454489,5.736876838454489
qore_as_control,nq_130,baseline,replace,0.17917800005307072,0.0,5.815627910400288,5.815627910400288
qore_as_control,nq_131,baseline,replace,0.17375699985677784,0.0,6.379454002022875,6.379454002022875
qore_as_control,nq_132,baseline,replace,0.16987599997264624,0.0,6.049118075908171,6.049118075908171
qore_as_control,nq_133,baseline,replace,0.16304500013575307,0.0,6.318456154960155,6.318456154960155
qore_as_control,nq_134,baseline,replace,0.16837799989843916,0.0,5.903940761890139,5.903940761890139
qore_as_control,nq_135,baseline,replace,0.14775599993299693,0.0,4.6862963818546195,4.6862963818546195
qore_as_control,nq_136,baseline,replace,0.15798799995536683,0.0,4.967838012838917,4.967838012838917
qore_as_control,nq_137,baseline,replace,0.15322500007641793,0.0,5.839228558379167,5.839228558379167
qore_as_control,nq_138,baseline,replace,0.1635509997868212,0.0,6.050431486580725,6.050431486580725
qore_as_control,nq_139,baseline,replace,0.18227999998998712,0.0,5.020119785836898,5.020119785836898
qore_as_control,nq_140,baseline,replace,0.15537499984930037,0.0,6.433726735941286,6.433726735941286
qore_as_control,nq_141,baseline,replace,0.15671400001338043,0.0,6.197807934240123,6.197807934240123
qore_as_control,nq_142,baseline,replace,0.15413900018756976,0.0,6.084047552386791,6.084047552386791
qore_as_control,nq_143,baseline,replace,0.1584549997915019,0.0,5.33301899355655,5.33301899355655
qore_as_control,nq_144,baseline,replace,0.1666860000568704,0.0,6.626559172688151,6.626559172688151
qore_as_control,nq_145,baseline,replace,0.16776000006757386,0.0,6.021496666711802,6.021496666711802
qore_as_control,nq_146,baseline,replace,0.16600999992988363,0.0,5.7022555791334515,5.7022555791334515
qore_as_control,nq_147,baseline,replace,0.1758710000103747,0.0,5.393767931976342,5.393767931976342
qore_as_control,nq_148,baseline,replace,0.15480900015063526,0.0,6.477662664397873,6.477662664397873
qore_as_control,nq_149,baseline,replace,0.1582239999606827,0.0,5.956266622527608,5.956266622527608
qore_as_control,nq_150,baseline,replace,0.16351800013580942,0.0,5.718037830502433,5.718037830502433
qore_as_control,nq_151,baseline,replace,0.1640979999137926,0.0,6.111834998451561,6.111834998451561
qore_as_control,nq_152,baseline,replace,0.1656529998399492,0.0,5.30246690110213,5.30246690110213
qore_as_control,nq_153,baseline,replace,0.1615450000826968,0.0,5.2407988062402895,5.2407988062402895
qore_as_control,nq_154,baseline,replace,0.16617000005680893,0.0,6.476711322296539,6.476711322296539
qore_as_control,nq_155,baseline,replace,0.15148800002862117,0.0,5.487365035096405,5.487365035096405
qore_as_control,nq_156,baseline,replace,0.1590599999872211,0.0,6.469584973544875,6.469584973544875
qore_as_control,nq_157,baseline,replace,0.16101299979709438,0.0,5.676801570681361,5.676801570681361
qore_as_control,nq_158,baseline,replace,0.1851140000326268,0.0,5.166572129769004,5.166572129769004
qore_as_control,nq_159,baseline,replace,0.163533999966603,0.0,5.44592691157194,5.44592691157194
qore_as_control,nq_160,baseline,replace,0.16064900000856142,0.0,5.702814282537779,5.702814282537779
qore_as_control,nq_161,baseline,replace,0.19107599996459612,0.0,6.234747414769542,6.234747414769542
qore_as_control,nq_162,baseline,replace,0.15900200014584698,0.0,5.498004101958587,5.498004101958587
qore_as_control,nq_163,baseline,replace,0.15733399982309493,0.0,5.0861507374179356,5.0861507374179356
qore_as_control,nq_164,baseline,replace,0.1533590000235563,0.0,5.461895239004014,5.461895239004014
qore_as_control,nq_165,baseline,replace,0.1542959998914739,0.0,5.47612711005867,5.47612711005867
qore_as_control,nq_166,baseline,replace,0.1639690001411509,0.0,5.891714253914154,5.891714253914154
qore_as_control,nq_167,baseline,replace,0.17035399991982558,0.0,6.0448905683993495,6.0448905683993495
qore_as_control,nq_168,baseline,replace,0.1713449998987926,0.0,5.909557492644173,5.909557492644173
qore_as_control,nq_169,baseline,replace,0.18200299996351532,0.0,6.355927592178018,6.355927592178018
qore_as_control,nq_170,baseline,replace,0.17866600001070765,0.0,6.106406632483754,6.106406632483754
qore_as_control,nq_171,baseline,replace,0.1633289998608234,0.0,6.190618722063797,6.190618722063797
qore_as_control,nq_172,baseline,replace,0.1631589998396521,0.0,5.133516988419481,5.133516988419481
qore_as_control,nq_173,baseline,replace,0.17994199993154325,0.0,5.51602278890315,5.51602278890315
qore_as_control,nq_174,baseline,replace,0.15172500002336164,0.0,5.749904591099382,5.749904591099382
qore_as_control,nq_175,baseline,replace,0.17384200009473716,0.0,5.650222393974599,5.650222393974599
qore_as_control,nq_176,baseline,replace,0.19499399991218525,0.0,5.676600183080806,5.676600183080806
qore_as_control,nq_177,baseline,replace,0.1625989998501609,0.0,5.870573318717987,5.870573318717987
qore_as_control,nq_178,baseline,replace,0.1619220001884969,0.0,6.339269107404865,6.339269107404865
qore_as_control,nq_179,baseline,replace,0.17901000001074863,0.0,5.1519013836928,5.1519013836928
qore_as_control,nq_180,baseline,replace,0.15254100003403437,0.0,6.355562829669784,6.355562829669784
qore_as_control,nq_181,baseline,replace,0.15665299997635884,0.0,5.736217570525382,5.736217570525382
qore_as_control,nq_182,baseline,replace,0.15793899979144044,0.0,5.418690481081882,5.418690481081882
qore_as_control,nq_183,baseline,replace,0.17717199989419896,0.0,4.839801105821791,4.839801105821791
qore_as_control,nq_184,baseline,replace,0.16180300008272752,0.0,5.708062268406664,5.708062268406664
qore_as_control,nq_185,baseline,replace,0.19616200006566942,0.0,5.403731520231987,5.403731520231987
qore_as_control,nq_186,baseline,replace,0.1884240000435966,0.0,6.157404007473349,6.157404007473349
qore_as_control,nq_187,baseline,replace,0.1764190001267707,0.0,5.675195995994886,5.675195995994886
qore_as_control,nq_188,baseline,replace,0.17007800011015206,0.0,5.516226643930744,5.516226643930744
qore_as_control,nq_189,baseline,replace,0.16956199988271692,0.0,5.044064883390204,5.044064883390204
qore_as_control,nq_190,baseline,replace,0.1710440001261304,0.0,5.864601993418718,5.864601993418718
qore_as_control,nq_191,baseline,replace,0.1554149998810317,0.0,6.091875157970637,6.091875157970637
qore_as_control,nq_192,baseline,replace,0.18735999992713914,0.0,5.894948448243595,5.894948448243595
qore_as_control,nq_193,baseline,replace,0.1550229999338626,0.0,6.02764258027594,6.02764258027594
qore_as_control,nq_194,baseline,replace,0.1557909999974072,0.0,5.286903007422025,5.286903007422025
qore_as_control,nq_195,baseline,replace,0.16723999988244032,0.0,6.803684456204528,6.803684456204528
qore_as_control,nq_196,baseline,replace,0.16322999999829335,0.0,5.8159631906859355,5.8159631906859355
qore_as_control,nq_197,baseline,replace,0.18187399996349995,0.0,6.041139673164787,6.041139673164787
qore_as_control,nq_198,baseline,replace,0.1672059997872566,0.0,6.087060526998056,6.087060526998056
qore_as_control,nq_199,baseline,replace,0.1554990001295664,0.0,6.0478604993523115,6.0478604993523115
cohesion_fixed,nq_0,baseline,replace,0.22862200012241374,0.0,6.135808830193063,6.135808830193063
cohesion_fixed,nq_0,cohesion,add,0.29403099983937864,6.135808830193063,6.749389713212368,0.6135808830193062
cohesion_fixed,nq_1,baseline,replace,0.2013769999393844,0.0,5.8207139294233725,5.8207139294233725
cohesion_fixed,nq_1,cohesion,add,0.26071799993587774,5.8207139294233725,6.40278532236571,0.5820713929423373
cohesion_fixed,nq_2,baseline,replace,0.19260899989603786,0.0,4.985848299416998,4.985848299416998
cohesion_fixed,nq_2,cohesion,add,0.2683590000742697,4.985848299416998,5.484433129358698,0.4985848299416998
cohesion_fixed,nq_3,baseline,replace,0.15152199989643123,0.0,6.366249080164166,6.366249080164166
cohesion_fixed,nq_3,cohesion,add,0.22249299991017324,6.366249080164166,7.002873988180581,0.6366249080164166
cohesion_fixed,nq_4,baseline,replace,0.16229000016210193,0.0,6.257234247101976,6.257234247101976
cohesion_fixed,nq_4,cohesion,add,0.23356199994850613,6.257234247101976,6.882957671812173,0.6257234247101976
cohesion_fixed,nq_5,baseline,replace,0.20224600007168192,0.0,6.2221211342846585,6.2221211342846585
cohesion_fixed,nq_5,cohesion,add,0.2664930000264576,6.2221211342846585,6.8443332477131245,0.6222121134284658
cohesion_fixed,nq_6,baseline,replace,0.18849900015993626,0.0,6.429793569840613,6.429793569840613
cohesion_fixed,nq_6,cohesion,add,0.2562970000781206,6.429793569840613,7.072772926824674,0.6429793569840614
cohesion_fixed,nq_7,baseline,replace,0.1667400001679198,0.0,6.5417899531358,6.5417899531358
cohesion_fixed,nq_7,cohesion,add,0.23725500000182365,6.5417899531358,7.195968948449381,0.65417899531358
cohesion_fixed,nq_8,baseline,replace,0.1570709998759412,0.0,5.248143031930132,5.248143031930132
cohesion_fixed,nq_8,cohesion,add,0.23147699994297,5.248143031930132,5.772957335123145,0.5248143031930134
cohesion_fixed,nq_9,baseline,replace,0.1508159998593328,0.0,5.830538597290635,5.830538597290635
cohesion_fixed,nq_9,cohesion,add,0.22129700005280029,5.830538597290635,6.413592457019698,0.5830538597290635
cohesion_fixed,nq_10,baseline,replace,0.14961399983803858,0.0,5.61350215180187,5.61350215180187
cohesion_fixed,nq_10,cohesion,add,0.21528100000978156,5.61350215180187,6.174852366982058,0.561350215180187
cohesion_fixed,nq_11,baseline,replace,0.15063899991218932,0.0,5.445326270857907,5.445326270857907
cohesion_fixed,nq_11,cohesion,add,0.21911699991505884,5.445326270857907,5.989858897943698,0.5445326270857908
cohesion_fixed,nq_12,baseline,replace,0.16876599988790986,0.0,5.7230596058062995,5.7230596058062995
cohesion_fixed,nq_12,cohesion,add,0.22261000003709341,5.7230596058062995,6.29536556638693,0.57230596058063
cohesion_fixed,nq_13,baseline,replace,0.148770999885528,0.0,5.38532500493756,5.38532500493756
cohesion_fixed,nq_13,cohesion,add,0.22223500013751618,5.38532500493756,5.923857505431316,0.5385325004937559
cohesion_fixed,nq_14,baseline,replace,0.15392399996017048,0.0,5.922827625359093,5.922827625359093
cohesion_fixed,nq_14,cohesion,add,0.22155400006340642,5.922827625359093,6.515110387895002,0.5922827625359094
cohesion_fixed,nq_15,baseline,replace,0.15310000003410096,0.0,5.047601970788997,5.047601970788997
cohesion_fixed,nq_15,cohesion,add,0.21955400006845593,5.047601970788997,5.552362167867897,0.5047601970788997
cohesion_fixed,nq_16,baseline,replace,0.14621099990108632,0.0,5.896591290936628,5.896591290936628
cohesion_fixed,nq_16,cohesion,add,0.21308500004124653,5.896591290936628,6.486250420030291,0.5896591290936628
cohesion_fixed,nq_17,baseline,replace,0.15481199989153538,0.0,5.8548127858504815,5.8548127858504815
cohesion_fixed,nq_17,cohesion,add,0.22303899982034636,5.8548127858504815,6.44029406443553,0.5854812785850482
cohesion_fixed,nq_18,baseline,replace,0.14628799999627518,0.0,5.912317829364883,5.912317829364883
cohesion_fixed,nq_18,cohesion,add,0.21685999990950222,5.912317829364883,6.503549612301371,0.5912317829364883
cohesion_fixed,nq_19,baseline,replace,0.14944300005481637,0.0,5.840914612997901,5.840914612997901
cohesion_fixed,nq_19,cohesion,add,0.21560799996223068,5.840914612997901,6.425006074297691,0.5840914612997902
cohesion_fixed,nq_20,baseline,replace,0.14971300015531597,0.0,6.226407562629137,6.226407562629137
cohesion_fixed,nq_20,cohesion,add,0.2311959999587998,6.226407562629137,6.849048318892051,0.6226407562629137
cohesion_fixed,nq_21,baseline,replace,0.14903199985383253,0.0,4.885628708346163,4.885628708346163
cohesion_fixed,nq_21,cohesion,add,0.21744600007878034,4.885628708346163,5.3741915791807795,0.4885628708346163
cohesion_fixed,nq_22,baseline,replace,0.15365900003416755,0.0,5.620821355351026,5.620821355351026
cohesion_fixed,nq_22,cohesion,add,0.22064199993110378,5.620821355351026,6.182903490886129,0.5620821355351026
cohesion_fixed,nq_23,baseline,replace,0.15643000006093644,0.0,6.068042958769134,6.068042958769134
cohesion_fixed,nq_23,cohesion,add,0.22508899996864784,6.068042958769134,6.674847254646046,0.6068042958769134
cohesion_fixed,nq_24,baseline,replace,0.1587590002145589,0.0,5.893169056342089,5.893169056342089
cohesion_fixed,nq_24,cohesion,add,0.23024400002213952,5.893169056342089,6.482485961976297,0.589316905634209
cohesion_fixed,nq_25,baseline,replace,0.15478099999199912,0.0,5.848764153441528,5.848764153441528
cohesion_fixed,nq_25,cohesion,add,0.22524299993165187,5.848764153441528,6.43364056878568,0.5848764153441529
cohesion_fixed,nq_26,baseline,replace,0.15173299993875844,0.0,4.986708096822563,4.986708096822563
cohesion_fixed,nq_26,cohesion,add,0.2581999999620166,4.986708096822563,5.4853789065048195,0.49867080968225636
cohesion_fixed,nq_27,baseline,replace,0.16828100001475832,0.0,4.915882879307239,4.915882879307239
cohesion_fixed,nq_27,cohesion,add,0.2236630000425066,4.915882879307239,5.407471167237963,0.49158828793072396
cohesion_fixed,nq_28,baseline,replace,0.15116000008674746,0.0,6.204271475393632,6.204271475393632
cohesion_fixed,nq_28,cohesion,add,0.21909699989919318,6.204271475393632,6.8246986229329965,0.6204271475393632
cohesion_fixed,nq_29,baseline,replace,0.14795099991715688,0.0,6.285324306884681,6.285324306884681
cohesion_fixed,nq_29,cohesion,add,0.2193980001266027,6.285324306884681,6.913856737573148,0.6285324306884681
cohesion_fixed,nq_30,baseline,replace,0.14827400013928127,0.0,5.809781813109233,5.809781813109233
cohesion_fixed,nq_30,cohesion,add,0.23308999993787438,5.809781813109233,6.390759994420157,0.5809781813109234
cohesion_fixed,nq_31,baseline,replace,0.15255399989655416,0.0,5.524472587342014,5.524472587342014
cohesion_fixed,nq_31,cohesion,add,0.2390920001289487,5.524472587342014,6.076919846076216,0.5524472587342016
cohesion_fixed,nq_32,baseline,replace,0.1617640000404208,0.0,5.862571017357121,5.862571017357121
cohesion_fixed,nq_32,cohesion,add,0.22875299987390463,5.862571017357121,6.448828119092833,0.5862571017357121
cohesion_fixed,nq_33,baseline,replace,0.1572389999182633,0.0,4.867174175356701,4.867174175356701
cohesion_fixed,nq_33,cohesion,add,0.22957100009080023,4.867174175356701,5.353891592892371,0.4867174175356701
cohesion_fixed,nq_34,baseline,replace,0.1614290001725749,0.0,6.024542786201981,6.024542786201981
cohesion_fixed,nq_34,cohesion,add,0.23251799984791433,6.024542786201981,6.626997064822179,0.6024542786201981
cohesion_fixed,nq_35,baseline,replace,0.1519669999652251,0.0,5.934870435840898,5.934870435840898
cohesion_fixed,nq_35,cohesion,add,0.23594000003868132,5.934870435840898,6.528357479424988,0.5934870435840898
cohesion_fixed,nq_36,baseline,replace,0.14977699993323768,0.0,5.9710915868958025,5.9710915868958025
cohesion_fixed,nq_36,cohesion,add,0.2370059999066143,5.9710915868958025,6.568200745585382,0.5971091586895801
cohesion_fixed,nq_37,baseline,replace,0.1666279999881226,0.0,5.310261010857203,5.310261010857203
cohesion_fixed,nq_37,cohesion,add,0.2265579998947942,5.310261010857203,5.841287111942923,0.5310261010857203
cohesion_fixed,nq_38,baseline,replace,0.1523659998383664,0.0,6.1879849319810445,6.1879849319810445
cohesion_fixed,nq_38,cohesion,add,0.22154199996293755,6.1879849319810445,6.806783425179147,0.6187984931981044
cohesion_fixed,nq_39,baseline,replace,0.1540749999549007,0.0,6.259572322917376,6.259572322917376
cohesion_fixed,nq_39,cohesion,add,0.22748699984731502,6.259572322917376,6.885529555209113,0.6259572322917377
cohesion_fixed,nq_40,baseline,replace,0.18210999996881583,0.0,6.329407904109478,6.329407904109478
cohesion_fixed,nq_40,cohesion,add,0.22682599978907092,6.329407904109478,6.962348694520426,0.6329407904109479
cohesion_fixed,nq_41,baseline,replace,0.15256599999702303,0.0,5.956386929958668,5.956386929958668
cohesion_fixed,nq_41,cohesion,add,0.25506900010441313,5.956386929958668,6.552025622954535,0.5956386929958668
cohesion_fixed,nq_42,baseline,replace,0.14565799983756733,0.0,5.977592187833619,5.977592187833619
cohesion_fixed,nq_42,cohesion,add,0.2622209999572078,5.977592187833619,6.575351406616982,0.597759218783362
cohesion_fixed,nq_43,baseline,replace,0.14641300003859214,0.0,5.284580059143323,5.284580059143323
cohesion_fixed,nq_43,cohesion,add,0.2390970000760717,5.284580059143323,5.813038065057655,0.5284580059143323
cohesion_fixed,nq_44,baseline,replace,0.14906899991729006,0.0,6.459046566808221,6.459046566808221
cohesion_fixed,nq_44,cohesion,add,0.22800900001129776,6.459046566808221,7.104951223489043,0.6459046566808222
cohesion_fixed,nq_45,baseline,replace,0.15353699996012438,0.0,6.500309157820785,6.500309157820785
cohesion_fixed,nq_45,cohesion,add,0.2345689999856404,6.500309157820785,7.150340073602865,0.6500309157820786
cohesion_fixed,nq_46,baseline,replace,0.14386800012289314,0.0,6.440333425710759,6.440333425710759
cohesion_fixed,nq_46,cohesion,add,0.22635900018030952,6.440333425710759,7.084366768281836,0.644033342571076
cohesion_fixed,nq_47,baseline,replace,0.14794599997003388,0.0,6.43050661302621,6.43050661302621
cohesion_fixed,nq_47,cohesion,add,0.2215000001797307,6.43050661302621,7.07355727432883,0.6430506613026209
cohesion_fixed,nq_48,baseline,replace,0.1486019998537813,0.0,5.689040768553662,5.689040768553662
cohesion_fixed,nq_48,cohesion,add,0.2443199998651835,5.689040768553662,6.257944845409028,0.5689040768553661
cohesion_fixed,nq_49,baseline,replace,0.14496900007543445,0.0,5.965389555261214,5.965389555261214
cohesion_fixed,nq_49,cohesion,add,0.23476399996980035,5.965389555261214,6.561928510787336,0.5965389555261215
cohesion_fixed,nq_50,baseline,replace,0.17386099989380455,0.0,5.95899262124213,5.95899262124213
cohesion_fixed,nq_50,cohesion,add,0.2367859999594657,5.95899262124213,6.554891883366343,0.5958992621242131
cohesion_fixed,nq_51,baseline,replace,0.1873300000170275,0.0,6.2589058593588005,6.2589058593588005
cohesion_fixed,nq_51,cohesion,add,0.2519370000300114,6.2589058593588005,6.88479644529468,0.62589058593588
cohesion_fixed,nq_52,baseline,replace,0.18953099993268552,0.0,5.232513582918393,5.232513582918393
cohesion_fixed,nq_52,cohesion,add,0.22836499988443393,5.232513582918393,5.7557649412102325,0.5232513582918392
cohesion_fixed,nq_53,baseline,replace,0.1480949999859149,0.0,5.628307831702974,5.628307831702974
cohesion_fixed,nq_53,cohesion,add,0.22236700010580535,5.628307831702974,6.191138614873271,0.5628307831702974
cohesion_fixed,nq_54,baseline,replace,0.1500299999861454,0.0,6.359158170915616,6.359158170915616
cohesion_fixed,nq_54,cohesion,add,0.21958999991511519,6.359158170915616,6.995073988007177,0.6359158170915615
cohesion_fixed,nq_55,baseline,replace,0.15005599993855867,0.0,6.073268305575337,6.073268305575337
cohesion_fixed,nq_55,cohesion,add,0.21618999994643673,6.073268305575337,6.6805951361328715,0.6073268305575338
cohesion_fixed,nq_56,baseline,replace,0.14884799998071685,0.0,5.667359552098026,5.667359552098026
cohesion_fixed,nq_56,cohesion,add,0.2198980000684969,5.667359552098026,6.2340955073078295,0.5667359552098027
cohesion_fixed,nq_57,baseline,replace,0.14769099993827695,0.0,5.451666440727039,5.451666440727039
cohesion_fixed,nq_57,cohesion,add,0.2526380001199868,5.451666440727039,5.996833084799744,0.545166644072704
cohesion_fixed,nq_58,baseline,replace,0.15298599987545458,0.0,4.7917350813490485,4.7917350813490485
cohesion_fixed,nq_58,cohesion,add,0.22258700005295395,4.7917350813490485,5.270908589483954,0.4791735081349049
cohesion_fixed,nq_59,baseline,replace,0.1481500000863889,0.0,5.0192777604843375,5.0192777604843375
cohesion_fixed,nq_59,cohesion,add,0.21645700007866253,5.0192777604843375,5.521205536532771,0.5019277760484337
cohesion_fixed,nq_60,baseline,replace,0.163315000008879,0.0,5.621649036526739,5.621649036526739
cohesion_fixed,nq_60,cohesion,add,0.2162679998036765,5.621649036526739,6.183813940179412,0.5621649036526739
cohesion_fixed,nq_61,baseline,replace,0.1583770001616358,0.0,5.733022785103862,5.733022785103862
cohesion_fixed,nq_61,cohesion,add,0.22312400005830568,5.733022785103862,6.306325063614247,0.5733022785103862
cohesion_fixed,nq_62,baseline,replace,0.17978100004256703,0.0,6.130161899853848,6.130161899853848
cohesion_fixed,nq_62,cohesion,add,0.2717929999107582,6.130161899853848,6.7431780898392315,0.6130161899853847
cohesion_fixed,nq_63,baseline,replace,0.17026299997269234,0.0,5.991376511662055,5.991376511662055
cohesion_fixed,nq_63,cohesion,add,0.2336869999908231,5.991376511662055,6.590514162828262,0.5991376511662057
cohesion_fixed,nq_64,baseline,replace,0.17865399991023878,0.0,6.124354648432591,6.124354648432591
cohesion_fixed,nq_64,cohesion,add,0.280543000144462,6.124354648432591,6.73679011327585,0.6124354648432592
cohesion_fixed,nq_65,baseline,replace,0.1761539999733941,0.0,6.430030214288235,6.430030214288235
cohesion_fixed,nq_65,cohesion,add,0.2500579998923058,6.430030214288235,7.073033235717059,0.6430030214288236
cohesion_fixed,nq_66,baseline,replace,0.18989499994859216,0.0,6.0519748753747376,6.0519748753747376
cohesion_fixed,nq_66,cohesion,add,0.2393839999967895,6.0519748753747376,6.657172362912212,0.6051974875374738
cohesion_fixed,nq_67,baseline,replace,0.17335500001536275,0.0,5.267053446905721,5.267053446905721
cohesion_fixed,nq_67,cohesion,add,0.23903600003905012,5.267053446905721,5.793758791596294,0.5267053446905722
cohesion_fixed,nq_68,baseline,replace,0.166682000099172,0.0,6.198715389050904,6.198715389050904
cohesion_fixed,nq_68,cohesion,add,0.22580699987884145,6.198715389050904,6.8185869279559945,0.6198715389050905
cohesion_fixed,nq_69,baseline,replace,0.17724000008456642,0.0,5.001311938666666,5.001311938666666
cohesion_fixed,nq_69,cohesion,add,0.22995800009084633,5.001311938666666,5.501443132533332,0.5001311938666666
cohesion_fixed,nq_70,baseline,replace,0.15595599984408182,0.0,5.609079097793744,5.609079097793744
cohesion_fixed,nq_70,cohesion,add,0.22013800003151118,5.609079097793744,6.169987007573119,0.5609079097793744
cohesion_fixed,nq_71,baseline,replace,0.15156900008150842,0.0,6.488059884595345,6.488059884595345
cohesion_fixed,nq_71,cohesion,add,0.2189630001794285,6.488059884595345,7.13686587305488,0.6488059884595345
cohesion_fixed,nq_72,baseline,replace,0.15096799984348763,0.0,5.423475086890199,5.423475086890199
cohesion_fixed,nq_72,cohesion,add,0.2202440000473871,5.423475086890199,5.965822595579219,0.5423475086890198
cohesion_fixed,nq_73,baseline,replace,0.1848909998898307,0.0,5.053347710062351,5.053347710062351
cohesion_fixed,nq_73,cohesion,add,0.22055599993109354,5.053347710062351,5.558682481068585,0.505334771006235
cohesion_fixed,nq_74,baseline,replace,0.15325999993365258,0.0,5.68440543372787,5.68440543372787
cohesion_fixed,nq_74,cohesion,add,0.21849700010534434,5.68440543372787,6.252845977100658,0.5684405433727872
cohesion_fixed,nq_75,baseline,replace,0.14620100000684033,0.0,5.490448801502913,5.490448801502913
cohesion_fixed,nq_75,cohesion,add,0.23088600005394255,5.490448801502913,6.039493681653203,0.5490448801502912
cohesion_fixed,nq_76,baseline,replace,0.14706299998579198,0.0,5.370778748020805,5.370778748020805
cohesion_fixed,nq_76,cohesion,add,0.2126649999354413,5.370778748020805,5.9078566228228855,0.5370778748020805
cohesion_fixed,nq_77,baseline,replace,0.14509500010717602,0.0,5.11649297477017,5.11649297477017
cohesion_fixed,nq_77,cohesion,add,0.22933099990041228,5.11649297477017,5.628142272247187,0.5116492974770169
cohesion_fixed,nq_78,baseline,replace,0.15159700001277088,0.0,5.906344261613483,5.906344261613483
cohesion_fixed,nq_78,cohesion,add,0.22088400010034093,5.906344261613483,6.49697868777483,0.5906344261613483
cohesion_fixed,nq_79,baseline,replace,0.16254900015155727,0.0,5.766559683838349,5.766559683838349
cohesion_fixed,nq_79,cohesion,add,0.2200700000685174,5.766559683838349,6.343215652222183,0.5766559683838348
cohesion_fixed,nq_80,baseline,replace,0.14768100004403095,0.0,5.849487929800339,5.849487929800339
cohesion_fixed,nq_80,cohesion,add,0.2321330000540911,5.849487929800339,6.434436722780372,0.5849487929800339
cohesion_fixed,nq_81,baseline,replace,0.14629599991167197,0.0,6.219252857160766,6.219252857160766
cohesion_fixed,nq_81,cohesion,add,0.23399999986395414,6.219252857160766,6.841178142876843,0.6219252857160766
cohesion_fixed,nq_82,baseline,replace,0.14762199998585857,0.0,5.785210140629268,5.785210140629268
cohesion_fixed,nq_82,cohesion,add,0.21250800000416348,5.785210140629268,6.363731154692195,0.5785210140629269
cohesion_fixed,nq_83,baseline,replace,0.15981399997144763,0.0,5.803692346090959,5.803692346090959
cohesion_fixed,nq_83,cohesion,add,0.2157500000521395,5.803692346090959,6.384061580700054,0.580369234609096
cohesion_fixed,nq_84,baseline,replace,0.14537899983224634,0.0,5.750007405121267,5.750007405121267
cohesion_fixed,nq_84,cohesion,add,0.23391100012304378,5.750007405121267,6.325008145633395,0.5750007405121267
cohesion_fixed,nq_85,baseline,replace,0.1428970001597918,0.0,6.061192188578822,6.061192188578822
cohesion_fixed,nq_85,cohesion,add,0.21545000004152826,6.061192188578822,6.667311407436705,0.6061192188578823
cohesion_fixed,nq_86,baseline,replace,0.14442999986385985,0.0,5.156379486912358,5.156379486912358
cohesion_fixed,nq_86,cohesion,add,0.2296910001859942,5.156379486912358,5.6720174356035935,0.5156379486912358
cohesion_fixed,nq_87,baseline,replace,0.14564200000677374,0.0,5.381827591443935,5.381827591443935
cohesion_fixed,nq_87,cohesion,add,0.22143700016385992,5.381827591443935,5.9200103505883295,0.5381827591443936
cohesion_fixed,nq_88,baseline,replace,0.1466000001073553,0.0,6.538143037884897,6.538143037884897
cohesion_fixed,nq_88,cohesion,add,0.2472439998655318,6.538143037884897,7.191957341673387,0.6538143037884898
cohesion_fixed,nq_89,baseline,replace,0.14205499996933213,0.0,6.099889264932702,6.099889264932702
cohesion_fixed,nq_89,cohesion,add,0.2142769999409211,6.099889264932702,6.709878191425972,0.6099889264932702
cohesion_fixed,nq_90,baseline,replace,0.14689399995404528,0.0,4.583366391454099,4.583366391454099
cohesion_fixed,nq_90,cohesion,add,0.21540199986702646,4.583366391454099,5.04170303059951,0.4583366391454099
cohesion_fixed,nq_91,baseline,replace,0.14253300014388515,0.0,5.70674611032091,5.70674611032091
cohesion_fixed,nq_91,cohesion,add,0.2158040001631889,5.70674611032091,6.277420721353,0.5706746110320909
cohesion_fixed,nq_92,baseline,replace,0.14607799994337256,0.0,6.2857185732302305,6.2857185732302305
cohesion_fixed,nq_92,cohesion,add,0.21801199977744545,6.2857185732302305,6.914290430553253,0.628571857323023
cohesion_fixed,nq_93,baseline,replace,0.14973499992265715,0.0,5.0667927610257335,5.0667927610257335
cohesion_fixed,nq_93,cohesion,add,0.2245069999844418,5.0667927610257335,5.573472037128307,0.5066792761025735
cohesion_fixed,nq_94,baseline,replace,0.14631999988523603,0.0,5.633233700040121,5.633233700040121
cohesion_fixed,nq_94,cohesion,add,0.25693600014164986,5.633233700040121,6.196557070044133,0.5633233700040121
cohesion_fixed,nq_95,baseline,replace,0.1592200001141464,0.0,6.324875880775702,6.324875880775702
cohesion_fixed,nq_95,cohesion,add,0.2142139999250503,6.324875880775702,6.957363468853272,0.6324875880775701
cohesion_fixed,nq_96,baseline,replace,0.15295699995476753,0.0,5.686347402441447,5.686347402441447
cohesion_fixed,nq_96,cohesion,add,0.22323999996842758,5.686347402441447,6.254982142685592,0.5686347402441446
cohesion_fixed,nq_97,baseline,replace,0.14906000001246866,0.0,5.849134052558073,5.849134052558073
cohesion_fixed,nq_97,cohesion,add,0.21808900010000798,5.849134052558073,6.43404745781388,0.5849134052558074
cohesion_fixed,nq_98,baseline,replace,0.1455430001442437,0.0,6.157436866043193,6.157436866043193
cohesion_fixed,nq_98,cohesion,add,0.21435999997265753,6.157436866043193,6.773180552647512,0.6157436866043193
cohesion_fixed,nq_99,baseline,replace,0.15393699982269027,0.0,5.7678485582426795,5.7678485582426795
cohesion_fixed,nq_99,cohesion,add,0.24337600007129367,5.7678485582426795,6.344633414066947,0.576784855824268
cohesion_fixed,nq_100,baseline,replace,0.15154700008679356,0.0,5.8370757251266685,5.8370757251266685
cohesion_fixed,nq_100,cohesion,add,0.2217499998096173,5.8370757251266685,6.420783297639335,0.5837075725126669
cohesion_fixed,nq_101,baseline,replace,0.15517499991801742,0.0,5.563670360721109,5.563670360721109
cohesion_fixed,nq_101,cohesion,add,0.23577399997520843,5.563670360721109,6.12003739679322,0.5563670360721109
cohesion_fixed,nq_102,baseline,replace,0.15192700016086746,0.0,5.631518285743192,5.631518285743192
cohesion_fixed,nq_102,cohesion,add,0.2602899999146757,5.631518285743192,6.1946701143175105,0.5631518285743191
cohesion_fixed,nq_103,baseline,replace,0.17141500006800925,0.0,5.627528866355362,5.627528866355362
cohesion_fixed,nq_103,cohesion,add,0.22789100012232666,5.627528866355362,6.190281752990898,0.5627528866355362
cohesion_fixed,nq_104,baseline,replace,0.15610800005561032,0.0,6.470924494403475,6.470924494403475
cohesion_fixed,nq_104,cohesion,add,0.22487199998977303,6.470924494403475,7.118016943843822,0.6470924494403475
cohesion_fixed,nq_105,baseline,replace,0.16037099999266502,0.0,5.860353055464232,5.860353055464232
cohesion_fixed,nq_105,cohesion,add,0.22547100002157094,5.860353055464232,6.446388361010657,0.5860353055464232
cohesion_fixed,nq_106,baseline,replace,0.15361400005531323,0.0,5.860220240683469,5.860220240683469
cohesion_fixed,nq_106,cohesion,add,0.2230679999684071,5.860220240683469,6.446242264751816,0.5860220240683469
cohesion_fixed,nq_107,baseline,replace,0.16587599998274527,0.0,5.6452552741674475,5.6452552741674475
cohesion_fixed,nq_107,cohesion,add,0.21906300003138313,5.6452552741674475,6.209780801584192,0.5645255274167449
cohesion_fixed,nq_108,baseline,replace,0.15381799994429457,0.0,5.900434515241386,5.900434515241386
cohesion_fixed,nq_108,cohesion,add,0.22326399994199164,5.900434515241386,6.490477966765526,0.5900434515241386
cohesion_fixed,nq_109,baseline,replace,0.1842949998263066,0.0,5.431032230756602,5.431032230756602
cohesion_fixed,nq_109,cohesion,add,0.2667630001269572,5.431032230756602,5.974135453832263,0.5431032230756603
cohesion_fixed,nq_110,baseline,replace,0.15167800006565813,0.0,5.830294945692953,5.830294945692953
cohesion_fixed,nq_110,cohesion,add,0.2606769999147218,5.830294945692953,6.413324440262248,0.5830294945692952
cohesion_fixed,nq_111,baseline,replace,0.15091699992808572,0.0,6.5283183313144155,6.5283183313144155
cohesion_fixed,nq_111,cohesion,add,0.21828500007359253,6.5283183313144155,7.181150164445858,0.6528318331314417
cohesion_fixed,nq_112,baseline,replace,0.1461540000491368,0.0,6.35230396054689,6.35230396054689
cohesion_fixed,nq_112,cohesion,add,0.23649299987482664,6.35230396054689,6.987534356601579,0.635230396054689
cohesion_fixed,nq_113,baseline,replace,0.15074799989633902,0.0,5.132083564583571,5.132083564583571
cohesion_fixed,nq_113,cohesion,add,0.2203029998781858,5.132083564583571,5.6452919210419275,0.513208356458357
cohesion_fixed,nq_114,baseline,replace,0.1512689998435235,0.0,6.16133456069944,6.16133456069944
cohesion_fixed,nq_114,cohesion,add,0.2230650000001333,6.16133456069944,6.777468016769383,0.616133456069944
cohesion_fixed,nq_115,baseline,replace,0.16728999980841763,0.0,5.528210141143213,5.528210141143213
cohesion_fixed,nq_115,cohesion,add,0.22072199999456643,5.528210141143213,6.081031155257534,0.5528210141143214
cohesion_fixed,nq_116,baseline,replace,0.1467710001179512,0.0,6.350153693677467,6.350153693677467
cohesion_fixed,nq_116,cohesion,add,0.21416799995677138,6.350153693677467,6.985169063045214,0.6350153693677467
cohesion_fixed,nq_117,baseline,replace,0.14972300004956196,0.0,6.390835199650775,6.390835199650775
cohesion_fixed,nq_117,cohesion,add,0.23066899984769407,6.390835199650775,7.029918719615853,0.6390835199650775
cohesion_fixed,nq_118,baseline,replace,0.1457719999962137,0.0,5.318257179123883,5.318257179123883
cohesion_fixed,nq_118,cohesion,add,0.2160359999834327,5.318257179123883,5.850082897036271,0.5318257179123882
cohesion_fixed,nq_119,baseline,replace,0.14669200004391314,0.0,6.007831329873967,6.007831329873967
cohesion_fixed,nq_119,cohesion,add,0.238439999975526,6.007831329873967,6.608614462861364,0.6007831329873968
cohesion_fixed,nq_120,baseline,replace,0.1502009999967413,0.0,5.4089148134645715,5.4089148134645715
cohesion_fixed,nq_120,cohesion,add,0.2386149999438203,5.4089148134645715,5.9498062948110295,0.5408914813464571
cohesion_fixed,nq_121,baseline,replace,0.16997200009427615,0.0,5.865565066742187,5.865565066742187
cohesion_fixed,nq_121,cohesion,add,0.2382720001605776,5.865565066742187,6.452121573416405,0.5865565066742187
cohesion_fixed,nq_122,baseline,replace,0.15333999999711523,0.0,5.749629324697858,5.749629324697858
cohesion_fixed,nq_122,cohesion,add,0.2217840001321747,5.749629324697858,6.324592257167644,0.5749629324697858
cohesion_fixed,nq_123,baseline,replace,0.17493700011073088,0.0,5.875222295083746,5.875222295083746
cohesion_fixed,nq_123,cohesion,add,0.24393200010308647,5.875222295083746,6.46274452459212,0.5875222295083746
cohesion_fixed,nq_124,baseline,replace,0.16529899994566222,0.0,5.197482551899888,5.197482551899888
cohesion_fixed,nq_124,cohesion,add,0.22558099999514525,5.197482551899888,5.717230807089877,0.5197482551899888
cohesion_fixed,nq_125,baseline,replace,0.14884400002301845,0.0,5.960190670773323,5.960190670773323
cohesion_fixed,nq_125,cohesion,add,0.22103300011622196,5.960190670773323,6.556209737850655,0.5960190670773322
cohesion_fixed,nq_126,baseline,replace,0.1560640000661806,0.0,5.147728864754875,5.147728864754875
cohesion_fixed,nq_126,cohesion,add,0.24765500006651564,5.147728864754875,5.662501751230362,0.5147728864754875
cohesion_fixed,nq_127,baseline,replace,0.15305600004467124,0.0,5.600850238536994,5.600850238536994
cohesion_fixed,nq_127,cohesion,add,0.22453499991570425,5.600850238536994,6.160935262390693,0.5600850238536995
cohesion_fixed,nq_128,baseline,replace,0.1866640000116604,0.0,5.941487765171843,5.941487765171843
cohesion_fixed,nq_128,cohesion,add,0.2163689998724294,5.941487765171843,6.535636541689026,0.5941487765171842
cohesion_fixed,nq_129,baseline,replace,0.15007299998615053,0.0,5.736876838454489,5.736876838454489
cohesion_fixed,nq_129,cohesion,add,0.22149400001580943,5.736876838454489,6.310564522299939,0.573687683845449
cohesion_fixed,nq_130,baseline,replace,0.15006400008132914,0.0,5.815627910400288,5.815627910400288
cohesion_fixed,nq_130,cohesion,add,0.23634700005459308,5.815627910400288,6.3971907014403175,0.5815627910400288
cohesion_fixed,nq_131,baseline,replace,0.16358499988200492,0.0,6.379454002022875,6.379454002022875
cohesion_fixed,nq_131,cohesion,add,0.23614799988536106,6.379454002022875,7.017399402225164,0.6379454002022876
cohesion_fixed,nq_132,baseline,replace,0.15189500004453294,0.0,6.049118075908171,6.049118075908171
cohesion_fixed,nq_132,cohesion,add,0.2373400000124093,6.049118075908171,6.654029883498989,0.6049118075908172
cohesion_fixed,nq_133,baseline,replace,0.15101199983291735,0.0,6.318456154960155,6.318456154960155
cohesion_fixed,nq_133,cohesion,add,0.21845300011591462,6.318456154960155,6.9503017704561705,0.6318456154960156
cohesion_fixed,nq_134,baseline,replace,0.15033700015010254,0.0,5.903940761890139,5.903940761890139
cohesion_fixed,nq_134,cohesion,add,0.22033100003682193,5.903940761890139,6.494334838079153,0.590394076189014
cohesion_fixed,nq_135,baseline,replace,0.16012099990803108,0.0,4.6862963818546195,4.6862963818546195
cohesion_fixed,nq_135,cohesion,add,0.24761399981798604,4.6862963818546195,5.154926020040081,0.4686296381854619
cohesion_fixed,nq_136,baseline,replace,0.15879800002949196,0.0,4.967838012838917,4.967838012838917
cohesion_fixed,nq_136,cohesion,add,0.22142900002108945,4.967838012838917,5.46462181412281,0.4967838012838918
cohesion_fixed,nq_137,baseline,replace,0.17241899990949605,0.0,5.839228558379167,5.839228558379167
cohesion_fixed,nq_137,cohesion,add,0.23947099998622434,5.839228558379167,6.423151414217084,0.5839228558379167
cohesion_fixed,nq_138,baseline,replace,0.16127800017784466,0.0,6.050431486580725,6.050431486580725
cohesion_fixed,nq_138,cohesion,add,0.2307079998900008,6.050431486580725,6.655474635238797,0.6050431486580725
cohesion_fixed,nq_139,baseline,replace,0.15662900000279478,0.0,5.020119785836898,5.020119785836898
cohesion_fixed,nq_139,cohesion,add,0.24733999998716172,5.020119785836898,5.522131764420588,0.5020119785836898
cohesion_fixed,nq_140,baseline,replace,0.15734800012978667,0.0,6.433726735941286,6.433726735941286
cohesion_fixed,nq_140,cohesion,add,0.23673300006521458,6.433726735941286,7.077099409535414,0.6433726735941286
cohesion_fixed,nq_141,baseline,replace,0.15743300014037231,0.0,6.197807934240123,6.197807934240123
cohesion_fixed,nq_141,cohesion,add,0.24172600001293176,6.197807934240123,6.817588727664135,0.6197807934240123
cohesion_fixed,nq_142,baseline,replace,0.15630699999746867,0.0,6.084047552386791,6.084047552386791
cohesion_fixed,nq_142,cohesion,add,0.2212919998783036,6.084047552386791,6.692452307625471,0.6084047552386792
cohesion_fixed,nq_143,baseline,replace,0.15459699989150977,0.0,5.33301899355655,5.33301899355655
cohesion_fixed,nq_143,cohesion,add,0.22143499995763705,5.33301899355655,5.8663208929122055,0.533301899355655
cohesion_fixed,nq_144,baseline,replace,0.16360399990844599,0.0,6.626559172688151,6.626559172688151
cohesion_fixed,nq_144,cohesion,add,0.2303620001384843,6.626559172688151,7.289215089956967,0.6626559172688152
cohesion_fixed,nq_145,baseline,replace,0.1502000000073167,0.0,6.021496666711802,6.021496666711802
cohesion_fixed,nq_145,cohesion,add,0.2324040001440153,6.021496666711802,6.6236463333829825,0.6021496666711803
cohesion_fixed,nq_146,baseline,replace,0.14867300001242256,0.0,5.7022555791334515,5.7022555791334515
cohesion_fixed,nq_146,cohesion,add,0.2405589998488722,5.7022555791334515,6.272481137046797,0.5702255579133453
cohesion_fixed,nq_147,baseline,replace,0.15067399999679765,0.0,5.393767931976342,5.393767931976342
cohesion_fixed,nq_147,cohesion,add,0.21423900011541264,5.393767931976342,5.933144725173976,0.5393767931976342
cohesion_fixed,nq_148,baseline,replace,0.14332199998534634,0.0,6.477662664397873,6.477662664397873
cohesion_fixed,nq_148,cohesion,add,0.21427900014714396,6.477662664397873,7.125428930837661,0.6477662664397873
cohesion_fixed,nq_149,baseline,replace,0.14673700002276746,0.0,5.956266622527608,5.956266622527608
cohesion_fixed,nq_149,cohesion,add,0.24366600018765894,5.956266622527608,6.55189328478037,0.595626662252761
cohesion_fixed,nq_150,baseline,replace,0.16289600011987204,0.0,5.718037830502433,5.718037830502433
cohesion_fixed,nq_150,cohesion,add,0.2206230001320364,5.718037830502433,6.289841613552676,0.5718037830502434
cohesion_fixed,nq_151,baseline,replace,0.14552799984812737,0.0,6.111834998451561,6.111834998451561
cohesion_fixed,nq_151,cohesion,add,0.21702100002585212,6.111834998451561,6.723018498296718,0.6111834998451561
cohesion_fixed,nq_152,baseline,replace,0.16305700000884826,0.0,5.30246690110213,5.30246690110213
cohesion_fixed,nq_152,cohesion,add,0.2173789998778375,5.30246690110213,5.832713591212343,0.530246690110213
cohesion_fixed,nq_153,baseline,replace,0.1467730000968004,0.0,5.2407988062402895,5.2407988062402895
cohesion_fixed,nq_153,cohesion,add,0.21514199988814653,5.2407988062402895,5.764878686864319,0.524079880624029
cohesion_fixed,nq_154,baseline,replace,0.14425600011236384,0.0,6.476711322296539,6.476711322296539
cohesion_fixed,nq_154,cohesion,add,0.23327100007008994,6.476711322296539,7.1243824545261925,0.647671132229654
cohesion_fixed,nq_155,baseline,replace,0.14138699998511584,0.0,5.487365035096405,5.487365035096405
cohesion_fixed,nq_155,cohesion,add,0.21407100007309054,5.487365035096405,6.036101538606046,0.5487365035096405
cohesion_fixed,nq_156,baseline,replace,0.14292200012278045,0.0,6.469584973544875,6.469584973544875
cohesion_fixed,nq_156,cohesion,add,0.2157579999675363,6.469584973544875,7.116543470899363,0.6469584973544876
cohesion_fixed,nq_157,baseline,replace,0.14674399994873966,0.0,5.676801570681361,5.676801570681361
cohesion_fixed,nq_157,cohesion,add,0.21975200002088968,5.676801570681361,6.244481727749498,0.5676801570681361
cohesion_fixed,nq_158,baseline,replace,0.14347999990604876,0.0,5.166572129769004,5.166572129769004
cohesion_fixed,nq_158,cohesion,add,0.22793700009060558,5.166572129769004,5.683229342745904,0.5166572129769005
cohesion_fixed,nq_159,baseline,replace,0.19526300002326025,0.0,5.44592691157194,5.44592691157194
cohesion_fixed,nq_159,cohesion,add,0.24780300009297207,5.44592691157194,5.990519602729133,0.544592691157194
cohesion_fixed,nq_160,baseline,replace,0.17756800002644013,0.0,5.702814282537779,5.702814282537779
cohesion_fixed,nq_160,cohesion,add,0.24338299999726587,5.702814282537779,6.273095710791558,0.570281428253778
cohesion_fixed,nq_161,baseline,replace,0.17136200017375813,0.0,6.234747414769542,6.234747414769542
cohesion_fixed,nq_161,cohesion,add,0.24091399995995744,6.234747414769542,6.858222156246496,0.6234747414769541
cohesion_fixed,nq_162,baseline,replace,0.19487000008666655,0.0,5.498004101958587,5.498004101958587
cohesion_fixed,nq_162,cohesion,add,0.24577399994996085,5.498004101958587,6.047804512154446,0.5498004101958588
cohesion_fixed,nq_163,baseline,replace,0.1810740000109945,0.0,5.0861507374179356,5.0861507374179356
cohesion_fixed,nq_163,cohesion,add,0.2627989999837155,5.0861507374179356,5.5947658111597285,0.5086150737417936
cohesion_fixed,nq_164,baseline,replace,0.16719100017326127,0.0,5.461895239004014,5.461895239004014
cohesion_fixed,nq_164,cohesion,add,0.21945100002085383,5.461895239004014,6.008084762904415,0.5461895239004014
cohesion_fixed,nq_165,baseline,replace,0.14856000007057446,0.0,5.47612711005867,5.47612711005867
cohesion_fixed,nq_165,cohesion,add,0.2299259999745118,5.47612711005867,6.023739821064537,0.5476127110058671
cohesion_fixed,nq_166,baseline,replace,0.16866099986145855,0.0,5.891714253914154,5.891714253914154
cohesion_fixed,nq_166,cohesion,add,0.21781899999950838,5.891714253914154,6.480885679305569,0.5891714253914154
cohesion_fixed,nq_167,baseline,replace,0.1611109998975735,0.0,6.0448905683993495,6.0448905683993495
cohesion_fixed,nq_167,cohesion,add,0.21562500000982254,6.0448905683993495,6.649379625239285,0.604489056839935
cohesion_fixed,nq_168,baseline,replace,0.15213399979074893,0.0,5.909557492644173,5.909557492644173
cohesion_fixed,nq_168,cohesion,add,0.2198029999362916,5.909557492644173,6.50051324190859,0.5909557492644173
cohesion_fixed,nq_169,baseline,replace,0.1418920001015067,0.0,6.355927592178018,6.355927592178018
cohesion_fixed,nq_169,cohesion,add,0.21232099993540032,6.355927592178018,6.99152035139582,0.6355927592178019
cohesion_fixed,nq_170,baseline,replace,0.14614900010201382,0.0,6.106406632483754,6.106406632483754
cohesion_fixed,nq_170,cohesion,add,0.21363599989854265,6.106406632483754,6.717047295732129,0.6106406632483755
cohesion_fixed,nq_171,baseline,replace,0.16791400003057788,0.0,6.190618722063797,6.190618722063797
cohesion_fixed,nq_171,cohesion,add,0.22003200001563528,6.190618722063797,6.809680594270176,0.6190618722063796
cohesion_fixed,nq_172,baseline,replace,0.1593829999819718,0.0,5.133516988419481,5.133516988419481
cohesion_fixed,nq_172,cohesion,add,0.2145890000520012,5.133516988419481,5.646868687261429,0.5133516988419481
cohesion_fixed,nq_173,baseline,replace,0.14887700012877758,0.0,5.51602278890315,5.51602278890315
cohesion_fixed,nq_173,cohesion,add,0.23460000011255033,5.51602278890315,6.067625067793465,0.5516022788903151
cohesion_fixed,nq_174,baseline,replace,0.16725299997233378,0.0,5.749904591099382,5.749904591099382
cohesion_fixed,nq_174,cohesion,add,0.21925900000496767,5.749904591099382,6.32489505020932,0.5749904591099382
cohesion_fixed,nq_175,baseline,replace,0.16448800010948617,0.0,5.650222393974599,5.650222393974599
cohesion_fixed,nq_175,cohesion,add,0.2165890000469517,5.650222393974599,6.215244633372059,0.5650222393974599
cohesion_fixed,nq_176,baseline,replace,0.1426660001015989,0.0,5.676600183080806,5.676600183080806
cohesion_fixed,nq_176,cohesion,add,0.21872199999961595,5.676600183080806,6.2442602013888875,0.5676600183080807
cohesion_fixed,nq_177,baseline,replace,0.20101900008739904,0.0,5.870573318717987,5.870573318717987
cohesion_fixed,nq_177,cohesion,add,0.2504530000351224,5.870573318717987,6.4576306505897865,0.5870573318717988
cohesion_fixed,nq_178,baseline,replace,0.16672800006745092,0.0,6.339269107404865,6.339269107404865
cohesion_fixed,nq_178,cohesion,add,0.2787040000384877,6.339269107404865,6.973196018145352,0.6339269107404866
cohesion_fixed,nq_179,baseline,replace,0.158114999976533,0.0,5.1519013836928,5.1519013836928
cohesion_fixed,nq_179,cohesion,add,0.24777999988145893,5.1519013836928,5.66709152206208,0.51519013836928
cohesion_fixed,nq_180,baseline,replace,0.15464800003428536,0.0,6.355562829669784,6.355562829669784
cohesion_fixed,nq_180,cohesion,add,0.22293000006357033,6.355562829669784,6.991119112636763,0.6355562829669785
cohesion_fixed,nq_181,baseline,replace,0.15866199987613072,0.0,5.736217570525382,5.736217570525382
cohesion_fixed,nq_181,cohesion,add,0.22513899989462516,5.736217570525382,6.309839327577921,0.5736217570525384
cohesion_fixed,nq_182,baseline,replace,0.17927699991560075,0.0,5.418690481081882,5.418690481081882
cohesion_fixed,nq_182,cohesion,add,0.2627930000471679,5.418690481081882,5.9605595291900695,0.5418690481081881
cohesion_fixed,nq_183,baseline,replace,0.16384699983973405,0.0,4.839801105821791,4.839801105821791
cohesion_fixed,nq_183,cohesion,add,0.23062600007506262,4.839801105821791,5.32378121640397,0.4839801105821791
cohesion_fixed,nq_184,baseline,replace,0.1483759999700851,0.0,5.708062268406664,5.708062268406664
cohesion_fixed,nq_184,cohesion,add,0.23726599988549424,5.708062268406664,6.27886849524733,0.5708062268406664
cohesion_fixed,nq_185,baseline,replace,0.15161800001806114,0.0,5.403731520231987,5.403731520231987
cohesion_fixed,nq_185,cohesion,add,0.23982299990166212,5.403731520231987,5.944104672255185,0.5403731520231987
cohesion_fixed,nq_186,baseline,replace,0.16850099996190693,0.0,6.157404007473349,6.157404007473349
cohesion_fixed,nq_186,cohesion,add,0.2220060000581725,6.157404007473349,6.773144408220683,0.6157404007473349
cohesion_fixed,nq_187,baseline,replace,0.1530279998860351,0.0,5.675195995994886,5.675195995994886
cohesion_fixed,nq_187,cohesion,add,0.24201900009757082,5.675195995994886,6.242715595594375,0.5675195995994887
cohesion_fixed,nq_188,baseline,replace,0.16595599981883424,0.0,5.516226643930744,5.516226643930744
cohesion_fixed,nq_188,cohesion,add,0.2217969999946945,5.516226643930744,6.067849308323818,0.5516226643930744
cohesion_fixed,nq_189,baseline,replace,0.15247800001816358,0.0,5.044064883390204,5.044064883390204
cohesion_fixed,nq_189,cohesion,add,0.23924900006022654,5.044064883390204,5.548471371729224,0.5044064883390205
cohesion_fixed,nq_190,baseline,replace,0.15099000006557617,0.0,5.864601993418718,5.864601993418718
cohesion_fixed,nq_190,cohesion,add,0.23366999994323123,5.864601993418718,6.45106219276059,0.5864601993418718
cohesion_fixed,nq_191,baseline,replace,0.14059199997973337,0.0,6.091875157970637,6.091875157970637
cohesion_fixed,nq_191,cohesion,add,0.2295409999533149,6.091875157970637,6.7010626737677015,0.6091875157970638
cohesion_fixed,nq_192,baseline,replace,0.14858600002298772,0.0,5.894948448243595,5.894948448243595
cohesion_fixed,nq_192,cohesion,add,0.2183540000260109,5.894948448243595,6.4844432930679545,0.5894948448243595
cohesion_fixed,nq_193,baseline,replace,0.16401400012000522,0.0,6.02764258027594,6.02764258027594
cohesion_fixed,nq_193,cohesion,add,0.22265000006882474,6.02764258027594,6.630406838303534,0.602764258027594
cohesion_fixed,nq_194,baseline,replace,0.1440679998268024,0.0,5.286903007422025,5.286903007422025
cohesion_fixed,nq_194,cohesion,add,0.21601599996756704,5.286903007422025,5.815593308164228,0.5286903007422026
cohesion_fixed,nq_195,baseline,replace,0.16351899989786034,0.0,6.803684456204528,6.803684456204528
cohesion_fixed,nq_195,cohesion,add,0.21868999988328142,6.803684456204528,7.484052901824982,0.6803684456204528
cohesion_fixed,nq_196,baseline,replace,0.1802340000267577,0.0,5.8159631906859355,5.8159631906859355
cohesion_fixed,nq_196,cohesion,add,0.24083400012386846,5.8159631906859355,6.3975595097545295,0.5815963190685937
cohesion_fixed,nq_197,baseline,replace,0.18975199986925873,0.0,6.041139673164787,6.041139673164787
cohesion_fixed,nq_197,cohesion,add,0.24202300005526922,6.041139673164787,6.6452536404812665,0.6041139673164787
cohesion_fixed,nq_198,baseline,replace,0.1693509998403897,0.0,6.087060526998056,6.087060526998056
cohesion_fixed,nq_198,cohesion,add,0.23599799988005543,6.087060526998056,6.695766579697861,0.6087060526998056
cohesion_fixed,nq_199,baseline,replace,0.15890200006651867,0.0,6.0478604993523115,6.0478604993523115
cohesion_fixed,nq_199,cohesion,add,0.24236599983851193,6.0478604993523115,6.652646549287543,0.6047860499352313
cohesion_calibrated,nq_0,baseline,replace,0.23472399993806903,0.0,6.135808830193063,6.135808830193063
cohesion_calibrated,nq_0,cohesion,add,0.2938169998287776,6.135808830193063,6.1439990565525235,0.008190226359461487
cohesion_calibrated,nq_1,baseline,replace,0.21044399977654393,0.0,5.8207139294233725,5.8207139294233725
cohesion_calibrated,nq_1,cohesion,add,0.28300600001784915,5.8207139294233725,5.821395226021213,0.0006812965978400333
cohesion_calibrated,nq_2,baseline,replace,0.1726109999253822,0.0,4.985848299416998,4.985848299416998
cohesion_calibrated,nq_2,cohesion,add,0.24180099990189774,4.985848299416998,5.003372296488596,0.01752399707159858
cohesion_calibrated,nq_3,baseline,replace,0.15132300018194655,0.0,6.366249080164166,6.366249080164166
cohesion_calibrated,nq_3,cohesion,add,0.2221720001216454,6.366249080164166,6.378130342111569,0.011881261947404026
cohesion_calibrated,nq_4,baseline,replace,0.1483170001392864,0.0,6.257234247101976,6.257234247101976
cohesion_calibrated,nq_4,cohesion,add,0.221076999878278,6.257234247101976,6.264287738695923,0.007053491593946911
cohesion_calibrated,nq_5,baseline,replace,0.1611550001143769,0.0,6.2221211342846585,6.2221211342846585
cohesion_calibrated,nq_5,cohesion,add,0.21987800005263125,6.2221211342846585,6.305593047342351,0.08347191305769233
cohesion_calibrated,nq_6,baseline,replace,0.14785500002290064,0.0,6.429793569840613,6.429793569840613
cohesion_calibrated,nq_6,cohesion,add,0.21685199999410543,6.429793569840613,6.465744610400654,0.03595104056004142
cohesion_calibrated,nq_7,baseline,replace,0.19203400006517768,0.0,6.5417899531358,6.5417899531358
cohesion_calibrated,nq_7,cohesion,add,0.26994299992111337,6.5417899531358,6.603696889800116,0.061906936664314724
cohesion_calibrated,nq_8,baseline,replace,0.18228099997941172,0.0,5.248143031930132,5.248143031930132
cohesion_calibrated,nq_8,cohesion,add,0.24355900018235843,5.248143031930132,5.252133740607523,0.0039907086773900945
cohesion_calibrated,nq_9,baseline,replace,0.15543299991804815,0.0,5.830538597290635,5.830538597290635
cohesion_calibrated,nq_9,cohesion,add,0.22428500005844398,5.830538597290635,5.86187154776715,0.031332950476514805
cohesion_calibrated,nq_10,baseline,replace,0.1500329999544192,0.0,5.61350215180187,5.61350215180187
cohesion_calibrated,nq_10,cohesion,add,0.2369079998061352,5.61350215180187,5.620182663199967,0.0066805113980961135
cohesion_calibrated,nq_11,baseline,replace,0.16251100009867514,0.0,5.445326270857907,5.445326270857907
cohesion_calibrated,nq_11,cohesion,add,0.22174700006871717,5.445326270857907,5.50326182986799,0.057935559010081426
cohesion_calibrated,nq_12,baseline,replace,0.14888800001244817,0.0,5.7230596058062995,5.7230596058062995
cohesion_calibrated,nq_12,cohesion,add,0.2208410001003358,5.7230596058062995,5.733503477402096,0.010443871595796376
cohesion_calibrated,nq_13,baseline,replace,0.14524700009133085,0.0,5.38532500493756,5.38532500493756
cohesion_calibrated,nq_13,cohesion,add,0.21771299998363247,5.38532500493756,5.433239564109124,0.04791455917156419
cohesion_calibrated,nq_14,baseline,replace,0.14652300001216645,0.0,5.922827625359093,5.922827625359093
cohesion_calibrated,nq_14,cohesion,add,0.22232900005292322,5.922827625359093,5.923333490746184,0.0005058653870902154
cohesion_calibrated,nq_15,baseline,replace,0.14753100003872532,0.0,5.047601970788997,5.047601970788997
cohesion_calibrated,nq_15,cohesion,add,0.23591700005454186,5.047601970788997,5.0479019655182364,0.00029999472923903037
cohesion_calibrated,nq_16,baseline,replace,0.14718400007041055,0.0,5.896591290936628,5.896591290936628
cohesion_calibrated,nq_16,cohesion,add,0.21752299994659552,5.896591290936628,5.965851712253857,0.06926042131722868
cohesion_calibrated,nq_17,baseline,replace,0.1440099999854283,0.0,5.8548127858504815,5.8548127858504815
cohesion_calibrated,nq_17,cohesion,add,0.21577200004685437,5.8548127858504815,5.879528544882884,0.024715759032402796
cohesion_calibrated,nq_18,baseline,replace,0.14429200018639676,0.0,5.912317829364883,5.912317829364883
cohesion_calibrated,nq_18,cohesion,add,0.23124499989535252,5.912317829364883,5.926265724581816,0.013947895216932663
cohesion_calibrated,nq_19,baseline,replace,0.1617600000827224,0.0,5.840914612997901,5.840914612997901
cohesion_calibrated,nq_19,cohesion,add,0.2133299999513838,5.840914612997901,5.850126206307172,0.009211593309270698
cohesion_calibrated,nq_20,baseline,replace,0.16172499999811407,0.0,6.226407562629137,6.226407562629137
cohesion_calibrated,nq_20,cohesion,add,0.217415999941295,6.226407562629137,6.229428949903174,0.0030213872740374246
cohesion_calibrated,nq_21,baseline,replace,0.1602689999344875,0.0,4.885628708346163,4.885628708346163
cohesion_calibrated,nq_21,cohesion,add,0.21791199992549082,4.885628708346163,4.886016846256422,0.00038813791025938717
cohesion_calibrated,nq_22,baseline,replace,0.14643999998043,0.0,5.620821355351026,5.620821355351026
cohesion_calibrated,nq_22,cohesion,add,0.23419700005433697,5.620821355351026,5.63611508012417,0.015293724773144423
cohesion_calibrated,nq_23,baseline,replace,0.1426829999218171,0.0,6.068042958769134,6.068042958769134
cohesion_calibrated,nq_23,cohesion,add,0.23067699999046454,6.068042958769134,6.073751678034418,0.005708719265285237
cohesion_calibrated,nq_24,baseline,replace,0.15865399996073393,0.0,5.893169056342089,5.893169056342089
cohesion_calibrated,nq_24,cohesion,add,0.2150479999727395,5.893169056342089,5.958845394568798,0.06567633822670858
cohesion_calibrated,nq_25,baseline,replace,0.1454470000226138,0.0,5.848764153441528,5.848764153441528
cohesion_calibrated,nq_25,cohesion,add,0.21644699995704286,5.848764153441528,5.852473725476946,0.003709572035417635
cohesion_calibrated,nq_26,baseline,replace,0.14852300000711693,0.0,4.986708096822563,4.986708096822563
cohesion_calibrated,nq_26,cohesion,add,0.25534199994581286,4.986708096822563,4.997506057500912,0.010797960678347806
cohesion_calibrated,nq_27,baseline,replace,0.15095699995981704,0.0,4.915882879307239,4.915882879307239
cohesion_calibrated,nq_27,cohesion,add,0.21978499989927514,4.915882879307239,4.916214034282577,0.0003311549753372413
cohesion_calibrated,nq_28,baseline,replace,0.1871019999271084,0.0,6.204271475393632,6.204271475393632
cohesion_calibrated,nq_28,cohesion,add,0.25375899986102013,6.204271475393632,6.2044093896704196,0.00013791427678671477
cohesion_calibrated,nq_29,baseline,replace,0.17408100006832683,0.0,6.285324306884681,6.285324306884681
cohesion_calibrated,nq_29,cohesion,add,0.2403839998805779,6.285324306884681,6.285326913438963,2.6065542817956157e-06
cohesion_calibrated,nq_30,baseline,replace,0.164919000098962,0.0,5.809781813109233,5.809781813109233
cohesion_calibrated,nq_30,cohesion,add,0.24069599999165803,5.809781813109233,5.840557052622137,0.030775239512903653
cohesion_calibrated,nq_31,baseline,replace,0.14983599999141006,0.0,5.524472587342014,5.524472587342014
cohesion_calibrated,nq_31,cohesion,add,0.21926299996266607,5.524472587342014,5.527148078405035,0.00267549106301966
cohesion_calibrated,nq_32,baseline,replace,0.14757300004930585,0.0,5.862571017357121,5.862571017357121
cohesion_calibrated,nq_32,cohesion,add,0.21799800015287474,5.862571017357121,5.912645522279825,0.05007450492270464
cohesion_calibrated,nq_33,baseline,replace,0.15020800015008717,0.0,4.867174175356701,4.867174175356701
cohesion_calibrated,nq_33,cohesion,add,0.21943999990980956,4.867174175356701,4.867352190377682,0.0001780150209807039
cohesion_calibrated,nq_34,baseline,replace,0.14812900008109864,0.0,6.024542786201981,6.024542786201981
cohesion_calibrated,nq_34,cohesion,add,0.2347869999539398,6.024542786201981,6.025795596614654,0.0012528104126738992
cohesion_calibrated,nq_35,baseline,replace,0.15143100017667166,0.0,5.934870435840898,5.934870435840898
cohesion_calibrated,nq_35,cohesion,add,0.21917899994150503,5.934870435840898,6.038159243776202,0.10328880793530396
cohesion_calibrated,nq_36,baseline,replace,0.15206200009743043,0.0,5.9710915868958025,5.9710915868958025
cohesion_calibrated,nq_36,cohesion,add,0.23788199996488402,5.9710915868958025,5.980198254316083,0.009106667420280963
cohesion_calibrated,nq_37,baseline,replace,0.14712899996993656,0.0,5.310261010857203,5.310261010857203
cohesion_calibrated,nq_37,cohesion,add,0.2143140000043786,5.310261010857203,5.311583241910802,0.001322231053599216
cohesion_calibrated,nq_38,baseline,replace,0.14775199997529853,0.0,6.1879849319810445,6.1879849319810445
cohesion_calibrated,nq_38,cohesion,add,0.22137900009511213,6.1879849319810445,6.200885941282402,0.012901009301358776
cohesion_calibrated,nq_39,baseline,replace,0.14659999987998162,0.0,6.259572322917376,6.259572322917376
cohesion_calibrated,nq_39,cohesion,add,0.2407160000075237,6.259572322917376,6.261721633613981,0.002149310696605755
cohesion_calibrated,nq_40,baseline,replace,0.15016800011835585,0.0,6.329407904109478,6.329407904109478
cohesion_calibrated,nq_40,cohesion,add,0.22048899995752436,6.329407904109478,6.3517015211537,0.022293617044221403
cohesion_calibrated,nq_41,baseline,replace,0.15421299985973747,0.0,5.956386929958668,5.956386929958668
cohesion_calibrated,nq_41,cohesion,add,0.22302299998955277,5.956386929958668,5.964299520369283,0.007912590410616649
cohesion_calibrated,nq_42,baseline,replace,0.15052599997034122,0.0,5.977592187833619,5.977592187833619
cohesion_calibrated,nq_42,cohesion,add,0.24238400010290206,5.977592187833619,5.981073221626875,0.0034810337932559545
cohesion_calibrated,nq_43,baseline,replace,0.1676710000992898,0.0,5.284580059143323,5.284580059143323
cohesion_calibrated,nq_43,cohesion,add,0.263273999962621,5.284580059143323,5.286508267744135,0.0019282086008122433
cohesion_calibrated,nq_44,baseline,replace,0.1570619999711198,0.0,6.459046566808221,6.459046566808221
cohesion_calibrated,nq_44,cohesion,add,0.24121800015564077,6.459046566808221,6.459267211919351,0.00022064511113070403
cohesion_calibrated,nq_45,baseline,replace,0.153747000013027,0.0,6.500309157820785,6.500309157820785
cohesion_calibrated,nq_45,cohesion,add,0.21716800006288395,6.500309157820785,6.500316418060314,7.260239527562913e-06
cohesion_calibrated,nq_46,baseline,replace,0.15105600004972075,0.0,6.440333425710759,6.440333425710759
cohesion_calibrated,nq_46,cohesion,add,0.22166999997352832,6.440333425710759,6.440334808669147,1.3829583868868072e-06
cohesion_calibrated,nq_47,baseline,replace,0.14873999998599174,0.0,6.43050661302621,6.43050661302621
cohesion_calibrated,nq_47,cohesion,add,0.24377900012950704,6.43050661302621,6.449790877403577,0.019284264377367563
cohesion_calibrated,nq_48,baseline,replace,0.16008600005079643,0.0,5.689040768553662,5.689040768553662
cohesion_calibrated,nq_48,cohesion,add,0.23743699989609013,5.689040768553662,5.736467653031696,0.04742688447803443
cohesion_calibrated,nq_49,baseline,replace,0.1461729998482042,0.0,5.965389555261214,5.965389555261214
cohesion_calibrated,nq_49,cohesion,add,0.234355999964464,5.965389555261214,5.9970161170749465,0.03162656181373261
cohesion_calibrated,nq_50,baseline,replace,0.14687299994875502,0.0,5.95899262124213,5.95899262124213
cohesion_calibrated,nq_50,cohesion,add,0.2193029999943974,5.95899262124213,6.001754195381448,0.042761574139318456
cohesion_calibrated,nq_51,baseline,replace,0.16464999998788699,0.0,6.2589058593588005,6.2589058593588005
cohesion_calibrated,nq_51,cohesion,add,0.2169889999095176,6.2589058593588005,6.272306106996784,0.013400247637984244
cohesion_calibrated,nq_52,baseline,replace,0.14484600001196668,0.0,5.232513582918393,5.232513582918393
cohesion_calibrated,nq_52,cohesion,add,0.2182519999678334,5.232513582918393,5.245053384139695,0.012539801221302523
cohesion_calibrated,nq_53,baseline,replace,0.14580400011254824,0.0,5.628307831702974,5.628307831702974
cohesion_calibrated,nq_53,cohesion,add,0.2157579999675363,5.628307831702974,5.629971127454631,0.0016632957516568893
cohesion_calibrated,nq_54,baseline,replace,0.14434500008064788,0.0,6.359158170915616,6.359158170915616
cohesion_calibrated,nq_54,cohesion,add,0.21407499980341527,6.359158170915616,6.359287505502926,0.00012933458731126767
cohesion_calibrated,nq_55,baseline,replace,0.16055200012488058,0.0,6.073268305575337,6.073268305575337
cohesion_calibrated,nq_55,cohesion,add,0.23083800010681443,6.073268305575337,6.073917394830038,0.0006490892547009535
cohesion_calibrated,nq_56,baseline,replace,0.14665099979538354,0.0,5.667359552098026,5.667359552098026
cohesion_calibrated,nq_56,cohesion,add,0.221680000095148,5.667359552098026,5.6674366943484955,7.7142250468212e-05
cohesion_calibrated,nq_57,baseline,replace,0.1718299999993178,0.0,5.451666440727039,5.451666440727039
cohesion_calibrated,nq_57,cohesion,add,0.23820000001251174,5.451666440727039,5.490566135562003,0.03889969483496392
cohesion_calibrated,nq_58,baseline,replace,0.1468299999487499,0.0,4.7917350813490485,4.7917350813490485
cohesion_calibrated,nq_58,cohesion,add,0.2238399999896501,4.7917350813490485,4.791806240335826,7.115898677726167e-05
cohesion_calibrated,nq_59,baseline,replace,0.14784099994358257,0.0,5.0192777604843375,5.0192777604843375
cohesion_calibrated,nq_59,cohesion,add,0.21672799994121306,5.0192777604843375,5.0216133709558965,0.0023356104715584413
cohesion_calibrated,nq_60,baseline,replace,0.151928999912343,0.0,5.621649036526739,5.621649036526739
cohesion_calibrated,nq_60,cohesion,add,0.22023499991519202,5.621649036526739,5.701456852598505,0.07980781607176717
cohesion_calibrated,nq_61,baseline,replace,0.14811000005465758,0.0,5.733022785103862,5.733022785103862
cohesion_calibrated,nq_61,cohesion,add,0.2171370001633477,5.733022785103862,5.745709432106358,0.012686647002497256
cohesion_calibrated,nq_62,baseline,replace,0.14966800017646165,0.0,6.130161899853848,6.130161899853848
cohesion_calibrated,nq_62,cohesion,add,0.21445299989863997,6.130161899853848,6.148866768905243,0.01870486905139543
cohesion_calibrated,nq_63,baseline,replace,0.14803099998061953,0.0,5.991376511662055,5.991376511662055
cohesion_calibrated,nq_63,cohesion,add,0.23587400005453674,5.991376511662055,6.057161965932698,0.06578545427064232
cohesion_calibrated,nq_64,baseline,replace,0.14877600006002467,0.0,6.124354648432591,6.124354648432591
cohesion_calibrated,nq_64,cohesion,add,0.21790400001009402,6.124354648432591,6.135636758981572,0.011282110548981544
cohesion_calibrated,nq_65,baseline,replace,0.15284100004464563,0.0,6.430030214288235,6.430030214288235
cohesion_calibrated,nq_65,cohesion,add,0.23525500000687316,6.430030214288235,6.470803575638089,0.04077336134985435
cohesion_calibrated,nq_66,baseline,replace,0.15843500000300992,0.0,6.0519748753747376,6.0519748753747376
cohesion_calibrated,nq_66,cohesion,add,0.22706799995830806,6.0519748753747376,6.06862667868126,0.016651803306522564
cohesion_calibrated,nq_67,baseline,replace,0.15728700009276508,0.0,5.267053446905721,5.267053446905721
cohesion_calibrated,nq_67,cohesion,add,0.24282799995489768,5.267053446905721,5.277048587441827,0.009995140536106594
cohesion_calibrated,nq_68,baseline,replace,0.16918899996198888,0.0,6.198715389050904,6.198715389050904
cohesion_calibrated,nq_68,cohesion,add,0.22252200005823397,6.198715389050904,6.19872989223743,1.4503186524454483e-05
cohesion_calibrated,nq_69,baseline,replace,0.15002600002844702,0.0,5.001311938666666,5.001311938666666
cohesion_calibrated,nq_69,cohesion,add,0.21860899983039417,5.001311938666666,5.0509497910925765,0.04963785242591126
cohesion_calibrated,nq_70,baseline,replace,0.1455579999856127,0.0,5.609079097793744,5.609079097793744
cohesion_calibrated,nq_70,cohesion,add,0.21778599989374925,5.609079097793744,5.611452291839494,0.002373194045749856
cohesion_calibrated,nq_71,baseline,replace,0.14811200003350677,0.0,6.488059884595345,6.488059884595345
cohesion_calibrated,nq_71,cohesion,add,0.23537699985354266,6.488059884595345,6.5278786120313645,0.039818727436018796
cohesion_calibrated,nq_72,baseline,replace,0.14741199993295595,0.0,5.423475086890199,5.423475086890199
cohesion_calibrated,nq_72,cohesion,add,0.2142769999409211,5.423475086890199,5.428559074873846,0.0050839879836466215
cohesion_calibrated,nq_73,baseline,replace,0.15354600009231945,0.0,5.053347710062351,5.053347710062351
cohesion_calibrated,nq_73,cohesion,add,0.2172009999412694,5.053347710062351,5.055844544055889,0.0024968339935387326
cohesion_calibrated,nq_74,baseline,replace,0.14833700015515205,0.0,5.68440543372787,5.68440543372787
cohesion_calibrated,nq_74,cohesion,add,0.21828700005244173,5.68440543372787,5.691187652736566,0.006782219008695914
cohesion_calibrated,nq_75,baseline,replace,0.1572419998865371,0.0,5.490448801502913,5.490448801502913
cohesion_calibrated,nq_75,cohesion,add,0.2267070001380489,5.490448801502913,5.522385180377257,0.03193637887434468
cohesion_calibrated,nq_76,baseline,replace,0.15548900000794674,0.0,5.370778748020805,5.370778748020805
cohesion_calibrated,nq_76,cohesion,add,0.24120099988067523,5.370778748020805,5.507396532011326,0.13661778399052038
cohesion_calibrated,nq_77,baseline,replace,0.1622629999928904,0.0,5.11649297477017,5.11649297477017
cohesion_calibrated,nq_77,cohesion,add,0.22323899997900298,5.11649297477017,5.1165205717095965,2.7596939426334634e-05
cohesion_calibrated,nq_78,baseline,replace,0.1465619998270995,0.0,5.906344261613483,5.906344261613483
cohesion_calibrated,nq_78,cohesion,add,0.21587500009445648,5.906344261613483,5.97240637090353,0.06606210929004834
cohesion_calibrated,nq_79,baseline,replace,0.15016399993328378,0.0,5.766559683838349,5.766559683838349
cohesion_calibrated,nq_79,cohesion,add,0.21929399986220233,5.766559683838349,5.774820006168116,0.008260322329768064
cohesion_calibrated,nq_80,baseline,replace,0.15286300003936049,0.0,5.849487929800339,5.849487929800339
cohesion_calibrated,nq_80,cohesion,add,0.2454510001825838,5.849487929800339,5.849725779341799,0.000237849541460522
cohesion_calibrated,nq_81,baseline,replace,0.15472999984922353,0.0,6.219252857160766,6.219252857160766
cohesion_calibrated,nq_81,cohesion,add,0.2457450000292738,6.219252857160766,6.219255654906923,2.797746156322325e-06
cohesion_calibrated,nq_82,baseline,replace,0.1503189998857124,0.0,5.785210140629268,5.785210140629268
cohesion_calibrated,nq_82,cohesion,add,0.22266799987846753,5.785210140629268,5.812832226143091,0.02762208551382274
cohesion_calibrated,nq_83,baseline,replace,0.150365000081365,0.0,5.803692346090959,5.803692346090959
cohesion_calibrated,nq_83,cohesion,add,0.21608699989883462,5.803692346090959,5.81561844753582,0.011926101444861196
cohesion_calibrated,nq_84,baseline,replace,0.1527019999230106,0.0,5.750007405121267,5.750007405121267
cohesion_calibrated,nq_84,cohesion,add,0.2261470001485577,5.750007405121267,5.750320328786547,0.0003129236652789661
cohesion_calibrated,nq_85,baseline,replace,0.14973399993323255,0.0,6.061192188578822,6.061192188578822
cohesion_calibrated,nq_85,cohesion,add,0.23471500003324763,6.061192188578822,6.119906596889319,0.05871440831049583
cohesion_calibrated,nq_86,baseline,replace,0.15218199996525072,0.0,5.156379486912358,5.156379486912358
cohesion_calibrated,nq_86,cohesion,add,0.227866000159338,5.156379486912358,5.157082229827379,0.0007027429150210753
cohesion_calibrated,nq_87,baseline,replace,0.16924800002016127,0.0,5.381827591443935,5.381827591443935
cohesion_calibrated,nq_87,cohesion,add,0.2260460000798048,5.381827591443935,5.3912352876601,0.009407696216164932
cohesion_calibrated,nq_88,baseline,replace,0.1499269999385433,0.0,6.538143037884897,6.538143037884897
cohesion_calibrated,nq_88,cohesion,add,0.22310600002128922,6.538143037884897,6.553699924030814,0.01555688614591627
cohesion_calibrated,nq_89,baseline,replace,0.16355299999304407,0.0,6.099889264932702,6.099889264932702
cohesion_calibrated,nq_89,cohesion,add,0.22370600004251173,6.099889264932702,6.177615394259709,0.07772612932700795
cohesion_calibrated,nq_90,baseline,replace,0.14679399987471697,0.0,4.583366391454099,4.583366391454099
cohesion_calibrated,nq_90,cohesion,add,0.2153150001049653,4.583366391454099,4.5873903909462195,0.004023999492120255
cohesion_calibrated,nq_91,baseline,replace,0.1592789999449451,0.0,5.70674611032091,5.70674611032091
cohesion_calibrated,nq_91,cohesion,add,0.21920499989391828,5.70674611032091,5.709013402599862,0.002267292278952375
cohesion_calibrated,nq_92,baseline,replace,0.15001899987510114,0.0,6.2857185732302305,6.2857185732302305
cohesion_calibrated,nq_92,cohesion,add,0.21557100012614683,6.2857185732302305,6.285731625965094,1.305273486394429e-05
cohesion_calibrated,nq_93,baseline,replace,0.15194000002338726,0.0,5.0667927610257335,5.0667927610257335
cohesion_calibrated,nq_93,cohesion,add,0.22226199985198036,5.0667927610257335,5.066806461229559,1.3700203825930973e-05
cohesion_calibrated,nq_94,baseline,replace,0.1499850000072911,0.0,5.633233700040121,5.633233700040121
cohesion_calibrated,nq_94,cohesion,add,0.23254100005942746,5.633233700040121,5.641741301514733,0.008507601474612535
cohesion_calibrated,nq_95,baseline,replace,0.14503699981105456,0.0,6.324875880775702,6.324875880775702
cohesion_calibrated,nq_95,cohesion,add,0.23220100001708488,6.324875880775702,6.342180827652826,0.017304946877124205
cohesion_calibrated,nq_96,baseline,replace,0.15862999998716987,0.0,5.686347402441447,5.686347402441447
cohesion_calibrated,nq_96,cohesion,add,0.21644399998876906,5.686347402441447,5.6975004554019,0.011153052960453519
cohesion_calibrated,nq_97,baseline,replace,0.1493700001446996,0.0,5.849134052558073,5.849134052558073
cohesion_calibrated,nq_97,cohesion,add,0.24567299988120794,5.849134052558073,5.856445084601547,0.007311032043474709
cohesion_calibrated,nq_98,baseline,replace,0.1468250000016269,0.0,6.157436866043193,6.157436866043193
cohesion_calibrated,nq_98,cohesion,add,0.21506999996745435,6.157436866043193,6.168873593631154,0.011436727587960119
cohesion_calibrated,nq_99,baseline,replace,0.17733700019562093,0.0,5.7678485582426795,5.7678485582426795
cohesion_calibrated,nq_99,cohesion,add,0.22475800005850033,5.7678485582426795,5.7688115619934734,0.0009630037507935707
cohesion_calibrated,nq_100,baseline,replace,0.18464600020706712,0.0,5.8370757251266685,5.8370757251266685
cohesion_calibrated,nq_100,cohesion,add,0.23696300013398286,5.8370757251266685,5.855653781975421,0.018578056848753504
cohesion_calibrated,nq_101,baseline,replace,0.15504600014537573,0.0,5.563670360721109,5.563670360721109
cohesion_calibrated,nq_101,cohesion,add,0.2392110000073444,5.563670360721109,5.572199779411954,0.008529418690845425
cohesion_calibrated,nq_102,baseline,replace,0.1549109999814391,0.0,5.631518285743192,5.631518285743192
cohesion_calibrated,nq_102,cohesion,add,0.22259399997892615,5.631518285743192,5.6350927568770866,0.003574471133894779
cohesion_calibrated,nq_103,baseline,replace,0.15338999992309255,0.0,5.627528866355362,5.627528866355362
cohesion_calibrated,nq_103,cohesion,add,0.2368410000599397,5.627528866355362,5.62786213678111,0.00033327042574842917
cohesion_calibrated,nq_104,baseline,replace,0.15091799991751031,0.0,6.470924494403475,6.470924494403475
cohesion_calibrated,nq_104,cohesion,add,0.2398780000021361,6.470924494403475,6.489483123710501,0.018558629307027025
cohesion_calibrated,nq_105,baseline,replace,0.155728999970961,0.0,5.860353055464232,5.860353055464232
cohesion_calibrated,nq_105,cohesion,add,0.22273500007941038,5.860353055464232,5.873215964915828,0.012862909451595147
cohesion_calibrated,nq_106,baseline,replace,0.14995999981692876,0.0,5.860220240683469,5.860220240683469
cohesion_calibrated,nq_106,cohesion,add,0.21888999981456436,5.860220240683469,5.883819260666877,0.023599019983408916
cohesion_calibrated,nq_107,baseline,replace,0.14674599992758885,0.0,5.6452552741674475,5.6452552741674475
cohesion_calibrated,nq_107,cohesion,add,0.2324040001440153,5.6452552741674475,5.6669423337115665,0.02168705954411924
cohesion_calibrated,nq_108,baseline,replace,0.1511410000603064,0.0,5.900434515241386,5.900434515241386
cohesion_calibrated,nq_108,cohesion,add,0.21569000000454253,5.900434515241386,5.926870182533727,0.026435667292340204
cohesion_calibrated,nq_109,baseline,replace,0.16466600004605425,0.0,5.431032230756602,5.431032230756602
cohesion_calibrated,nq_109,cohesion,add,0.21424600004138483,5.431032230756602,5.434145697133922,0.0031134663773200485
cohesion_calibrated,nq_110,baseline,replace,0.14944300005481637,0.0,5.830294945692953,5.830294945692953
cohesion_calibrated,nq_110,cohesion,add,0.22121300003163924,5.830294945692953,5.850149044116951,0.019854098423998143
cohesion_calibrated,nq_111,baseline,replace,0.1499229999808449,0.0,6.5283183313144155,6.5283183313144155
cohesion_calibrated,nq_111,cohesion,add,0.21734599999945203,6.5283183313144155,6.530128533160807,0.0018102018463912854
cohesion_calibrated,nq_112,baseline,replace,0.14755699999113858,0.0,6.35230396054689,6.35230396054689
cohesion_calibrated,nq_112,cohesion,add,0.21625800013680418,6.35230396054689,6.352806899650024,0.0005029391031338261
cohesion_calibrated,nq_113,baseline,replace,0.1505800000813906,0.0,5.132083564583571,5.132083564583571
cohesion_calibrated,nq_113,cohesion,add,0.24040200014496804,5.132083564583571,5.132832098465145,0.0007485338815746343
cohesion_calibrated,nq_114,baseline,replace,0.14799700011280947,0.0,6.16133456069944,6.16133456069944
cohesion_calibrated,nq_114,cohesion,add,0.21618599998873833,6.16133456069944,6.217954707942079,0.056620147242639036
cohesion_calibrated,nq_115,baseline,replace,0.14238299991120584,0.0,5.528210141143213,5.528210141143213
cohesion_calibrated,nq_115,cohesion,add,0.23102099999050552,5.528210141143213,5.528494772648606,0.0002846315053926486
cohesion_calibrated,nq_116,baseline,replace,0.14705100011269678,0.0,6.350153693677467,6.350153693677467
cohesion_calibrated,nq_116,cohesion,add,0.22921400000086578,6.350153693677467,6.353660690992249,0.0035069973147822133
cohesion_calibrated,nq_117,baseline,replace,0.15416900009768142,0.0,6.390835199650775,6.390835199650775
cohesion_calibrated,nq_117,cohesion,add,0.2445259999603877,6.390835199650775,6.391578220915429,0.0007430212646544346
cohesion_calibrated,nq_118,baseline,replace,0.17044399987753422,0.0,5.318257179123883,5.318257179123883
cohesion_calibrated,nq_118,cohesion,add,0.21890999983043002,5.318257179123883,5.339438976723814,0.021181797599931523
cohesion_calibrated,nq_119,baseline,replace,0.15544500001851702,0.0,6.007831329873967,6.007831329873967
cohesion_calibrated,nq_119,cohesion,add,0.21982299995215726,6.007831329873967,6.067094464752783,0.05926313487881578
cohesion_calibrated,nq_120,baseline,replace,0.15818100018805126,0.0,5.4089148134645715,5.4089148134645715
cohesion_calibrated,nq_120,cohesion,add,0.2255079998576548,5.4089148134645715,5.4240574334752205,0.015142620010648724
cohesion_calibrated,nq_121,baseline,replace,0.1517370001238305,0.0,5.865565066742187,5.865565066742187
cohesion_calibrated,nq_121,cohesion,add,0.21925500004726928,5.865565066742187,5.86755098513473,0.0019859183925427897
cohesion_calibrated,nq_122,baseline,replace,0.15692099987063557,0.0,5.749629324697858,5.749629324697858
cohesion_calibrated,nq_122,cohesion,add,0.2322410000488162,5.749629324697858,5.760137175141753,0.010507850443895272
cohesion_calibrated,nq_123,baseline,replace,0.14855500012345146,0.0,5.875222295083746,5.875222295083746
cohesion_calibrated,nq_123,cohesion,add,0.23283200016521732,5.875222295083746,5.875377502405567,0.0001552073218213637
cohesion_calibrated,nq_124,baseline,replace,0.15138399999159446,0.0,5.197482551899888,5.197482551899888
cohesion_calibrated,nq_124,cohesion,add,0.21945000003142923,5.197482551899888,5.217004418479601,0.019521866579713703
cohesion_calibrated,nq_125,baseline,replace,0.14825399989604193,0.0,5.960190670773323,5.960190670773323
cohesion_calibrated,nq_125,cohesion,add,0.2113329999247071,5.960190670773323,5.9633375168966225,0.0031468461232997667
cohesion_calibrated,nq_126,baseline,replace,0.14728199994351598,0.0,5.147728864754875,5.147728864754875
cohesion_calibrated,nq_126,cohesion,add,0.21932499998911226,5.147728864754875,5.14972183330141,0.001992968546534833
cohesion_calibrated,nq_127,baseline,replace,0.14806900003350165,0.0,5.600850238536994,5.600850238536994
cohesion_calibrated,nq_127,cohesion,add,0.21822799999426934,5.600850238536994,5.601388814006336,0.000538575469342604
cohesion_calibrated,nq_128,baseline,replace,0.15207999990707322,0.0,5.941487765171843,5.941487765171843
cohesion_calibrated,nq_128,cohesion,add,0.23996899994926935,5.941487765171843,5.950946307349694,0.009458542177851139
cohesion_calibrated,nq_129,baseline,replace,0.16361300004064105,0.0,5.736876838454489,5.736876838454489
cohesion_calibrated,nq_129,cohesion,add,0.21832900006302225,5.736876838454489,5.76235828729289,0.025481448838399895
cohesion_calibrated,nq_130,baseline,replace,0.15957200002958416,0.0,5.815627910400288,5.815627910400288
cohesion_calibrated,nq_130,cohesion,add,0.21529299988287676,5.815627910400288,5.837615828862949,0.021987918462661116
cohesion_calibrated,nq_131,baseline,replace,0.14325799998005095,0.0,6.379454002022875,6.379454002022875
cohesion_calibrated,nq_131,cohesion,add,0.2305299999534327,6.379454002022875,6.384406844157122,0.004952842134247354
cohesion_calibrated,nq_132,baseline,replace,0.14898700010235189,0.0,6.049118075908171,6.049118075908171
cohesion_calibrated,nq_132,cohesion,add,0.21977500000502914,6.049118075908171,6.060730113499884,0.011612037591712953
cohesion_calibrated,nq_133,baseline,replace,0.14920399985385302,0.0,6.318456154960155,6.318456154960155
cohesion_calibrated,nq_133,cohesion,add,0.22011999999449472,6.318456154960155,6.32026935018607,0.0018131952259150084
cohesion_calibrated,nq_134,baseline,replace,0.15411799995490583,0.0,5.903940761890139,5.903940761890139
cohesion_calibrated,nq_134,cohesion,add,0.22068800012675638,5.903940761890139,5.920566354202068,0.016625592311928047
cohesion_calibrated,nq_135,baseline,replace,0.16416199991908798,0.0,4.6862963818546195,4.6862963818546195
cohesion_calibrated,nq_135,cohesion,add,0.22155300007398182,4.6862963818546195,4.688781047126778,0.0024846652721580934
cohesion_calibrated,nq_136,baseline,replace,0.1582790000611567,0.0,4.967838012838917,4.967838012838917
cohesion_calibrated,nq_136,cohesion,add,0.22004600009495334,4.967838012838917,4.969585186390281,0.001747173551364296
cohesion_calibrated,nq_137,baseline,replace,0.19557700011318957,0.0,5.839228558379167,5.839228558379167
cohesion_calibrated,nq_137,cohesion,add,0.2490570000190928,5.839228558379167,5.839322602098705,9.404371953832358e-05
cohesion_calibrated,nq_138,baseline,replace,0.19071099995926488,0.0,6.050431486580725,6.050431486580725
cohesion_calibrated,nq_138,cohesion,add,0.27426500014371413,6.050431486580725,6.0622335188898315,0.01180203230910679
cohesion_calibrated,nq_139,baseline,replace,0.1692339999408432,0.0,5.020119785836898,5.020119785836898
cohesion_calibrated,nq_139,cohesion,add,0.2349480000702897,5.020119785836898,5.021875122619188,0.0017553367822899925
cohesion_calibrated,nq_140,baseline,replace,0.17359699995722622,0.0,6.433726735941286,6.433726735941286
cohesion_calibrated,nq_140,cohesion,add,0.22595199993702408,6.433726735941286,6.436732649342737,0.003005913401451354
cohesion_calibrated,nq_141,baseline,replace,0.15025899983811541,0.0,6.197807934240123,6.197807934240123
cohesion_calibrated,nq_141,cohesion,add,0.21503499988284602,6.197807934240123,6.198850612270591,0.0010426780304684511
cohesion_calibrated,nq_142,baseline,replace,0.15521899990744714,0.0,6.084047552386791,6.084047552386791
cohesion_calibrated,nq_142,cohesion,add,0.22491000004265516,6.084047552386791,6.084134044534818,8.649214802674537e-05
cohesion_calibrated,nq_143,baseline,replace,0.1613690001249779,0.0,5.33301899355655,5.33301899355655
cohesion_calibrated,nq_143,cohesion,add,0.22817300009592145,5.33301899355655,5.3680541215972415,0.035035128040691435
cohesion_calibrated,nq_144,baseline,replace,0.16839199997775722,0.0,6.626559172688151,6.626559172688151
cohesion_calibrated,nq_144,cohesion,add,0.23100500015971193,6.626559172688151,6.626567300864018,8.128175866144153e-06
cohesion_calibrated,nq_145,baseline,replace,0.158612999939578,0.0,6.021496666711802,6.021496666711802
cohesion_calibrated,nq_145,cohesion,add,0.2252189999580878,6.021496666711802,6.0368932240619095,0.01539655735010818
cohesion_calibrated,nq_146,baseline,replace,0.15172000007623865,0.0,5.7022555791334515,5.7022555791334515
cohesion_calibrated,nq_146,cohesion,add,0.2217399999153713,5.7022555791334515,5.710448135273521,0.008192556140069054
cohesion_calibrated,nq_147,baseline,replace,0.14704000000165252,0.0,5.393767931976342,5.393767931976342
cohesion_calibrated,nq_147,cohesion,add,0.2204029999575141,5.393767931976342,5.425751194593943,0.03198326261760051
cohesion_calibrated,nq_148,baseline,replace,0.1645760000883456,0.0,6.477662664397873,6.477662664397873
cohesion_calibrated,nq_148,cohesion,add,0.22137900009511213,6.477662664397873,6.487589405215556,0.00992674081768403
cohesion_calibrated,nq_149,baseline,replace,0.18498999997973442,0.0,5.956266622527608,5.956266622527608
cohesion_calibrated,nq_149,cohesion,add,0.23607899993294268,5.956266622527608,5.994724048454457,0.03845742592684829
cohesion_calibrated,nq_150,baseline,replace,0.16562399991926213,0.0,5.718037830502433,5.718037830502433
cohesion_calibrated,nq_150,cohesion,add,0.24793099987618916,5.718037830502433,5.726093329100149,0.00805549859771646
cohesion_calibrated,nq_151,baseline,replace,0.1578940000399598,0.0,6.111834998451561,6.111834998451561
cohesion_calibrated,nq_151,cohesion,add,0.23034900004859082,6.111834998451561,6.122325244683106,0.010490246231544731
cohesion_calibrated,nq_152,baseline,replace,0.14756100017621065,0.0,5.30246690110213,5.30246690110213
cohesion_calibrated,nq_152,cohesion,add,0.2335760000278242,5.30246690110213,5.4350913184867355,0.1326244173846063
cohesion_calibrated,nq_153,baseline,replace,0.14803799990659172,0.0,5.2407988062402895,5.2407988062402895
cohesion_calibrated,nq_153,cohesion,add,0.21778500013169833,5.2407988062402895,5.25341758533975,0.012618779099460702
cohesion_calibrated,nq_154,baseline,replace,0.1461619999645336,0.0,6.476711322296539,6.476711322296539
cohesion_calibrated,nq_154,cohesion,add,0.23375599994324148,6.476711322296539,6.478447472121063,0.0017361498245246452
cohesion_calibrated,nq_155,baseline,replace,0.15260100008163135,0.0,5.487365035096405,5.487365035096405
cohesion_calibrated,nq_155,cohesion,add,0.21964500001558918,5.487365035096405,5.4900203317319685,0.0026552966355627775
cohesion_calibrated,nq_156,baseline,replace,0.1512440001079085,0.0,6.469584973544875,6.469584973544875
cohesion_calibrated,nq_156,cohesion,add,0.21857299998373492,6.469584973544875,6.480808643936972,0.01122367039209596
cohesion_calibrated,nq_157,baseline,replace,0.1461110000491317,0.0,5.676801570681361,5.676801570681361
cohesion_calibrated,nq_157,cohesion,add,0.2331409998532763,5.676801570681361,5.694235208398248,0.017433637716887208
cohesion_calibrated,nq_158,baseline,replace,0.1496049999332172,0.0,5.166572129769004,5.166572129769004
cohesion_calibrated,nq_158,cohesion,add,0.25374400001965114,5.166572129769004,5.1724796132060415,0.005907483437037467
cohesion_calibrated,nq_159,baseline,replace,0.15193600006568886,0.0,5.44592691157194,5.44592691157194
cohesion_calibrated,nq_159,cohesion,add,0.2226879998943332,5.44592691157194,5.460135510971074,0.014208599399134271
cohesion_calibrated,nq_160,baseline,replace,0.14446099999076978,0.0,5.702814282537779,5.702814282537779
cohesion_calibrated,nq_160,cohesion,add,0.23082100005922257,5.702814282537779,5.711354390208461,0.008540107670681682
cohesion_calibrated,nq_161,baseline,replace,0.14730299994880625,0.0,6.234747414769542,6.234747414769542
cohesion_calibrated,nq_161,cohesion,add,0.22092299991527398,6.234747414769542,6.234986515144214,0.0002391003746715071
cohesion_calibrated,nq_162,baseline,replace,0.14790999989600095,0.0,5.498004101958587,5.498004101958587
cohesion_calibrated,nq_162,cohesion,add,0.21809200006828178,5.498004101958587,5.689385576471739,0.19138147451315102
cohesion_calibrated,nq_163,baseline,replace,0.14895000003889436,0.0,5.0861507374179356,5.0861507374179356
cohesion_calibrated,nq_163,cohesion,add,0.22114900002634386,5.0861507374179356,5.087142373873759,0.000991636455823276
cohesion_calibrated,nq_164,baseline,replace,0.1539649999813264,0.0,5.461895239004014,5.461895239004014
cohesion_calibrated,nq_164,cohesion,add,0.22401199998967058,5.461895239004014,5.467503677347781,0.005608438343767523
cohesion_calibrated,nq_165,baseline,replace,0.15683299989177613,0.0,5.47612711005867,5.47612711005867
cohesion_calibrated,nq_165,cohesion,add,0.22082999998929154,5.47612711005867,5.495867098349404,0.01973998829073327
cohesion_calibrated,nq_166,baseline,replace,0.16007600015655044,0.0,5.891714253914154,5.891714253914154
cohesion_calibrated,nq_166,cohesion,add,0.22879799985275895,5.891714253914154,5.891961063799752,0.0002468098855984263
cohesion_calibrated,nq_167,baseline,replace,0.17619699997339922,0.0,6.0448905683993495,6.0448905683993495
cohesion_calibrated,nq_167,cohesion,add,0.23866099991209921,6.0448905683993495,6.052943149447822,0.008052581048472379
cohesion_calibrated,nq_168,baseline,replace,0.18161699995289382,0.0,5.909557492644173,5.909557492644173
cohesion_calibrated,nq_168,cohesion,add,0.24249100010820257,5.909557492644173,5.927582245140144,0.018024752495971193
cohesion_calibrated,nq_169,baseline,replace,0.18015399996329506,0.0,6.355927592178018,6.355927592178018
cohesion_calibrated,nq_169,cohesion,add,0.24891399993975938,6.355927592178018,6.356024731379156,9.713920113783135e-05
cohesion_calibrated,nq_170,baseline,replace,0.19348799992258137,0.0,6.106406632483754,6.106406632483754
cohesion_calibrated,nq_170,cohesion,add,0.24466500008202274,6.106406632483754,6.119705455696859,0.013298823213104601
cohesion_calibrated,nq_171,baseline,replace,0.17286000002059154,0.0,6.190618722063797,6.190618722063797
cohesion_calibrated,nq_171,cohesion,add,0.2605540000786277,6.190618722063797,6.19350572448729,0.0028870024234933854
cohesion_calibrated,nq_172,baseline,replace,0.16261500013570185,0.0,5.133516988419481,5.133516988419481
cohesion_calibrated,nq_172,cohesion,add,0.2349599999433849,5.133516988419481,5.136493880541041,0.0029768921215597645
cohesion_calibrated,nq_173,baseline,replace,0.15060300006553007,0.0,5.51602278890315,5.51602278890315
cohesion_calibrated,nq_173,cohesion,add,0.23802600003364205,5.51602278890315,5.551598744506494,0.03557595560334358
cohesion_calibrated,nq_174,baseline,replace,0.14968999994380283,0.0,5.749904591099382,5.749904591099382
cohesion_calibrated,nq_174,cohesion,add,0.23575699992761656,5.749904591099382,5.762462156800068,0.012557565700686491
cohesion_calibrated,nq_175,baseline,replace,0.15432000009241165,0.0,5.650222393974599,5.650222393974599
cohesion_calibrated,nq_175,cohesion,add,0.22291100003712927,5.650222393974599,5.651038051504568,0.0008156575299684861
cohesion_calibrated,nq_176,baseline,replace,0.16316899996127177,0.0,5.676600183080806,5.676600183080806
cohesion_calibrated,nq_176,cohesion,add,0.2327559998320794,5.676600183080806,5.683141149844085,0.006540966763278392
cohesion_calibrated,nq_177,baseline,replace,0.1602759998604597,0.0,5.870573318717987,5.870573318717987
cohesion_calibrated,nq_177,cohesion,add,0.22908500000085041,5.870573318717987,5.871724648804635,0.001151330086647567
cohesion_calibrated,nq_178,baseline,replace,0.15052999992803962,0.0,6.339269107404865,6.339269107404865
cohesion_calibrated,nq_178,cohesion,add,0.2190790000895504,6.339269107404865,6.345133002203273,0.005863894798408074
cohesion_calibrated,nq_179,baseline,replace,0.14890900001773844,0.0,5.1519013836928,5.1519013836928
cohesion_calibrated,nq_179,cohesion,add,0.22208800010048435,5.1519013836928,5.151907315422768,5.931729968363487e-06
cohesion_calibrated,nq_180,baseline,replace,0.1672449998295633,0.0,6.355562829669784,6.355562829669784
cohesion_calibrated,nq_180,cohesion,add,0.2186369999890303,6.355562829669784,6.356124529024094,0.0005616993543089476
cohesion_calibrated,nq_181,baseline,replace,0.1704599999357015,0.0,5.736217570525382,5.736217570525382
cohesion_calibrated,nq_181,cohesion,add,0.2420939999865368,5.736217570525382,5.74711245425087,0.0108948837254869
cohesion_calibrated,nq_182,baseline,replace,0.17298000011578551,0.0,5.418690481081882,5.418690481081882
cohesion_calibrated,nq_182,cohesion,add,0.2577139998720668,5.418690481081882,5.418718780482825,2.8299400943669807e-05
cohesion_calibrated,nq_183,baseline,replace,0.1810809999369667,0.0,4.839801105821791,4.839801105821791
cohesion_calibrated,nq_183,cohesion,add,0.23953899994921812,4.839801105821791,4.842433939593215,0.002632833771424241
cohesion_calibrated,nq_184,baseline,replace,0.1582790000611567,0.0,5.708062268406664,5.708062268406664
cohesion_calibrated,nq_184,cohesion,add,0.22711400015396066,5.708062268406664,5.802441574175642,0.09437930576897838
cohesion_calibrated,nq_185,baseline,replace,0.1862090000486205,0.0,5.403731520231987,5.403731520231987
cohesion_calibrated,nq_185,cohesion,add,0.22491300001092895,5.403731520231987,5.407650826922,0.003919306690013303
cohesion_calibrated,nq_186,baseline,replace,0.149537999959648,0.0,6.157404007473349,6.157404007473349
cohesion_calibrated,nq_186,cohesion,add,0.23566000004393572,6.157404007473349,6.163669876625852,0.006265869152503681
cohesion_calibrated,nq_187,baseline,replace,0.1541310000447993,0.0,5.675195995994886,5.675195995994886
cohesion_calibrated,nq_187,cohesion,add,0.22523300003740587,5.675195995994886,5.677161085415448,0.0019650894205622592
cohesion_calibrated,nq_188,baseline,replace,0.15046499993331963,0.0,5.516226643930744,5.516226643930744
cohesion_calibrated,nq_188,cohesion,add,0.21918699985690182,5.516226643930744,5.516245846501497,1.9202570753404388e-05
cohesion_calibrated,nq_189,baseline,replace,0.15084100004969514,0.0,5.044064883390204,5.044064883390204
cohesion_calibrated,nq_189,cohesion,add,0.23574400006509677,5.044064883390204,5.044228751415394,0.00016386802519075962
cohesion_calibrated,nq_190,baseline,replace,0.15287399992303108,0.0,5.864601993418718,5.864601993418718
cohesion_calibrated,nq_190,cohesion,add,0.23778500008120318,5.864601993418718,5.900168099659498,0.0355661062407795
cohesion_calibrated,nq_191,baseline,replace,0.15398400000776746,0.0,6.091875157970637,6.091875157970637
cohesion_calibrated,nq_191,cohesion,add,0.21960399999443325,6.091875157970637,6.09235138101471,0.00047622304407316586
cohesion_calibrated,nq_192,baseline,replace,0.16727100000935025,0.0,5.894948448243595,5.894948448243595
cohesion_calibrated,nq_192,cohesion,add,0.22176199991008616,5.894948448243595,5.897853901136578,0.002905452892982984
cohesion_calibrated,nq_193,baseline,replace,0.14844200018160336,0.0,6.02764258027594,6.02764258027594
cohesion_calibrated,nq_193,cohesion,add,0.21856200010006432,6.02764258027594,6.040081861194305,0.012439280918365384
cohesion_calibrated,nq_194,baseline,replace,0.15177900013441104,0.0,5.286903007422025,5.286903007422025
cohesion_calibrated,nq_194,cohesion,add,0.2414399998542649,5.286903007422025,5.287119527664098,0.00021652024207308312
cohesion_calibrated,nq_195,baseline,replace,0.1505310001448379,0.0,6.803684456204528,6.803684456204528
cohesion_calibrated,nq_195,cohesion,add,0.2595379999092984,6.803684456204528,6.814539974810256,0.010855518605727529
cohesion_calibrated,nq_196,baseline,replace,0.17270299986194004,0.0,5.8159631906859355,5.8159631906859355
cohesion_calibrated,nq_196,cohesion,add,0.2352310000333091,5.8159631906859355,5.900399331844185,0.08443614115825016
cohesion_calibrated,nq_197,baseline,replace,0.15361500004473783,0.0,6.041139673164787,6.041139673164787
cohesion_calibrated,nq_197,cohesion,add,0.23759999999128922,6.041139673164787,6.070927824714287,0.02978815154949959
cohesion_calibrated,nq_198,baseline,replace,0.1539540000976558,0.0,6.087060526998056,6.087060526998056
cohesion_calibrated,nq_198,cohesion,add,0.222894999978962,6.087060526998056,6.0985293408425525,0.011468813844496962
cohesion_calibrated,nq_199,baseline,replace,0.1517639998382947,0.0,6.0478604993523115,6.0478604993523115
cohesion_calibrated,nq_199,cohesion,add,0.23904699992272072,6.0478604993523115,6.049680841268459,0.0018203419161465105
cohesion_disabled,nq_0,baseline,replace,0.20757800007231708,0.0,6.135808830193063,6.135808830193063
cohesion_disabled,nq_0,cohesion,add,0.09481699999014381,6.135808830193063,6.135808830193063,0.0
cohesion_disabled,nq_1,baseline,replace,0.18304099990018585,0.0,5.8207139294233725,5.8207139294233725
cohesion_disabled,nq_1,cohesion,add,0.09486699991612113,5.8207139294233725,5.8207139294233725,0.0
cohesion_disabled,nq_2,baseline,replace,0.17895499991027464,0.0,4.985848299416998,4.985848299416998
cohesion_disabled,nq_2,cohesion,add,0.09222099993166921,4.985848299416998,4.985848299416998,0.0
cohesion_disabled,nq_3,baseline,replace,0.1819569999952364,0.0,6.366249080164166,6.366249080164166
cohesion_disabled,nq_3,cohesion,add,0.09596799986866245,6.366249080164166,6.366249080164166,0.0
cohesion_disabled,nq_4,baseline,replace,0.20008100000268314,0.0,6.257234247101976,6.257234247101976
cohesion_disabled,nq_4,cohesion,add,0.09341899999526504,6.257234247101976,6.257234247101976,0.0
cohesion_disabled,nq_5,baseline,replace,0.18305899993720232,0.0,6.2221211342846585,6.2221211342846585
cohesion_disabled,nq_5,cohesion,add,0.09453099983147695,6.2221211342846585,6.2221211342846585,0.0
cohesion_disabled,nq_6,baseline,replace,0.19033800003853685,0.0,6.429793569840613,6.429793569840613
cohesion_disabled,nq_6,cohesion,add,0.09468700000070385,6.429793569840613,6.429793569840613,0.0
cohesion_disabled,nq_7,baseline,replace,0.18794700008584186,0.0,6.5417899531358,6.5417899531358
cohesion_disabled,nq_7,cohesion,add,0.09428999987903808,6.5417899531358,6.5417899531358,0.0
cohesion_disabled,nq_8,baseline,replace,0.18457999999554886,0.0,5.248143031930132,5.248143031930132
cohesion_disabled,nq_8,cohesion,add,0.09593499999027699,5.248143031930132,5.248143031930132,0.0
cohesion_disabled,nq_9,baseline,replace,0.1692289999937202,0.0,5.830538597290635,5.830538597290635
cohesion_disabled,nq_9,cohesion,add,0.0993719997950393,5.830538597290635,5.830538597290635,0.0
cohesion_disabled,nq_10,baseline,replace,0.17600699993636226,0.0,5.61350215180187,5.61350215180187
cohesion_disabled,nq_10,cohesion,add,0.1068270000814664,5.61350215180187,5.61350215180187,0.0
cohesion_disabled,nq_11,baseline,replace,0.1766479999787407,0.0,5.445326270857907,5.445326270857907
cohesion_disabled,nq_11,cohesion,add,0.0955360001171357,5.445326270857907,5.445326270857907,0.0
cohesion_disabled,nq_12,baseline,replace,0.1686110001628549,0.0,5.7230596058062995,5.7230596058062995
cohesion_disabled,nq_12,cohesion,add,0.09131400020123692,5.7230596058062995,5.7230596058062995,0.0
cohesion_disabled,nq_13,baseline,replace,0.16504500013070356,0.0,5.38532500493756,5.38532500493756
cohesion_disabled,nq_13,cohesion,add,0.09394500011694618,5.38532500493756,5.38532500493756,0.0
cohesion_disabled,nq_14,baseline,replace,0.16130000017255952,0.0,5.922827625359093,5.922827625359093
cohesion_disabled,nq_14,cohesion,add,0.09652599987930444,5.922827625359093,5.922827625359093,0.0
cohesion_disabled,nq_15,baseline,replace,0.16094300008262508,0.0,5.047601970788997,5.047601970788997
cohesion_disabled,nq_15,cohesion,add,0.08923799987314851,5.047601970788997,5.047601970788997,0.0
cohesion_disabled,nq_16,baseline,replace,0.15815599999768892,0.0,5.896591290936628,5.896591290936628
cohesion_disabled,nq_16,cohesion,add,0.09347200011688983,5.896591290936628,5.896591290936628,0.0
cohesion_disabled,nq_17,baseline,replace,0.15388499991786375,0.0,5.8548127858504815,5.8548127858504815
cohesion_disabled,nq_17,cohesion,add,0.09205700007441919,5.8548127858504815,5.8548127858504815,0.0
cohesion_disabled,nq_18,baseline,replace,0.15693299997110444,0.0,5.912317829364883,5.912317829364883
cohesion_disabled,nq_18,cohesion,add,0.09458199997425254,5.912317829364883,5.912317829364883,0.0
cohesion_disabled,nq_19,baseline,replace,0.1517480000075011,0.0,5.840914612997901,5.840914612997901
cohesion_disabled,nq_19,cohesion,add,0.09097399993152067,5.840914612997901,5.840914612997901,0.0
cohesion_disabled,nq_20,baseline,replace,0.1481609999700595,0.0,6.226407562629137,6.226407562629137
cohesion_disabled,nq_20,cohesion,add,0.08969700002126046,6.226407562629137,6.226407562629137,0.0
cohesion_disabled,nq_21,baseline,replace,0.18812999996953295,0.0,4.885628708346163,4.885628708346163
cohesion_disabled,nq_21,cohesion,add,0.09365099981550884,4.885628708346163,4.885628708346163,0.0
cohesion_disabled,nq_22,baseline,replace,0.18995799996446294,0.0,5.620821355351026,5.620821355351026
cohesion_disabled,nq_22,cohesion,add,0.09427800000594289,5.620821355351026,5.620821355351026,0.0
cohesion_disabled,nq_23,baseline,replace,0.19970599987573223,0.0,6.068042958769134,6.068042958769134
cohesion_disabled,nq_23,cohesion,add,0.09472700003243517,6.068042958769134,6.068042958769134,0.0
cohesion_disabled,nq_24,baseline,replace,0.17900500006362563,0.0,5.893169056342089,5.893169056342089
cohesion_disabled,nq_24,cohesion,add,0.12838999987252464,5.893169056342089,5.893169056342089,0.0
cohesion_disabled,nq_25,baseline,replace,0.16345599988198956,0.0,5.848764153441528,5.848764153441528
cohesion_disabled,nq_25,cohesion,add,0.11799499998232932,5.848764153441528,5.848764153441528,0.0
cohesion_disabled,nq_26,baseline,replace,0.15920800001367752,0.0,4.986708096822563,4.986708096822563
cohesion_disabled,nq_26,cohesion,add,0.09117500007960189,4.986708096822563,4.986708096822563,0.0
cohesion_disabled,nq_27,baseline,replace,0.2158150000468595,0.0,4.915882879307239,4.915882879307239
cohesion_disabled,nq_27,cohesion,add,0.09493399988969031,4.915882879307239,4.915882879307239,0.0
cohesion_disabled,nq_28,baseline,replace,0.1799609999579843,0.0,6.204271475393632,6.204271475393632
cohesion_disabled,nq_28,cohesion,add,0.0960370000484545,6.204271475393632,6.204271475393632,0.0
cohesion_disabled,nq_29,baseline,replace,0.20372200015117414,0.0,6.285324306884681,6.285324306884681
cohesion_disabled,nq_29,cohesion,add,0.0932779998947808,6.285324306884681,6.285324306884681,0.0
cohesion_disabled,nq_30,baseline,replace,0.2017580000028829,0.0,5.809781813109233,5.809781813109233
cohesion_disabled,nq_30,cohesion,add,0.09269899987884855,5.809781813109233,5.809781813109233,0.0
cohesion_disabled,nq_31,baseline,replace,0.17965100005312706,0.0,5.524472587342014,5.524472587342014
cohesion_disabled,nq_31,cohesion,add,0.09534900004837255,5.524472587342014,5.524472587342014,0.0
cohesion_disabled,nq_32,baseline,replace,0.17203400011567282,0.0,5.862571017357121,5.862571017357121
cohesion_disabled,nq_32,cohesion,add,0.09705699994810857,5.862571017357121,5.862571017357121,0.0
cohesion_disabled,nq_33,baseline,replace,0.17810100007409346,0.0,4.867174175356701,4.867174175356701
cohesion_disabled,nq_33,cohesion,add,0.09597400003258372,4.867174175356701,4.867174175356701,0.0
cohesion_disabled,nq_34,baseline,replace,0.1779080000687827,0.0,6.024542786201981,6.024542786201981
cohesion_disabled,nq_34,cohesion,add,0.09341000009044365,6.024542786201981,6.024542786201981,0.0
cohesion_disabled,nq_35,baseline,replace,0.1712299999780953,0.0,5.934870435840898,5.934870435840898
cohesion_disabled,nq_35,cohesion,add,0.11301299991828273,5.934870435840898,5.934870435840898,0.0
cohesion_disabled,nq_36,baseline,replace,0.16846500011524768,0.0,5.9710915868958025,5.9710915868958025
cohesion_disabled,nq_36,cohesion,add,0.09102699982577178,5.9710915868958025,5.9710915868958025,0.0
cohesion_disabled,nq_37,baseline,replace,0.16346300003533543,0.0,5.310261010857203,5.310261010857203
cohesion_disabled,nq_37,cohesion,add,0.11009199988620821,5.310261010857203,5.310261010857203,0.0
cohesion_disabled,nq_38,baseline,replace,0.1677919999565347,0.0,6.1879849319810445,6.1879849319810445
cohesion_disabled,nq_38,cohesion,add,0.09208400001625705,6.1879849319810445,6.1879849319810445,0.0
cohesion_disabled,nq_39,baseline,replace,0.1709410000785283,0.0,6.259572322917376,6.259572322917376
cohesion_disabled,nq_39,cohesion,add,0.09453699999539822,6.259572322917376,6.259572322917376,0.0
cohesion_disabled,nq_40,baseline,replace,0.19903400016119122,0.0,6.329407904109478,6.329407904109478
cohesion_disabled,nq_40,cohesion,add,0.09636000004320522,6.329407904109478,6.329407904109478,0.0
cohesion_disabled,nq_41,baseline,replace,0.2027049999924202,0.0,5.956386929958668,5.956386929958668
cohesion_disabled,nq_41,cohesion,add,0.09169899999506015,5.956386929958668,5.956386929958668,0.0
cohesion_disabled,nq_42,baseline,replace,0.21936400003141898,0.0,5.977592187833619,5.977592187833619
cohesion_disabled,nq_42,cohesion,add,0.10042899998552457,5.977592187833619,5.977592187833619,0.0
cohesion_disabled,nq_43,baseline,replace,0.20389800010889303,0.0,5.284580059143323,5.284580059143323
cohesion_disabled,nq_43,cohesion,add,0.09560099988448201,5.284580059143323,5.284580059143323,0.0
cohesion_disabled,nq_44,baseline,replace,0.20593099998222897,0.0,6.459046566808221,6.459046566808221
cohesion_disabled,nq_44,cohesion,add,0.09416200009582099,6.459046566808221,6.459046566808221,0.0
cohesion_disabled,nq_45,baseline,replace,0.20595099999809463,0.0,6.500309157820785,6.500309157820785
cohesion_disabled,nq_45,cohesion,add,0.09423300002708856,6.500309157820785,6.500309157820785,0.0
cohesion_disabled,nq_46,baseline,replace,0.2101110001149209,0.0,6.440333425710759,6.440333425710759
cohesion_disabled,nq_46,cohesion,add,0.09295199993175629,6.440333425710759,6.440333425710759,0.0
cohesion_disabled,nq_47,baseline,replace,0.2061750001303153,0.0,6.43050661302621,6.43050661302621
cohesion_disabled,nq_47,cohesion,add,0.0964270000167744,6.43050661302621,6.43050661302621,0.0
cohesion_disabled,nq_48,baseline,replace,0.20129400013502163,0.0,5.689040768553662,5.689040768553662
cohesion_disabled,nq_48,cohesion,add,0.09513899999546993,5.689040768553662,5.689040768553662,0.0
cohesion_disabled,nq_49,baseline,replace,0.20515100004558917,0.0,5.965389555261214,5.965389555261214
cohesion_disabled,nq_49,cohesion,add,0.09538600011183007,5.965389555261214,5.965389555261214,0.0
cohesion_disabled,nq_50,baseline,replace,0.20907700013594877,0.0,5.95899262124213,5.95899262124213
cohesion_disabled,nq_50,cohesion,add,0.09397100006935943,5.95899262124213,5.95899262124213,0.0
cohesion_disabled,nq_51,baseline,replace,0.21980400015308987,0.0,6.2589058593588005,6.2589058593588005
cohesion_disabled,nq_51,cohesion,add,0.09818300009101222,6.2589058593588005,6.2589058593588005,0.0
cohesion_disabled,nq_52,baseline,replace,0.18776600018099998,0.0,5.232513582918393,5.232513582918393
cohesion_disabled,nq_52,cohesion,add,0.09263899983125157,5.232513582918393,5.232513582918393,0.0
cohesion_disabled,nq_53,baseline,replace,0.19359199995960807,0.0,5.628307831702974,5.628307831702974
cohesion_disabled,nq_53,cohesion,add,0.09236799996870104,5.628307831702974,5.628307831702974,0.0
cohesion_disabled,nq_54,baseline,replace,0.18993799994859728,0.0,6.359158170915616,6.359158170915616
cohesion_disabled,nq_54,cohesion,add,0.0927799999317358,6.359158170915616,6.359158170915616,0.0
cohesion_disabled,nq_55,baseline,replace,0.1856020001014258,0.0,6.073268305575337,6.073268305575337
cohesion_disabled,nq_55,cohesion,add,0.09091499987334828,6.073268305575337,6.073268305575337,0.0
cohesion_disabled,nq_56,baseline,replace,0.20153299988123763,0.0,5.667359552098026,5.667359552098026
cohesion_disabled,nq_56,cohesion,add,0.09380500000588654,5.667359552098026,5.667359552098026,0.0
cohesion_disabled,nq_57,baseline,replace,0.1879439998901944,0.0,5.451666440727039,5.451666440727039
cohesion_disabled,nq_57,cohesion,add,0.09661900003266055,5.451666440727039,5.451666440727039,0.0
cohesion_disabled,nq_58,baseline,replace,0.19654100015031872,0.0,4.7917350813490485,4.7917350813490485
cohesion_disabled,nq_58,cohesion,add,0.0978570001279877,4.7917350813490485,4.7917350813490485,0.0
cohesion_disabled,nq_59,baseline,replace,0.19614999996520055,0.0,5.0192777604843375,5.0192777604843375
cohesion_disabled,nq_59,cohesion,add,0.09946399995897082,5.0192777604843375,5.0192777604843375,0.0
cohesion_disabled,nq_60,baseline,replace,0.2043500001036591,0.0,5.621649036526739,5.621649036526739
cohesion_disabled,nq_60,cohesion,add,0.09362700006931846,5.621649036526739,5.621649036526739,0.0
cohesion_disabled,nq_61,baseline,replace,0.18299699991075613,0.0,5.733022785103862,5.733022785103862
cohesion_disabled,nq_61,cohesion,add,0.09450599986848829,5.733022785103862,5.733022785103862,0.0
cohesion_disabled,nq_62,baseline,replace,0.19256799987488193,0.0,6.130161899853848,6.130161899853848
cohesion_disabled,nq_62,cohesion,add,0.09436200002710393,6.130161899853848,6.130161899853848,0.0
cohesion_disabled,nq_63,baseline,replace,0.1571249999869906,0.0,5.991376511662055,5.991376511662055
cohesion_disabled,nq_63,cohesion,add,0.09107400001084898,5.991376511662055,5.991376511662055,0.0
cohesion_disabled,nq_64,baseline,replace,0.15178199987531116,0.0,6.124354648432591,6.124354648432591
cohesion_disabled,nq_64,cohesion,add,0.09126299983108765,6.124354648432591,6.124354648432591,0.0
cohesion_disabled,nq_65,baseline,replace,0.1636009999401722,0.0,6.430030214288235,6.430030214288235
cohesion_disabled,nq_65,cohesion,add,0.0948660001540702,6.430030214288235,6.430030214288235,0.0
cohesion_disabled,nq_66,baseline,replace,0.1726699999835546,0.0,6.0519748753747376,6.0519748753747376
cohesion_disabled,nq_66,cohesion,add,0.11006399995494576,6.0519748753747376,6.0519748753747376,0.0
cohesion_disabled,nq_67,baseline,replace,0.1846659999955591,0.0,5.267053446905721,5.267053446905721
cohesion_disabled,nq_67,cohesion,add,0.09372999988954689,5.267053446905721,5.267053446905721,0.0
cohesion_disabled,nq_68,baseline,replace,0.18346000001656648,0.0,6.198715389050904,6.198715389050904
cohesion_disabled,nq_68,cohesion,add,0.09415299996362592,6.198715389050904,6.198715389050904,0.0
cohesion_disabled,nq_69,baseline,replace,0.17911100007950154,0.0,5.001311938666666,5.001311938666666
cohesion_disabled,nq_69,cohesion,add,0.09545599982629938,5.001311938666666,5.001311938666666,0.0
cohesion_disabled,nq_70,baseline,replace,0.19598800008679973,0.0,5.609079097793744,5.609079097793744
cohesion_disabled,nq_70,cohesion,add,0.09519499985799484,5.609079097793744,5.609079097793744,0.0
cohesion_disabled,nq_71,baseline,replace,0.17207099995175668,0.0,6.488059884595345,6.488059884595345
cohesion_disabled,nq_71,cohesion,add,0.09625600000617851,6.488059884595345,6.488059884595345,0.0
cohesion_disabled,nq_72,baseline,replace,0.19358000008651288,0.0,5.423475086890199,5.423475086890199
cohesion_disabled,nq_72,cohesion,add,0.0916169999527483,5.423475086890199,5.423475086890199,0.0
cohesion_disabled,nq_73,baseline,replace,0.17579100017428573,0.0,5.053347710062351,5.053347710062351
cohesion_disabled,nq_73,cohesion,add,0.11292199997114949,5.053347710062351,5.053347710062351,0.0
cohesion_disabled,nq_74,baseline,replace,0.19167000004927104,0.0,5.68440543372787,5.68440543372787
cohesion_disabled,nq_74,cohesion,add,0.09605199988982349,5.68440543372787,5.68440543372787,0.0
cohesion_disabled,nq_75,baseline,replace,0.20335599992904463,0.0,5.490448801502913,5.490448801502913
cohesion_disabled,nq_75,cohesion,add,0.09474900002715003,5.490448801502913,5.490448801502913,0.0
cohesion_disabled,nq_76,baseline,replace,0.18285000010109798,0.0,5.370778748020805,5.370778748020805
cohesion_disabled,nq_76,cohesion,add,0.09079500000552798,5.370778748020805,5.370778748020805,0.0
cohesion_disabled,nq_77,baseline,replace,0.18541999997978564,0.0,5.11649297477017,5.11649297477017
cohesion_disabled,nq_77,cohesion,add,0.09585800012246182,5.11649297477017,5.11649297477017,0.0
cohesion_disabled,nq_78,baseline,replace,0.16074000018306833,0.0,5.906344261613483,5.906344261613483
cohesion_disabled,nq_78,cohesion,add,0.09134900005847157,5.906344261613483,5.906344261613483,0.0
cohesion_disabled,nq_79,baseline,replace,0.1647579999826121,0.0,5.766559683838349,5.766559683838349
cohesion_disabled,nq_79,cohesion,add,0.09659400006967189,5.766559683838349,5.766559683838349,0.0
cohesion_disabled,nq_80,baseline,replace,0.1590480001141259,0.0,5.849487929800339,5.849487929800339
cohesion_disabled,nq_80,cohesion,add,0.10166900005970092,5.849487929800339,5.849487929800339,0.0
cohesion_disabled,nq_81,baseline,replace,0.1603240000349615,0.0,6.219252857160766,6.219252857160766
cohesion_disabled,nq_81,cohesion,add,0.0920009999845206,6.219252857160766,6.219252857160766,0.0
cohesion_disabled,nq_82,baseline,replace,0.1742609999837441,0.0,5.785210140629268,5.785210140629268
cohesion_disabled,nq_82,cohesion,add,0.09497199994257244,5.785210140629268,5.785210140629268,0.0
cohesion_disabled,nq_83,baseline,replace,0.17058499997801846,0.0,5.803692346090959,5.803692346090959
cohesion_disabled,nq_83,cohesion,add,0.10792200009746011,5.803692346090959,5.803692346090959,0.0
cohesion_disabled,nq_84,baseline,replace,0.18535000003794266,0.0,5.750007405121267,5.750007405121267
cohesion_disabled,nq_84,cohesion,add,0.10708799982239725,5.750007405121267,5.750007405121267,0.0
cohesion_disabled,nq_85,baseline,replace,0.16219999997701962,0.0,6.061192188578822,6.061192188578822
cohesion_disabled,nq_85,cohesion,add,0.0973670000803395,6.061192188578822,6.061192188578822,0.0
cohesion_disabled,nq_86,baseline,replace,0.16073800020421913,0.0,5.156379486912358,5.156379486912358
cohesion_disabled,nq_86,cohesion,add,0.1011260001178016,5.156379486912358,5.156379486912358,0.0
cohesion_disabled,nq_87,baseline,replace,0.17638600002101157,0.0,5.381827591443935,5.381827591443935
cohesion_disabled,nq_87,cohesion,add,0.09768399991116894,5.381827591443935,5.381827591443935,0.0
cohesion_disabled,nq_88,baseline,replace,0.17760099990482558,0.0,6.538143037884897,6.538143037884897
cohesion_disabled,nq_88,cohesion,add,0.09132700006375671,6.538143037884897,6.538143037884897,0.0
cohesion_disabled,nq_89,baseline,replace,0.18177299989474704,0.0,6.099889264932702,6.099889264932702
cohesion_disabled,nq_89,cohesion,add,0.10333299997000722,6.099889264932702,6.099889264932702,0.0
cohesion_disabled,nq_90,baseline,replace,0.17868099985207664,0.0,4.583366391454099,4.583366391454099
cohesion_disabled,nq_90,cohesion,add,0.1062740000179474,4.583366391454099,4.583366391454099,0.0
cohesion_disabled,nq_91,baseline,replace,0.17932900004780095,0.0,5.70674611032091,5.70674611032091
cohesion_disabled,nq_91,cohesion,add,0.09711899997455475,5.70674611032091,5.70674611032091,0.0
cohesion_disabled,nq_92,baseline,replace,0.2076250000300206,0.0,6.2857185732302305,6.2857185732302305
cohesion_disabled,nq_92,cohesion,add,0.09997000006478629,6.2857185732302305,6.2857185732302305,0.0
cohesion_disabled,nq_93,baseline,replace,0.22014299997863418,0.0,5.0667927610257335,5.0667927610257335
cohesion_disabled,nq_93,cohesion,add,0.09725699987939151,5.0667927610257335,5.0667927610257335,0.0
cohesion_disabled,nq_94,baseline,replace,0.16997900002024835,0.0,5.633233700040121,5.633233700040121
cohesion_disabled,nq_94,cohesion,add,0.09304000013798941,5.633233700040121,5.633233700040121,0.0
cohesion_disabled,nq_95,baseline,replace,0.16307500004586473,0.0,6.324875880775702,6.324875880775702
cohesion_disabled,nq_95,cohesion,add,0.09512699989500106,6.324875880775702,6.324875880775702,0.0
cohesion_disabled,nq_96,baseline,replace,0.1599960000930878,0.0,5.686347402441447,5.686347402441447
cohesion_disabled,nq_96,cohesion,add,0.09163200002149097,5.686347402441447,5.686347402441447,0.0
cohesion_disabled,nq_97,baseline,replace,0.17809200016927207,0.0,5.849134052558073,5.849134052558073
cohesion_disabled,nq_97,cohesion,add,0.12191999985589064,5.849134052558073,5.849134052558073,0.0
cohesion_disabled,nq_98,baseline,replace,0.19442699999672186,0.0,6.157436866043193,6.157436866043193
cohesion_disabled,nq_98,cohesion,add,0.12244399999872257,6.157436866043193,6.157436866043193,0.0
cohesion_disabled,nq_99,baseline,replace,0.1998860000185232,0.0,5.7678485582426795,5.7678485582426795
cohesion_disabled,nq_99,cohesion,add,0.09489399985795899,5.7678485582426795,5.7678485582426795,0.0
cohesion_disabled,nq_100,baseline,replace,0.18183199995291943,0.0,5.8370757251266685,5.8370757251266685
cohesion_disabled,nq_100,cohesion,add,0.09489200010648347,5.8370757251266685,5.8370757251266685,0.0
cohesion_disabled,nq_101,baseline,replace,0.17900500006362563,0.0,5.563670360721109,5.563670360721109
cohesion_disabled,nq_101,cohesion,add,0.09539500001665147,5.563670360721109,5.563670360721109,0.0
cohesion_disabled,nq_102,baseline,replace,0.17813199997362972,0.0,5.631518285743192,5.631518285743192
cohesion_disabled,nq_102,cohesion,add,0.09269699989999935,5.631518285743192,5.631518285743192,0.0
cohesion_disabled,nq_103,baseline,replace,0.19873199994435709,0.0,5.627528866355362,5.627528866355362
cohesion_disabled,nq_103,cohesion,add,0.09326299982603814,5.627528866355362,5.627528866355362,0.0
cohesion_disabled,nq_104,baseline,replace,0.18071599993163545,0.0,6.470924494403475,6.470924494403475
cohesion_disabled,nq_104,cohesion,add,0.0979839999217802,6.470924494403475,6.470924494403475,0.0
cohesion_disabled,nq_105,baseline,replace,0.17234400002053007,0.0,5.860353055464232,5.860353055464232
cohesion_disabled,nq_105,cohesion,add,0.09849499997471867,5.860353055464232,5.860353055464232,0.0
cohesion_disabled,nq_106,baseline,replace,0.19172600013916963,0.0,5.860220240683469,5.860220240683469
cohesion_disabled,nq_106,cohesion,add,0.09660299997449329,5.860220240683469,5.860220240683469,0.0
cohesion_disabled,nq_107,baseline,replace,0.1793460000953928,0.0,5.6452552741674475,5.6452552741674475
cohesion_disabled,nq_107,cohesion,add,0.09209299992107844,5.6452552741674475,5.6452552741674475,0.0
cohesion_disabled,nq_108,baseline,replace,0.17467800012127555,0.0,5.900434515241386,5.900434515241386
cohesion_disabled,nq_108,cohesion,add,0.11610399997152854,5.900434515241386,5.900434515241386,0.0
cohesion_disabled,nq_109,baseline,replace,0.18115600005330634,0.0,5.431032230756602,5.431032230756602
cohesion_disabled,nq_109,cohesion,add,0.09539400002722687,5.431032230756602,5.431032230756602,0.0
cohesion_disabled,nq_110,baseline,replace,0.18387499994787504,0.0,5.830294945692953,5.830294945692953
cohesion_disabled,nq_110,cohesion,add,0.1162329999715439,5.830294945692953,5.830294945692953,0.0
cohesion_disabled,nq_111,baseline,replace,0.22116400009508652,0.0,6.5283183313144155,6.5283183313144155
cohesion_disabled,nq_111,cohesion,add,0.09625400002732931,6.5283183313144155,6.5283183313144155,0.0
cohesion_disabled,nq_112,baseline,replace,0.1883770000858931,0.0,6.35230396054689,6.35230396054689
cohesion_disabled,nq_112,cohesion,add,0.10916699989138579,6.35230396054689,6.35230396054689,0.0
cohesion_disabled,nq_113,baseline,replace,0.18263000015394937,0.0,5.132083564583571,5.132083564583571
cohesion_disabled,nq_113,cohesion,add,0.09353999985250994,5.132083564583571,5.132083564583571,0.0
cohesion_disabled,nq_114,baseline,replace,0.18707300000642135,0.0,6.16133456069944,6.16133456069944
cohesion_disabled,nq_114,cohesion,add,0.09378699996887008,6.16133456069944,6.16133456069944,0.0
cohesion_disabled,nq_115,baseline,replace,0.18531399996390974,0.0,5.528210141143213,5.528210141143213
cohesion_disabled,nq_115,cohesion,add,0.09277000003748981,5.528210141143213,5.528210141143213,0.0
cohesion_disabled,nq_116,baseline,replace,0.16459000016766367,0.0,6.350153693677467,6.350153693677467
cohesion_disabled,nq_116,cohesion,add,0.09264300001632364,6.350153693677467,6.350153693677467,0.0
cohesion_disabled,nq_117,baseline,replace,0.15641200002391997,0.0,6.390835199650775,6.390835199650775
cohesion_disabled,nq_117,cohesion,add,0.09472800002185977,6.390835199650775,6.390835199650775,0.0
cohesion_disabled,nq_118,baseline,replace,0.16926600005717773,0.0,5.318257179123883,5.318257179123883
cohesion_disabled,nq_118,cohesion,add,0.08944199998950353,5.318257179123883,5.318257179123883,0.0
cohesion_disabled,nq_119,baseline,replace,0.15710599996054952,0.0,6.007831329873967,6.007831329873967
cohesion_disabled,nq_119,cohesion,add,0.09057800002665317,6.007831329873967,6.007831329873967,0.0
cohesion_disabled,nq_120,baseline,replace,0.1768160000210628,0.0,5.4089148134645715,5.4089148134645715
cohesion_disabled,nq_120,cohesion,add,0.09530300008009363,5.4089148134645715,5.4089148134645715,0.0
cohesion_disabled,nq_121,baseline,replace,0.16246800009867002,0.0,5.865565066742187,5.865565066742187
cohesion_disabled,nq_121,cohesion,add,0.09243299996342103,5.865565066742187,5.865565066742187,0.0
cohesion_disabled,nq_122,baseline,replace,0.17916900014824932,0.0,5.749629324697858,5.749629324697858
cohesion_disabled,nq_122,cohesion,add,0.09087400007956603,5.749629324697858,5.749629324697858,0.0
cohesion_disabled,nq_123,baseline,replace,0.18114799991053587,0.0,5.875222295083746,5.875222295083746
cohesion_disabled,nq_123,cohesion,add,0.09435399988433346,5.875222295083746,5.875222295083746,0.0
cohesion_disabled,nq_124,baseline,replace,0.1633289998608234,0.0,5.197482551899888,5.197482551899888
cohesion_disabled,nq_124,cohesion,add,0.09132600007433211,5.197482551899888,5.197482551899888,0.0
cohesion_disabled,nq_125,baseline,replace,0.1623670000299171,0.0,5.960190670773323,5.960190670773323
cohesion_disabled,nq_125,cohesion,add,0.09212800000568677,5.960190670773323,5.960190670773323,0.0
cohesion_disabled,nq_126,baseline,replace,0.1714380000521487,0.0,5.147728864754875,5.147728864754875
cohesion_disabled,nq_126,cohesion,add,0.09685000009085343,5.147728864754875,5.147728864754875,0.0
cohesion_disabled,nq_127,baseline,replace,0.1549689998228132,0.0,5.600850238536994,5.600850238536994
cohesion_disabled,nq_127,cohesion,add,0.09513299983154866,5.600850238536994,5.600850238536994,0.0
cohesion_disabled,nq_128,baseline,replace,0.14619500007029274,0.0,5.941487765171843,5.941487765171843
cohesion_disabled,nq_128,cohesion,add,0.10808599995471013,5.941487765171843,5.941487765171843,0.0
cohesion_disabled,nq_129,baseline,replace,0.1475999999911437,0.0,5.736876838454489,5.736876838454489
cohesion_disabled,nq_129,cohesion,add,0.09145199987870001,5.736876838454489,5.736876838454489,0.0
cohesion_disabled,nq_130,baseline,replace,0.15989999997145787,0.0,5.815627910400288,5.815627910400288
cohesion_disabled,nq_130,cohesion,add,0.11398500009818235,5.815627910400288,5.815627910400288,0.0
cohesion_disabled,nq_131,baseline,replace,0.16733999996176863,0.0,6.379454002022875,6.379454002022875
cohesion_disabled,nq_131,cohesion,add,0.09200700014844188,6.379454002022875,6.379454002022875,0.0
cohesion_disabled,nq_132,baseline,replace,0.16650799989292864,0.0,6.049118075908171,6.049118075908171
cohesion_disabled,nq_132,cohesion,add,0.09115700004258542,6.049118075908171,6.049118075908171,0.0
cohesion_disabled,nq_133,baseline,replace,0.18059400008496596,0.0,6.318456154960155,6.318456154960155
cohesion_disabled,nq_133,cohesion,add,0.11191999988113821,6.318456154960155,6.318456154960155,0.0
cohesion_disabled,nq_134,baseline,replace,0.1593780000348488,0.0,5.903940761890139,5.903940761890139
cohesion_disabled,nq_134,cohesion,add,0.08925799988901417,5.903940761890139,5.903940761890139,0.0
cohesion_disabled,nq_135,baseline,replace,0.1769349998994585,0.0,4.6862963818546195,4.6862963818546195
cohesion_disabled,nq_135,cohesion,add,0.09539699999550066,4.6862963818546195,4.6862963818546195,0.0
cohesion_disabled,nq_136,baseline,replace,0.1647460001095169,0.0,4.967838012838917,4.967838012838917
cohesion_disabled,nq_136,cohesion,add,0.12076100006197521,4.967838012838917,4.967838012838917,0.0
cohesion_disabled,nq_137,baseline,replace,0.16300199990837427,0.0,5.839228558379167,5.839228558379167
cohesion_disabled,nq_137,cohesion,add,0.09247899993169995,5.839228558379167,5.839228558379167,0.0
cohesion_disabled,nq_138,baseline,replace,0.1572429998759617,0.0,6.050431486580725,6.050431486580725
cohesion_disabled,nq_138,cohesion,add,0.08939800000007381,6.050431486580725,6.050431486580725,0.0
cohesion_disabled,nq_139,baseline,replace,0.18763799994303554,0.0,5.020119785836898,5.020119785836898
cohesion_disabled,nq_139,cohesion,add,0.09195799998451548,5.020119785836898,5.020119785836898,0.0
cohesion_disabled,nq_140,baseline,replace,0.18387600016467331,0.0,6.433726735941286,6.433726735941286
cohesion_disabled,nq_140,cohesion,add,0.09120899994741194,6.433726735941286,6.433726735941286,0.0
cohesion_disabled,nq_141,baseline,replace,0.2020399999764777,0.0,6.197807934240123,6.197807934240123
cohesion_disabled,nq_141,cohesion,add,0.09378799995829468,6.197807934240123,6.197807934240123,0.0
cohesion_disabled,nq_142,baseline,replace,0.20144700010860106,0.0,6.084047552386791,6.084047552386791
cohesion_disabled,nq_142,cohesion,add,0.09473799991610576,6.084047552386791,6.084047552386791,0.0
cohesion_disabled,nq_143,baseline,replace,0.18132100012735464,0.0,5.33301899355655,5.33301899355655
cohesion_disabled,nq_143,cohesion,add,0.09326999997938401,5.33301899355655,5.33301899355655,0.0
cohesion_disabled,nq_144,baseline,replace,0.18989299996974296,0.0,6.626559172688151,6.626559172688151
cohesion_disabled,nq_144,cohesion,add,0.09301499994762708,6.626559172688151,6.626559172688151,0.0
cohesion_disabled,nq_145,baseline,replace,0.2076850000776176,0.0,6.021496666711802,6.021496666711802
cohesion_disabled,nq_145,cohesion,add,0.09323199992650189,6.021496666711802,6.021496666711802,0.0
cohesion_disabled,nq_146,baseline,replace,0.2052459999504208,0.0,5.7022555791334515,5.7022555791334515
cohesion_disabled,nq_146,cohesion,add,0.09171800002150121,5.7022555791334515,5.7022555791334515,0.0
cohesion_disabled,nq_147,baseline,replace,0.17683099986243178,0.0,5.393767931976342,5.393767931976342
cohesion_disabled,nq_147,cohesion,add,0.0938369998948474,5.393767931976342,5.393767931976342,0.0
cohesion_disabled,nq_148,baseline,replace,0.15749599992886942,0.0,6.477662664397873,6.477662664397873
cohesion_disabled,nq_148,cohesion,add,0.0933320000058302,6.477662664397873,6.477662664397873,0.0
cohesion_disabled,nq_149,baseline,replace,0.16446199992969923,0.0,5.956266622527608,5.956266622527608
cohesion_disabled,nq_149,cohesion,add,0.0918810001167003,5.956266622527608,5.956266622527608,0.0
cohesion_disabled,nq_150,baseline,replace,0.17695699989417335,0.0,5.718037830502433,5.718037830502433
cohesion_disabled,nq_150,cohesion,add,0.09064300002137315,5.718037830502433,5.718037830502433,0.0
cohesion_disabled,nq_151,baseline,replace,0.18633099989529,0.0,6.111834998451561,6.111834998451561
cohesion_disabled,nq_151,cohesion,add,0.09197000008498435,6.111834998451561,6.111834998451561,0.0
cohesion_disabled,nq_152,baseline,replace,0.18989199998031836,0.0,5.30246690110213,5.30246690110213
cohesion_disabled,nq_152,cohesion,add,0.09109699999498844,5.30246690110213,5.30246690110213,0.0
cohesion_disabled,nq_153,baseline,replace,0.20326899993960978,0.0,5.2407988062402895,5.2407988062402895
cohesion_disabled,nq_153,cohesion,add,0.09488899991083599,5.2407988062402895,5.2407988062402895,0.0
cohesion_disabled,nq_154,baseline,replace,0.1771599997937301,0.0,6.476711322296539,6.476711322296539
cohesion_disabled,nq_154,cohesion,add,0.09461200011173787,6.476711322296539,6.476711322296539,0.0
cohesion_disabled,nq_155,baseline,replace,0.17106700011026987,0.0,5.487365035096405,5.487365035096405
cohesion_disabled,nq_155,cohesion,add,0.08953200017458585,5.487365035096405,5.487365035096405,0.0
cohesion_disabled,nq_156,baseline,replace,0.17560500009494717,0.0,6.469584973544875,6.469584973544875
cohesion_disabled,nq_156,cohesion,add,0.09074899980987539,6.469584973544875,6.469584973544875,0.0
cohesion_disabled,nq_157,baseline,replace,0.15443799998138275,0.0,5.676801570681361,5.676801570681361
cohesion_disabled,nq_157,cohesion,add,0.09005399988382123,5.676801570681361,5.676801570681361,0.0
cohesion_disabled,nq_158,baseline,replace,0.14675800002805772,0.0,5.166572129769004,5.166572129769004
cohesion_disabled,nq_158,cohesion,add,0.09015799992084794,5.166572129769004,5.166572129769004,0.0
cohesion_disabled,nq_159,baseline,replace,0.1509210001131578,0.0,5.44592691157194,5.44592691157194
cohesion_disabled,nq_159,cohesion,add,0.08988300010059902,5.44592691157194,5.44592691157194,0.0
cohesion_disabled,nq_160,baseline,replace,0.1501470001130656,0.0,5.702814282537779,5.702814282537779
cohesion_disabled,nq_160,cohesion,add,0.09298199984186795,5.702814282537779,5.702814282537779,0.0
cohesion_disabled,nq_161,baseline,replace,0.18928999998024665,0.0,6.234747414769542,6.234747414769542
cohesion_disabled,nq_161,cohesion,add,0.09208899996338005,6.234747414769542,6.234747414769542,0.0
cohesion_disabled,nq_162,baseline,replace,0.17424800012122432,0.0,5.498004101958587,5.498004101958587
cohesion_disabled,nq_162,cohesion,add,0.09187299997392984,5.498004101958587,5.498004101958587,0.0
cohesion_disabled,nq_163,baseline,replace,0.179362999915611,0.0,5.0861507374179356,5.0861507374179356
cohesion_disabled,nq_163,cohesion,add,0.09343099986836023,5.0861507374179356,5.0861507374179356,0.0
cohesion_disabled,nq_164,baseline,replace,0.17242500007341732,0.0,5.461895239004014,5.461895239004014
cohesion_disabled,nq_164,cohesion,add,0.09015499995257414,5.461895239004014,5.461895239004014,0.0
cohesion_disabled,nq_165,baseline,replace,0.17948799995792797,0.0,5.47612711005867,5.47612711005867
cohesion_disabled,nq_165,cohesion,add,0.09296300004280056,5.47612711005867,5.47612711005867,0.0
cohesion_disabled,nq_166,baseline,replace,0.18225999997412146,0.0,5.891714253914154,5.891714253914154
cohesion_disabled,nq_166,cohesion,add,0.09065099993676995,5.891714253914154,5.891714253914154,0.0
cohesion_disabled,nq_167,baseline,replace,0.18412200006423518,0.0,6.0448905683993495,6.0448905683993495
cohesion_disabled,nq_167,cohesion,add,0.09610500001144828,6.0448905683993495,6.0448905683993495,0.0
cohesion_disabled,nq_168,baseline,replace,0.17436799998904462,0.0,5.909557492644173,5.909557492644173
cohesion_disabled,nq_168,cohesion,add,0.0894540000899724,5.909557492644173,5.909557492644173,0.0
cohesion_disabled,nq_169,baseline,replace,0.15788299992891552,0.0,6.355927592178018,6.355927592178018
cohesion_disabled,nq_169,cohesion,add,0.09193899995807442,6.355927592178018,6.355927592178018,0.0
cohesion_disabled,nq_170,baseline,replace,0.1914010001655697,0.0,6.106406632483754,6.106406632483754
cohesion_disabled,nq_170,cohesion,add,0.0934429999688291,6.106406632483754,6.106406632483754,0.0
cohesion_disabled,nq_171,baseline,replace,0.17358699983560655,0.0,6.190618722063797,6.190618722063797
cohesion_disabled,nq_171,cohesion,add,0.11051299998143804,6.190618722063797,6.190618722063797,0.0
cohesion_disabled,nq_172,baseline,replace,0.17364699988320353,0.0,5.133516988419481,5.133516988419481
cohesion_disabled,nq_172,cohesion,add,0.09026400016409752,5.133516988419481,5.133516988419481,0.0
cohesion_disabled,nq_173,baseline,replace,0.167399000019941,0.0,5.51602278890315,5.51602278890315
cohesion_disabled,nq_173,cohesion,add,0.09201400007441407,5.51602278890315,5.51602278890315,0.0
cohesion_disabled,nq_174,baseline,replace,0.1701610001418885,0.0,5.749904591099382,5.749904591099382
cohesion_disabled,nq_174,cohesion,add,0.11061599980166648,5.749904591099382,5.749904591099382,0.0
cohesion_disabled,nq_175,baseline,replace,0.21823299994139234,0.0,5.650222393974599,5.650222393974599
cohesion_disabled,nq_175,cohesion,add,0.13497000009010662,5.650222393974599,5.650222393974599,0.0
cohesion_disabled,nq_176,baseline,replace,0.18054199995276576,0.0,5.676600183080806,5.676600183080806
cohesion_disabled,nq_176,cohesion,add,0.09710899985293509,5.676600183080806,5.676600183080806,0.0
cohesion_disabled,nq_177,baseline,replace,0.18247499997414707,0.0,5.870573318717987,5.870573318717987
cohesion_disabled,nq_177,cohesion,add,0.09502100010649883,5.870573318717987,5.870573318717987,0.0
cohesion_disabled,nq_178,baseline,replace,0.18243299996356654,0.0,6.339269107404865,6.339269107404865
cohesion_disabled,nq_178,cohesion,add,0.09519500008536852,6.339269107404865,6.339269107404865,0.0
cohesion_disabled,nq_179,baseline,replace,0.16317000017807004,0.0,5.1519013836928,5.1519013836928
cohesion_disabled,nq_179,cohesion,add,0.09490200000072946,5.1519013836928,5.1519013836928,0.0
cohesion_disabled,nq_180,baseline,replace,0.16674400012561819,0.0,6.355562829669784,6.355562829669784
cohesion_disabled,nq_180,cohesion,add,0.0925049998841132,6.355562829669784,6.355562829669784,0.0
cohesion_disabled,nq_181,baseline,replace,0.15765499983899645,0.0,5.736217570525382,5.736217570525382
cohesion_disabled,nq_181,cohesion,add,0.09372599993184849,5.736217570525382,5.736217570525382,0.0
cohesion_disabled,nq_182,baseline,replace,0.17967400003726652,0.0,5.418690481081882,5.418690481081882
cohesion_disabled,nq_182,cohesion,add,0.0965489998634439,5.418690481081882,5.418690481081882,0.0
cohesion_disabled,nq_183,baseline,replace,0.1675620001151401,0.0,4.839801105821791,4.839801105821791
cohesion_disabled,nq_183,cohesion,add,0.0927859998682834,4.839801105821791,4.839801105821791,0.0
cohesion_disabled,nq_184,baseline,replace,0.18131800015908084,0.0,5.708062268406664,5.708062268406664
cohesion_disabled,nq_184,cohesion,add,0.09402099999533675,5.708062268406664,5.708062268406664,0.0
cohesion_disabled,nq_185,baseline,replace,0.1753580002059607,0.0,5.403731520231987,5.403731520231987
cohesion_disabled,nq_185,cohesion,add,0.09049200002664293,5.403731520231987,5.403731520231987,0.0
cohesion_disabled,nq_186,baseline,replace,0.19209900005989766,0.0,6.157404007473349,6.157404007473349
cohesion_disabled,nq_186,cohesion,add,0.0965840001754259,6.157404007473349,6.157404007473349,0.0
cohesion_disabled,nq_187,baseline,replace,0.19079399999100133,0.0,5.675195995994886,5.675195995994886
cohesion_disabled,nq_187,cohesion,add,0.09176499997920473,5.675195995994886,5.675195995994886,0.0
cohesion_disabled,nq_188,baseline,replace,0.1654190000408562,0.0,5.516226643930744,5.516226643930744
cohesion_disabled,nq_188,cohesion,add,0.1064370001131465,5.516226643930744,5.516226643930744,0.0
cohesion_disabled,nq_189,baseline,replace,0.17514799992568442,0.0,5.044064883390204,5.044064883390204
cohesion_disabled,nq_189,cohesion,add,0.09028299996316491,5.044064883390204,5.044064883390204,0.0
cohesion_disabled,nq_190,baseline,replace,0.1753740000367543,0.0,5.864601993418718,5.864601993418718
cohesion_disabled,nq_190,cohesion,add,0.0931769998260279,5.864601993418718,5.864601993418718,0.0
cohesion_disabled,nq_191,baseline,replace,0.1712309999675199,0.0,6.091875157970637,6.091875157970637
cohesion_disabled,nq_191,cohesion,add,0.1003520001177094,6.091875157970637,6.091875157970637,0.0
cohesion_disabled,nq_192,baseline,replace,0.17491900007371441,0.0,5.894948448243595,5.894948448243595
cohesion_disabled,nq_192,cohesion,add,0.11283100002401625,5.894948448243595,5.894948448243595,0.0
cohesion_disabled,nq_193,baseline,replace,0.16745499988246593,0.0,6.02764258027594,6.02764258027594
cohesion_disabled,nq_193,cohesion,add,0.09236599998985184,6.02764258027594,6.02764258027594,0.0
cohesion_disabled,nq_194,baseline,replace,0.1659639999616047,0.0,5.286903007422025,5.286903007422025
cohesion_disabled,nq_194,cohesion,add,0.08843799992064305,5.286903007422025,5.286903007422025,0.0
cohesion_disabled,nq_195,baseline,replace,0.1758640000844025,0.0,6.803684456204528,6.803684456204528
cohesion_disabled,nq_195,cohesion,add,0.10654900006557,6.803684456204528,6.803684456204528,0.0
cohesion_disabled,nq_196,baseline,replace,0.18568399991636397,0.0,5.8159631906859355,5.8159631906859355
cohesion_disabled,nq_196,cohesion,add,0.09335000004284666,5.8159631906859355,5.8159631906859355,0.0
cohesion_disabled,nq_197,baseline,replace,0.1686150001205533,0.0,6.041139673164787,6.041139673164787
cohesion_disabled,nq_197,cohesion,add,0.0918900000215217,6.041139673164787,6.041139673164787,0.0
cohesion_disabled,nq_198,baseline,replace,0.16256099979727878,0.0,6.087060526998056,6.087060526998056
cohesion_disabled,nq_198,cohesion,add,0.09157300019069226,6.087060526998056,6.087060526998056,0.0
cohesion_disabled,nq_199,baseline,replace,0.1543420000871265,0.0,6.0478604993523115,6.0478604993523115
cohesion_disabled,nq_199,cohesion,add,0.10568200013949536,6.0478604993523115,6.0478604993523115,0.0
